client_id,path,sentence_id,sentence,sentence_domain,up_votes,down_votes,age,gender,accents,variant,locale,segment,label,source_dataset,source_file,archive_member
c0e57cd5c04ca949f94c3e70728c66a79868aece442c17e29700ce4c6cf24ea2c9ef0f367af86c0a485c6a54101a6699f2fe9cbad9f5a0a3895c44aa61470835,common_voice_ca_39122763.mp3,c9a050d97bc0aa8a84644c0280874c1d7dea19fe51569e588a33e3020ad60064,Dins de Sant Pere s'hi conserva un panteó-cripta on descansa Nicolau Font.,,4,0,fourties,male_masculine,Estàndard i normatiu,Valencià meridional,ca,,valencian,common_voice_26_ca,train.tsv,cv-corpus-26.0-2026-06-12/ca/clips/common_voice_ca_39122763.mp3
61af903b928d0a482f4e5cf4c597aeb89a22da67efa4c2850b2f473517f789f2e0b6279af49a4f21560ffb7a32bd6495d47a6fcf4b73bf6d80d58b0b3e17b616,common_voice_ca_30789862.mp3,8346bb50501c1171f99584bbdcfa4d65edec47e08ca6e653adfa9c4c05c9cdaf,"La Laurie recupera la destral i decapita en Michael, matant-lo per fi.",,2,0,,,,Septentrional,ca,,northern,common_voice_26_ca,train.tsv,cv-corpus-26.0-2026-06-12/ca/clips/common_voice_ca_30789862.mp3
02eecc0d9bc8c8f492ad62ab7a0b057cb83436e2c6f39921188156409e1a08f618374745b21907cab4e51172f39c47460c4be466ae62b13d7b3fbfdd54b99486,common_voice_ca_37589924.mp3,2e53fd8e43366b615ee34a051e23a9997fe5d4bdc72f53ce6d265e42e21a4cf2,"Quan canta el gall a la vesprada, pluja o nevada.",,2,0,,,,Central,ca,,central,common_voice_26_ca,train.tsv,cv-corpus-26.0-2026-06-12/ca/clips/common_voice_ca_37589924.mp3
4dd7007add5f8c42f315fd880cc0c73aa8cabf85aee0326c0b2cb6f5b2f373a2137400f5850b9e7980c2f0408ed5bcc2d2b3d9276024a5ab40ed2bb4b8f421d8,common_voice_ca_37639755.mp3,796d9e4fea07763a1e40c232707ac38df32410792a83c4797e707335e2d9c223,Obra de paredat i maó.,,4,0,,,nord-occidental|De Lleida,Nord-Occidental,ca,,northwestern,common_voice_26_ca,train.tsv,cv-corpus-26.0-2026-06-12/ca/clips/common_voice_ca_37639755.mp3
a8b8319bdccca67edac317b794b5c906110d6230f97f3c89228979d366aa4fe0325ea8041adfc9392c14c46675e0ef7d9af4115ac60f5de1462cd992db9a4d95,common_voice_ca_38375655.mp3,adb91bb16cbdde14b924d6cc68a3983d4d60d4253f14f164972a244ea742a927,"L""estació es construirà sota terra, sobre l""eix nord-oest i sud-oest.",,2,0,,,,Septentrional,ca,,northern,common_voice_26_ca,train.tsv,cv-corpus-26.0-2026-06-12/ca/clips/common_voice_ca_38375655.mp3
cb42cb3205438d700affc4fedb7c25ec01d48a900331e50dccce6f59018e141eaf23a4554a9edf8697040ac55584a625ef9adaa65777c53411521a569a853143,common_voice_ca_32517266.mp3,089ea247922cd870c1c17fa9d5b7e1e9b5d73193dd74d8de7bf9e1997fc8da4a,Dissabte en Guifré i na Noa aniran al Verger.,,2,0,twenties,male_masculine,,Nord-Occidental,ca,,northwestern,common_voice_26_ca,train.tsv,cv-corpus-26.0-2026-06-12/ca/clips/common_voice_ca_32517266.mp3
fc00601a5a2175d6d286f4c91abc27981395c76868612c38757e126f0ff93c654765ba28728996facf2783e75e2f42e72e855bcd25c23726ebb43c7712d9a408,common_voice_ca_36905819.mp3,60bb5896cf2e5d131087c3651442d5dc037482fd40e6415b4c7aac5892e65408,La delimitació de fronteres fou un dels aspectes principals del seu regne.,,2,0,,,,Nord-Occidental,ca,,northwestern,common_voice_26_ca,train.tsv,cv-corpus-26.0-2026-06-12/ca/clips/common_voice_ca_36905819.mp3
c30baab0f45d64158eceb94662862189a34f385abac72c907099d6e5aad093ade707de758214d4061ce58cbadadbf8f7dca14103772ca05dac2e8fb24a8fd161,common_voice_ca_36826467.mp3,5c3e72cdf76428c70342e9d086113f31cab8f3898ffe8b7a0e2ba48cda0778ef,Els ous es desclouen a l'abril.,,2,0,,,,Balear,ca,,balearic,common_voice_26_ca,train.tsv,cv-corpus-26.0-2026-06-12/ca/clips/common_voice_ca_36826467.mp3
90caf94afc26445479324f2f89e12556f0d8092d86765d8f17594f70bd754ea7a4e0630596e5691f2d9514d6211032e436672dc8a3f8d198c63fce970c065b19,common_voice_ca_36928904.mp3,624873414d1099eea955b3adb864cd95f9dd843aa7fe12016d5e180d8056e85d,Divendres en Rauric vol anar a la biblioteca.,,2,0,,,valencià,,ca,,valencian,common_voice_26_ca,train.tsv,cv-corpus-26.0-2026-06-12/ca/clips/common_voice_ca_36928904.mp3
b4897fbb47c0ff0027b395498cff80235b5ff3936e43a009c63ca3ac0c224c867cad8497378b5f0cd896ce1dc97fe3b118227b1085c02f8793980acc2251e564,common_voice_ca_37766169.mp3,7f612ba5068bff2f9d9281c6d3fa515521f30553dba306adc682cbfa22366445,"La residència del comte Alexey Arakcheyev, Gruzino, està a algunes milles.",,2,0,,,,Septentrional,ca,,northern,common_voice_26_ca,train.tsv,cv-corpus-26.0-2026-06-12/ca/clips/common_voice_ca_37766169.mp3
1c9de0d86eb73f36f1d4ab9194c221db3236d86bb6950d614e51877638a4a329f5b2eaf5dfb6aa86bcd79c1bae8719e344330b90d1dda6c15fb5e702df31f1b9,common_voice_ca_19500750.mp3,092e85eac66c5c70118b164237be918e6e4926344ec3e7d106714d0c59b84696,També realitza música per a publicitat televisiva.,,3,0,sixties,male_masculine,,Septentrional,ca,,northern,common_voice_26_ca,train.tsv,cv-corpus-26.0-2026-06-12/ca/clips/common_voice_ca_19500750.mp3
95c2c4433dd41d7dced5df4673508fb07bc2214f67c327f08a4d666a489c863acd883e9fd72c01070c3b828c8531394363d706e2943439d655d8156aca1e3451,common_voice_ca_30784965.mp3,809348c9d7ba6846c3337bf419662422aef14a9840e8af57780cf19550340b62,"Es tracta d'una estació sense personal, connectada al centre comercial de MetroCentre a través d'un pont cobert per a vianants.",,2,1,fourties,male_masculine,,Central,ca,,central,common_voice_26_ca,train.tsv,cv-corpus-26.0-2026-06-12/ca/clips/common_voice_ca_30784965.mp3
8dccfb605c83df1076d2b14598d15a614081a0b1972a28d62e99ee3a373c071e0fb17a28245681a76f481385197a59e44afc8f5e36636ce77a81b4c2a7adae6f,common_voice_ca_32293519.mp3,bf0144514e4332c0877af1040f3aae5f1a43e473d6721267cbb7638e08cd385e,Divendres na Vinyet anirà d'excursió.,,4,0,fourties,male_masculine,,Balear,ca,,balearic,common_voice_26_ca,train.tsv,cv-corpus-26.0-2026-06-12/ca/clips/common_voice_ca_32293519.mp3
34e14c1e6f0b370854700b00ece3bf204c21e125ecff8aa555683a01c67b064657aee2187f2950943725d1eecb069a3a1ba1c77b3069e60df685f63c32444a02,common_voice_ca_21397003.mp3,5369996b606e32f87beea584d6f0afe412216c66ca7aad4c54d4e270e91840df,L'any següent s'afilià a la federació castellana.,,3,0,fourties,male_masculine,,Septentrional,ca,,northern,common_voice_26_ca,train.tsv,cv-corpus-26.0-2026-06-12/ca/clips/common_voice_ca_21397003.mp3
056223cbc144f14287eedeed46891f64566aead7761b8b139043adcf199ddf85b3f5a7a9c27d3ec818fc2554832bb2c9b298d1b2df54d6ff1733251487295b82,common_voice_ca_37508096.mp3,7bad7d916069cea41e9070e3d7bf535ee264ee143416dab10dfa5e274d5a6a63,Per Sant Maties ja són llargs els dies.,,2,0,fifties,female_feminine,,Septentrional,ca,,northern,common_voice_26_ca,train.tsv,cv-corpus-26.0-2026-06-12/ca/clips/common_voice_ca_37508096.mp3
886c6c4cfecae45d73a2e96ce4b9c4337e820106834638cbb5be67de65f973ce7e09e29fdbecb5c175fc896c7db8b9605431d01b855a6a270b5413c0428f2efb,common_voice_ca_38060055.mp3,9686d0783e754c001675e0ba4f0d8cf7c5a0c1e1fcc11b54bb4f8d1fd89bc338,"Els seus avis, de religió jueva, provenien d'Ucraïna.",,2,0,,,nord-occidental,Nord-Occidental,ca,,northwestern,common_voice_26_ca,train.tsv,cv-corpus-26.0-2026-06-12/ca/clips/common_voice_ca_38060055.mp3
075b4a3d089fb0d6efb5b7dfeefd953428f734eb2d4ea26b3be6b03a3a65f71fb98bf2f4852e0db226b0918223f1fc2d386268913ac27a4d761cb44b2e081560,common_voice_ca_37569439.mp3,f3a75d2c333a2431789b82582854adea8b31eb74e4173ff4a9d74863c1f490ca,"Molt camí no fa patir, com fa patir mal camí.",,2,0,,,,Balear,ca,,balearic,common_voice_26_ca,train.tsv,cv-corpus-26.0-2026-06-12/ca/clips/common_voice_ca_37569439.mp3
0b0b21a3b262b02e67da22a511b969ce9466cc08cc53f10a2c1a349481ea1e60e206538c1e41ff690df1c247ea35ea6704aabe3ab67530f491fc430eab012e3a,common_voice_ca_21357329.mp3,4e5231a2132c2219a3355773818d35ea8cc5905ae18be10deecd227856b71400,També a la Mediterrània i la Mar Adriàtica.,,2,0,fifties,female_feminine,,Central,ca,,central,common_voice_26_ca,train.tsv,cv-corpus-26.0-2026-06-12/ca/clips/common_voice_ca_21357329.mp3
90c4220a38cf7d051de9f023c4e83e81f38bf56f5a86fa8ec4e13bb6afebaed8c4f0453136d12103ac78df260a7598dbbe27c0e750353ac27b24e168b38ab24d,common_voice_ca_37643527.mp3,79ead697e6d8bd94d580234507de4630083f55c565170da83ad15b0da59b0213,Qui té la llibertat coartada són els presos i exiliats.,,4,0,fourties,male_masculine,valencià,,ca,,valencian,common_voice_26_ca,train.tsv,cv-corpus-26.0-2026-06-12/ca/clips/common_voice_ca_37643527.mp3
f213253eb290eb8068851d9d5625cd99a2d9548d5584a70b59e70c7107221ef5177cdd291dbe623d0f1ec45b983f163ec3ab9ade0a3a43c1b309d437dd08068e,common_voice_ca_38491039.mp3,b3000b567858aa9c093e6a5d2899f1515693e6ef2f73017242145c6a53b72ca9,El cap del districte és la prefectura d'Alençon.,,2,0,,,nord-occidental,Balear,ca,,balearic,common_voice_26_ca,train.tsv,cv-corpus-26.0-2026-06-12/ca/clips/common_voice_ca_38491039.mp3
5ec60a4cfb19d7d4119f0efe0b1c13d2b8634e2e97ebf418b4fadf3159cf5c2e16f53bfa27cdca433dffe433714a82ee6f9bca8b5bcbdc1c8338da0268d1ffa0,common_voice_ca_37604018.mp3,5695b9e123716712aa9dfbf949cd171acb73116e01c6f0c48fc9e112679c7169,"En hivern, tot perd son govern.",,2,0,,,,Septentrional,ca,,northern,common_voice_26_ca,train.tsv,cv-corpus-26.0-2026-06-12/ca/clips/common_voice_ca_37604018.mp3
b5fc7461c0713292e1a706d6892acce90fd686ddc76af7048579d5721583007682b6916b141e62b566eaca33e0211774f221d1d7e56d7b8c81186a8cdd61309f,common_voice_ca_37567596.mp3,e85a22c7678e08e1f029d7617e0a7df962a17dacbafe55429e5c8b8b5dceae54,Vídeo de l'auca sobre Aureli Capmany.,,2,1,twenties,male_masculine,"De Binissalem, amb s'è i mallorquí",Balear,ca,,balearic,common_voice_26_ca,train.tsv,cv-corpus-26.0-2026-06-12/ca/clips/common_voice_ca_37567596.mp3
192605a422f9a6a7a7b42e427762c03269ed05251f0822cf81abd18291f6212098aabe6344a5003f2c9d413e717489fd6a47964060d6b9761839eff8c3dc4863,common_voice_ca_36008280.mp3,4e7ee2dd252cbeb3e3456bca9c765083716d80acf8abf6fe6831ab6e567da116,Durant les sessions del curs es gaudirà de música en viu.,,2,0,sixties,male_masculine,,Nord-Occidental,ca,,northwestern,common_voice_26_ca,train.tsv,cv-corpus-26.0-2026-06-12/ca/clips/common_voice_ca_36008280.mp3
6bc377b7e95c94a750885fb3982cc69b4e98b35af5a224932eaba44c89dd9cc1a219024b20932dd28b92a27900a8e20a7469d132dde3bda9a1d71055c39aee27,common_voice_ca_30882807.mp3,a3a71e0a9599b68c1d491b125d3c71a15172385ae9d6394da3fa25c017b568bc,Cada noi va triar un pseudònim per firmar els seus articles.,,2,0,,,,Septentrional,ca,,northern,common_voice_26_ca,train.tsv,cv-corpus-26.0-2026-06-12/ca/clips/common_voice_ca_30882807.mp3
c8bdd35efab331ce8fa9437c57b1768007db3cc093faf0da5f6a3e4b89cdc1690203dbe29207dd2b7fce62eda7a1746720cc01f757550657ad82eca1d714011f,common_voice_ca_28689896.mp3,5bd2d5b7c34560138147edc90c4ec1189db2e197af1fe8dc942eb8ae94a8ce2a,"MacKenzie, obert en un edifici de fusta d'una única sala a la zona de Saint Ann.",,2,0,twenties,male_masculine,valencià,,ca,,valencian,common_voice_26_ca,train.tsv,cv-corpus-26.0-2026-06-12/ca/clips/common_voice_ca_28689896.mp3
88dfb9bcdb1b9d85f720b47d3dd6b774656c6a75e0a1f58bd81b81b4efc57c10526195125cfd028442c7deecc56960d480d6e4b5be492a45b76e5262eccbc910,common_voice_ca_31128210.mp3,efd54f2c141b194dadf8e4129ac15ea9f59141c06e0de5782fd8e369b596ee99,Destaquen les seves obres sobre Dret i Història.,,3,0,,,,Septentrional,ca,,northern,common_voice_26_ca,train.tsv,cv-corpus-26.0-2026-06-12/ca/clips/common_voice_ca_31128210.mp3
5562088adced9c13adbe151f58bdb1531f8098c563fb23dda280a34dd600eb096d253eeeafeb345a830c3c4ea8ceef90268fb84e978d13cba5a2e31c2be5c69d,common_voice_ca_38573601.mp3,b98db9b4c1ca37e73cfff1990f5c79115bf4847c6765f0123aa65be5045fcfad,Dies després fou promesa amb el duc de York.,,2,0,,,,Balear,ca,,balearic,common_voice_26_ca,train.tsv,cv-corpus-26.0-2026-06-12/ca/clips/common_voice_ca_38573601.mp3
b63c689e0edc5a7e8142717836bbb5f080ed397233f6d5ca5b4a0dbdb2f413370ce5cf1adb82c11d64781131945a6cd00c0ec95f8281cac28b140b9761452e01,common_voice_ca_30816040.mp3,8bb5114cd856a646097c2eb0522bffd8e0c7aa496fcb16309c85fe5a8ad018ce,"Més tard, també va ser rebutjat en el festeig.",,3,0,fifties,male_masculine,,Nord-Occidental,ca,,northwestern,common_voice_26_ca,train.tsv,cv-corpus-26.0-2026-06-12/ca/clips/common_voice_ca_30816040.mp3
605a725b8477f13ae3609b9c9806223a494942e9b1f78aeab7ac4271501e631ff1545dd649b06c4d9480a05aa55cec567a3d507fde6d5696a2bf42829ee7c5ee,common_voice_ca_31854140.mp3,38029c88c12b6ddad8a4e1b2874ad029c063a40245a9475a27a77c1e92d92326,Ni tots els tautogrames són poètics ni tots són breus.,,2,0,,,,Balear,ca,,balearic,common_voice_26_ca,train.tsv,cv-corpus-26.0-2026-06-12/ca/clips/common_voice_ca_31854140.mp3
9923f96b06f9a67a524b165f259c9f34fcf2158825b54061320645f87cd93f83f5e9d4cc15e771d7a8ef81d0045115d630d44729dab19d5df0d7f5932a9b1650,common_voice_ca_38357581.mp3,abdc118f4c3998a8fd6ad4256cd3f1a5fc1d45a4b97da0cf50173f9d63f2613c,Buscaven l'expulsió de colons o bé una compensació econòmica per part del govern.,,2,0,twenties,male_masculine,,Valencià septentrional,ca,,valencian,common_voice_26_ca,train.tsv,cv-corpus-26.0-2026-06-12/ca/clips/common_voice_ca_38357581.mp3
b1cdf65f915e2c32cf4649f2a8420e97034eaa6180c1626efb966b8f3f38d0c656f1a7cc2b571571520fe1b7c6c7e62510f203ac38b60bbc3bc5045d11fabbd1,common_voice_ca_30917236.mp3,b04f370d8b16458675d6e9d44c2040dd70c91bb1b65f610e6effdc99645a9bf7,Les convocatòries fraternals no apareixen al bolcat de pila.,,2,0,thirties,male_masculine,,Central,ca,,central,common_voice_26_ca,train.tsv,cv-corpus-26.0-2026-06-12/ca/clips/common_voice_ca_30917236.mp3
c9b4625fa09ab1cc53d33d633b6add20ed66055e8d6527cc8656e34dcad1c51aea99df4f9238773fa43c51cca03399f337e322b40d8a53e26d79649c8f263fcd,common_voice_ca_30798517.mp3,8633500459b61717e1618df2408cc76c9580a177571e273bfd12e0e7d23dde8e,Les antenes més grans tenen feixos principals i lòbuls laterals més estrets.,,2,0,thirties,male_masculine,,Central,ca,,central,common_voice_26_ca,train.tsv,cv-corpus-26.0-2026-06-12/ca/clips/common_voice_ca_30798517.mp3
49537af2506ea55124b5031787600dbbecae39722d53d65c1b195f4d96fcb4c5543a280afd0c1df53705c2765733d96de52b30c82aeccbedd8f60a115194b7ab,common_voice_ca_36979199.mp3,64dc123883af17749fb09d12828cbe1a81911801344201e2b5274d1f71f82a80,A quina hora passa el primer autobús per Puçol demà?,,2,0,fourties,female_feminine,,Central,ca,,central,common_voice_26_ca,train.tsv,cv-corpus-26.0-2026-06-12/ca/clips/common_voice_ca_36979199.mp3
6d5922e596b89322477f1438147a235938dbf99889101df427999031ccaccc17a33659f58c559c70aa3b690a0b315a2afd74d0f9d28511377fd153533f7ce0be,common_voice_ca_37737474.mp3,7e232c8a981018baf6c2d116a7074cf71a4e8410cf1359c066eb46c637d1a02a,El nou d'octubre na Laura anirà a Domenyo.,,2,0,,,valencià,,ca,,valencian,common_voice_26_ca,train.tsv,cv-corpus-26.0-2026-06-12/ca/clips/common_voice_ca_37737474.mp3
4c907ac8ef063bb681d6787d2ec0511a7ed131ccecb62396725944889d00d9553bd7964b399f51360bebec005cbae92f3037fa191641654e1f491bb98a559166,common_voice_ca_33447909.mp3,01578586e8c655d03f3cae92667cf3aeab6f96e983db7260864eb15df8e16dde,Hi explica que el seu objectiu era la minoria cristiana del Pakistan.,,2,0,,,,Central,ca,,central,common_voice_26_ca,train.tsv,cv-corpus-26.0-2026-06-12/ca/clips/common_voice_ca_33447909.mp3
18b25ce04b9c8b057c14ec884e3a1a4b9ecafceeccf3155ace6b616a18d4570b9be6a007b9927f49e86afd9623c19586776899a78f735de93cb769a858f5709c,common_voice_ca_20506834.mp3,2fbbb4541c0fed091b55ca38c59273db1ef73db220b6f6a3fb59c70346ff66d0,"El seu pare era psiquiatre infantil, especialitzat en retard mental, i dirigia un hospital estatal.",,3,0,thirties,female_feminine,valencià,,ca,,valencian,common_voice_26_ca,train.tsv,cv-corpus-26.0-2026-06-12/ca/clips/common_voice_ca_20506834.mp3
acc7d8b4ac6aa3eb4374fa93b8039e9309d8a4276999a944a23a6fc93ef974b2852288f5a4c9e2736cc5b983916f93e974391a4223cdbd86717d707409e03a80,common_voice_ca_17528525.mp3,e2852ddeab5bfeecde84140ca6e1fd5ad78390e1ddeec037da658627bd6c2287,Són com unes torradetes de Santa Teresa vegetals.,,2,0,fourties,female_feminine,,Central,ca,,central,common_voice_26_ca,train.tsv,cv-corpus-26.0-2026-06-12/ca/clips/common_voice_ca_17528525.mp3
443366ca1e93db5bae959bfdb93e1afb1963520b8ea6105b2e897c236e5b2ee050a66738e01d46ca2adee31d5fb2ee81cae5b369e7ffb5a7e140791d2aa8c173,common_voice_ca_25472116.mp3,2286f0637950e478d497ba6a69eede128be663d7f07c9e988c554c9f5e37eee8,Silver Street es va afegir al mapa del metro al mateix temps.,,4,0,,,,Balear,ca,,balearic,common_voice_26_ca,train.tsv,cv-corpus-26.0-2026-06-12/ca/clips/common_voice_ca_25472116.mp3
66e0e2ef329431be22e19cd64b1d19be77403af059f8dea91f483992ebfe30a6321817685f9f0a44c6ed3f6b2058a2abe6eda80113c30eace492a0975e722332,common_voice_ca_31120152.mp3,ee5a00dc60a518eeb53df8ac91ef2a2bd0d5f5ce21847cc24af0e49157886095,Quan volia Johnson sortir del bloc?,,6,0,thirties,male_masculine,valencià,,ca,,valencian,common_voice_26_ca,train.tsv,cv-corpus-26.0-2026-06-12/ca/clips/common_voice_ca_31120152.mp3
9ab24d78f0c15c73109c588c2231856bda07c501d36ade65247c7edb7fe04f135b14107ceec6123fa222ad80ca4f7e20c5fd90bdb882b9114c2ca19c1f6b1f72,common_voice_ca_31164077.mp3,72ede47170175fd5bd47f432dec994fa4d5d1d51bcb5145c6f257d2bba97d17f,Adrià Guerrero Aguilar és un futbolista nascut a Blanes.,,3,0,fourties,male_masculine,valencià,,ca,,valencian,common_voice_26_ca,train.tsv,cv-corpus-26.0-2026-06-12/ca/clips/common_voice_ca_31164077.mp3
a8be29239309ec46a2d45aeae724bc7e86552a95837aa5364266a0b99a1413174b0b5fb4882078df8986562307e2451d3b150d49260fbf1b1d14f994a95ddb82,common_voice_ca_34987745.mp3,3e72acec75843e64d57e14d236bf00905d76110374be5ce31bf53d50b35c4519,No l'he vista mai abans.,,2,0,,,,Central,ca,,central,common_voice_26_ca,train.tsv,cv-corpus-26.0-2026-06-12/ca/clips/common_voice_ca_34987745.mp3
7c52495e7a861f3fa2d1b1e730acff92ad70827c1c43f57ae14db13c8c84a42b0379ee0c54a18500cac89137f07e1b3f78ca4d1afe92bdfadb71c1328bf3f91f,common_voice_ca_31388286.mp3,131811569c4a6560004afdf5ab5d6d4af589a6b44e7ac7085a8cdb02e3c96d3e,"Va estudiar a la universitat d'Ampleforth, Yorkshire.",,4,0,,,,Nord-Occidental,ca,,northwestern,common_voice_26_ca,train.tsv,cv-corpus-26.0-2026-06-12/ca/clips/common_voice_ca_31388286.mp3
237f961c861bea7ce402a9a38a855cac72af9924e653dcb7cd8cfad1ef6b7c09cad23f0d54f1c5694944496e66b0ebca4d7ebb8ee6abe0b6e08e377af122e34e,common_voice_ca_31506737.mp3,256b68aadc4fee982469b171928fa9cc6888d2a5d090cde4e5434011fbc5b96a,En general estava cobert de tinta i fang i només es rentava cada dos dijous.,,2,0,,,,Nord-Occidental,ca,,northwestern,common_voice_26_ca,train.tsv,cv-corpus-26.0-2026-06-12/ca/clips/common_voice_ca_31506737.mp3
05defde387b21105cd91803c9ef30f882788aad00e9ebdbe3718247bc1bce53259bdbf99873b104f56d7e3660d74982fd75dc06002d5e83c1ca901a548a5d033,common_voice_ca_19050996.mp3,732b4f1915646f3ebf41234e273283a9ecb2c82c5cc5260003e4ef4d8f788dae,Les persones que no superin la puntuació esmentada no continuaran en la convocatòria.,,3,0,thirties,male_masculine,valencià,,ca,,valencian,common_voice_26_ca,train.tsv,cv-corpus-26.0-2026-06-12/ca/clips/common_voice_ca_19050996.mp3
179b966bc24ebe7594424d4c74a4145e89cc914b28f35bd759f8a892d2780eed4a149609d9b4ab9b5b9d776e44f7f819a3513a24a5b38600c1cb1b9b3b402784,common_voice_ca_37765273.mp3,7f6423110dcece068286f94c701f5e8d24f931bd3a0d239074d52378ed598df0,Necessito un bitllet de tren per anar a Viladrau dimecres.,,2,0,fourties,male_masculine,,Nord-Occidental,ca,,northwestern,common_voice_26_ca,train.tsv,cv-corpus-26.0-2026-06-12/ca/clips/common_voice_ca_37765273.mp3
de579dfbe41bf9280a13029d6db50f07ff8411c424642aacbe36f9564cd11aed4fcc091003284b4d3bc232f79ebad16a60afdef6b2e46b8c8daed7a7bd42c979,common_voice_ca_30878745.mp3,a20a9bb8255e1a437e16dc664c5b1954b3317a359f5e8937862799b613af7a8f,L'increment permetria als receptors crear grans treballs nous.,,3,0,,,,Septentrional,ca,,northern,common_voice_26_ca,train.tsv,cv-corpus-26.0-2026-06-12/ca/clips/common_voice_ca_30878745.mp3
3dfec312f790c985434c214abdf9e2c44cb02530a7f55b1be99aae1a96b594b1f172794845f5697147e2ee03e0c11d6abe92331f976a86efeaee9772452bbf06,common_voice_ca_32150406.mp3,893c4d4a0c6dc9d401411d615eb96ff0308a5b1c287a5eaa2ac16b4fd63c15ce,Demà iran d'excursió.,,3,0,sixties,male_masculine,,Balear,ca,,balearic,common_voice_26_ca,train.tsv,cv-corpus-26.0-2026-06-12/ca/clips/common_voice_ca_32150406.mp3
4e66e6d7309797451ca6d6fdfec7412be95c4f61d767b08e5caab988725b3a84375da8338c1719196302445cea8e4a7d22c5ba4238b01422981d14da4678d53a,common_voice_ca_36879760.mp3,5fa2843f317352ba5266497dca508cf4b5e8b4f622626f95ac2ce62afc54d968,"El curs es reprengué, normalment, el mes d'octubre d'aquell any.",,2,0,,,valencià,,ca,,valencian,common_voice_26_ca,train.tsv,cv-corpus-26.0-2026-06-12/ca/clips/common_voice_ca_36879760.mp3
46098bc705768ba56decc92e627fc907363d2e384241e8df3305944a2a5c707f72d4bf6c029e0352447e7f3a27ee52e1e767a8ed4d1769579e7eb82efb003bbe,common_voice_ca_31317896.mp3,067544cb4032dc36c5790f4668f3029b5f30f84daab4479e58c1239cb8039d97,Morí aquell mateix any.,,4,0,,,valencià,,ca,,valencian,common_voice_26_ca,train.tsv,cv-corpus-26.0-2026-06-12/ca/clips/common_voice_ca_31317896.mp3
d5b96fe8d2aa7880e586b7eab4782136dc15400fc2592e4b812f7b933b1fdf3799429f1a701aa1c5e7e9f80a24ec83fd124ece79a0c2fd9f0bda67e934379def,common_voice_ca_31754694.mp3,1393e25f8093fa827fb7c9e14e62935b9fe019d83417b7af4846d6230ec967bb,El vint-i-nou de febrer en Xavi i en Joan aniran a la biblioteca.,,8,0,,,valencià,,ca,,valencian,common_voice_26_ca,train.tsv,cv-corpus-26.0-2026-06-12/ca/clips/common_voice_ca_31754694.mp3
cc69090f1f4fe27135992102671f6d8a93793d68bdb2719f295f52385192845cab544b6ae27f74e4540e25cb3d3c06e200db332cb5332bb6a06fbc6d25a1fb45,common_voice_ca_37634646.mp3,78d458a42ae1454598fa1abb5173710661899fd1181383fe48dbca4608237b20,El molí queda en aquell punt.,,3,1,,,,Central,ca,,central,common_voice_26_ca,train.tsv,cv-corpus-26.0-2026-06-12/ca/clips/common_voice_ca_37634646.mp3
4fc86c8b4067c3bc7081290a4339e2599b24a8d27c8dc634f622a70c4cd321b2074c9696c1a85217a9811c8e49bc3612a2d682eec12958e60eeeb347421d4b18,common_voice_ca_37903951.mp3,8ab3fae74dc1892d576ae1c17d31731acce0af1726814cc2894b72d6d5f599f2,Neix al peu del vessant de ponent del Serrat de l'Ascensió.,,2,0,,,mallorquí,,ca,,balearic,common_voice_26_ca,train.tsv,cv-corpus-26.0-2026-06-12/ca/clips/common_voice_ca_37903951.mp3
3cffdd09d97d220454e68d5faf35030ca19760186f7350d8cf475d6d225fb0c8003db6ce56e588ce7d7cd1a96bd46b19477be722475281b69dc8a67c4f1ec586,common_voice_ca_38100642.mp3,98e3371239175a54732ed122429387dea63695e686791b38fd010d7f44236e96,Els anys següents no va disputar gaires torneigs a causa de les lesions.,,2,0,,,balear,Balear,ca,,balearic,common_voice_26_ca,train.tsv,cv-corpus-26.0-2026-06-12/ca/clips/common_voice_ca_38100642.mp3
94e35257b313c65bf8a4be9eb63b11e988ebbc244ef1fdcbe1e2cd71d0af95ac8017134ae4a7c3b255d20d4a703fb4b2333508ecfba56a0b602e23dd2cb4fe7d,common_voice_ca_36875992.mp3,5f5c2b1e243888f0dba8e4a2fe854ed4b05666833b82964f3d882bfab225edb8,Van firmar amb Ruby Records.,,2,0,,,,Balear,ca,,balearic,common_voice_26_ca,train.tsv,cv-corpus-26.0-2026-06-12/ca/clips/common_voice_ca_36875992.mp3
9b9a1084659bfa62fb0542b3a8a18acf11698177a09eac7e1f89290cd23748d75aff0e5394f4f307709fb45f19074d83b92fd184ee4ad6c11d6487f82ce8d5cd,common_voice_ca_40559688.mp3,e8b392d7c2cbef0dbf85420c3d8fd53c913731b125273d389a76a60efed058fa,Carme Ayguavives i Elias és una pintor d’icones nascuda a Barcelona.,,4,0,,,central|septentrional,Septentrional,ca,,northern,common_voice_26_ca,train.tsv,cv-corpus-26.0-2026-06-12/ca/clips/common_voice_ca_40559688.mp3
46f14091d04ccc9ef74d0d814c7a5902c67b5b88729b5c5d621d02a8d260822fb988b6520c5df4913daae67757a0b6331f69b52f935ab162efc58baf056a02e6,common_voice_ca_31145999.mp3,f2d75d4827fd068734e715bce0c9b842747cb93e7fa54abd8741a11e60d0060e,Es captura amb arrossegament i palangre de fondària.,,2,0,twenties,female_feminine,,Septentrional,ca,,northern,common_voice_26_ca,train.tsv,cv-corpus-26.0-2026-06-12/ca/clips/common_voice_ca_31145999.mp3
6b54f166f92eabe44e260e1224aaef04d96e9a4e026d85be47687cbcb1b9b8442816c5cd91125b7fbcfd1eb23867cd7dbeae682eecc61dd5e65641f66a191c8e,common_voice_ca_37552865.mp3,cba8658a37be8d00cb6df05bf69769f1662e51e888c9b48986b0d4a8e7f1d446,Compta amb la participació d'uns vuitanta actors.,,2,0,,,valencià,,ca,,valencian,common_voice_26_ca,train.tsv,cv-corpus-26.0-2026-06-12/ca/clips/common_voice_ca_37552865.mp3
af64f34eddd296fdfbaaa3cade7ae26f8931bc9eaa45dfa968f2968c978e2fbb89fbad45fc75e523adb78605caa27781df66fc4b570c337ed3753b1d24c53f59,common_voice_ca_19894432.mp3,0fd5d765463324e90f80237b620d2d16195c4e52a7255f31fc5b4ed48b66da25,Els baixkirs es concentren als marges meridionals de les Muntanyes Urals i zones frontereres.,,2,0,fifties,female_feminine,,Central,ca,,central,common_voice_26_ca,train.tsv,cv-corpus-26.0-2026-06-12/ca/clips/common_voice_ca_19894432.mp3
7d19e719dcd616293603080de330b15c87b728c659c3adee71fdc2b87e9e2ca7088aac468708df56b7ef0a5ec7534edcffd0e34b48a32ebd7eee9f106a77bcc3,common_voice_ca_21837134.mp3,6a2ceb1835a7daffa4fde0257d314c2c0662fff31bb5eb75b26f17ea020e797d,Encara que avui les morses són rares a la zona en aquell temps eren abundants.,,2,0,teens,male_masculine,,Central,ca,,central,common_voice_26_ca,train.tsv,cv-corpus-26.0-2026-06-12/ca/clips/common_voice_ca_21837134.mp3
303e23fee8a156aa9e8951e4b219dd0895130a4fc4134db2b2e4dc3b1702328082cfcaf4f3213ebd28b14f66c80448c26cf4c242063f18a7c482de111fd0ec5b,common_voice_ca_31125620.mp3,ef2948ac6222e5f080c13a9475f92baee4b3d42a6170736a559f1a8b5bf841c5,Una de les suposades exdones d'Harmon va negar la veracitat de l'autobiografia.,,4,0,fifties,male_masculine,valencià,,ca,,valencian,common_voice_26_ca,train.tsv,cv-corpus-26.0-2026-06-12/ca/clips/common_voice_ca_31125620.mp3
5860d0a58f8310ecbb5b21f9ce649a86537eabeae1fdd4fcd7a7d8bca8a16c4c1f18cecd657869574d8993f4f59ef76da750bbab742ced93eda1455d017402c8,common_voice_ca_30984819.mp3,cbb6621af7800ee5d1700bdc1eb4cfdc34aff815c878c627a0264d0b19cb0813,Com es fa per anar del passatge de Lluís Pellicer al carrer de Reus?,,3,0,fifties,female_feminine,,Central,ca,,central,common_voice_26_ca,train.tsv,cv-corpus-26.0-2026-06-12/ca/clips/common_voice_ca_30984819.mp3
e61be99a559888ef720068ed3f728d98f5b1ae923840b230dbe2c76093d60b38e24ce836e06b699e17cb8c2f442d5b3e01e6f1a04392f1507dccab942dfd3aae,common_voice_ca_37577911.mp3,06f04cb812d7df18904f2aa8d89ab7d347748c03f506cf7d838217b33366261e,Dues convocatòries són de subvencions i una de beques.,,2,1,,,valencià,,ca,,valencian,common_voice_26_ca,train.tsv,cv-corpus-26.0-2026-06-12/ca/clips/common_voice_ca_37577911.mp3
bc69fd0205ea95e14c0a2752aa3fa5047042741c612c426fb830693b31d68179ffb9d3870efd5092b8a43a451912eb9b3dd6ebcb0320d5affcd4e99642704257,common_voice_ca_37817545.mp3,8301f63ee2838ced1546090929ca3c1c91486c3873403c5d82dc4d393b560639,"Apunts de classe del Ferran, llibres de matemàtiques, quaderns d'exercicis.",,2,0,,,,Balear,ca,,balearic,common_voice_26_ca,train.tsv,cv-corpus-26.0-2026-06-12/ca/clips/common_voice_ca_37817545.mp3
47f8103afd0ce54ca8f1ac40a871c76c6908af6037b4a37c2087db2a1a3b72d1255b721e388eb308f39f6826e7e6a0e658cf318b7fcc16b87a6e99b5018379ee,common_voice_ca_30862485.mp3,9c8abc262c0c7c55a2907a85b748716a1823f5f4d7658f9e30b36c778ff72b30,No és la primera novel·la sobre els premis literaris que es publica aquest any,,4,0,,,,Nord-Occidental,ca,,northwestern,common_voice_26_ca,train.tsv,cv-corpus-26.0-2026-06-12/ca/clips/common_voice_ca_30862485.mp3
06536280608691585bf202322200a1b1c7dd8b628de7528985b283da6f5b67a72219ea3ea35bb34f63106e91a17c8357afe388672b75ef3d21f32dbb2b8ec693,common_voice_ca_38641169.mp3,bd25da7b685e6c750292ce9cf77b9e41311c98ab4f796a05f13daf23413ea6ff,El dipòsit retingut s'anomena llac Windamere.,,2,0,,,"aprenent (recent, des del castellà)",Alacantí,ca,,valencian,common_voice_26_ca,train.tsv,cv-corpus-26.0-2026-06-12/ca/clips/common_voice_ca_38641169.mp3
45e8b22a57ebabca15b2f26029334e8aa7238bb53750ee7acfed631e737015b099e15f718e27f74d082c5f51867d3fd4b097e9ee8092a7177e8e88dd0411617e,common_voice_ca_30979170.mp3,c9722aa2745ad280c265aff36650c6996cbf7c8e9d756469538d5184acc9c61f,"Em dic Naia Noval: ena, o, ve baixa, a, ela.",,3,0,,,,Septentrional,ca,,northern,common_voice_26_ca,train.tsv,cv-corpus-26.0-2026-06-12/ca/clips/common_voice_ca_30979170.mp3
66bd67e6893a5a8d1f1c24ddf17636e04d1623c17c11d57a83fc022a43c38796544cdfee368fe8783d48b8f2745d551e57aca0a81fbcf5971fade8516eb02001,common_voice_ca_31241517.mp3,fc409b21539edaf67ef621cac28e6cd93f66c68e0437779742a4bb0d273d63b0,El van incinerar a Londres a una missa a la qual va assistir Ramsay MacDonald entre altres.,,2,0,sixties,male_masculine,,Central,ca,,central,common_voice_26_ca,train.tsv,cv-corpus-26.0-2026-06-12/ca/clips/common_voice_ca_31241517.mp3
443366ca1e93db5bae959bfdb93e1afb1963520b8ea6105b2e897c236e5b2ee050a66738e01d46ca2adee31d5fb2ee81cae5b369e7ffb5a7e140791d2aa8c173,common_voice_ca_25472118.mp3,23cd364da08bf24d45a628111086e0eaaad7a71016bc8413725b13d6ebdd6a74,Tant els comerciants convencionals com els tècnics utilitzen la proporció per a identificar les tendències.,,2,0,,,,Balear,ca,,balearic,common_voice_26_ca,train.tsv,cv-corpus-26.0-2026-06-12/ca/clips/common_voice_ca_25472118.mp3
c6d5583019e9e0b98276e10adbb27249fdedb360eb40333ae87b623b085db10f32ee3e5b5f3a953ffbba442aa082941cce3bfff998af37b280b3fbfaff29aca5,common_voice_ca_30929714.mp3,b5bca5c81e006fdbf49ce7d951df2b776003a6114c7a98feaf15a179fe9bdc5a,"Al comtat de Morgan, l'autopista creua Wartburg i Sunbright.",,2,0,twenties,female_feminine,,Central,ca,,central,common_voice_26_ca,train.tsv,cv-corpus-26.0-2026-06-12/ca/clips/common_voice_ca_30929714.mp3
b63c689e0edc5a7e8142717836bbb5f080ed397233f6d5ca5b4a0dbdb2f413370ce5cf1adb82c11d64781131945a6cd00c0ec95f8281cac28b140b9761452e01,common_voice_ca_31016033.mp3,d4af36f5eb563aed10c3524cd1cfdb15fdb67d6a6237b8c6edbaaf33d27f24b2,Contra qui ha presentat una querella la fiscalia?,,2,0,fifties,male_masculine,,Nord-Occidental,ca,,northwestern,common_voice_26_ca,train.tsv,cv-corpus-26.0-2026-06-12/ca/clips/common_voice_ca_31016033.mp3
78c598ab1383d31ef99c340688e8fe5042f5989618ba1010a9d41c7de6038827d60fb12c137f1304e266157e64f12dba080e920ad0276d7a6a843986462e9b52,common_voice_ca_38882795.mp3,c62d19b583d055a47021f6a227be6cb47503244dd9264684b0b0dc5af2eac342,L'autopista té aquí tres carrils en cada direcció i un límit de velocitat variable.,,2,0,,,Lleidatà havent viscut a Barcelona 20 anys. ,Septentrional,ca,,northern,common_voice_26_ca,train.tsv,cv-corpus-26.0-2026-06-12/ca/clips/common_voice_ca_38882795.mp3
946e5ec4f472d910217a86a8033666d9a7154dcee9209d8ef1987e765deceaa8a3646943323dba34dcc46fc6ea7de82923878387f4e6ce042805cdab9de66d1b,common_voice_ca_32156930.mp3,8e12ae2771f0d087b145120fa140f3765ad16c4d199ecc7991b93c5f9a91e2d8,Dissabte ma germana vol anar al cinema.,,3,0,,,,Central,ca,,central,common_voice_26_ca,train.tsv,cv-corpus-26.0-2026-06-12/ca/clips/common_voice_ca_32156930.mp3
45e8b22a57ebabca15b2f26029334e8aa7238bb53750ee7acfed631e737015b099e15f718e27f74d082c5f51867d3fd4b097e9ee8092a7177e8e88dd0411617e,common_voice_ca_30979169.mp3,c8fd16699c5d7ed417242fd45eeb56766ac4e45d2f63ca8c0b390cb48f1034fa,El cuiner va amotinar els mariners contra el capità.,,5,0,,,,Septentrional,ca,,northern,common_voice_26_ca,train.tsv,cv-corpus-26.0-2026-06-12/ca/clips/common_voice_ca_30979169.mp3
960cdeb8db2a4e83095207c66ec36f0575b90151711ec23f21a5fc1e755f8d0667423c42a3b4d03a141875f84710d45e01b37474ccd63a11f82ca3616e8bc792,common_voice_ca_37577674.mp3,06d6b7a9b25f908c546ea1b0c3935803a00171b3d0ba058d481c346cb6888488,Qui pesca o neda per Sant Pere es nega.,,2,0,,,valencià,,ca,,valencian,common_voice_26_ca,train.tsv,cv-corpus-26.0-2026-06-12/ca/clips/common_voice_ca_37577674.mp3
8c21f22afee554814805c114ae8f98539a1ca14b581abbcd3bc1fffbb2f60c28b8c7eb15843a91a8b2240c4242c0715decc01805f89b25c0b6525f0c5e6c320a,common_voice_ca_30876410.mp3,a1462df277474373c3595f708e6a2264a019cab251acda5fcda4fa149996141a,L'activació màxima del pectoral major es produeix al pla transversal mitjançant moviments de pressió.,,4,0,,,,Septentrional,ca,,northern,common_voice_26_ca,train.tsv,cv-corpus-26.0-2026-06-12/ca/clips/common_voice_ca_30876410.mp3
e94f91ab2c69e11a764613994237dda6d7c356912a78907205db2cb51306f5be8c4384a3480207cf787444dd07344929a21076bb3790dd8a0868d62be2d4fa57,common_voice_ca_31175008.mp3,bb01998f811e93c0f94d546e8126fcd5fbb9c37848ed6be015a91e31fffe31db,Sergi Mas i Abad és un actor i periodista nascut a Barcelona.,,2,0,,,,Balear,ca,,balearic,common_voice_26_ca,train.tsv,cv-corpus-26.0-2026-06-12/ca/clips/common_voice_ca_31175008.mp3
042ecaaba5d85450cfaef7b74e0c43fd12cc16c188f96993910b1fff3c089234de7437bb923b250b18e88606acb3a666bf041c99148474bb6e8ccdf5af40b33d,common_voice_ca_37588512.mp3,2af58114894aa0884a0c08132dca076f16d1069c8f7a4b43db9199e0f81dd506,Suar com un cavador.,,2,0,fifties,male_masculine,,Nord-Occidental,ca,,northwestern,common_voice_26_ca,train.tsv,cv-corpus-26.0-2026-06-12/ca/clips/common_voice_ca_37588512.mp3
62a7333977c33ef3358ed5212ebe5defea639658cdffcb393ef76b854ce35dc4c4140de5d6a475c5ac1175d71e92626226f0a33bb4a77b534f140b8da37e9cb3,common_voice_ca_30719084.mp3,48d5b76576850be18f12b925dfb36ef4554b9317d3ed1f00cbabb5fc7d17e85e,A Aras de los Olmos hi anem dimecres.,,3,0,,,,Septentrional,ca,,northern,common_voice_26_ca,train.tsv,cv-corpus-26.0-2026-06-12/ca/clips/common_voice_ca_30719084.mp3
a2b06b54679145e65ce10a8356285efcadbacd41be817d2e0858ddba59e638775b79f76cb9e4ac5859627b67ebf227c55b51cc48e6d0d7ef41c9845d96ded68a,common_voice_ca_24566470.mp3,d906f644ed8ca86e1802163b2befcfd5159e07b158e946437852bcb782e353b7,El nom d'aquesta família prové de les nimfes de la mitologia grega.,,2,0,fifties,male_masculine,valencià,,ca,,valencian,common_voice_26_ca,train.tsv,cv-corpus-26.0-2026-06-12/ca/clips/common_voice_ca_24566470.mp3
62a7333977c33ef3358ed5212ebe5defea639658cdffcb393ef76b854ce35dc4c4140de5d6a475c5ac1175d71e92626226f0a33bb4a77b534f140b8da37e9cb3,common_voice_ca_32087775.mp3,665462a8c0c0cbaac4677f6a7c7cca1e12b3d5d1b34160d03947662757ed1ecb,Dimarts na Gemma i en Guerau iran al cinema.,,3,0,,,,Septentrional,ca,,northern,common_voice_26_ca,train.tsv,cv-corpus-26.0-2026-06-12/ca/clips/common_voice_ca_32087775.mp3
acd5b51bfbbfc3f51a532af01991b0ddf31fa9fc4c2de146d6e73eb4b067f53ecde2cc35b5d1f0033c5b04da6182dc4f73cb216445ebb124d35b2393e10cddde,common_voice_ca_30745429.mp3,7361f892b2cb6423131c7d35ffeacc1882c8078e1aecf8974e0740cb671b6ba9,La lletra i s'utilitza convencionalment per representar l'arrel quadrada de menys un.,,3,0,,,,Balear,ca,,balearic,common_voice_26_ca,train.tsv,cv-corpus-26.0-2026-06-12/ca/clips/common_voice_ca_30745429.mp3
54fb9f7404b5fdc62c215618683436be38e5640e8e1c1c8042d66d36074dc0a25bc96d9efba718d672b573deedb3031988817f7935737e293e8f8ed9d4961209,common_voice_ca_30996819.mp3,cf50f109a7b736aa30e1ec7d449672c666f8986e8edb7c569fc307b81d50a4ac,Va baixar i el va escollir ell mateix.,,3,0,fourties,male_masculine,,Central,ca,,central,common_voice_26_ca,train.tsv,cv-corpus-26.0-2026-06-12/ca/clips/common_voice_ca_30996819.mp3
667df0e36c2ac7fcafff72ed1df2720cc85c6e8aa97fa38acd697bae4f6951869d1a89fe46fdf0cb63745797ee525b51ba23dd0b75b23c47bd64fb95612e2736,common_voice_ca_37633600.mp3,7887ca79d8112ae6284607d4b8f670ee3bf9d9b65485660f715c18cc58e5b9b2,Dimecres na Rosó i na Maria iran a Vila-rodona.,,2,0,,,,Septentrional,ca,,northern,common_voice_26_ca,train.tsv,cv-corpus-26.0-2026-06-12/ca/clips/common_voice_ca_37633600.mp3
8f78b4eaeb9dd44b6459e50a615ad298d58b8b059192a3d84a6ab9f3ee31995fc5f2d9a5cc53f04ec3367fd662bc566bde33cc614cf65f9a71acafdade0e3d3a,common_voice_ca_20500115.mp3,2e6bccbf12acfeec1db3971d4391acc82e409d37dfb33a0888bc1d15102ee5e4,"Normalment estava oberta per dalt, per on sortien els cabells pels costats.",,2,0,thirties,female_feminine,,Central,ca,,central,common_voice_26_ca,train.tsv,cv-corpus-26.0-2026-06-12/ca/clips/common_voice_ca_20500115.mp3
b8edd535430395b2f4455eca8daea243f8cc2f589f0f482c2dc271c0f605362c987738fb1c3dd20d3d4e6e6c33a22af7d6bbd73562227ecc660fc81fce0a53e1,common_voice_ca_37578453.mp3,095f9e332a8b64f0bcbc8bc9e431981263a7422d330262c78c3c4c0a3a9bb09d,"Semblar aquella escopeta, que no té canó, culata ni baqueta.",,2,0,teens,male_masculine,,Central,ca,,central,common_voice_26_ca,train.tsv,cv-corpus-26.0-2026-06-12/ca/clips/common_voice_ca_37578453.mp3
4cedaa8d96436fd0d2ebdb61d616790a3cb3737d0a93d2ae41d588137c0d3339999d991b7b3c452704be1f5f512ce5a08c0971898fad0ad77f18fd623411cd7f,common_voice_ca_17525147.mp3,e8fbc392c1c9dd3b95a7077e64425d27d434a94356be13d3bc15a35e1e624c7e,Doncs no pense eixir fins a la vesprada.,,2,0,fifties,female_feminine,,Central,ca,,central,common_voice_26_ca,train.tsv,cv-corpus-26.0-2026-06-12/ca/clips/common_voice_ca_17525147.mp3
387cf4c29985846677a2812fd0c226eac7dd965685e38bc35cfd62e476526e0cef749cb81acf4556da2cea03ae5b447f2cb363d59b5c666257e0ee1ecdbac84a,common_voice_ca_30841875.mp3,954f1d30b6f49e924d6cce8dd8245cae11154125ae89bb5a5d91e80841d4a0fb,Allà hi ha moltes dunes on la gent pot practicar surf d'arena.,,3,0,thirties,male_masculine,,Nord-Occidental,ca,,northwestern,common_voice_26_ca,train.tsv,cv-corpus-26.0-2026-06-12/ca/clips/common_voice_ca_30841875.mp3
8e722ded73031e261cb74373015022b361f54356a79590783369450eaa41bc4f1138aa519f362c33e4d5b4f795aae97c18e9bcb446360d4465a420862e27b4ea,common_voice_ca_30950846.mp3,bd96054d93d2f8d468d0eaadbbd8d8ebe932b9bd4851ec362fada0abe1c6fff7,Va resultar ferit diverses vegades.,,3,0,sixties,male_masculine,,Central,ca,,central,common_voice_26_ca,train.tsv,cv-corpus-26.0-2026-06-12/ca/clips/common_voice_ca_30950846.mp3
4e2f29951f3d98704eab76ca83035440ed454b7828fa598da2d911cd272a606a78ed8a50a5c22e1d1b0365670a9fd3b621df7ba8adc00ecfc97f80ed2538598f,common_voice_ca_31470544.mp3,1fa92430dc398283b79d5f6c0c2585b3979ed697f700de7b737838e1d7c4e2a9,L'efecte combinat redueix la pressió arterial.,,2,0,,,,Central,ca,,central,common_voice_26_ca,train.tsv,cv-corpus-26.0-2026-06-12/ca/clips/common_voice_ca_31470544.mp3
946e5ec4f472d910217a86a8033666d9a7154dcee9209d8ef1987e765deceaa8a3646943323dba34dcc46fc6ea7de82923878387f4e6ce042805cdab9de66d1b,common_voice_ca_32156956.mp3,8eb9ca45570f0e078fa87529b109e698350fc499ef46daa56e4ebb791999f5ed,Diumenge en Rauric anirà d'excursió.,,4,0,,,,Central,ca,,central,common_voice_26_ca,train.tsv,cv-corpus-26.0-2026-06-12/ca/clips/common_voice_ca_32156956.mp3
02fcb452e2d09f4a5738a400755fce8f17a6d245d2b19bc777462950b0a4cec53e1f56daf483e2d7198b9cdfc3fc60252027d2ccd6c5b8bd966682a4da0d1086,common_voice_ca_41485098.mp3,fcf077e383ea8c2b686bc94d5c383ae3414808a8bf95dc905819fe9a4b0066bd,"Aquest dilluns, ens espera un dia amb nuvolositat fixa.",,2,0,thirties,male_masculine,nord-occidental,Nord-Occidental,ca,,northwestern,common_voice_26_ca,train.tsv,cv-corpus-26.0-2026-06-12/ca/clips/common_voice_ca_41485098.mp3
8fdfbc51b042d8498238fe00965a47fbbc02b8fd627d052a93043450d0e02027278995cf49f401a5c625c4fdab9c6c9dd3145aac709f75fc67d9eca75a9ab026,common_voice_ca_30740427.mp3,6b1129f7cb598fb307b677e3e7b8254db0c735115f52a1dc015adbfd9eb0fdb6,Com ho puc fer per anar a Nàquera amb transport públic?,,3,0,,,,Nord-Occidental,ca,,northwestern,common_voice_26_ca,train.tsv,cv-corpus-26.0-2026-06-12/ca/clips/common_voice_ca_30740427.mp3
3aa4468cd1ad041bbfcd0622a4f34206d8b993ce6a72bd5d0d35b40bbccf057d5f48544db7ea1fc3a7ec886f3373a819a053c8a87251f2c059d5c3ca8effa7bd,common_voice_ca_27556713.mp3,45564731c9bc3c79c72c4c06c438a6ca64e3217403c2d2a4fc27dc04beb4d5fc,"En general, només després que s'accepti aquest fet es pot progressar.",,3,0,twenties,female_feminine,valencià,,ca,,valencian,common_voice_26_ca,train.tsv,cv-corpus-26.0-2026-06-12/ca/clips/common_voice_ca_27556713.mp3
6c622505d7f68249563c8f5e3c0987651cc0ac31d0c37dae05e89fbcfc729d2953fd6169fb15dbe9e51954270b86af71ae5a8772ef4cecb9c70958c75d4c1dbe,common_voice_ca_37883387.mp3,8917e2c8049cb717f2e2c895dee5398c5a113485fcbd00d84acfead44a9551bc,"L'interior es troba actualment totalment restaurat, amb acabats estucats i pintats de blanc.",,2,0,,,,Septentrional,ca,,northern,common_voice_26_ca,train.tsv,cv-corpus-26.0-2026-06-12/ca/clips/common_voice_ca_37883387.mp3
35d47ae14ea5478f3fb4daec30f1b785f0e8dcc117d1a8fae17ac41c1f1da58040c2f0e568d678bead1c1005fd9d0ecd86f5f308f58e18870334ef2d87399dd2,common_voice_ca_37848660.mp3,86128b6836428d7ad066333036905c01b41a37540cec44282c47c19ec05f95e9,Per Cap d'Any en Bru i en Max aniran a Fígols i Alinyà.,,2,0,,,,Balear,ca,,balearic,common_voice_26_ca,train.tsv,cv-corpus-26.0-2026-06-12/ca/clips/common_voice_ca_37848660.mp3
ea9d1d3725dbca61f5cfc9e78b3a0ba898b6d188bebe4ba379ed42add0958cf59ffe1a2b73e2e2f9085b1d232036a97422e46b6b19fa90b7609a9a64e218748a,common_voice_ca_43519886.mp3,eb0c077afdb3c243d0fd3772bc4ce4ec398fe872a933e6bd9f10b3445f6115d7,"Glave va morir uns anys després, però Dalton va romandre a la zona.",,3,0,thirties,,central|Garrotxi,Central,ca,,central,common_voice_26_ca,train.tsv,cv-corpus-26.0-2026-06-12/ca/clips/common_voice_ca_43519886.mp3
f3635abb815fff35d1f0a6e5a6b46bfca9548696ffe2820d5aab9749a8ba84b3081e0add973be1252517ddd7e180698c6a53166ad9c501ce37c1b4378ed6245c,common_voice_ca_38059925.mp3,9677bf31afa9d2784c25d8326595d8ac058baed299d0a8550bcc4d4aee845182,És un peix marí d'aigües profundes.,,2,0,,,nord-occidental,Nord-Occidental,ca,,northwestern,common_voice_26_ca,train.tsv,cv-corpus-26.0-2026-06-12/ca/clips/common_voice_ca_38059925.mp3
a8cb3c1a677762af742e89698547f4b185a9e2b6547738a48d7b2f2fa47c70c147f56669a01b25a9e86082d1b4eb7ababcddef74d0b35370a4448ac79035b129,common_voice_ca_36969190.mp3,648a26c3d2876fc1055157152f91273c873a9302bbe7561bc1fd098f379a4d3a,Els tres plànols formen un conjunt de tres franges horitzontals.,,2,1,,,,Nord-Occidental,ca,,northwestern,common_voice_26_ca,train.tsv,cv-corpus-26.0-2026-06-12/ca/clips/common_voice_ca_36969190.mp3
a2b503bc78bd0b68fcdc3e3b68e3c68cf3da8d2d48d91f09313c7cdc11b43dd4d4de3a8a2c4b526809adf9879427c4818db72cffdbc2f0015a9fa5ade83bd400,common_voice_ca_23917715.mp3,c06e1836d505b18ecddf5610b1cc72bf237c374f71cb3009093a523786d8208b,Prevere i documentalista musical.,,3,0,thirties,male_masculine,valencià,,ca,,valencian,common_voice_26_ca,train.tsv,cv-corpus-26.0-2026-06-12/ca/clips/common_voice_ca_23917715.mp3
3cab131f1ff7d75b971c677cb846b8d7e931343f418cfa222ef3b301581d2f90b778323dccc4dfd65b8b2d52ffa713e38a113d14201ffc58c660746131f0fef5,common_voice_ca_36517233.mp3,5580db5b5d08d5bebdd3a5124552a148914b6325c44a945baad307da10bb2a1a,Abellio ScotRail fa el servei d'aquesta estació.,,2,0,,,,Balear,ca,,balearic,common_voice_26_ca,train.tsv,cv-corpus-26.0-2026-06-12/ca/clips/common_voice_ca_36517233.mp3
e61be99a559888ef720068ed3f728d98f5b1ae923840b230dbe2c76093d60b38e24ce836e06b699e17cb8c2f442d5b3e01e6f1a04392f1507dccab942dfd3aae,common_voice_ca_37577907.mp3,fd16b64c3c7fd105ba170a3162a4df362c6299617a09605ee59ff5e359c050ab,Mudar la pell.,,3,0,,,valencià,,ca,,valencian,common_voice_26_ca,train.tsv,cv-corpus-26.0-2026-06-12/ca/clips/common_voice_ca_37577907.mp3
c777d3358a0aff067b64f254ac462fa223a1650af20ce2af341de610eebbb55a128a1dc43c91da7a1844848b5920b7dd5c5e0a1e8651d6442a2418709dad8c87,common_voice_ca_21887189.mp3,6ff155fc4470964be753a331dc03b16a50b1f5e5215f42088622de6ab31e0b83,"Jubilat, es consagrà a la pintura.",,3,0,fourties,male_masculine,valencià,,ca,,valencian,common_voice_26_ca,train.tsv,cv-corpus-26.0-2026-06-12/ca/clips/common_voice_ca_21887189.mp3
459688455ad5a81f0f4619a61b3eb4a0bed7d2cfc61ab7e378d63c8330a965df0b107202edac7bad64b8e3f60364928d7ddc345b929410d7f243953f0ff6b4a9,common_voice_ca_31933437.mp3,4d977adf2359fdc109659503bc430f7db9de0163305b5c46be93c452873fff1f,El deu d'agost en Xavi i en Joan iran a la biblioteca.,,6,0,,,balear,Balear,ca,,balearic,common_voice_26_ca,train.tsv,cv-corpus-26.0-2026-06-12/ca/clips/common_voice_ca_31933437.mp3
32e924cad766e548f527602e2ee436b05a7c234a0887f2dc10b0236f4373ee20ce02ff66083b03330f72f7d6396a19abad0de40d4210fe4f2b37057a1541cd73,common_voice_ca_31886811.mp3,40ac986828879c8edeab80b073c99cc87ff9f25e085321544ed9d33eef9986c1,Divendres na Núria i en Martí iran a la Vall d'Almonesir.,,3,0,sixties,male_masculine,,Septentrional,ca,,northern,common_voice_26_ca,train.tsv,cv-corpus-26.0-2026-06-12/ca/clips/common_voice_ca_31886811.mp3
ce0c2c8369822ea2e9a663dd1c4ba60a300d683f3e1e7456d4f4d985b14d39be52e4cea8fe75d1595fc06b61771ed9e37dd9ce428f0dea73ab9c990dbd0cd9f8,common_voice_ca_36957411.mp3,63ce750e35c141b3beaa443a5b5318072ca915465b35e3e24dd9bf3fb411dc78,Cinc agents van resultar ferits.,,4,0,fifties,male_masculine,Barceloní,,ca,,central,common_voice_26_ca,train.tsv,cv-corpus-26.0-2026-06-12/ca/clips/common_voice_ca_36957411.mp3
50ff87c2323af2004bb06bb19ec486b7a7b7509ff294a13954e97b0342b9e68e7493646841e052649495922198638773397b0c3862259e44933a29ce10baceb9,common_voice_ca_32068338.mp3,5ec1b4bd4188ec4451cb33018bc1b8e3bc256ac309f4cb18d5a34192871f2543,El vint-i-nou de febrer en Biel irà a Rossell.,,4,0,,,,Septentrional,ca,,northern,common_voice_26_ca,train.tsv,cv-corpus-26.0-2026-06-12/ca/clips/common_voice_ca_32068338.mp3
5d2ff0fe49bb35783381063aa086ce674487e7aa588e122f12366d7c861335538d3f40025d7db5b7bab6ad1926aefda6b049690d940baccfbaaabdb5d709d39f,common_voice_ca_31507766.mp3,2573e2a41482ffb23ae230039c159caf4ff7a45559d91ef723bce273ba86bf2e,"Ella li demana més temps per a passar el dol, però ell no vol esperar.",,2,1,,,,Septentrional,ca,,northern,common_voice_26_ca,train.tsv,cv-corpus-26.0-2026-06-12/ca/clips/common_voice_ca_31507766.mp3
25f41a5ca387534a4b301325641d3206e7235ffe4e16cf22b992a4f2e9963a0a9961b79a58e453b42559039d7e6d5ca1ea96b00e8e0a1e8ad05f997d68344b10,common_voice_ca_19104105.mp3,e72080ae145b97658f758e175ba3a9903c9bf8fd14ea61cc2840c417309f3c91,"Per Santa Caterina, el molí no fa farina.",,3,0,twenties,male_masculine,,Central,ca,,central,common_voice_26_ca,train.tsv,cv-corpus-26.0-2026-06-12/ca/clips/common_voice_ca_19104105.mp3
82b26d04e992a57a46106914cdaf5ab56a5756b38e58ebbb9d35df4c678f0dcb9cd6452fadcfb23dc5972b22037037bd08e3691bc6e554f679b92df03034eb24,common_voice_ca_38058902.mp3,96282f36ae462a81c0811166773f11c6b09ac3bb47bf182e672f5788726895f7,Yama va reduir també el nombre d'inferns a deu.,,2,1,,,,Balear,ca,,balearic,common_voice_26_ca,train.tsv,cv-corpus-26.0-2026-06-12/ca/clips/common_voice_ca_38058902.mp3
50362a6ec44d908b28a697d600df5d9d254a9248f6ff69976d35c83f9970b0d6936e0c6f18aa94ee09d735a588eae87f19165ae1d84c797a9ccf2091ffb1ed97,common_voice_ca_30909380.mp3,ad334746d399188616da495ab73fda77b812452282eb15b0b47db7b8fe25e378,"Era molt, molt llest i molt bon enginyer.",,3,0,fourties,male_masculine,valencià,,ca,,valencian,common_voice_26_ca,train.tsv,cv-corpus-26.0-2026-06-12/ca/clips/common_voice_ca_30909380.mp3
e7a5137a3789988e334c6c5a6dd383116b40fbb4edc5d240ae55e3a9eb330dc13738502f4712e1d7a3622839ddc9d05bff327c9084d36c6dfeef754ef84a392f,common_voice_ca_30922452.mp3,b2b0861fc37fec818f2d45974acfe41c236c0a5e7a07128a5bcd604fe4888158,A Hanahan hi ha una extensa cultura de la pesca i els esports aquàtics.,,2,0,,,,Central,ca,,central,common_voice_26_ca,train.tsv,cv-corpus-26.0-2026-06-12/ca/clips/common_voice_ca_30922452.mp3
7eeb4664f77e4be186bbf6c320c1f0a620361b357aeb5c1d47b4e1f4d3eefd06c1aa581638be86dc127ba72ef47c0f01070b010fb031cb11c6340f56bdf334b3,common_voice_ca_36861641.mp3,5e35019de7c56f10c30adc0ec7c3b75c7f0b712331b2eb6b42a884c091b30647,Revestiment exterior de l'absis derruït en part.,,2,0,twenties,male_masculine,,Septentrional,ca,,northern,common_voice_26_ca,train.tsv,cv-corpus-26.0-2026-06-12/ca/clips/common_voice_ca_36861641.mp3
d3198e43f18f817bcbe28ff226a8c2dd2d1521c6980311c26807292ad3d285cf8f08affb22f626ff3b698438db564a94f4a7fdc9f77f77397a8780a74a553499,common_voice_ca_37630497.mp3,43dbf06ac696c7b3e9cf1d1233130f2160ff77dc571b16ff8e78bb044fb7058a,Aquest diumenge aniré a Cabanes,,2,0,thirties,male_masculine,valencià,,ca,,valencian,common_voice_26_ca,train.tsv,cv-corpus-26.0-2026-06-12/ca/clips/common_voice_ca_37630497.mp3
0bfbdce8cc864eaf2c4849b3fdd53e9f4100d2ff528af94cda97c460cfcd13fd3a7332c8be0bbfdda918b624522ea24b1f21f20a97ebaf9315cca872c3120815,common_voice_ca_22441986.mp3,8854a11fbd3348d1a563fe24db002a5fd474b11786c9c6d89bd65015084b4035,"La persona expressa mitjançant missatges visuals, tons de veu, llenguatge corporal i contingut verbal.",,2,1,teens,male_masculine,valencià,,ca,,valencian,common_voice_26_ca,train.tsv,cv-corpus-26.0-2026-06-12/ca/clips/common_voice_ca_22441986.mp3
adacb03db06fb0eb8def5bc9900fa93e0712379c5ba92ab4d0aab565ec71889de36f5c88b437ab43878ee67f01837b3f0cc6d488fcbc450d07b21c8bdc0aa8e2,common_voice_ca_33510310.mp3,24a39bac4bf55f94804450482be1510a339362002cdfa8dc6014a2fb7432848b,Cada u a la seva mesura.,,3,0,twenties,male_masculine,,Balear,ca,,balearic,common_voice_26_ca,train.tsv,cv-corpus-26.0-2026-06-12/ca/clips/common_voice_ca_33510310.mp3
c74a97b5a0226946aa095ac0d4fe27bb7ff0d52377a322de5c7eb5134ceb367bca33612c1fe1a30f4dd988735090b25101c3d223a9791111641f49fef4df8d43,common_voice_ca_34276943.mp3,3658570f9db7a426f4bd998e08341ee002c70244cd3d31d57372cf7fe24586c4,"Més endavant, utilitzà un terme més poètic per batejar aquest comportament: l'efecte papallona.",,2,0,fourties,female_feminine,,Balear,ca,,balearic,common_voice_26_ca,train.tsv,cv-corpus-26.0-2026-06-12/ca/clips/common_voice_ca_34276943.mp3
042ecaaba5d85450cfaef7b74e0c43fd12cc16c188f96993910b1fff3c089234de7437bb923b250b18e88606acb3a666bf041c99148474bb6e8ccdf5af40b33d,common_voice_ca_37588465.mp3,28d12ae0e18078c3e87f6d47c18b436bae890f30baecff301a1db538d22d9b23,Bon vi fa bon dir.,,2,0,fifties,male_masculine,,Nord-Occidental,ca,,northwestern,common_voice_26_ca,train.tsv,cv-corpus-26.0-2026-06-12/ca/clips/common_voice_ca_37588465.mp3
eece1668876f4f2aacca3a18b1e76b4ed4255adfe39495d96636455bca6a4db83073e329181f20c89b0bed9164a241e6597b04346cf5f2bf418a24d6a23d2ef5,common_voice_ca_33566365.mp3,2c5ed203cd0afe40a7a1e9bff0d4b244a4449595c5e452888abdf460f28ea73e,"Si les dades no indiquessin el contrari, us quedaria un bonic relat apocalíptic.",,2,0,,,,Balear,ca,,balearic,common_voice_26_ca,train.tsv,cv-corpus-26.0-2026-06-12/ca/clips/common_voice_ca_33566365.mp3
baaef719a9f021b9d6a47963e315d4dd9c4f9c4a9549c76bf77702830ae2537563f45a53a92dce43dbadecd958e6257e0f20e3df3f3ed0f6d94c9c7e8b2b8fbb,common_voice_ca_30762437.mp3,794ca32b0b9ea72d7e0599628d9edb05bc986541c4df18d7e954b33c8769c213,Què hi ha a la via Laietana número seixanta-nou?,,2,0,twenties,male_masculine,,Nord-Occidental,ca,,northwestern,common_voice_26_ca,train.tsv,cv-corpus-26.0-2026-06-12/ca/clips/common_voice_ca_30762437.mp3
c047538c727dfe0d9ece19b8cfb4cc842876eb092de5cdce09ab3df9f65324f96db960cc2fc52be9147f25140c80e64e4f4dbebc5b9e2ac3be58086b539feacd,common_voice_ca_36349246.mp3,515043b4bbc462668c97076b25fe6cc702fd2915dbba10639ff0b64bb48d3eb9,Faci la prova amb el formulari.,,2,0,,,,Balear,ca,,balearic,common_voice_26_ca,train.tsv,cv-corpus-26.0-2026-06-12/ca/clips/common_voice_ca_36349246.mp3
853ab85920e3a98810b33cb5eeaaf340a09139ab5dd54c5257f519d37c9a5d84714405b592aa3f17e65e86be219f1a46874947382a7e44e9838cb304da9fe27c,common_voice_ca_20407297.mp3,2c66e228474d27c42b7e216cb9bbc966f6db4a91432793d45511eee0ba47a930,"Encara que el poblament quotidià és dispers, en els poblats s'efectuen reunions i cerimònies.",,2,0,twenties,male_masculine,,Nord-Occidental,ca,,northwestern,common_voice_26_ca,train.tsv,cv-corpus-26.0-2026-06-12/ca/clips/common_voice_ca_20407297.mp3
bbb66a66e7f74b028ae63e72b99097e296f9792d1cb02bf5b6a7d1d6925b47d50a34bf492a899ba50c0ee665c59db387950f0146b3c0a2eb1159b37131290a28,common_voice_ca_37602331.mp3,574cbc7835a81169a7c79fee2e82ac4ef0a40c4cc6ec402f4a27fa2d59960048,"Les penes no maten, però aixafen.",,2,1,,,,Septentrional,ca,,northern,common_voice_26_ca,train.tsv,cv-corpus-26.0-2026-06-12/ca/clips/common_voice_ca_37602331.mp3
e920526a9cd3bb2efccd31a8f36a1e1e07f03b78e404306d30627ab82264bd0415b0b8f422859a3cea1e7d5212a3d48715805bc4c06a54ea24530feeddb7fffd,common_voice_ca_30051446.mp3,2d6e76897d2401a2edf128f7a25a3fa9c9008872dd46efc18fc0eb2528a6d798,La llibertat d'expressió és un dret fonamental de les persones.,,6,2,twenties,,valencià,,ca,,valencian,common_voice_26_ca,train.tsv,cv-corpus-26.0-2026-06-12/ca/clips/common_voice_ca_30051446.mp3
f10a3f5001a44d04d3d69b3492d3cde1dad94b3437b4be2f7ea2c19b3707ca384ad9724cb03a3978fccc939ce4f4ea40fb7937b3476b0517d187ba86f51f28d3,common_voice_ca_39571349.mp3,cfcc148165085034cfea9871e53a0c4f5e3827b89a7409082398a9aa4513fda1,Qui m'agafaria?,,4,0,fourties,male_masculine,central,Central,ca,,central,common_voice_26_ca,train.tsv,cv-corpus-26.0-2026-06-12/ca/clips/common_voice_ca_39571349.mp3
7eade9870a341f0d9a0106e0f0017a1e33658b1e0c900fbb7df15cc953ff9384a0858e8943fa412e668e0a3600bfa709b60d82fe37bfe792b10a9f1c1d31667d,common_voice_ca_31318866.mp3,072ef5f030af2af4928944d9e0968e4c44a485eb419b4cdd84d1ff5cd633f768,Santi Carreras Suris és un periodista nascut a Mataró.,,2,0,,,,Septentrional,ca,,northern,common_voice_26_ca,train.tsv,cv-corpus-26.0-2026-06-12/ca/clips/common_voice_ca_31318866.mp3
cf9e531fd1b8412ab463a3a549151b04ee7686b7489a6400a5aa5d26cd4928f83b7bb6ae7485fd9d38aa26b7e9a9b459a294fab56dd5338ff2e0188a253a3116,common_voice_ca_38993303.mp3,c8bb974e1f7b6fea9ac6c7d8308eb2f8b91c19f5158e3143e7903af41825c18c,"Quan siguis al molí, tira a l'esquerra.",,2,0,,,,Nord-Occidental,ca,,northwestern,common_voice_26_ca,train.tsv,cv-corpus-26.0-2026-06-12/ca/clips/common_voice_ca_38993303.mp3
60f7955fc2f4217f6713848d6f6490013f6a85c9b0615a47b99d538ae111c310e5970c1b1ce18fd40a230fe0452f0a462576659df246435d856cc4d1df500d4c,common_voice_ca_31795953.mp3,1de0f22339ac9eb5017428cd061bba1ae0889f0b831264cd3c6a28d37ccd4913,Divendres na Thaís irà a Benifallet.,,2,0,,,Lleidatà,,ca,,northwestern,common_voice_26_ca,train.tsv,cv-corpus-26.0-2026-06-12/ca/clips/common_voice_ca_31795953.mp3
c536f3b58305c481143610b22734bb81507648bae40b011730fdc9026431887747ab4aead8a1726e35ce61258ecff0d92dc757d75e1368bf89c7167e72985e9e,common_voice_ca_37590615.mp3,32ce33d6cdad20b872ec0ec00b5ec1bccccffe65f7aa6fcda47895d6b70fade1,"Surta o no surta, travessia curta.",,2,0,fourties,male_masculine,valencià,,ca,,valencian,common_voice_26_ca,train.tsv,cv-corpus-26.0-2026-06-12/ca/clips/common_voice_ca_37590615.mp3
e007e715f4f01ed91e12fe6ff78457f699c2cd23838e47bff363f25f88da667dac6f15d1c0b74e67f882728bbd5a572f84f18e848b6c2e09a6981d9166bc175f,common_voice_ca_34047921.mp3,33b7ab228eb52fc439b48aa56b2b48097074ef88343af3c48bccf8151f483570,"Guarda el sis, quaranta, vint-i-set, cinquanta-dos, cinquanta com a telèfon del Lian Vivero.",,2,1,,,,Balear,ca,,balearic,common_voice_26_ca,train.tsv,cv-corpus-26.0-2026-06-12/ca/clips/common_voice_ca_34047921.mp3
e59ec9d6d0874dc4ccf7f8b6a840167e2b462b860c79cd541582a38112bbb3a04e9b123c280ce03a89a17be85d50889e61f6a3d22a9d2f6937b33b4db55173f4,common_voice_ca_24680759.mp3,dce0db6eeb8987843ad3bb07cd3b85291fa6db7c853ce32c0e9ce7da4bbb48c2,De petit no pensava pas ser actor.,,3,0,,,,Balear,ca,,balearic,common_voice_26_ca,train.tsv,cv-corpus-26.0-2026-06-12/ca/clips/common_voice_ca_24680759.mp3
7eade9870a341f0d9a0106e0f0017a1e33658b1e0c900fbb7df15cc953ff9384a0858e8943fa412e668e0a3600bfa709b60d82fe37bfe792b10a9f1c1d31667d,common_voice_ca_31318868.mp3,06e40b3f36d272d1c9f3b206ffc5512790ab5f972aafab912192e81544c23919,Posteriorment esdevindria el director de la fàbrica.,,2,0,,,,Septentrional,ca,,northern,common_voice_26_ca,train.tsv,cv-corpus-26.0-2026-06-12/ca/clips/common_voice_ca_31318868.mp3
6b4287c9eb8e7e9f84cec31d1c3bcf425639abea050b2605fc0b941de15907254cfa1d001edadadbf506a74d90871ebb488073d2e89d4acc3e542f0d5fd4616c,common_voice_ca_31397740.mp3,14bc44f5467ad719464e58e2c510e0f35885ef82de0be0ef989ded1795e9c028,Els presidents d'aquests comitès nacionals pertanyen a la Junta principal.,,2,0,thirties,female_feminine,,Nord-Occidental,ca,,northwestern,common_voice_26_ca,train.tsv,cv-corpus-26.0-2026-06-12/ca/clips/common_voice_ca_31397740.mp3
5f97d8f65a3e3666ea465030b24201882aa89fd967feadc60cd67e642cb95f868a74d9ccc8af9ed14de64ca4972c162e58a679ec99b1cc88344af1b09e49e01f,common_voice_ca_37071976.mp3,68948141352b975351cf78db09b3e8bb3ce1b9de24da3cdb89f58596d14c076f,"""Going to the Getty"" va guanyar el premi d'il·lustració de l'Art Directors Club.",,3,0,fifties,male_masculine,,Central,ca,,central,common_voice_26_ca,train.tsv,cv-corpus-26.0-2026-06-12/ca/clips/common_voice_ca_37071976.mp3
4441f076bc285bcf9707f316882f34c24c0d7d57c525833d8097c1c0bba0d2b43b7e45437841d5839c3f2cb2bb7da6512c0678889accdda6f6c4f103c94738df,common_voice_ca_32306930.mp3,c3bd5f0976df1ec68538588e23383b4f19b6d251b6129e1061db1195b7646898,Dilluns n'Hug va a Cabanabona.,,3,0,fourties,female_feminine,,Septentrional,ca,,northern,common_voice_26_ca,train.tsv,cv-corpus-26.0-2026-06-12/ca/clips/common_voice_ca_32306930.mp3
6c8e83efd1b46f8af144f096bb0affa570e3f2936d62f0568506b2ab357a55e48018e4a24ed94a9110e3eeac6785364e74cfd0ff8e71945908bc2f89b774b563,common_voice_ca_37778702.mp3,7fe7648221cc207d8d4a9eb4390b48ec3d9e07bd15410e5f274560ccfe9bf4d1,Demà passat en Juli irà a la platja.,,2,0,fifties,male_masculine,,Central,ca,,central,common_voice_26_ca,train.tsv,cv-corpus-26.0-2026-06-12/ca/clips/common_voice_ca_37778702.mp3
c1127909ae303e740378497a8e3f1ce7b2918c98222f2cabf71281a3972f8cf74ca2067273ec3d8292db734b3f7fd482dbceb404510eac5fa6c4bdd08d1ca01b,common_voice_ca_30896177.mp3,a87c8ad010d0cfcfddf451e01835fa78997258cb5facc6075f2fa960d2e0ee2f,"Així, Txecoslovàquia havia perdut totes les seves terres frontereres fortificades deixant-la indefensable.",,3,0,,,,Nord-Occidental,ca,,northwestern,common_voice_26_ca,train.tsv,cv-corpus-26.0-2026-06-12/ca/clips/common_voice_ca_30896177.mp3
b15280ab1cd085208970d2471b15bb5718d3df6f1f737edaaa89374960fc00681edc55c14bf837ba1b66eef022dc1d004aafce32391f9cc296716c28d07980a8,common_voice_ca_38844803.mp3,c4abda326bf8c9140c1ca7e942667ba61d51911a236def92e2d32467b3814255,"El meu pare es diu Aria Saa: essa, a, a.",,2,0,,,,Septentrional,ca,,northern,common_voice_26_ca,train.tsv,cv-corpus-26.0-2026-06-12/ca/clips/common_voice_ca_38844803.mp3
f03485e5b50b1dd19b420017940c7c6300f3104ef2dbf97bf3f413ad339df91d21ddfcecb3360bcf50a3130f8ca8d661995bb856c0d3b65a524e964d1914c2cd,common_voice_ca_37560970.mp3,dfda5b3d39f0e83f6fc4155a9670dcbcaccab93fd37dd09a8c68c5c84600463f,Torneig de futbol jove i festa de l'escuma.,,2,1,,,,Balear,ca,,balearic,common_voice_26_ca,train.tsv,cv-corpus-26.0-2026-06-12/ca/clips/common_voice_ca_37560970.mp3
4d2c8a9f25d2db18368831eae4c6c4ea3d493707b9365edcb20b1519bf30635a627edbdfeb041cbbdfdaaeca1f0fb31e0a47713e3457131494c4888e32a697d4,common_voice_ca_34349156.mp3,36ff4696c24c3f8d2cc167c0b6dea0e8d5b76f6d22bc6f9aed2965d0abcf531b,"Això inclou totes les sondes espacials, satèl·lits i naus espacials robòtiques i missions.",,2,0,,,,Balear,ca,,balearic,common_voice_26_ca,train.tsv,cv-corpus-26.0-2026-06-12/ca/clips/common_voice_ca_34349156.mp3
31535cb2ece4710d08fdbeefb6f8f75ed093fee4cf8573bd601d960f8c6156f0fd0a85712761691e86e31160b993ee0eacb10c4c8aed000cc394cf7c7d207a7e,common_voice_ca_20085481.mp3,1bb294be15255220daf6444fcc078eceecc62364eb733948cc1378f7d9244b25,A partir d'aleshores va modelar el seu estil segons els patrons dels nous coneixements adquirits.,,3,0,fifties,female_feminine,,Nord-Occidental,ca,,northwestern,common_voice_26_ca,train.tsv,cv-corpus-26.0-2026-06-12/ca/clips/common_voice_ca_20085481.mp3
509eaec425ffefddc79703e5f4e6f88812bee9cc5b723dd6516018852b3c3c96548204025d1a1552fc6ef3e535e1efe7baaae53cabb3262e531ddd487d97e72f,common_voice_ca_37632942.mp3,787c7a8253514c5e4426914d5d1e3d9d8704a2b7b8fef284ea7b24a5f1eebdd3,Quina taula trobem al Museu Diocesà de Tarragona?,,2,0,,,valencià,,ca,,valencian,common_voice_26_ca,train.tsv,cv-corpus-26.0-2026-06-12/ca/clips/common_voice_ca_37632942.mp3
04b7d9f9b93bdefc1177d1f6cf2e51a78bfe741f356035dbb77d1ed46134a8c6534507d4ccf8ebb4e40263655167aecabe6a8c20ffb12fd82559031fc01d6a50,common_voice_ca_31438645.mp3,1b31448229e15217df1f0050c628efeee6514050c99be04428dda681a45680fe,Diferents branques publiquen les seves revistes i diaris.,,2,0,,,,Septentrional,ca,,northern,common_voice_26_ca,train.tsv,cv-corpus-26.0-2026-06-12/ca/clips/common_voice_ca_31438645.mp3
68eb1f2c559fced575a78518ab0b267a60f1877dbe6d27410d56a1d8b178f1d16e428e59044ccc5aec49404a487c82ff27d848a06453ebdb52b24222513ba302,common_voice_ca_21348285.mp3,4d724bf33f637509573581eb6f455b2a261c4a9cb7c3f77918b3b6a86add572e,El sistema limfàtic és el segon sistema de circulació de l'organisme.,,3,0,fourties,male_masculine,,Balear,ca,,balearic,common_voice_26_ca,train.tsv,cv-corpus-26.0-2026-06-12/ca/clips/common_voice_ca_21348285.mp3
b5f14b49e6a15fb28af1d909b7bb3390dd5ad064d244120bdc4392701b3ac09fcf1b03f638843871d31222c921246248f3581f45d805df5765d33c788a748a40,common_voice_ca_30816386.mp3,8c03538ddbb9db06604c5d91418cd7b97dff119cc145bb95dedec0926427ca0d,El van titllar injustament de migrant econòmic.,,2,1,sixties,male_masculine,,Septentrional,ca,,northern,common_voice_26_ca,train.tsv,cv-corpus-26.0-2026-06-12/ca/clips/common_voice_ca_30816386.mp3
c30baab0f45d64158eceb94662862189a34f385abac72c907099d6e5aad093ade707de758214d4061ce58cbadadbf8f7dca14103772ca05dac2e8fb24a8fd161,common_voice_ca_36826466.mp3,5c8e19fa572ecbf0114089d1123fbe1b875486db63abb16dbacbaf39d4108adb,El vint-i-nou de febrer en Josep anirà a la biblioteca.,,2,0,,,,Balear,ca,,balearic,common_voice_26_ca,train.tsv,cv-corpus-26.0-2026-06-12/ca/clips/common_voice_ca_36826466.mp3
80e4dd97bf491ce96d95b1cd7d8a7fb5e9f3274500d9c75ebb36a6518062361baea99c949bbeb70d0110bdbc971079e3ac03e900870433d13c43d52df3a6baab,common_voice_ca_36821202.mp3,5c02dca723b753b5dad6998398a06f1100ebd2047ab8e61325d185e7632f96e4,Doncs ja no vull res més.,,2,0,,,,Nord-Occidental,ca,,northwestern,common_voice_26_ca,train.tsv,cv-corpus-26.0-2026-06-12/ca/clips/common_voice_ca_36821202.mp3
6e0bde610f238b674017fa7320fa8095a2323a8b0e11bf837c522e9a8c1d0563570a181bcc17c1cdc5d0f6ffdc15d2487f927cec71116aec5ebca5cc8b87929a,common_voice_ca_37564289.mp3,e60ceaee6c3f1e2b6f21f4fa3502178e02b7b94172bf0bcaadcc3b284bb3fedc,Ja hi firmaria!,,2,0,,,"Mallorquí, Son Servera",Balear,ca,,balearic,common_voice_26_ca,train.tsv,cv-corpus-26.0-2026-06-12/ca/clips/common_voice_ca_37564289.mp3
6df06b1d6117b1191647118223c2f54ae0d9b673418e24e3928c8dba76eef9adaf7be82ea7e0c5a5d7a91eab6eda863f8e42761b438b78fdd6e8c32ee044d4e6,common_voice_ca_32456727.mp3,fb0fbbefb9e6727712baf8202bfe4cc091383749d63e89309a2c11a8626bd41f,Per Cap d'Any na Rosó i en Ferran van a Olocau.,,3,0,twenties,male_masculine,,Nord-Occidental,ca,,northwestern,common_voice_26_ca,train.tsv,cv-corpus-26.0-2026-06-12/ca/clips/common_voice_ca_32456727.mp3
8e24859776a236f7d9d5ed1c787e65afb65973928eac4ff7b523d61e2e7f0a35b2b9be28643d33117b2be05ee59d1d5d089b35caae170f6c107893e2f5af8f15,common_voice_ca_37633873.mp3,78ba0796307ce6fb84274471dec64c469326783533144e0a50fbbeabbc394b6b,"Cercavila de Sant Jordi, venda de roses i llibres.",,4,0,,,,Septentrional,ca,,northern,common_voice_26_ca,train.tsv,cv-corpus-26.0-2026-06-12/ca/clips/common_voice_ca_37633873.mp3
09a064b4c3b1d83c5944465de4ba90adc551db5ac1ad466e443435a20c8e82e8ebbeb296753f6ea5d319398197a36244ce5630704d14714d00f862b76fca1e13,common_voice_ca_36846946.mp3,5db8afce388b19b9792a4ea52fa14d8bb78f34890fca7eba966f0c06603f4ec0,"Mireu-lo, més feliç que un anís.",,2,1,,,,Balear,ca,,balearic,common_voice_26_ca,train.tsv,cv-corpus-26.0-2026-06-12/ca/clips/common_voice_ca_36846946.mp3
6e3a1eee9a9a1bb77df022a5c8371e2284082b4d7c8e3712843fd217fee7bb980f6bc944830b8853056c76b40982371c00e8cb7dee1bccc0973b461c4ccb7ec1,common_voice_ca_37636920.mp3,791a68a6ee65c194c8ffc1637944b3e921282b1fa508ae75305b22a47710f801,Va ser alumne de l'Escola Pia de Sant Antoni de Barcelona.,,2,0,,,,Septentrional,ca,,northern,common_voice_26_ca,train.tsv,cv-corpus-26.0-2026-06-12/ca/clips/common_voice_ca_37636920.mp3
9dc2eb68e919107399b44bdebc316f261dc232dd36112c12096fc8e4c4f98a38d6b6ba93eec025262a2c9b07789be6587a217fb8e95a9cab89b8efb61bbff8c0,common_voice_ca_37569327.mp3,f204b219360a2aca9480f5158f5096dab656569bbf558b7681e82b3baa256a08,"A Alaró, lladre o traïdor.",,2,0,,,,Balear,ca,,balearic,common_voice_26_ca,train.tsv,cv-corpus-26.0-2026-06-12/ca/clips/common_voice_ca_37569327.mp3
f054e49b9ac18d489188d00c6af8301b0c11e12434699689ac389d07e124af149b6d015b6d131d30a5fbe57a2d90ad520435204b4f26bb59eaa322be5203e8b0,common_voice_ca_33504930.mp3,231d6173a40b2aa9ebb19f084b3e2e705a564803b52fb30fa59be7ebcf79d17e,"Avui més que mai, em sento hereu d'una tradició que alguns han oblidat.",,4,0,,,,Balear,ca,,balearic,common_voice_26_ca,train.tsv,cv-corpus-26.0-2026-06-12/ca/clips/common_voice_ca_33504930.mp3
b289042e049810e9cd0bf2294bb591b124ddf0427c3d23f65fe2166a42cf0594299239d247e76f9399965bf93226228520ffdc624ec528438584b73ede50994a,common_voice_ca_40006033.mp3,d94e997f3038e8e74ab9cd9ba22b68a13f8ae7a053c154db2d699a44c2b64c79,Quin dia va néixer?,,4,0,,,valencià,Valencià septentrional,ca,,valencian,common_voice_26_ca,train.tsv,cv-corpus-26.0-2026-06-12/ca/clips/common_voice_ca_40006033.mp3
cc044cbd66343acb7e4da20c0ee891c7723aa2a8a499515b6b9beec39d02072ee1378e017d134fc25067fa93bf6dce4ec5f5b135a6694ef14dccc8835f46d45d,common_voice_ca_31916097.mp3,46cd212b06732cfd50a3e04df92ad4a72c6a865da8fce3c275c5c92283fdf542,El país veí també comptaria amb una nodrida representació.,,3,1,sixties,male_masculine,,Central,ca,,central,common_voice_26_ca,train.tsv,cv-corpus-26.0-2026-06-12/ca/clips/common_voice_ca_31916097.mp3
6c8e83efd1b46f8af144f096bb0affa570e3f2936d62f0568506b2ab357a55e48018e4a24ed94a9110e3eeac6785364e74cfd0ff8e71945908bc2f89b774b563,common_voice_ca_37627672.mp3,77ee194a7da866df64e968690ff5ab2e4c3cefb53136f81eded9d2e2b0009bad,"Mentrestant, el piulet amb la portada ha tingut un gran impacte a la xarxa.",,2,0,fifties,male_masculine,,Central,ca,,central,common_voice_26_ca,train.tsv,cv-corpus-26.0-2026-06-12/ca/clips/common_voice_ca_37627672.mp3
56c45f3884d73543ed6443d6eda60ba1c20483ee159da2ce6723e256e09d46b9c91d499f2a986de242659676a636cb4d49a05f97ffc51f98c22aaa67492c7fb3,common_voice_ca_20505574.mp3,2ff27caab59c021fc6bbcce251be7ad6df710b273de32ab722e3ab8fb4f20341,També és conegut simplement amb el nom de Centre Europeu.,,3,0,fifties,male_masculine,,Nord-Occidental,ca,,northwestern,common_voice_26_ca,train.tsv,cv-corpus-26.0-2026-06-12/ca/clips/common_voice_ca_20505574.mp3
a24f7106f538a7351ebbb651768bf64bf745939685233f0dd885e9480d19e464a3d5a11d404389d60caa16664506dca882e0f4ecdbbd914b637fa6ba1f44f838,common_voice_ca_37210671.mp3,6d6753600048853c7e8b5da585cc0f92208cfd545849ad59fcf6f703d6e37a01,"S'expressava amb elegància i força, però no era molt bon orador.",,2,0,,,,Nord-Occidental,ca,,northwestern,common_voice_26_ca,train.tsv,cv-corpus-26.0-2026-06-12/ca/clips/common_voice_ca_37210671.mp3
a8264dd930d1b0b3cedb8ad09a5948f6ebbac873d0017cde0712f25af6db5897db89a352454da9f31f15d51809b987819871860f9df906ab76fc230f8c980bf1,common_voice_ca_34201154.mp3,3560ea7a385292d9ba6037b792404f0b9025d736552d4e565dca7c2c2f672dda,El seu nom és Barry Baldwin.,,4,0,,,Mallorquí de Palma,Balear,ca,,balearic,common_voice_26_ca,train.tsv,cv-corpus-26.0-2026-06-12/ca/clips/common_voice_ca_34201154.mp3
e923bc62a2f8eb6dea618c7fd46a74ff7f42a592ccba2c936c2d38a50d443bb015e35fea1bab4b5a2e79b41fd6d2ea5ba3eaaa918f234e548da200688ec69016,common_voice_ca_37602948.mp3,5a278d5adb3c5165f89ac8f0702c2f9a3093d9135001de9ccd9ead467861b70c,"Peix d'art, tothom hi té part.",,2,0,,,,Nord-Occidental,ca,,northwestern,common_voice_26_ca,train.tsv,cv-corpus-26.0-2026-06-12/ca/clips/common_voice_ca_37602948.mp3
6e318308ca39e8509c74441040e4565693b3d39b5889e5132e9c96ddf1d0a183ecd20daa151ade158fcedff11b8ad421ea0d5b7c16fff6202e100518f7f826ff,common_voice_ca_38670828.mp3,be798a1119aa0439022ae95cb5ec1d151f6ce8d880045e753ea8a4efbec96677,Qui viu al carrer de Montcada número quaranta-set?,,2,0,fourties,male_masculine,,Septentrional,ca,,northern,common_voice_26_ca,train.tsv,cv-corpus-26.0-2026-06-12/ca/clips/common_voice_ca_38670828.mp3
4946e08edb1db30f98f4ed1cee7f597fd91fad3115e77d63c6fa2b1feaedad8809305dac450f9aa9dcfd11df34ac100a533488c06b020cf567c4c42ffc1572ff,common_voice_ca_33364127.mp3,c8596aa9441cd9b99b11cae6b89d4e464d4de8ce67a417c0a74296041f2a22d4,"A més, les taules podran ser d’un màxim de deu persones.",,3,0,thirties,female_feminine,,Central,ca,,central,common_voice_26_ca,train.tsv,cv-corpus-26.0-2026-06-12/ca/clips/common_voice_ca_33364127.mp3
4fc86c8b4067c3bc7081290a4339e2599b24a8d27c8dc634f622a70c4cd321b2074c9696c1a85217a9811c8e49bc3612a2d682eec12958e60eeeb347421d4b18,common_voice_ca_37903950.mp3,8ab847d2cd42e91c0464b629e601083c59276587746d295fdbd1b29c9796f71e,"Trobada de gegants, presidits per la Guillermina i l'Arnau.",,2,0,,,mallorquí,,ca,,balearic,common_voice_26_ca,train.tsv,cv-corpus-26.0-2026-06-12/ca/clips/common_voice_ca_37903950.mp3
d9770fe2b1596832e93ff1c30eff6da2b414d79896be232ac0faa4da55cea015af6bb785aad54f3216662a1978c577919b907143fdee82130a604a256fde07a2,common_voice_ca_38828525.mp3,c4621800aa8d6674ca119d1dc08e0a8dc22d7f00007173bd65b100530755ab44,Que s'obrin ara mateix!,,4,0,fifties,male_masculine,valencià,Valencià meridional,ca,,valencian,common_voice_26_ca,train.tsv,cv-corpus-26.0-2026-06-12/ca/clips/common_voice_ca_38828525.mp3
49879eb3db69979eff957258d63e98e9b693fced526a2b9ad68395eb691defb1bb352b5416f4328f67534a7962fe0364c4af8db411be29114a159f4e18bf97c7,common_voice_ca_37567991.mp3,ef182df759db929dab9a021ffad9f87e228874bcb7a57ca292d0f6fde41e49ab,Els de Gandia són pixavins.,,2,0,,,,Balear,ca,,balearic,common_voice_26_ca,train.tsv,cv-corpus-26.0-2026-06-12/ca/clips/common_voice_ca_37567991.mp3
583278de14e1d78babd36b2768421d58d3b2a2a79f014e7b3d98f4b4a11c7a266dedbc7019af6d8c6a8068ce0aaeb5d822f02ef7756fb052675b2d92b4143cdd,common_voice_ca_33434201.mp3,ee2982dc687f565aa8cf7c6a6e1a17560cdacf922eb66a51362779e42bf77aff,Ara no parlem d’això.,,3,0,thirties,female_feminine,,Balear,ca,,balearic,common_voice_26_ca,train.tsv,cv-corpus-26.0-2026-06-12/ca/clips/common_voice_ca_33434201.mp3
47f8103afd0ce54ca8f1ac40a871c76c6908af6037b4a37c2087db2a1a3b72d1255b721e388eb308f39f6826e7e6a0e658cf318b7fcc16b87a6e99b5018379ee,common_voice_ca_30862481.mp3,9c589e032fe7b97f41935e01297374ec35e1bdfe7394950456a65dd0a74c272d,La pel·lícula va guanyar cinc guardons Ariel.,,4,0,,,,Nord-Occidental,ca,,northwestern,common_voice_26_ca,train.tsv,cv-corpus-26.0-2026-06-12/ca/clips/common_voice_ca_30862481.mp3
b643ab389c91de1a78a289cf13d0ad1b83ef91237f0e4788b04ab493ee8fa17033a947573fdf7baf8cf6ff046906cded77a7be0927721496eecc9707aed3ad35,common_voice_ca_31312267.mp3,061b8d938c45952444e29569ea1434712002278c1effa0666dbeb555fa08b1a5,"És a dir, aquests processos no són reversibles i l'entropia s'incrementa durant els dos processos.",,2,0,,,,Nord-Occidental,ca,,northwestern,common_voice_26_ca,train.tsv,cv-corpus-26.0-2026-06-12/ca/clips/common_voice_ca_31312267.mp3
5c25fdf0e86f1fa2bb40c2027c7c51eade651fb97256bc8e3d5b3095788c186cc451b08531943b02c0cf9ebcded6a574de31b9420aa8b92abe9153705dda7e8b,common_voice_ca_24686168.mp3,ddc37320a21e5e966dac793834c0b80ed784c239d19671e5b593d922193a3137,"El travessa el riu Indus, que neix al veí Tibet.",,3,0,thirties,male_masculine,,Nord-Occidental,ca,,northwestern,common_voice_26_ca,train.tsv,cv-corpus-26.0-2026-06-12/ca/clips/common_voice_ca_24686168.mp3
d647b73602a3a0c1b06f282a612c29eefc6a7e372bc8af212a41f481843c23a975b41ca402f06ecb7dc660d4dd22a814f7659b48da7dfd28c02a319032394da1,common_voice_ca_19645246.mp3,0d7e797560c3cba841bbfbe7118b0528ebc49dfebc32c9bb208589180bbde499,"Està amenaçat per la desforestació, la fragmentació del seu medi i l'expansió de l'agricultura.",,3,0,thirties,male_masculine,valencià,,ca,,valencian,common_voice_26_ca,train.tsv,cv-corpus-26.0-2026-06-12/ca/clips/common_voice_ca_19645246.mp3
595d8759551d105915fd5579f0745dc5ac5081830e767eb7ae1227d57adf348b5eba17ca618717e97278c5441043f4e3b72c98b46c0e001d31ed70edcbf1551c,common_voice_ca_30696466.mp3,2741b637c36fe63c1ecea0b7c1c3e599f6b1afbf5bd6f052ade76abfe5b1d83c,A Almiserà hi anem diumenge.,,4,0,fourties,male_masculine,valencià,,ca,,valencian,common_voice_26_ca,train.tsv,cv-corpus-26.0-2026-06-12/ca/clips/common_voice_ca_30696466.mp3
1610e29603954ee12f408eaeb83a5c99781b5efe5f64fdf2e3c5e0ba9756b5b11bfeefda40a787842f7d5da653135043e3f43e7f786499cb51ad6181ef8acc9d,common_voice_ca_21290259.mp3,481f93af6320784149a8f519f3549814f6ee2e926ff394145878cf3386a4c7e4,En bioquímica se'l considera un àcid gras de cadena llarga.,,3,0,thirties,male_masculine,,Balear,ca,,balearic,common_voice_26_ca,train.tsv,cv-corpus-26.0-2026-06-12/ca/clips/common_voice_ca_21290259.mp3
6e318308ca39e8509c74441040e4565693b3d39b5889e5132e9c96ddf1d0a183ecd20daa151ade158fcedff11b8ad421ea0d5b7c16fff6202e100518f7f826ff,common_voice_ca_38670831.mp3,be7b239565ac71a88c9b4eb0694e49abc8bef08df12a71c3e77c3f4af8900bdb,El Politburó és el centre del poder polític del Partit.,,2,1,fourties,male_masculine,,Septentrional,ca,,northern,common_voice_26_ca,train.tsv,cv-corpus-26.0-2026-06-12/ca/clips/common_voice_ca_38670831.mp3
47f8103afd0ce54ca8f1ac40a871c76c6908af6037b4a37c2087db2a1a3b72d1255b721e388eb308f39f6826e7e6a0e658cf318b7fcc16b87a6e99b5018379ee,common_voice_ca_30862483.mp3,9c65383eee1c34faf180d71f763bee14ce7b9c72b1d55a6d8eb113b3494a0ba6,Fa uns anys es va recuperar la Festa Major petita de Vacarisses.,,2,0,,,,Nord-Occidental,ca,,northwestern,common_voice_26_ca,train.tsv,cv-corpus-26.0-2026-06-12/ca/clips/common_voice_ca_30862483.mp3
e51f1d569be21b5623e8e7d070c980640191077c83591856f9b176ddcf4ce3e39cdd27fb26e74c36965a6a6bcc2f0c1a80503f5f6e7b7c969c5f0c8516a45c3b,common_voice_ca_31521228.mp3,255fc86acd644322d1c0430e2305720b7cc1cad6834218076ea0bee65a3108e9,"Efectivament, es va fer un cobrament per duplicat.",,4,0,,,valencià,,ca,,valencian,common_voice_26_ca,train.tsv,cv-corpus-26.0-2026-06-12/ca/clips/common_voice_ca_31521228.mp3
b15280ab1cd085208970d2471b15bb5718d3df6f1f737edaaa89374960fc00681edc55c14bf837ba1b66eef022dc1d004aafce32391f9cc296716c28d07980a8,common_voice_ca_38846258.mp3,c4ae9babc2089262ee4bca3e76d1db8e64eab2c9258f423d83b822572385acf2,"És un edifici de quatre altures, planta baixa i tres pisos.",,2,0,,,,Septentrional,ca,,northern,common_voice_26_ca,train.tsv,cv-corpus-26.0-2026-06-12/ca/clips/common_voice_ca_38846258.mp3
2b7f00bec847a8eaf6799ce7852ccae8c23d55cfe4db8ab4629d4e55358c111fd5ad3e608f290f21782009adec78485dbc8ba9699d5c39385869d792f593e4ff,common_voice_ca_36808451.mp3,5b5c0042778aa58d1e7bc918d087ab61c9f1f04a13efc337cf8e1d71a02a6b0f,La torxa era també un símbol usat pel Partit Conservador Britànic.,,4,2,fifties,female_feminine,central,Central,ca,,central,common_voice_26_ca,train.tsv,cv-corpus-26.0-2026-06-12/ca/clips/common_voice_ca_36808451.mp3
35d47ae14ea5478f3fb4daec30f1b785f0e8dcc117d1a8fae17ac41c1f1da58040c2f0e568d678bead1c1005fd9d0ecd86f5f308f58e18870334ef2d87399dd2,common_voice_ca_37848654.mp3,85f3e7dc4156989006e83a69c577ba413ffb3c014c6f7a5bc323224012b1203b,El South Medford com el North Medford High School comparteixen l'estadi de futbol.,,2,0,,,,Balear,ca,,balearic,common_voice_26_ca,train.tsv,cv-corpus-26.0-2026-06-12/ca/clips/common_voice_ca_37848654.mp3
05defde387b21105cd91803c9ef30f882788aad00e9ebdbe3718247bc1bce53259bdbf99873b104f56d7e3660d74982fd75dc06002d5e83c1ca901a548a5d033,common_voice_ca_19042836.mp3,53641436e7cbf0fe813c8842a7d5be689c1ab15aca5abdfde43cfa5c07f7b835,"El Pare Noel passà de llarg, és a dir, de buit.",,2,0,thirties,male_masculine,valencià,,ca,,valencian,common_voice_26_ca,train.tsv,cv-corpus-26.0-2026-06-12/ca/clips/common_voice_ca_19042836.mp3
1610e29603954ee12f408eaeb83a5c99781b5efe5f64fdf2e3c5e0ba9756b5b11bfeefda40a787842f7d5da653135043e3f43e7f786499cb51ad6181ef8acc9d,common_voice_ca_21274281.mp3,45d040f76d59a7c510480b81fa3ca058a129d4bd2cba3134dc461c9738d421af,No han estat identificats.,,3,0,thirties,male_masculine,,Balear,ca,,balearic,common_voice_26_ca,train.tsv,cv-corpus-26.0-2026-06-12/ca/clips/common_voice_ca_21274281.mp3
63797be6a30d231fed952ba971400a7bee2b72015301d42cdd90b0df30c15da878d9d760a044e6c8a4ab35ddcacfb4247481b3ac45a9d1ce1737a2358c7fa93e,common_voice_ca_37414870.mp3,75fe7a8ab5c0e481223513abcc3475b5970b5cc5ef012f971464cb3e635da7a5,La tradició popular parla del possible origen romà de la torre.,,2,0,,,,Septentrional,ca,,northern,common_voice_26_ca,train.tsv,cv-corpus-26.0-2026-06-12/ca/clips/common_voice_ca_37414870.mp3
35c495872d387015eebf1ee53d7237625fd7de7ecb9eedb1accf9bec88d438250bb521c676ad7cc710671ca8c30be16cc4d07ff3bf330b5b990bf968956534a1,common_voice_ca_31099842.mp3,ead82f565d78e543b3f7a7f921043e20ce7ed12cf5d813bb0d4080fd404f6c71,El criteri d'inclusió a la guia difereix segons països i ciutats.,,4,0,,,,Central,ca,,central,common_voice_26_ca,train.tsv,cv-corpus-26.0-2026-06-12/ca/clips/common_voice_ca_31099842.mp3
3449d56106b37bb27ccceb1ce5b668c40eeaa4e90d389e03f0b1ba3098b2a6159298cd57279140223b8d5969b8e6394be7e497e67a9ac29cdd299152bfcaf17f,common_voice_ca_38153541.mp3,9c3f37a19570ffd43b59cd68b09757d5ea0a168802fd9356be50b3a3e5cf5f59,Es troba en territori de la vila de Guàrdia de Noguera.,,6,0,thirties,male_masculine,"balear|aprenent (recent, des del castellà)",Balear,ca,,balearic,common_voice_26_ca,train.tsv,cv-corpus-26.0-2026-06-12/ca/clips/common_voice_ca_38153541.mp3
a561cada5ed9410d83cfe1164da0e85238edf6d06df32e81f104e821f9fad4d3841378e73bd255d2d46dc0e24e0d7b0d377f580051206e164e2a971fff80a943,common_voice_ca_37612268.mp3,715bacc0b2f85f3af11e69046aef8c713ff20196f75741866cd95fa3b325706d,Pèl per pèl.,,2,0,,,,Nord-Occidental,ca,,northwestern,common_voice_26_ca,train.tsv,cv-corpus-26.0-2026-06-12/ca/clips/common_voice_ca_37612268.mp3
3ad283f5467cf67e609e8c7510aa17e4ea70232849d52b21f9b64e7b5b751713974fd97eb1c566e611bdc671fcaaabfbc9e8a2667b7e9bb0692d0fbf92c2abfb,common_voice_ca_20520613.mp3,30702cd982c0d1b2d8aeaa171a2cc76ab36eb76ce4bd55234994f97f5fd8194f,Sant Alexandre i Sant Vicent.,,2,0,fifties,female_feminine,Empordanès,Nord-Occidental,ca,,northwestern,common_voice_26_ca,train.tsv,cv-corpus-26.0-2026-06-12/ca/clips/common_voice_ca_20520613.mp3
91f88f43f58cfab40476d5cf53fd90071a136bd7cb6600bfafa6c3c617ab78750c0de3f341d8c68e8de7767930a2417e36ff8efc17c21074a6637769e07f624a,common_voice_ca_33388177.mp3,d3b45b4999b98f9c48b84e3ff379217bcc55654514ba7bd7e6673b88207c36e1,"Sense ells, hauria estat impossible.",,4,0,,,,Balear,ca,,balearic,common_voice_26_ca,train.tsv,cv-corpus-26.0-2026-06-12/ca/clips/common_voice_ca_33388177.mp3
f33dfff706b6ca4bb4225d8d462a5a8df8a39177bebc71fe3b1b967557223f7608989d6a8c2992bcb4a36c846e977fa379425753b880690ae2120e888bbb01b2,common_voice_ca_30840726.mp3,94d9911f62a2400ef1810c65d84b0bf47d6fb32e82fe7d6ab00b2c5931154a2d,No sé on cau Santa Eulària des Riu.,,4,0,,,,Septentrional,ca,,northern,common_voice_26_ca,train.tsv,cv-corpus-26.0-2026-06-12/ca/clips/common_voice_ca_30840726.mp3
4eb53b5e305922d10190a90d4785be6906bf83a72a9d38edcbb4b4f72a9a2aebfca4ea0753eac69e68ee4b555c072d1eee5dcfd209c4abf619102265ba914c9f,common_voice_ca_33901638.mp3,31acaab4ac8482a5ec1760ba455fb5ad6571e45a03e01146c3772b8e6c117697,El vint-i-nou de febrer en Pep i en Josep iran a Berga.,,3,0,,,,Balear,ca,,balearic,common_voice_26_ca,train.tsv,cv-corpus-26.0-2026-06-12/ca/clips/common_voice_ca_33901638.mp3
5b46c8527a8bf6552f46e67db8adcdea78db4bc2afbcb679edc1349da4faccfe29d5a935893cfeec75fb65ebbde88131367b90424eada44ef21d9cc7a11af9b7,common_voice_ca_37808155.mp3,8233b8be4792486cbc7b167643d1f7a403dee32c07cddce5282d9bdec5e2534d,"Guarda el sis, noranta-tres, cinquanta-cinc, setanta-cinc, cinquanta-cinc com a telèfon del Gianluca Solsona.",,6,0,,,mallorquí|Santa Margalidà,Balear,ca,,balearic,common_voice_26_ca,train.tsv,cv-corpus-26.0-2026-06-12/ca/clips/common_voice_ca_37808155.mp3
897c3401b4a35d8fad5966bf8c4dce6d94837c76e46e8131a8bd70527f6e1d8c9f59053d0a56425d7dee71939280ac3c38df14e976f613cb906d7187d6141297,common_voice_ca_23521694.mp3,a2070b686ed9b601bb171a13b03352608e6973fb326cf00cfcec8a022da331b8,"Ell i els seus deixebles compongueren sermons, traduïren la Bíblia i els himnes, i predicaren.",,2,0,seventies,male_masculine,,Central,ca,,central,common_voice_26_ca,train.tsv,cv-corpus-26.0-2026-06-12/ca/clips/common_voice_ca_23521694.mp3
35c495872d387015eebf1ee53d7237625fd7de7ecb9eedb1accf9bec88d438250bb521c676ad7cc710671ca8c30be16cc4d07ff3bf330b5b990bf968956534a1,common_voice_ca_31099844.mp3,eacc6fd87953ff418920a9caf4b78e2006dd0f1a97a95442d520cf08f04e7895,Una funció que no és algebraica s'anomena funció transcendent.,,4,0,,,,Central,ca,,central,common_voice_26_ca,train.tsv,cv-corpus-26.0-2026-06-12/ca/clips/common_voice_ca_31099844.mp3
a501c3e828f1ffc22d030490dcc16d09f80b0712bc57b554f6d336c347099c6ab5076a57549c140281307d21a350f27ce64912661a81cf0a1c45aea80c3c3a8e,common_voice_ca_27293080.mp3,3ed69840dea6374ccc6b4212cf97e062ee8c1b7cf8503d45a7c123b120e5652d,El teorema de Sharkovskii no s'aplica immediatament als sistemes dinàmics en altres espais topològics.,,2,0,thirties,female_feminine,,Central,ca,,central,common_voice_26_ca,train.tsv,cv-corpus-26.0-2026-06-12/ca/clips/common_voice_ca_27293080.mp3
e7e48b7cf195e517e6a62aa81ba4a79916852fc39fbcbcd8862c3fc81872818f2f1512c173e0c2679e04689d9847ce515c1c2f7309984b5035694d2f731c9020,common_voice_ca_31086383.mp3,e8440222848bc18bb39c34fc0106dfa7f2782ef31e082483d26f8eacee25eff4,Catedràtic d’Hipòcrates.,,4,0,,,,Septentrional,ca,,northern,common_voice_26_ca,train.tsv,cv-corpus-26.0-2026-06-12/ca/clips/common_voice_ca_31086383.mp3
9fb7c6ba9e690d4f142bcc1f2e88ba470bea8a54402e314229c5ad44a55710b7495097ebb61ba16d4f147de441805dcf87693b30de26a04672b3c4e2adfc9583,common_voice_ca_30754405.mp3,7601f6af72e2fd7dee20609a764463828200392af4e25966f968d311193fefe1,Aquests districtes no coincideixen amb la geografia dels territoris.,,3,0,,,,Septentrional,ca,,northern,common_voice_26_ca,train.tsv,cv-corpus-26.0-2026-06-12/ca/clips/common_voice_ca_30754405.mp3
9bd97ae0e0f43433d1aaf34fd02bf41d1cd6b74d6a9646254ffac16c19767187458e47cae779447801b3d5d527c4946c60813dadd3cd6bc66dbe235c837dda9c,common_voice_ca_36957934.mp3,63fe7e86de4c04bf6d0a65544d568d7ee9bb9e0d0d063f98b30da495f0cce1d1,Es conreen en diverses varietats principalment a la Xina i al Japó.,,2,0,,,,Central,ca,,central,common_voice_26_ca,train.tsv,cv-corpus-26.0-2026-06-12/ca/clips/common_voice_ca_36957934.mp3
a48837a1863a4707371459047c33af5623104d75c06fc7a0cd2693501a3563a70c11fe2f3a65561600dab0e39e4ee35a511a51515cef148e8febde8b767124df,common_voice_ca_33404802.mp3,e38f89041857bd438bfb1e2cdd4d32783bd001d0d51fd5f79df69a6dd5180271,Els tribunals espanyols són ràpids quan els interessa i lents quan els convé.,,6,0,,,valencià,,ca,,valencian,common_voice_26_ca,train.tsv,cv-corpus-26.0-2026-06-12/ca/clips/common_voice_ca_33404802.mp3
dd861f9c59e6769502fcd330a174bb26308379a5a95cc8416bbf338aded7ca4ee103b04df5deb014e1a41ef4e672a0f4ba9c583af8e6c4536f86ee6d9e8f6c4a,common_voice_ca_40602479.mp3,001ce38ff62c0a165066f68f34aabfa632076d5e611ae2f16e30291f9b567832,En quina estació estaven?,,2,0,,,,Septentrional,ca,,northern,common_voice_26_ca,train.tsv,cv-corpus-26.0-2026-06-12/ca/clips/common_voice_ca_40602479.mp3
4f9d02282d776235a3c1eeabbfc132e7820f49c1247175e3b33bce1b31dc35d44aad69598720ae8e3dfbea4a6eb02c86dd18b20cf2d08edfbd6ee75cb881e6c5,common_voice_ca_37763226.mp3,7f3fff149c75e2bfbbe89a6389e39c2e10689807293010b5cc55d1c314ec98b7,Demà na Carlota i en Llop voldrien anar a la Vall d'Almonesir.,,2,0,,,,Nord-Occidental,ca,,northwestern,common_voice_26_ca,train.tsv,cv-corpus-26.0-2026-06-12/ca/clips/common_voice_ca_37763226.mp3
1610e29603954ee12f408eaeb83a5c99781b5efe5f64fdf2e3c5e0ba9756b5b11bfeefda40a787842f7d5da653135043e3f43e7f786499cb51ad6181ef8acc9d,common_voice_ca_37007947.mp3,667a78dc0d312b35ecd8fa67a9f291d04d37683bfd095e5b4299129f0026a012,"Tal omissió de vegades s'anomena ""casus improvisus"".",,2,0,thirties,male_masculine,,Balear,ca,,balearic,common_voice_26_ca,train.tsv,cv-corpus-26.0-2026-06-12/ca/clips/common_voice_ca_37007947.mp3
897c3401b4a35d8fad5966bf8c4dce6d94837c76e46e8131a8bd70527f6e1d8c9f59053d0a56425d7dee71939280ac3c38df14e976f613cb906d7187d6141297,common_voice_ca_23730745.mp3,ad0bac0e7e86eb0d41c0c97fdb254d8e1a83379e41d163e259f0e81b035ce07a,El jaç està format per palets i molt poques zones de sorres gruixudes i fosques.,,2,0,seventies,male_masculine,,Central,ca,,central,common_voice_26_ca,train.tsv,cv-corpus-26.0-2026-06-12/ca/clips/common_voice_ca_23730745.mp3
8dccfb605c83df1076d2b14598d15a614081a0b1972a28d62e99ee3a373c071e0fb17a28245681a76f481385197a59e44afc8f5e36636ce77a81b4c2a7adae6f,common_voice_ca_27233502.mp3,3eea1f8c7f9eadc26c40980336c2a1651471a2b1d8a5076a771d08fb0385ec1a,Es pren una petita mostra de l'espècimen que es vol investigar.,,3,0,fourties,male_masculine,,Balear,ca,,balearic,common_voice_26_ca,train.tsv,cv-corpus-26.0-2026-06-12/ca/clips/common_voice_ca_27233502.mp3
7dc80454edecce4862042fde068b9c67e9f70785f9aa87481a9ac117b43c3e0453c7f545b873dc5fb06e1af2029db067cab40a7ae8517a4570643a9d76e6c2d2,common_voice_ca_30802843.mp3,87afc4a65a31e03bb0c8923a20adf150825757d61b2e6c59433fcb0c657dfbd1,Aquest comportament és consistent amb un mecanisme al·lostèric dissociatiu.,,2,0,,,,Balear,ca,,balearic,common_voice_26_ca,train.tsv,cv-corpus-26.0-2026-06-12/ca/clips/common_voice_ca_30802843.mp3
d5cf4a445832eb02090db3814726cc4f75f3145a75d214725048f55c3c40414cd4d451f9a2a2831ca7253b688940fa5e976bb9893f6c58b1a5b79de54df022a9,common_voice_ca_32583830.mp3,1cc01e50a8a0c632888582dc2672729b6339df8efe377511fb4d6440d48efdd1,"Aquesta conté greix, segurament a l'Alt Urgell.",,3,0,,,,Septentrional,ca,,northern,common_voice_26_ca,train.tsv,cv-corpus-26.0-2026-06-12/ca/clips/common_voice_ca_32583830.mp3
19b58c23bcd3675fc2d5418487f2e974939a5b6f1b0fa966ab08740798dc91d37eeb8e48c775fbcf5ce2fe24cf66968c1616e5491d3f180c4888254a3614490d,common_voice_ca_31137356.mp3,f17db1cfc57756bfce48cde1c484ee1a1ecb81b050b47a8313ba4b65b8f1a5a2,Treballant amb William Harris i Isaac B.,,3,1,twenties,male_masculine,,Balear,ca,,balearic,common_voice_26_ca,train.tsv,cv-corpus-26.0-2026-06-12/ca/clips/common_voice_ca_31137356.mp3
8e8f74c8c28909256f92e896a1777630f0338f3e1c1887d07e6e4d7393c6b32515193494d2e5e36a8b2610145ac7695369bcb405f1dca71edc2b5f99699a73f7,common_voice_ca_30903691.mp3,ab5645b3c5f5884863493ca067ed214379c1450892adb0fbbeab8d0b86aa77b2,Un dels cinc sospitosos va ser capturat un mes després d'escapar.,,3,0,fourties,female_feminine,,Central,ca,,central,common_voice_26_ca,train.tsv,cv-corpus-26.0-2026-06-12/ca/clips/common_voice_ca_30903691.mp3
c8c124b53f85679a623f43977d1e02b0b627942c95f1a893c9cb164dbb28522c75c323809432e839804c78fbe258c618335eac5515d94754163d0c5bf90b50dd,common_voice_ca_34592020.mp3,396632e84fd738743fc5f566dae46bd5cf8c443467cdb45ec9f305f98a6ed7bd,Cinquanta cases van ser destruïdes.,,2,0,fourties,female_feminine,,Balear,ca,,balearic,common_voice_26_ca,train.tsv,cv-corpus-26.0-2026-06-12/ca/clips/common_voice_ca_34592020.mp3
091c2bf8b5acbdea9e7719829a24ccbe15f756a3485cef6652c5814fcdad91078f6ef53c19048e5ff201c8331dc8bf9fa69a64dbaef160f3da2222c5be93d85b,common_voice_ca_31183218.mp3,e0065b148ed7be10db9d7e9a830181fdd5fa5408a3a49440fc7e00dbe946b26f,Pere Vidal Sardó és un polític gironí nascut a Girona.,,2,0,,,,Balear,ca,,balearic,common_voice_26_ca,train.tsv,cv-corpus-26.0-2026-06-12/ca/clips/common_voice_ca_31183218.mp3
aeb5bbf9a006b1b7e84fc0c3e392484cf59308e717f06e25dfad12feef48720416ce210090f5ac29d97042abd91175f8da6d44cee20d18a717b397b1841a2592,common_voice_ca_30752566.mp3,75d19e5754a1d1fe1b921c61d418184ca67089375530bd708f669fc7ab4ebfc2,Membre de la fraternitat Omega Psi Phi.,,3,0,teens,female_feminine,,Central,ca,,central,common_voice_26_ca,train.tsv,cv-corpus-26.0-2026-06-12/ca/clips/common_voice_ca_30752566.mp3
19e69c883010f29aea1b0eccba82df8d5fac1852cb63bae246a074f43a718a7e975de4a6f229fa6f75f050a09abba65bfc265b452e3a49122098ae9eecd12b2c,common_voice_ca_37574328.mp3,fae134b9751063646db02481822af6ed3cbb13334ad1435183fd085bb0c65557,Tendre com un all.,,2,0,,,,Septentrional,ca,,northern,common_voice_26_ca,train.tsv,cv-corpus-26.0-2026-06-12/ca/clips/common_voice_ca_37574328.mp3
ed93605cebfae6424e059e7a7e575d73f608e522f0ec357659a7f179e01593c0e1a656547c0f40b0e420d3029f93eefa0ef1749ffd654519c89ab2d7f290786f,common_voice_ca_31019932.mp3,d5c2085793a2cc9b25e29a19839ab07cb896d0de2aba2845aea673a7e3bcf524,Hauria d'anar al carrer del Morell número vuit.,,2,0,sixties,male_masculine,,Nord-Occidental,ca,,northwestern,common_voice_26_ca,train.tsv,cv-corpus-26.0-2026-06-12/ca/clips/common_voice_ca_31019932.mp3
4a87bfe5b1cabbf803a5552c36ad5cf7e2c289fa05d3fd48e4b6d1c596243c0e5b8fec06d9924fb42f58f3b392ba086d32952cf6b16115de8a89a561bb343426,common_voice_ca_40481574.mp3,e77e5f0701d8245453d8e6e83c93a7caeb24bab37b1cff0b791f66bcfcdb8f50,"L'aire era tan límpid, que el sol semblava resplendir més que mai.",,4,0,twenties,female_feminine,valencià,Valencià meridional,ca,,valencian,common_voice_26_ca,train.tsv,cv-corpus-26.0-2026-06-12/ca/clips/common_voice_ca_40481574.mp3
9721d1bdaf194673098e571ff7989b3653ba564f42efd04695344586f03912d5903d0d07e524c23ac9606f36746163fe84565258439bd96f1027a32e2ef87340,common_voice_ca_32749005.mp3,24cb565f1d5ff0622e7ea984612328b662e723aab321b096eb009f63cb16f451,Per Sant Jordi na Jana irà d'excursió.,,3,0,fifties,male_masculine,,Septentrional,ca,,northern,common_voice_26_ca,train.tsv,cv-corpus-26.0-2026-06-12/ca/clips/common_voice_ca_32749005.mp3
872c70c8e020dbc2b83e883096316d7378e567905778dc1ccaa8e30d2f373496d7ee0d9b73aeaef6465a87afa54b15ffd29992b8b4d7c8476238168df51a456c,common_voice_ca_33418020.mp3,ed12b570189358f6436f9bb1f5667312716139f60c392eae248321b53b317b70,"Cada crit, cada puny, cada emoció ens han portat a ser com som.",,2,0,,,,Balear,ca,,balearic,common_voice_26_ca,train.tsv,cv-corpus-26.0-2026-06-12/ca/clips/common_voice_ca_33418020.mp3
b5f14b49e6a15fb28af1d909b7bb3390dd5ad064d244120bdc4392701b3ac09fcf1b03f638843871d31222c921246248f3581f45d805df5765d33c788a748a40,common_voice_ca_30816388.mp3,8c1691b6d5e76940fd283163cce12e5053c995d13735ad9d0705ea6ea0f4cdb3,"Es va quedar parat en veure-la, ja que pensava que estava morta.",,3,1,sixties,male_masculine,,Septentrional,ca,,northern,common_voice_26_ca,train.tsv,cv-corpus-26.0-2026-06-12/ca/clips/common_voice_ca_30816388.mp3
8d696eed43c55020f1b591ce0e6f9548fa4e4c558290587f9eb8209fd580dfb48aad892e442678528bf76ce1874e9e29ca51b795fbf6080060cf086fc5e93457,common_voice_ca_32314854.mp3,c4b5646cce75c08c11f2aa1f7ac85ad2bc03fbfa6ef8d7d547ca951bd39dcb97,Per Sant Jordi na Bruna i en Quintí iran a Rasquera.,,4,0,,,nord-oriental,,ca,,northern,common_voice_26_ca,train.tsv,cv-corpus-26.0-2026-06-12/ca/clips/common_voice_ca_32314854.mp3
82b26d04e992a57a46106914cdaf5ab56a5756b38e58ebbb9d35df4c678f0dcb9cd6452fadcfb23dc5972b22037037bd08e3691bc6e554f679b92df03034eb24,common_voice_ca_38058898.mp3,9681b50451054aa3fb7a7e8bd1bd4339f29a1b5cb8b7dcb132a2a048c253cf3e,El motiu és l'aplicació dels acords de Schengen.,,2,0,,,,Balear,ca,,balearic,common_voice_26_ca,train.tsv,cv-corpus-26.0-2026-06-12/ca/clips/common_voice_ca_38058898.mp3
f3c811d5547f908c9705854bb11f999c65b1a526bbb5f7c4813df0f9204dc1061c41c2ac825bed6f76415e93b4a78113a25b3c6426b3b7723b89bbde98be1729,common_voice_ca_32196052.mp3,95b2cad0bf5d6a712ac5539c4763dcb256cd9cca3c44577f4c872d6d32c1954b,El vint-i-nou de febrer na Bruna i na Judit volen anar a Atzeneta d'Albaida.,,4,2,thirties,male_masculine,valencià,,ca,,valencian,common_voice_26_ca,train.tsv,cv-corpus-26.0-2026-06-12/ca/clips/common_voice_ca_32196052.mp3
4441f076bc285bcf9707f316882f34c24c0d7d57c525833d8097c1c0bba0d2b43b7e45437841d5839c3f2cb2bb7da6512c0678889accdda6f6c4f103c94738df,common_voice_ca_31010783.mp3,d323a196d08f35b31a7c837cf7896e24ecf2c2518107fe6cfe996b0edf679e7b,A la Vilavella hi ha un castell?,,3,0,fourties,female_feminine,,Septentrional,ca,,northern,common_voice_26_ca,train.tsv,cv-corpus-26.0-2026-06-12/ca/clips/common_voice_ca_31010783.mp3
8c21f22afee554814805c114ae8f98539a1ca14b581abbcd3bc1fffbb2f60c28b8c7eb15843a91a8b2240c4242c0715decc01805f89b25c0b6525f0c5e6c320a,common_voice_ca_30876404.mp3,a13f58929e57487180a211644f4c7b5b64dee0be1ca70f2585b8917fdca84203,"Ha contribuït a nombrosos llibres, articles i participacions d'enciclopèdia i narració de temes.",,3,0,,,,Septentrional,ca,,northern,common_voice_26_ca,train.tsv,cv-corpus-26.0-2026-06-12/ca/clips/common_voice_ca_30876404.mp3
4f9d02282d776235a3c1eeabbfc132e7820f49c1247175e3b33bce1b31dc35d44aad69598720ae8e3dfbea4a6eb02c86dd18b20cf2d08edfbd6ee75cb881e6c5,common_voice_ca_37763188.mp3,7f0362035f8dd4db7f6cb8db11a420c042f4d31d3331cf650197b384bd42ae53,Però volem que açò siga comprovable i contrastable.,,2,0,,,,Nord-Occidental,ca,,northwestern,common_voice_26_ca,train.tsv,cv-corpus-26.0-2026-06-12/ca/clips/common_voice_ca_37763188.mp3
b61fad17a5c0f6d01ba3d63a125d545265372b9d4a53e5dafec55f60691c40f8aa35bfb64cfaba5dceb822efb9116b8fb30016baee1d389a8070f55c062cfe11,common_voice_ca_22970600.mp3,99c49a0b0aa5663a4488695d9a1d3d7267573c7db74c17fffbc8eb235f9a1663,El seu collaret és llis amb bandes fosques.,,3,0,fifties,male_masculine,valencià,,ca,,valencian,common_voice_26_ca,train.tsv,cv-corpus-26.0-2026-06-12/ca/clips/common_voice_ca_22970600.mp3
4f62b986b8dad6adac45e946de94fa27c1ae041574712e576ec5a27d2349ff859b73fa6f228705d560d25a1f227d6563be1779d5e54bc4a7aca5a1b2814dcc24,common_voice_ca_37631492.mp3,7835b8afb6d18303d43be122a98df2894dc493b9eb19e7d673d64e18825ae543,Ambdues peces van despertar bones crítiques en la premsa.,,2,0,,,,Nord-Occidental,ca,,northwestern,common_voice_26_ca,train.tsv,cv-corpus-26.0-2026-06-12/ca/clips/common_voice_ca_37631492.mp3
4392cf50c4ff2741cdf129caef43c2aad7c1721a8c325554fc709c7a1494e0e700e29a6b238dd3a76ad70ee2221808f79c7c7ae04334232732a4db23da6d7c50,common_voice_ca_17483206.mp3,66dc65a1e0418467362571310ec258d7780ccdde41ad6bc911b4412658a3ddcc,"Llibres i vins, els més antics.",,3,0,twenties,female_feminine,,Central,ca,,central,common_voice_26_ca,train.tsv,cv-corpus-26.0-2026-06-12/ca/clips/common_voice_ca_17483206.mp3
90aacb6e5884a88c78cf93e77ad46f5b2c643042e24cf33f6fc3edf4c4ae9fbb76517000acd023ec4d19fa1854d7bbf4c21839576ed6cc0661f6533339f50bee,common_voice_ca_25961046.mp3,2dbc8d1e31483ccd03be6afbf7b23c668e3b7b72705c7321006b74a5bd951b29,"En una conferència de premsa posterior al combat, Barnett va felicitar Nastula per la seva actuació.",,3,0,,,,Central,ca,,central,common_voice_26_ca,train.tsv,cv-corpus-26.0-2026-06-12/ca/clips/common_voice_ca_25961046.mp3
444f0f5422d6d8df65a071c2737181a0110368ac69baff0b6e879d5b24c6893399d79e81817299d2ab941cc5c6fa0ce0b39852ddf355f8c3546adf054a739c97,common_voice_ca_36010127.mp3,4ee1ea79737906abe3f1401aad0434a7350ba1ecfe72baba954891140d9c8d59,"Les obertures d'aquest basament presenten llurs brancals, ampits i llindes envoltats per una sinuosa motllura.",,3,0,,,,Septentrional,ca,,northern,common_voice_26_ca,train.tsv,cv-corpus-26.0-2026-06-12/ca/clips/common_voice_ca_36010127.mp3
b8e36549b339f8d7a0beb29824976c3c1bcc764bd0e8155ebe1e0ea0fa17f2137cf0c3e6d3de47a4ef9b62c34ceaee3660cab406eebfa8b910cde4e73c44e687,common_voice_ca_27554048.mp3,4439c3336c4f1b3fdd63ff979f9ba78fd09faf9489d8a79c5be9b8439c80d3e2,"Oh, Ella, i si no és bo!",,2,0,twenties,male_masculine,,Septentrional,ca,,northern,common_voice_26_ca,train.tsv,cv-corpus-26.0-2026-06-12/ca/clips/common_voice_ca_27554048.mp3
06536280608691585bf202322200a1b1c7dd8b628de7528985b283da6f5b67a72219ea3ea35bb34f63106e91a17c8357afe388672b75ef3d21f32dbb2b8ec693,common_voice_ca_38641167.mp3,bcf8997b557dde2baa7a6e79142b779e74a6ba08f5e679bac659757265f3f173,"El meu número es el sis, zero, cinc, trenta-tres, setanta-quatre, zero, vuit.",,2,0,,,"aprenent (recent, des del castellà)",Alacantí,ca,,valencian,common_voice_26_ca,train.tsv,cv-corpus-26.0-2026-06-12/ca/clips/common_voice_ca_38641167.mp3
595d8759551d105915fd5579f0745dc5ac5081830e767eb7ae1227d57adf348b5eba17ca618717e97278c5441043f4e3b72c98b46c0e001d31ed70edcbf1551c,common_voice_ca_30659803.mp3,72990aff08f2db3333a772508bcb6934a7b8b1a31ed62325c51d4a6a5e33df90,"La festivitat del mes lunar ""poya"" té lloc cada lluna plena.",,4,0,fourties,male_masculine,valencià,,ca,,valencian,common_voice_26_ca,train.tsv,cv-corpus-26.0-2026-06-12/ca/clips/common_voice_ca_30659803.mp3
56c45f3884d73543ed6443d6eda60ba1c20483ee159da2ce6723e256e09d46b9c91d499f2a986de242659676a636cb4d49a05f97ffc51f98c22aaa67492c7fb3,common_voice_ca_20505539.mp3,2feffc1797630a87c18cb363d89b9d1caa4d6f34abfe0322f275dae42c480c4c,S'observen també carreus encoixinats.,,2,1,fifties,male_masculine,,Nord-Occidental,ca,,northwestern,common_voice_26_ca,train.tsv,cv-corpus-26.0-2026-06-12/ca/clips/common_voice_ca_20505539.mp3
f590db6d3953b5851ca6644c1d231bfb0361ac377c68c73734d5acbcfef27990d5b1b5fed59201bf613f70cf9df0e104061459b5f0da0f4a2bf68eabafa7e143,common_voice_ca_37629880.mp3,450ea4d8edcbece0d511b6fe6853219dc384f3a9c2221fdae8202a626cb51919,Dema aniré a Sant Quirze del Vallès,,3,0,,,,Balear,ca,,balearic,common_voice_26_ca,train.tsv,cv-corpus-26.0-2026-06-12/ca/clips/common_voice_ca_37629880.mp3
25f41a5ca387534a4b301325641d3206e7235ffe4e16cf22b992a4f2e9963a0a9961b79a58e453b42559039d7e6d5ca1ea96b00e8e0a1e8ad05f997d68344b10,common_voice_ca_19104110.mp3,e32ada583ed282d4442c3116907f4783849a6d114fc868aed0278b8b4d505712,Poseu oli abundant en una paella i bateu els ous.,,3,0,twenties,male_masculine,,Central,ca,,central,common_voice_26_ca,train.tsv,cv-corpus-26.0-2026-06-12/ca/clips/common_voice_ca_19104110.mp3
d5b96fe8d2aa7880e586b7eab4782136dc15400fc2592e4b812f7b933b1fdf3799429f1a701aa1c5e7e9f80a24ec83fd124ece79a0c2fd9f0bda67e934379def,common_voice_ca_31754697.mp3,13165366c75dd019c1eb05e001b302a825d202ef54f1d962da64b39ed0d48af9,El vint-i-nou de febrer en Quer i en Marcel voldrien anar a Vespella de Gaià.,,8,0,,,valencià,,ca,,valencian,common_voice_26_ca,train.tsv,cv-corpus-26.0-2026-06-12/ca/clips/common_voice_ca_31754697.mp3
fc00601a5a2175d6d286f4c91abc27981395c76868612c38757e126f0ff93c654765ba28728996facf2783e75e2f42e72e855bcd25c23726ebb43c7712d9a408,common_voice_ca_36905834.mp3,6085c2c1424fbeaf2f194009a6a91e006a7580df56dd34f17492335c108f031e,Per a què es prepara el govern britànic?,,2,0,,,,Nord-Occidental,ca,,northwestern,common_voice_26_ca,train.tsv,cv-corpus-26.0-2026-06-12/ca/clips/common_voice_ca_36905834.mp3
0afdf4a945307d594bb2ad530b571704937b23d28f413cf189fe1dc64372e0c8fae89254a9c7a7bfda6c75f412c8f506dab11301c4bd179165b9aae460bb5046,common_voice_ca_32109705.mp3,738d62cbb4b9a7803711be92e360e8fe8211675585a9ccadc94a42e32ac8a27e,Per Cap d'Any en Mirt i en Sol aniran a Ivars de Noguera.,,4,1,fifties,male_masculine,,Balear,ca,,balearic,common_voice_26_ca,train.tsv,cv-corpus-26.0-2026-06-12/ca/clips/common_voice_ca_32109705.mp3
29d0ad8813a04a306a0897e0145fb80f76a8b38360e27097433d6dfdb810933503ad669492752e5a1fe2407a94f8088c4414be3edd97a8e7e71264671ccfbbed,common_voice_ca_37604798.mp3,5d022b9d99a3b2849e6b10e2e36d6b9196b2b8352079c14abfdd5bf03098e7ed,Anar com un alarb.,,2,0,,,,Nord-Occidental,ca,,northwestern,common_voice_26_ca,train.tsv,cv-corpus-26.0-2026-06-12/ca/clips/common_voice_ca_37604798.mp3
472b46a52376dd631c36aeefe66cfb0a1fa215ce4af15651f3a8957141373b6c79dff02a98c35d090e49cd09caac2b007550a97d7b47a7854d6128d1a581d2ac,common_voice_ca_27923244.mp3,4e943653348d235250424fa7d3601d98a8995d5acb24e5c4863ef91da1cdccee,"Si no en té, de ben segur que tindrà una agenda telefònica.",,3,0,thirties,female_feminine,,Central,ca,,central,common_voice_26_ca,train.tsv,cv-corpus-26.0-2026-06-12/ca/clips/common_voice_ca_27923244.mp3
e83d48b939323aa85e9711bc1f564200a4f56cd878a124aef2102b89b4dfcf2d6a90b498cf29262c5099373d147c3c8ddb55804476ed7c1ae3e20be12154e59a,common_voice_ca_33418287.mp3,eac42a0809036a5eb455e118d365ec72b47b0edbf03063aec791a80ba8a78a78,El partit s’havia de jugar ahir i es va ajornar a aquesta tarda.,,4,0,,,,Balear,ca,,balearic,common_voice_26_ca,train.tsv,cv-corpus-26.0-2026-06-12/ca/clips/common_voice_ca_33418287.mp3
a2e9f46b50449092c9580fc05c50383e6c00a656c273ef7a0e7f1de9af0612b23eca5137486c50633892130e22a380fd219592af982f8060a32263ee3f037cd4,common_voice_ca_30935780.mp3,b7d8ffcde48b2661a301bbfe24cf0205df09e0027e91b247f2e1bdff86a7635f,"Aquest pepperoni té un gust estrany, va dir ella.",,2,0,sixties,female_feminine,,Nord-Occidental,ca,,northwestern,common_voice_26_ca,train.tsv,cv-corpus-26.0-2026-06-12/ca/clips/common_voice_ca_30935780.mp3
3de1ec298f76b173db5d690cfe5f623db2137648ba134ecfdfe08ec58e0cf0880e6717f1c92e6ff3bfd3f736390383fabe6cd4f0d0bdef61a3cd523e2b82cce1,common_voice_ca_30770326.mp3,7c9af14f05af41e04dd4e23f60f75d70805e9bad93da21bb40d7e4b95f1e1d66,"Les ""instal·lacions ajornades"" es van modificar moltes vegades al llarg dels anys.",,4,0,,,,Central,ca,,central,common_voice_26_ca,train.tsv,cv-corpus-26.0-2026-06-12/ca/clips/common_voice_ca_30770326.mp3
25fd6b4ee846c6175a4b9aca430ea9c027648c5208c19e58af6219626b6e73418c62cb5ad9fb418620b0ee37b5c9cfb8219a8273cacbebb46009165848567757,common_voice_ca_31695835.mp3,0217d42466284608d688cb471a4814beaad8daabaa29ddb4fea6d2d78782a015,Dilluns na Blanca i na Nara aniran a Vacarisses.,,2,0,,,,Central,ca,,central,common_voice_26_ca,train.tsv,cv-corpus-26.0-2026-06-12/ca/clips/common_voice_ca_31695835.mp3
e1342a862238bf4a6682fd05e40bd4dd9bcc56081a99abcd02dfc102489a7b464f5ae0e9354c1645feabfc05435b3c2b43804ede89bd255cf61c8b86234203f1,common_voice_ca_34024215.mp3,1b690a60ed0cafb5e13c9d6766b4cb220adc465005a41e4ca6e24c63ac37f87f,Per a mi té una semblança ben remarcable.,,6,3,fourties,female_feminine,mallorquí|Palma,Balear,ca,,balearic,common_voice_26_ca,train.tsv,cv-corpus-26.0-2026-06-12/ca/clips/common_voice_ca_34024215.mp3
110e5b6976bb6b6e5db37b5fe751aa20a3b13c08289f1bccf077a7ac96464f689eabde26608dfc376860362da8f6e72337882089fad352ab09b9abb705264658,common_voice_ca_24331677.mp3,d1df2cdcc5bc11b56e158ed44aad38583f4c662b24e33b53a2e56d9b54075131,"L'atracció té les vies vermelles, i els suports grisos.",,2,0,fourties,male_masculine,,Nord-Occidental,ca,,northwestern,common_voice_26_ca,train.tsv,cv-corpus-26.0-2026-06-12/ca/clips/common_voice_ca_24331677.mp3
29d0ad8813a04a306a0897e0145fb80f76a8b38360e27097433d6dfdb810933503ad669492752e5a1fe2407a94f8088c4414be3edd97a8e7e71264671ccfbbed,common_voice_ca_37604804.mp3,5de61718f9c3fd2377afb64036411084b1593e3cad3143707b37ee537bcf580e,Pitjor és home desllenguat que cavall desenfrenat.,,4,0,,,,Nord-Occidental,ca,,northwestern,common_voice_26_ca,train.tsv,cv-corpus-26.0-2026-06-12/ca/clips/common_voice_ca_37604804.mp3
da0cd7d06644ad70485d16242032e69cc0efb4389edd0c6f89e12ea57ca0d2e7ae2523b2048bb4a417cd01fe485097e3bb24e7f8db188fba19c4447d42e095c7,common_voice_ca_30937050.mp3,b8af824b2a33d8ed4fb27e7fdc61123470bb534eccde4bd1a4d41184a94eca47,Avui a les deu del matí.,,8,0,,,valencià,,ca,,valencian,common_voice_26_ca,train.tsv,cv-corpus-26.0-2026-06-12/ca/clips/common_voice_ca_30937050.mp3
961009951f5b3ced4085f9178286b82a4796f2d02a4e3cb1032b4018132e09531aff391ab002d37e6bf4ae7724fc8828fef972ca932fed3542c97b05e2eb3792,common_voice_ca_31223740.mp3,f93306c5339033fafa0293077bb7c4aee6b0c01a1a4bf36afb809ead30c7d375,Com podem potenciar la tecnologia pels projectes de benefici social.,,6,0,fifties,male_masculine,valencià,,ca,,valencian,common_voice_26_ca,train.tsv,cv-corpus-26.0-2026-06-12/ca/clips/common_voice_ca_31223740.mp3
4c907ac8ef063bb681d6787d2ec0511a7ed131ccecb62396725944889d00d9553bd7964b399f51360bebec005cbae92f3037fa191641654e1f491bb98a559166,common_voice_ca_33448215.mp3,01c67efa4c6222a04956100658de04756e724e0b16b6cefa554c5379b5470f08,Quelcom que l’estat espanyol ‘no és prou madur per fer’.,,2,0,twenties,male_masculine,,Central,ca,,central,common_voice_26_ca,train.tsv,cv-corpus-26.0-2026-06-12/ca/clips/common_voice_ca_33448215.mp3
90caf94afc26445479324f2f89e12556f0d8092d86765d8f17594f70bd754ea7a4e0630596e5691f2d9514d6211032e436672dc8a3f8d198c63fce970c065b19,common_voice_ca_36928908.mp3,621e978df927cb0bfab8cfc3a5764354a6cc8f8e0809feaab027ad4a62ba203e,L'Imperi romà havia anat creixent i s'havia anat expandint cap als pobles bàrbars.,,2,0,,,valencià,,ca,,valencian,common_voice_26_ca,train.tsv,cv-corpus-26.0-2026-06-12/ca/clips/common_voice_ca_36928908.mp3
b2e8163f2b1c8f68a53b0ae4db5d81620253a6667b82beae13ea96f6b365942f7f2dbcda7da096c69ceb30d095b9bfb7840c03da147978c3f9e9b07226e0c1ae,common_voice_ca_37908508.mp3,8b3ea9c159fc5b6dded88783d5b3a29e98ed7626e2dde23f24a017ef17320b7b,"L'edificació es distribueix en planta baixa, pis i sota coberta.",,2,0,,,,Central,ca,,central,common_voice_26_ca,train.tsv,cv-corpus-26.0-2026-06-12/ca/clips/common_voice_ca_37908508.mp3
ddf3b686cfaee3f93c749843a39bc3c2a48664c1ccc58e29dfa8eab6ab03fed9249db2ed4031f0449c0fcbdc3acf01551b03e54846c80b7928aa74f94ba3b9c7,common_voice_ca_37603122.mp3,5b32713e14ec0a4629c16d2730b737f47db04731f3e09a786db8c7c12d9df7fc,Tots els records són del meu pare.,,2,0,,,valencià,,ca,,valencian,common_voice_26_ca,train.tsv,cv-corpus-26.0-2026-06-12/ca/clips/common_voice_ca_37603122.mp3
f5a157dcc1db9578aa5f53a05a9bf67d2ba43f4e816817b9fa3cded6a599e9aeda835c72f73ddfad962d39abc09c4f63e53a6950905bf0e81023346cf27b8f35,common_voice_ca_38649503.mp3,bd789d2b1b8021ef25e94829703c4c6d114fd8971250a39a19a7e6b3751de9fe,Et tornes boig per les graelles.,,2,0,,,valencià,Alacantí,ca,,valencian,common_voice_26_ca,train.tsv,cv-corpus-26.0-2026-06-12/ca/clips/common_voice_ca_38649503.mp3
490e2caf11c64b7931abf75bcdadb334e8b4a7d55b263326c6bdd8f4c8a450161db6a799d44c62505374c2ebe3e29a0a7a2b757eb8b12181f9401e8b390d96c6,common_voice_ca_30869797.mp3,9e22db8b1186961070b613a973a7def17d0264edb67844e58bdac3119a4efa64,La ciutat també pot atreure noves inversions amb les seves zones de conversió econòmica.,,3,1,,,,Septentrional,ca,,northern,common_voice_26_ca,train.tsv,cv-corpus-26.0-2026-06-12/ca/clips/common_voice_ca_30869797.mp3
ac9ca5a6ca8f6237847ac871b7f7b8c0ded30fe5891ac49e0af19d2fb3b0176ca2d3aa18e16842d52ebbbbadfab18405ffc2b5f7271704e0fb4c3f1698cc43e6,common_voice_ca_32502181.mp3,0543c09a50eaa78dda698503cb9ecf3dc1404d1e7e59f4596c5e97ead99021c4,Per Sant Jordi na Júlia va a Bétera.,,3,0,fourties,male_masculine,,Nord-Occidental,ca,,northwestern,common_voice_26_ca,train.tsv,cv-corpus-26.0-2026-06-12/ca/clips/common_voice_ca_32502181.mp3
de9065b5567e882af96d04a4e36fc779321a6cc297356fa4c91c031432b8b9810883508ddc5b234eaa7a7ec5bdff9627bc7511ad67ef2a0c7d97fc3d1c481b78,common_voice_ca_36932054.mp3,628a52e862ec6ba1a552d22e876e886e3fc245bcb39495b6cf5ab491e0447f09,La ruptura de relacions diplomàtiques no comporta necessàriament la ruptura de relacions consulars.,,2,0,,,,Septentrional,ca,,northern,common_voice_26_ca,train.tsv,cv-corpus-26.0-2026-06-12/ca/clips/common_voice_ca_36932054.mp3
a04e7e1f34df4688ad55d24d4497a7fc06fcfe349ab4e6bb0cf53800bf65b8f6decae8612427eeaa0b7f8364f2f1bc8e2b77811181a7199492c3dec846965ccd,common_voice_ca_37138199.mp3,6a01fadcc290b10358ea535c4820f9c16e25ccac401d2a4ec2dd4e813328508d,Dilluns en Nel irà a la biblioteca.,,2,0,,,,Nord-Occidental,ca,,northwestern,common_voice_26_ca,train.tsv,cv-corpus-26.0-2026-06-12/ca/clips/common_voice_ca_37138199.mp3
de16763b08989247481ab95b1f9cc0271e5f1b346f96a2ddbb632774948f060329ed8b46b84a37e79fde815aedc66ef709a883809b5922a3c2d0951ff46785b8,common_voice_ca_17510612.mp3,fa9b9eceeb6bcc69ec556da0357e615b2d9a1c20f6011ad7e3b7371d79449392,Bravo!,,3,0,twenties,male_masculine,,Central,ca,,central,common_voice_26_ca,train.tsv,cv-corpus-26.0-2026-06-12/ca/clips/common_voice_ca_17510612.mp3
56c45f3884d73543ed6443d6eda60ba1c20483ee159da2ce6723e256e09d46b9c91d499f2a986de242659676a636cb4d49a05f97ffc51f98c22aaa67492c7fb3,common_voice_ca_20505538.mp3,2f5438bf40ad06e831b86ee0bc35d0630902b6c8f891246cdcdd3df1b0f3a82e,"La paraula Assut vol dir presa, contenció.",,2,0,fifties,male_masculine,,Nord-Occidental,ca,,northwestern,common_voice_26_ca,train.tsv,cv-corpus-26.0-2026-06-12/ca/clips/common_voice_ca_20505538.mp3
c0e57cd5c04ca949f94c3e70728c66a79868aece442c17e29700ce4c6cf24ea2c9ef0f367af86c0a485c6a54101a6699f2fe9cbad9f5a0a3895c44aa61470835,common_voice_ca_39122752.mp3,c9bd0f590f007a37ddc9ac3fe4313a286f36267edb3426f78888dbd0c7a573cd,Alexandre també eximí la ciutat del pagament d'impostos.,,2,0,fourties,male_masculine,Estàndard i normatiu,Valencià meridional,ca,,valencian,common_voice_26_ca,train.tsv,cv-corpus-26.0-2026-06-12/ca/clips/common_voice_ca_39122752.mp3
b417e6f75cf439ad5d0f46ce6a70ccc5195e2c5575b0312627de26660d2e3804030d662ca1eb51ebf4d8f2586f4a6d6f6bca4c843a16d376500ab6c8ba1ee37d,common_voice_ca_37846421.mp3,85ac91adbd1a73cbc372702f7f79851396f7650dd61d1f66ee0351ec5f9a55fa,Com herbicida es pot fer servir el glifosat.,,2,0,,,,Balear,ca,,balearic,common_voice_26_ca,train.tsv,cv-corpus-26.0-2026-06-12/ca/clips/common_voice_ca_37846421.mp3
5e91fd3828ef5826b0d1282e3ac9c229d7ae96e39ee5515b39b68e63f0c0f52f204e74b1a05351fb7d9aecbbe82be05d419e4290d3813f1d4a3e1fda070d2d5d,common_voice_ca_26230479.mp3,3281614c1c4c67d43f48d90fa40e24be438fd12600698adbff9e6d8e48d830e0,"El govern somali va llançar, posteriorment, nombrosos projectes nous de desenvolupament a la ciutat.",,3,0,,,valencià,,ca,,valencian,common_voice_26_ca,train.tsv,cv-corpus-26.0-2026-06-12/ca/clips/common_voice_ca_26230479.mp3
4dd7007add5f8c42f315fd880cc0c73aa8cabf85aee0326c0b2cb6f5b2f373a2137400f5850b9e7980c2f0408ed5bcc2d2b3d9276024a5ab40ed2bb4b8f421d8,common_voice_ca_37639874.mp3,79570a36af59b4a4117fff1f1793e10c7b8bbefcb207b9b85e4c8fa47d649f6b,Es mostra molt sensible al paisatge gallec que embolica en un profund lirisme.,,4,0,,,nord-occidental|De Lleida,Nord-Occidental,ca,,northwestern,common_voice_26_ca,train.tsv,cv-corpus-26.0-2026-06-12/ca/clips/common_voice_ca_37639874.mp3
853ab85920e3a98810b33cb5eeaaf340a09139ab5dd54c5257f519d37c9a5d84714405b592aa3f17e65e86be219f1a46874947382a7e44e9838cb304da9fe27c,common_voice_ca_20407296.mp3,2c36741cb8241de9921b964e6f35c08dcd78234544b73e9983dbf895fe301c5e,També fou regidor de l'ajuntament de Madrid.,,3,0,twenties,male_masculine,,Nord-Occidental,ca,,northwestern,common_voice_26_ca,train.tsv,cv-corpus-26.0-2026-06-12/ca/clips/common_voice_ca_20407296.mp3
af64f34eddd296fdfbaaa3cade7ae26f8931bc9eaa45dfa968f2968c978e2fbb89fbad45fc75e523adb78605caa27781df66fc4b570c337ed3753b1d24c53f59,common_voice_ca_19909337.mp3,149ce64b2a80398d1797b364ad0113d8d84bad4e9f4dc73fb564afb98ff777d6,Va ser el primer joc de la sèrie.,,3,0,fifties,female_feminine,,Central,ca,,central,common_voice_26_ca,train.tsv,cv-corpus-26.0-2026-06-12/ca/clips/common_voice_ca_19909337.mp3
179b966bc24ebe7594424d4c74a4145e89cc914b28f35bd759f8a892d2780eed4a149609d9b4ab9b5b9d776e44f7f819a3513a24a5b38600c1cb1b9b3b402784,common_voice_ca_37765134.mp3,7f6ff275f082f793f55ed4ac326257a2ec56b0ec2a04acd115cd89707d7ddbbe,Espanya és el país més descentralitzat del món.,,2,0,fourties,male_masculine,,Nord-Occidental,ca,,northwestern,common_voice_26_ca,train.tsv,cv-corpus-26.0-2026-06-12/ca/clips/common_voice_ca_37765134.mp3
237f961c861bea7ce402a9a38a855cac72af9924e653dcb7cd8cfad1ef6b7c09cad23f0d54f1c5694944496e66b0ebca4d7ebb8ee6abe0b6e08e377af122e34e,common_voice_ca_37611784.mp3,7684245189f17266fb08bf6e6231ebb5c499ab37a30649eb27555dd6e48d1605,Fins aquí el recorregut que ha tingut aquest “primer viatge”.,,2,0,,,,Nord-Occidental,ca,,northwestern,common_voice_26_ca,train.tsv,cv-corpus-26.0-2026-06-12/ca/clips/common_voice_ca_37611784.mp3
19b58c23bcd3675fc2d5418487f2e974939a5b6f1b0fa966ab08740798dc91d37eeb8e48c775fbcf5ce2fe24cf66968c1616e5491d3f180c4888254a3614490d,common_voice_ca_31108888.mp3,ec883f78ca8449367f36a9d541b2fb702864456a8277175cf5e3332bb10e6ed8,"Alguns rifts s'han anat formant de forma complexa i prolongada, amb diverses fases diferents.",,2,0,,,,Balear,ca,,balearic,common_voice_26_ca,train.tsv,cv-corpus-26.0-2026-06-12/ca/clips/common_voice_ca_31108888.mp3
bd24eb79a3f6592892711a17449820fd1f0e0f428fa3e8a78bb1e5a415fd5271741dd197dc18561eff0a19451709221c5ac4aaf0ff91d5523b887a2d71ac2b49,common_voice_ca_37560257.mp3,de8dc5d7dfa14b5d911ce6ce974d222c4058463f014ce03cd2c459079f63473a,La documentació la trobareu a cadascun dels passos de la tramitació.,,2,0,,,,Balear,ca,,balearic,common_voice_26_ca,train.tsv,cv-corpus-26.0-2026-06-12/ca/clips/common_voice_ca_37560257.mp3
63797be6a30d231fed952ba971400a7bee2b72015301d42cdd90b0df30c15da878d9d760a044e6c8a4ab35ddcacfb4247481b3ac45a9d1ce1737a2358c7fa93e,common_voice_ca_37414867.mp3,75f6eb6012bce5e5616075ad633ab684b9d329bb4b79c3f7be63051ac6526bba,La coberta dels tres cossos és plana.,,2,0,,,,Septentrional,ca,,northern,common_voice_26_ca,train.tsv,cv-corpus-26.0-2026-06-12/ca/clips/common_voice_ca_37414867.mp3
6e3a1eee9a9a1bb77df022a5c8371e2284082b4d7c8e3712843fd217fee7bb980f6bc944830b8853056c76b40982371c00e8cb7dee1bccc0973b461c4ccb7ec1,common_voice_ca_37636918.mp3,7902752f85334a1bf8e498ed7cbcb7c29e3c6d0e36035362de74af2baa9786d6,El nou d'octubre en Pau va a Llançà.,,2,0,,,,Septentrional,ca,,northern,common_voice_26_ca,train.tsv,cv-corpus-26.0-2026-06-12/ca/clips/common_voice_ca_37636918.mp3
669ec5130c9716a15e967d6c1484e03fcc764cbd57f90cc6047edb8592e7358c510c1451c93c1c75d19f004ab313cbfff1c94e7967e7cacae2ca95536ae356fd,common_voice_ca_37807040.mp3,822c72017013573369a072ef479f72d643006d4dd4c2b81c291c00424f58b3bb,"La culpa fou de l’altre, deien, un camioner.",,4,0,fifties,male_masculine,valencià,,ca,,valencian,common_voice_26_ca,train.tsv,cv-corpus-26.0-2026-06-12/ca/clips/common_voice_ca_37807040.mp3
04b7d9f9b93bdefc1177d1f6cf2e51a78bfe741f356035dbb77d1ed46134a8c6534507d4ccf8ebb4e40263655167aecabe6a8c20ffb12fd82559031fc01d6a50,common_voice_ca_30825233.mp3,8fb180122872a23cc398fbd17926095eae7a8cc5f09ab92be54e5e33ef5d5be4,"Apunta el sis, vuitanta-quatre, trenta-quatre, trenta-quatre, vuitanta-tres com a telèfon del Mateu Fraguas.",,2,0,,,,Septentrional,ca,,northern,common_voice_26_ca,train.tsv,cv-corpus-26.0-2026-06-12/ca/clips/common_voice_ca_30825233.mp3
3aa4468cd1ad041bbfcd0622a4f34206d8b993ce6a72bd5d0d35b40bbccf057d5f48544db7ea1fc3a7ec886f3373a819a053c8a87251f2c059d5c3ca8effa7bd,common_voice_ca_27560138.mp3,45899e267a13fd8a94cf113916a99ae1cbf3af2d0a02fa514efa553816d3c3a2,"Per tant, els Sharers mai no poden ser sotmesos per la força.",,3,0,twenties,female_feminine,valencià,,ca,,valencian,common_voice_26_ca,train.tsv,cv-corpus-26.0-2026-06-12/ca/clips/common_voice_ca_27560138.mp3
c9b4625fa09ab1cc53d33d633b6add20ed66055e8d6527cc8656e34dcad1c51aea99df4f9238773fa43c51cca03399f337e322b40d8a53e26d79649c8f263fcd,common_voice_ca_30798419.mp3,86157f6d67d8d738846321bdcf45f7746f2874f81b1f52d0ec5a5bcbadeb25c6,Es van crear tres companyies amb l'objectiu de fomentar la competitivitat entre les empreses.,,2,0,thirties,male_masculine,,Central,ca,,central,common_voice_26_ca,train.tsv,cv-corpus-26.0-2026-06-12/ca/clips/common_voice_ca_30798419.mp3
c8c124b53f85679a623f43977d1e02b0b627942c95f1a893c9cb164dbb28522c75c323809432e839804c78fbe258c618335eac5515d94754163d0c5bf90b50dd,common_voice_ca_34505496.mp3,389bf8039564e9c86974d9bfb15d9aee0edb2b9ad92854911ab6d6f440421506,"""No hi ha res d'immoral"", va dir l'home afectuosament a la bèstia.",,2,0,fourties,female_feminine,,Balear,ca,,balearic,common_voice_26_ca,train.tsv,cv-corpus-26.0-2026-06-12/ca/clips/common_voice_ca_34505496.mp3
70caf79a6b1b8ff3a11969638d9b352df26e20d5e5ce26e7d7fe0dc18e18fa99fa15b180d8b510e4d6ff869eb529226d58eec649467817723bcac344c8059ee4,common_voice_ca_30875147.mp3,a0a61a3ca6629aa390b85ff426da87a5929a58395b8f7847dfada2fbd8a7a126,La coalició tracta tant qüestions relacionades amb la indústria com temes socials generals.,,2,0,fifties,female_feminine,,Balear,ca,,balearic,common_voice_26_ca,train.tsv,cv-corpus-26.0-2026-06-12/ca/clips/common_voice_ca_30875147.mp3
67b67cfc054332945b878e7a2b10afbb309ed9f6b2cbd66436f6ef82d08e7c704219062671cd1b8dcd185225adb750d2e6edf4467dffda5702642950836350d0,common_voice_ca_36846722.mp3,5da6f1c0060f4ceb3181cd87a25de1361f0e2151fe936f1ebe420fb39ffc6c77,Anava ben vestit i portava una bossa de mà.,,2,0,,,,Balear,ca,,balearic,common_voice_26_ca,train.tsv,cv-corpus-26.0-2026-06-12/ca/clips/common_voice_ca_36846722.mp3
0afdf4a945307d594bb2ad530b571704937b23d28f413cf189fe1dc64372e0c8fae89254a9c7a7bfda6c75f412c8f506dab11301c4bd179165b9aae460bb5046,common_voice_ca_32109412.mp3,735193ddd95b8bff42a5b38e83d03b96f0faf50084c8c52170ce82d0d364a440,Dilluns en Drac anirà a Alcanó.,,3,0,fifties,male_masculine,,Balear,ca,,balearic,common_voice_26_ca,train.tsv,cv-corpus-26.0-2026-06-12/ca/clips/common_voice_ca_32109412.mp3
25f41a5ca387534a4b301325641d3206e7235ffe4e16cf22b992a4f2e9963a0a9961b79a58e453b42559039d7e6d5ca1ea96b00e8e0a1e8ad05f997d68344b10,common_voice_ca_19104101.mp3,e668db4ed0079eecd811d986620afcd002e0e8edb15c3b2f595fe889da5983f5,Tu creus?,,2,0,twenties,male_masculine,,Central,ca,,central,common_voice_26_ca,train.tsv,cv-corpus-26.0-2026-06-12/ca/clips/common_voice_ca_19104101.mp3
0afdf4a945307d594bb2ad530b571704937b23d28f413cf189fe1dc64372e0c8fae89254a9c7a7bfda6c75f412c8f506dab11301c4bd179165b9aae460bb5046,common_voice_ca_32109675.mp3,736a8bc616bd9547858972a5809c2bfa0f9342ada80fd425b40c674e509a8956,El nou d'octubre anirà al metge.,,4,0,fifties,male_masculine,,Balear,ca,,balearic,common_voice_26_ca,train.tsv,cv-corpus-26.0-2026-06-12/ca/clips/common_voice_ca_32109675.mp3
8d4ebe5871fbf473937299da1a3e33d61ab35d13cf8cb060a09ecce39e19af69fb5944c96eee1d7e9573960c3c928a16e1395ef8e364e5d27cdf59d294760797,common_voice_ca_30997591.mp3,cf912b692e009f0bcb44606bda9c83f5aa08100fedf885e039fb895e6806edb8,Eshowe segueix sent la seu del bisbe de la Diòcesi Anglicana de Zululand.,,2,0,,,,Central,ca,,central,common_voice_26_ca,train.tsv,cv-corpus-26.0-2026-06-12/ca/clips/common_voice_ca_30997591.mp3
eba6a7c046f237cd813519509049d06fc89a4adfa78315220c39b6a4268583532cc7688eb0c2d55720cac043a6bea69aa58b391f3ee9c617df2659bb248c6c86,common_voice_ca_31342397.mp3,0aca7b5cc41abfdc3c462032ac6ce69f34f5df08c58520128136d95add1fe83e,M'agradaria anar al carrer de Torrelles amb tren.,,2,1,sixties,female_feminine,,Central,ca,,central,common_voice_26_ca,train.tsv,cv-corpus-26.0-2026-06-12/ca/clips/common_voice_ca_31342397.mp3
42943c490a897b062780ac1100d92ecaf320b7008f53ec470febf0487ad33c9882424e81550dff43edfff424a0562ec80f93cbb5d2e347eafe930985c56e31fd,common_voice_ca_38249674.mp3,a436f4ec3057b2a994ef095de2333865c9a0c942c89a1dc3917f09a5c069f84c,Pot fer-se servir igualment com una llenguatge per definir la interfície dels sistemes distribuïts.,,2,0,,,balear,Balear,ca,,balearic,common_voice_26_ca,train.tsv,cv-corpus-26.0-2026-06-12/ca/clips/common_voice_ca_38249674.mp3
399bd6b2bb47fe6dbf290ff7fb85ab566cd9d508a45e7a44aec10fe1f96bff46b2285335b00b16fc3a1c35c75202a5a592037097593814d5df65d550c009bfd2,common_voice_ca_30970562.mp3,c59a1f2ce95eaa54522f47306053af7e3fbb2afc39473863c5e0a3d1a9f99dd1,Quines botigues hi ha al carrer de Peracamps?,,2,0,fourties,female_feminine,,Central,ca,,central,common_voice_26_ca,train.tsv,cv-corpus-26.0-2026-06-12/ca/clips/common_voice_ca_30970562.mp3
9fb7c6ba9e690d4f142bcc1f2e88ba470bea8a54402e314229c5ad44a55710b7495097ebb61ba16d4f147de441805dcf87693b30de26a04672b3c4e2adfc9583,common_voice_ca_30754410.mp3,76d8021f5167dfab6e5302e6cf8a5842651c250635a1318b4844898d306a1770,"És possible que les obres d'Aristandre fossin, en canvi, un producte de l'escola aristandrina.",,4,0,,,,Septentrional,ca,,northern,common_voice_26_ca,train.tsv,cv-corpus-26.0-2026-06-12/ca/clips/common_voice_ca_30754410.mp3
c2ebed890f05abf23e7146b9c8378ac5d4a7e5e4669ed0929c59399d65b39b9d294432c425115ec2919b485fe528d91f9d95ff6484ca1705d70de357d4381bc5,common_voice_ca_22438797.mp3,87e7167ce237ac8fb052cde49b10e4d1e8eddb604c701565d9755c260e21b520,Actualment es troba tot pintat de color blanc amb color grana en les motllures.,,2,0,thirties,male_masculine,,Nord-Occidental,ca,,northwestern,common_voice_26_ca,train.tsv,cv-corpus-26.0-2026-06-12/ca/clips/common_voice_ca_22438797.mp3
aeb5bbf9a006b1b7e84fc0c3e392484cf59308e717f06e25dfad12feef48720416ce210090f5ac29d97042abd91175f8da6d44cee20d18a717b397b1841a2592,common_voice_ca_30752166.mp3,756ae82c30567f36bc97e90853b9868afabfbe0e0959bad1ce291c12cee5f6cf,Les marques desaparegudes s'enumeren per separat.,,3,1,teens,female_feminine,,Central,ca,,central,common_voice_26_ca,train.tsv,cv-corpus-26.0-2026-06-12/ca/clips/common_voice_ca_30752166.mp3
96e5be9db1ca6071f87dca480940437463d1e867cc16f955eb51ead5807df649d4b71cc74f4730ac339432d4d1049240ff8b04291eaeced0c067d5ec6bb4de4e,common_voice_ca_21993752.mp3,7499c064fa5a8987f538bc32b4d5febe5efbfcca6be9c554d686561495a93f93,El naixement d'Isaac és doncs un feliç esdeveniment.,,3,0,thirties,,,Nord-Occidental,ca,,northwestern,common_voice_26_ca,train.tsv,cv-corpus-26.0-2026-06-12/ca/clips/common_voice_ca_21993752.mp3
b1cdf65f915e2c32cf4649f2a8420e97034eaa6180c1626efb966b8f3f38d0c656f1a7cc2b571571520fe1b7c6c7e62510f203ac38b60bbc3bc5045d11fabbd1,common_voice_ca_30917118.mp3,b06d2a8c6195171c82a768578a0a062f6af187030c3103cc2065c0113ccaf3f2,"I tenia raó, l'home! És clar que sí!",,3,0,thirties,male_masculine,,Central,ca,,central,common_voice_26_ca,train.tsv,cv-corpus-26.0-2026-06-12/ca/clips/common_voice_ca_30917118.mp3
6b4287c9eb8e7e9f84cec31d1c3bcf425639abea050b2605fc0b941de15907254cfa1d001edadadbf506a74d90871ebb488073d2e89d4acc3e542f0d5fd4616c,common_voice_ca_31397665.mp3,147c55e7169684fdbcad1b73ecd58ba2a0fedd485d2483f50c587a59fff0f727,"Més endavant al segle XIX, la sonata era coneguda universalment amb aquell nom.",,2,0,thirties,female_feminine,,Nord-Occidental,ca,,northwestern,common_voice_26_ca,train.tsv,cv-corpus-26.0-2026-06-12/ca/clips/common_voice_ca_31397665.mp3
f590db6d3953b5851ca6644c1d231bfb0361ac377c68c73734d5acbcfef27990d5b1b5fed59201bf613f70cf9df0e104061459b5f0da0f4a2bf68eabafa7e143,common_voice_ca_37629881.mp3,409595c25e53dfbb9f55f62a9159b9ab52d27e8f55dd4ea17bf1bdd0e90096ad,Dema aniré a Lladó,,2,0,,,,Balear,ca,,balearic,common_voice_26_ca,train.tsv,cv-corpus-26.0-2026-06-12/ca/clips/common_voice_ca_37629881.mp3
0111c49e745e4d0df4a25f60fab585b26cd118675d44d8d0ae4d372fce1a6e7d0cf91e95efacee7f9a5c427bebbe626b6cd5827d562a916970ff4a5b8ad7c0cf,common_voice_ca_39959795.mp3,d739719c7bc52574c86a75fa29b36f31fe9d25c67ec295173210b285fba82abf,"""Els informants el descrivien sovint com a fred i narcisista.""",,2,0,,,,Septentrional,ca,,northern,common_voice_26_ca,train.tsv,cv-corpus-26.0-2026-06-12/ca/clips/common_voice_ca_39959795.mp3
35c495872d387015eebf1ee53d7237625fd7de7ecb9eedb1accf9bec88d438250bb521c676ad7cc710671ca8c30be16cc4d07ff3bf330b5b990bf968956534a1,common_voice_ca_37838003.mp3,85205d52be1e72991408a1312b917f2d9b031286addad52ba6f7572098d447f6,"Aquesta editorial també va comprar l'edició Més Andorra, també possessió d'un altre grup català.",,3,0,thirties,male_masculine,,Central,ca,,central,common_voice_26_ca,train.tsv,cv-corpus-26.0-2026-06-12/ca/clips/common_voice_ca_37838003.mp3
6bbd193a67ec5fe0c6532c4208248cc06e0118a0b6dbb5dc5885f8c05712cab1b187ab7d85f4ff7b23669e22d3fe19bb9d70fa2bf6b4fdd0f50d8e021a62f1ff,common_voice_ca_35057691.mp3,40e5cb6bb27a7d72f27882d235d855cd282a6e032bf8b134324ede984e366a83,"Així mateix fou nomenat Comissari Europeu responsable de l'Ampliació, Medi Ambient i Seguretat Nuclear.",,2,0,,,,Balear,ca,,balearic,common_voice_26_ca,train.tsv,cv-corpus-26.0-2026-06-12/ca/clips/common_voice_ca_35057691.mp3
6b54f166f92eabe44e260e1224aaef04d96e9a4e026d85be47687cbcb1b9b8442816c5cd91125b7fbcfd1eb23867cd7dbeae682eecc61dd5e65641f66a191c8e,common_voice_ca_37552867.mp3,c82cbc239a22940338f88f5cbcd19fd239022b23c4e26ee61a5759a370d9f3f9,Per la Candelera posa el bou a la farratgera.,,2,0,,,valencià,,ca,,valencian,common_voice_26_ca,train.tsv,cv-corpus-26.0-2026-06-12/ca/clips/common_voice_ca_37552867.mp3
4d2c8a9f25d2db18368831eae4c6c4ea3d493707b9365edcb20b1519bf30635a627edbdfeb041cbbdfdaaeca1f0fb31e0a47713e3457131494c4888e32a697d4,common_voice_ca_34349201.mp3,3719305cdcd82150f3d341cf334b0a2aa074602e5e1b64117cb8f04b842827b9,El vint-i-tres de maig en Gaël i na Tura iran d'excursió.,,4,0,,,,Balear,ca,,balearic,common_voice_26_ca,train.tsv,cv-corpus-26.0-2026-06-12/ca/clips/common_voice_ca_34349201.mp3
a6051fd230a2e09f163c8c3a57967e239caaadfb88ba63ea5b74639db75f398553e2f81a1d9fa2a1aea1157bc435c1d81cb1a9343e711e6fcce668d5f89954e3,common_voice_ca_38040184.mp3,94f818c227c0fa385ccb0b6e1e7b9fe8643483e768afa1b791c9bb703b1d5b4e,El vint-i-nou de febrer n'Eulàlia anirà a Palau-solità i Plegamans.,,2,0,,,,Balear,ca,,balearic,common_voice_26_ca,train.tsv,cv-corpus-26.0-2026-06-12/ca/clips/common_voice_ca_38040184.mp3
e51f1d569be21b5623e8e7d070c980640191077c83591856f9b176ddcf4ce3e39cdd27fb26e74c36965a6a6bcc2f0c1a80503f5f6e7b7c969c5f0c8516a45c3b,common_voice_ca_33521180.mp3,278ef723cc2e00658e2a80cd2b95ca44fad17a930f73816e6db642dae8624214,Hi ha alguna cita lliure pel fisio?,,6,0,,,valencià,,ca,,valencian,common_voice_26_ca,train.tsv,cv-corpus-26.0-2026-06-12/ca/clips/common_voice_ca_33521180.mp3
360035274e162bced4d642301046971a53f1ffd2c85fa1e2cfdbc381d6c090d5a0cb251a84e65e15ae25c29b01bb35825825dbc95ad147749e01c92506b89ae0,common_voice_ca_31439144.mp3,1b04e48069673f7f9be6629a5ea3341dff1643c55987499d64e60b021068afdd,Foren en alguna ocasió batlles de la vila i sempre ben considerats.,,2,0,fourties,female_feminine,,Nord-Occidental,ca,,northwestern,common_voice_26_ca,train.tsv,cv-corpus-26.0-2026-06-12/ca/clips/common_voice_ca_31439144.mp3
c1a9158cfa967457976230cebd211d3e55cb3e7ee3648c1d4655f4d6a82f234c15a54f869eee010b8215d5ad33f855df2d138e99bd9d1fc0142552b3df5021f9,common_voice_ca_37573597.mp3,fc6330d6fab888a4471bf8050e5182e5aeac3b6b00c073e14d690744a93d5033,"Parades de llibres, roses i altres objectes de regal al mig dels carrers.",,2,0,,,,Balear,ca,,balearic,common_voice_26_ca,train.tsv,cv-corpus-26.0-2026-06-12/ca/clips/common_voice_ca_37573597.mp3
1be5f58ac7d1201ed6ff1267108729c8b9c74d3a28aeed8515fa262de2793ee2cd89b19064e50b08d6d86be0c211e6e36375144e53fe43d3222b74f5df0c4443,common_voice_ca_30752983.mp3,76634fb1e3e7309dbf871a0b08d25a32aee97a3269719178c7a6709c0c32e18c,"Va tenir un fill amb Raisa, en Haider Amir, més endavant anomenat Shahbaz Khan,",,3,0,,,,Septentrional,ca,,northern,common_voice_26_ca,train.tsv,cv-corpus-26.0-2026-06-12/ca/clips/common_voice_ca_30752983.mp3
31535cb2ece4710d08fdbeefb6f8f75ed093fee4cf8573bd601d960f8c6156f0fd0a85712761691e86e31160b993ee0eacb10c4c8aed000cc394cf7c7d207a7e,common_voice_ca_20085419.mp3,1b612ea86b98c4a1819f8267e9ea8909d0f337d334d638eda97c48d7ba86eba0,També va ser un agut i astut periodista musical.,,2,0,fifties,female_feminine,,Nord-Occidental,ca,,northwestern,common_voice_26_ca,train.tsv,cv-corpus-26.0-2026-06-12/ca/clips/common_voice_ca_20085419.mp3
57fa79b868c0c413fa2429624a8e33321018004e077191aef26c5fb373243ce7b06acf48a1732e0692ee1f8e9b71bddc9683cb35ba8a3852cc19f7bbae568c00,common_voice_ca_32061700.mp3,5d7410e3e123bc52250c4d089084ce8fcdce35aa3e600945ad536c1cf3a6351f,Demà en Quer i na Fiona iran al cinema.,,3,0,,,,Balear,ca,,balearic,common_voice_26_ca,train.tsv,cv-corpus-26.0-2026-06-12/ca/clips/common_voice_ca_32061700.mp3
360035274e162bced4d642301046971a53f1ffd2c85fa1e2cfdbc381d6c090d5a0cb251a84e65e15ae25c29b01bb35825825dbc95ad147749e01c92506b89ae0,common_voice_ca_31471069.mp3,1f8ec6d9de84b54fd505bbc8a81988e00a9070b17d2a11644d5275d596acfb64,Les escoles públiques del centre formen part del districte escolar del comtat de Cherokee.,,2,0,fourties,female_feminine,,Nord-Occidental,ca,,northwestern,common_voice_26_ca,train.tsv,cv-corpus-26.0-2026-06-12/ca/clips/common_voice_ca_31471069.mp3
40075ea7c6e458a19c0c6b8de4bdcc3ec31df4ef3ace231161f19114ca5232a6b505056ac237f8c58275b2e5b539014b86189b1d7cb757b5ff6d7fe3cbcc2506,common_voice_ca_37601890.mp3,54e68460a09db8ccd11a8a1818a11790080a9918e53c772f4821513b21a90816,Ser un manifasser.,,2,0,,,,Septentrional,ca,,northern,common_voice_26_ca,train.tsv,cv-corpus-26.0-2026-06-12/ca/clips/common_voice_ca_37601890.mp3
a8be29239309ec46a2d45aeae724bc7e86552a95837aa5364266a0b99a1413174b0b5fb4882078df8986562307e2451d3b150d49260fbf1b1d14f994a95ddb82,common_voice_ca_34987735.mp3,3e766ee0c05182b8d4db28a2d5ecdb6a510d048e47ee89a42ecd87d00e9b326a,"I és que, és cert que és un aniversari trist.",,2,0,,,,Central,ca,,central,common_voice_26_ca,train.tsv,cv-corpus-26.0-2026-06-12/ca/clips/common_voice_ca_34987735.mp3
4fd18c5239021205df6baff92849480127c6e59a89843eac990e260acbec77d355446a0345945205a76159b51ae3788fa6d1934fc8385a0a09f8224a3c68a2f3,common_voice_ca_17534018.mp3,f24c1b3b7a1de9513748210908e86a4d9226e4143d17d8f6c3bdb6de8e9d137d,Es devien ensumar el xou.,,2,1,fourties,female_feminine,,Nord-Occidental,ca,,northwestern,common_voice_26_ca,train.tsv,cv-corpus-26.0-2026-06-12/ca/clips/common_voice_ca_17534018.mp3
b8b3c0302ed09f3174af41a3699d6719c5150f1583d6d7e26a3302a45a98f116b6ee1212c5503cd5b15a870ec2bc63bf8ada70471de09ec70424411e7cc8c072,common_voice_ca_30844425.mp3,95bd0c90d2949a0b284b884e2b1fb11dad61453efc5698fe6d8d662ecf1b7b7a,"Charley, surt ja!",,3,0,sixties,male_masculine,,Central,ca,,central,common_voice_26_ca,train.tsv,cv-corpus-26.0-2026-06-12/ca/clips/common_voice_ca_30844425.mp3
46098bc705768ba56decc92e627fc907363d2e384241e8df3305944a2a5c707f72d4bf6c029e0352447e7f3a27ee52e1e767a8ed4d1769579e7eb82efb003bbe,common_voice_ca_31317893.mp3,070254dc5ecec836dfa08c3e595dbe388a87a0d6e72b64882434eef8296d148a,El campanar data d'aquest període.,,4,0,,,valencià,,ca,,valencian,common_voice_26_ca,train.tsv,cv-corpus-26.0-2026-06-12/ca/clips/common_voice_ca_31317893.mp3
31e6f3a011661320b2e59b6f8be43f6db2243e9feabc2b9787c1413788e13eb0e5810bed983bf7ff66e46417d183a91ed50b3b9be9d89e4f51aada72293b9881,common_voice_ca_32305269.mp3,c25d1d8636dd687df5dc91a884a52f0a6c8807e85a1606f4a4ed8e1cdcd081e6,Dimarts en Lleó va a Reus.,,3,0,sixties,female_feminine,,Septentrional,ca,,northern,common_voice_26_ca,train.tsv,cv-corpus-26.0-2026-06-12/ca/clips/common_voice_ca_32305269.mp3
2ab3f382b2f4062a978a21abc69439952fa60507c8cfc38803906a1a3ed79aa525e1ad04f32c3d2b12c6666f3090c3f23d1c27cf25c14a9e44a1e9eaf55b157e,common_voice_ca_30690383.mp3,20ba8decf35d9d1b149c342d0fdd578abce4c9ce9afe95d6f5e058f9e3e7b344,La meva cosina viu a la Pobla de Benifassà.,,4,0,,,valencià,,ca,,valencian,common_voice_26_ca,train.tsv,cv-corpus-26.0-2026-06-12/ca/clips/common_voice_ca_30690383.mp3
50d73e89f1b40a1a059ecfff053e9688e278023081c38d5a0862e46aa284ff27c65488b9675d1cffff743e47213f2a3b1441556785ee9195e68561790ead0d0c,common_voice_ca_36824912.mp3,5c7063ee7c1c0cec48e3ced19c8b96d32a21ad86c9ca7587d96ab004c97795bc,Vull anar al Far d'Empordà amb tren.,,4,0,,,nord-occidental  de l’Alt Urgell,Nord-Occidental,ca,,northwestern,common_voice_26_ca,train.tsv,cv-corpus-26.0-2026-06-12/ca/clips/common_voice_ca_36824912.mp3
26a17767655ca9374bf1dd1b7f2ea342670b428ade7cc351aad9e409fa3820ca742f5babeee28e49679961fe1031ca629c5edf1be266f862511c856086514c36,common_voice_ca_32176534.mp3,4ee53cd8ec371f8143d7531ecb786ade7e830142882f601b22e04dfee8c2be39,"Del color de l'ocre, o gairebé.",,2,0,fourties,female_feminine,,Balear,ca,,balearic,common_voice_26_ca,train.tsv,cv-corpus-26.0-2026-06-12/ca/clips/common_voice_ca_32176534.mp3
f054e49b9ac18d489188d00c6af8301b0c11e12434699689ac389d07e124af149b6d015b6d131d30a5fbe57a2d90ad520435204b4f26bb59eaa322be5203e8b0,common_voice_ca_33504928.mp3,229ccfd645674ad26540d3e2b9fc01e31338e178254306bdd605d211eba1d2fb,"“Això anirà a les escombraries”, ha dit al començament de la sessió d’avui.",,2,0,,,,Balear,ca,,balearic,common_voice_26_ca,train.tsv,cv-corpus-26.0-2026-06-12/ca/clips/common_voice_ca_33504928.mp3
79987c7514fcc2f5b17ad6b3a8871db730610523adefe535099ba0058a534fd3f405814202487ba7aa9c104ac571e837ef666eddf8b23f50bad1cff78693d514,common_voice_ca_37766386.mp3,7f8cabb5400600784cf8255832bd91a9f57119cb4d602e22894badb62fbff8cf,"Per això, em vaig quedar dreta i ferma.",,3,0,,,,Septentrional,ca,,northern,common_voice_26_ca,train.tsv,cv-corpus-26.0-2026-06-12/ca/clips/common_voice_ca_37766386.mp3
0111c49e745e4d0df4a25f60fab585b26cd118675d44d8d0ae4d372fce1a6e7d0cf91e95efacee7f9a5c427bebbe626b6cd5827d562a916970ff4a5b8ad7c0cf,common_voice_ca_39959789.mp3,d731b001fc985c7cf8ed7a2eaa9160acd74b67adc316c78885d0a483f13ec76d,"Sant Joan, de les festes va al davant.",,2,0,,,,Septentrional,ca,,northern,common_voice_26_ca,train.tsv,cv-corpus-26.0-2026-06-12/ca/clips/common_voice_ca_39959789.mp3
3cab131f1ff7d75b971c677cb846b8d7e931343f418cfa222ef3b301581d2f90b778323dccc4dfd65b8b2d52ffa713e38a113d14201ffc58c660746131f0fef5,common_voice_ca_34547361.mp3,38c1cbf6df9af5f7aeb29651c1fcfa1b627a796844c8fb01a780630ac31b7061,Demà na Farners i na Tanit aniran a Benigànim.,,3,0,,,,Balear,ca,,balearic,common_voice_26_ca,train.tsv,cv-corpus-26.0-2026-06-12/ca/clips/common_voice_ca_34547361.mp3
4392cf50c4ff2741cdf129caef43c2aad7c1721a8c325554fc709c7a1494e0e700e29a6b238dd3a76ad70ee2221808f79c7c7ae04334232732a4db23da6d7c50,common_voice_ca_17483209.mp3,7765a9c1fa741216fdcf2206b37441995ce8e2293173c0f136ffd73dda5c83ff,"Poble on vas, usança que trobes.",,2,0,twenties,female_feminine,,Central,ca,,central,common_voice_26_ca,train.tsv,cv-corpus-26.0-2026-06-12/ca/clips/common_voice_ca_17483209.mp3
0909f5639e00191983e4434a00cc236dd2f746aa98e89228592611c36e41052a3517df0d34e4744fc82d00cf12713945754b19f6a354a3e531f6d730072f1707,common_voice_ca_30974222.mp3,c73cdd3bb0b6be140fc26cf57c15e33393a71126adbe5a7868786a3892ffc5ed,"Aquesta donació va ser confirmada per carta reial, concedida per la reina Elisabet I d'Anglaterra.",,2,0,,,,Nord-Occidental,ca,,northwestern,common_voice_26_ca,train.tsv,cv-corpus-26.0-2026-06-12/ca/clips/common_voice_ca_30974222.mp3
5f97d8f65a3e3666ea465030b24201882aa89fd967feadc60cd67e642cb95f868a74d9ccc8af9ed14de64ca4972c162e58a679ec99b1cc88344af1b09e49e01f,common_voice_ca_37646590.mp3,7a439c0a234e5bc6fa869121774ab97683a9ea12006171c1217fb0a00659fd45,"Apa, noi, com et cuides!",,2,0,fifties,male_masculine,,Central,ca,,central,common_voice_26_ca,train.tsv,cv-corpus-26.0-2026-06-12/ca/clips/common_voice_ca_37646590.mp3
e76ff954ef022ed306093a7f5d107c8ae9c0e476b9ca2a099125125f29a81e22cf196346c3fa51be5e5a3596cdd700dbd1fd12ad6b4d47cf76159efee7d1c0ed,common_voice_ca_25141355.mp3,12f425477774c609d170f9006e83b067dd83a70f713d8ca94e8fd3eab24d0242,I ell va fer el mateix.,,3,0,,,,Nord-Occidental,ca,,northwestern,common_voice_26_ca,train.tsv,cv-corpus-26.0-2026-06-12/ca/clips/common_voice_ca_25141355.mp3
9923f96b06f9a67a524b165f259c9f34fcf2158825b54061320645f87cd93f83f5e9d4cc15e771d7a8ef81d0045115d630d44729dab19d5df0d7f5932a9b1650,common_voice_ca_38120451.mp3,99cee8109623c18cbf501c1b52d559769a8be0b138db869dfe947663f64c0aff,Divendres na Nàdia i en David van a Torredembarra.,,2,0,twenties,male_masculine,,Valencià septentrional,ca,,valencian,common_voice_26_ca,train.tsv,cv-corpus-26.0-2026-06-12/ca/clips/common_voice_ca_38120451.mp3
ef31f1bb79b0d333a81a0bca686332bbaf8d490ab812b4477c62df0137004874e5883e50b7ddaa7131079d0adb0a7f9cf37e79906f97ca3dcf91732b5fb88c8d,common_voice_ca_37864052.mp3,875bcf78dd49148213e9dbf1665dea603db3940efc56856436f0464c54ad69ca,Avui en dia cada una d'elles estan obertes al públic com a museus.,,2,0,,,,Nord-Occidental,ca,,northwestern,common_voice_26_ca,train.tsv,cv-corpus-26.0-2026-06-12/ca/clips/common_voice_ca_37864052.mp3
9f1afd79e6aecbb20b862331a21b66e410f9a340405059ce47663e9da68b4463cf2de7b9fc3af6909c1ab800b9a0b883ec1877f557c64e753101f3a1497644bc,common_voice_ca_30868558.mp3,9e85ccc038d9d09afe737afbfca4fd0e61dda33356e0b3ad609a76daa041f2f3,"El meu nom és Riad: erra, i, a, de.",,2,0,,,,Septentrional,ca,,northern,common_voice_26_ca,train.tsv,cv-corpus-26.0-2026-06-12/ca/clips/common_voice_ca_30868558.mp3
c8c124b53f85679a623f43977d1e02b0b627942c95f1a893c9cb164dbb28522c75c323809432e839804c78fbe258c618335eac5515d94754163d0c5bf90b50dd,common_voice_ca_34591958.mp3,395e0f716b4fc5e165692a16725bb9f93753bd754e0f66192fb037e3662b3a3f,"Beit va quedar captivat per la xerrada de Rhodes dels ""grans esquemes"".",,2,0,fourties,female_feminine,,Balear,ca,,balearic,common_voice_26_ca,train.tsv,cv-corpus-26.0-2026-06-12/ca/clips/common_voice_ca_34591958.mp3
d2d1631ff3b480e01cd27192347281f604e1c28d5db57908ff184199c06e962ce90302a4fb6caa01cc89a9f180fd6e2ba0d5baba4cb0d9128ab22a52691aa1ba,common_voice_ca_33473577.mp3,14e230124bf4ce67a373464f30170e1ec599ed0d64be1a3b63ec3f36faf5b061,"Si no és imprescindible, millor ajornar-la.",,3,0,fifties,male_masculine,,Balear,ca,,balearic,common_voice_26_ca,train.tsv,cv-corpus-26.0-2026-06-12/ca/clips/common_voice_ca_33473577.mp3
de9065b5567e882af96d04a4e36fc779321a6cc297356fa4c91c031432b8b9810883508ddc5b234eaa7a7ec5bdff9627bc7511ad67ef2a0c7d97fc3d1c481b78,common_voice_ca_36932056.mp3,629d256c9c537169eaf12c2a07f76df5276a344622ecd924b732afe3dff3f7ff,"El meu pare es diu Tiago Robles: erra, o, be, ela, e, essa.",,2,0,,,,Septentrional,ca,,northern,common_voice_26_ca,train.tsv,cv-corpus-26.0-2026-06-12/ca/clips/common_voice_ca_36932056.mp3
533f6b5389c76afae3341f9804195543282d28fb503afd0d810e3f0bb4267ddf5e0c30489003844067f811ce46e1900804c7c2368c3737463b00fc54ed179edc,common_voice_ca_19826363.mp3,0ee92e816466b015394e813ef1b30092eaccd5237a30741dc32608181ef41c6b,Després de passar per la Direcció de Treballs de Metz va ser destinat a ultramar.,,2,0,thirties,male_masculine,,Nord-Occidental,ca,,northwestern,common_voice_26_ca,train.tsv,cv-corpus-26.0-2026-06-12/ca/clips/common_voice_ca_19826363.mp3
c2ebed890f05abf23e7146b9c8378ac5d4a7e5e4669ed0929c59399d65b39b9d294432c425115ec2919b485fe528d91f9d95ff6484ca1705d70de357d4381bc5,common_voice_ca_22438795.mp3,872ac5a4b133bde9fa9b6efd48bb0381d9cd4614b5eae1a4da9868989c4b0c82,El creixement de la colla es va evidenciar amb els resultats a plaça.,,2,0,thirties,male_masculine,,Nord-Occidental,ca,,northwestern,common_voice_26_ca,train.tsv,cv-corpus-26.0-2026-06-12/ca/clips/common_voice_ca_22438795.mp3
b1cdf65f915e2c32cf4649f2a8420e97034eaa6180c1626efb966b8f3f38d0c656f1a7cc2b571571520fe1b7c6c7e62510f203ac38b60bbc3bc5045d11fabbd1,common_voice_ca_30917239.mp3,b06fb8e10b1192bf75e63c3bc4f54c3f51cd02e9e493ec9020023fa2f413e364,"En els últims anys, la cadena ha patit una caiguda dels beneficis.",,3,0,thirties,male_masculine,,Central,ca,,central,common_voice_26_ca,train.tsv,cv-corpus-26.0-2026-06-12/ca/clips/common_voice_ca_30917239.mp3
c07ae48a08a381a5c50822f2ebc72fd886dd3e5577a9a1c01a917db713b97170dc29aca7c0537c4adce6b72df57da30fa0cce4c33657fb558f39fe9b1dabc4ca,common_voice_ca_33685720.mp3,2d68e057f3f257128dceea803fd54fe7575347c89610d836e750ab2932409506,Vesteixen camisa groga.,,4,2,twenties,male_masculine,valencià,,ca,,valencian,common_voice_26_ca,train.tsv,cv-corpus-26.0-2026-06-12/ca/clips/common_voice_ca_33685720.mp3
be3e326da717a6cf7cf21997ba19639f72403ae6da49cff888f55cedd7c60919b2d262eebb5e7d5095f8462cfff23631f6ab04a58d3af71e097535b24ee3ba5d,common_voice_ca_30807566.mp3,88d87170a4e3075835deaf455904dada0209dddf07d6cd96ea58e9cc3281d328,Un grup d'homes en una oficina mirant una pantalla gran.,,10,0,,,Lleidatà,Septentrional,ca,,northern,common_voice_26_ca,train.tsv,cv-corpus-26.0-2026-06-12/ca/clips/common_voice_ca_30807566.mp3
4fc86c8b4067c3bc7081290a4339e2599b24a8d27c8dc634f622a70c4cd321b2074c9696c1a85217a9811c8e49bc3612a2d682eec12958e60eeeb347421d4b18,common_voice_ca_37903948.mp3,8ac877d38c08f8a2bf153ed2cb1285d522f75e7d8d744d71fa0d75c0d3c7c50e,Els homes joves solters tenen una habitació col·lectiva i una altra les noies solteres.,,2,1,,,mallorquí,,ca,,balearic,common_voice_26_ca,train.tsv,cv-corpus-26.0-2026-06-12/ca/clips/common_voice_ca_37903948.mp3
ecec0151aaf0ab33b6bec92086ed7a24976140e74974b47b832b2949d3c33e4cfbcd495935fcd46bdcb70f5753a780d5779cb9c00306f105a894a35d6201dc0f,common_voice_ca_31795421.mp3,20d43deb030e1dd872883117cde1905bb9571649027f2c767664978b44d2a9db,Demà passat en Roc i en Manel voldrien anar a Alp.,,2,1,fourties,male_masculine,,Central,ca,,central,common_voice_26_ca,train.tsv,cv-corpus-26.0-2026-06-12/ca/clips/common_voice_ca_31795421.mp3
c536f3b58305c481143610b22734bb81507648bae40b011730fdc9026431887747ab4aead8a1726e35ce61258ecff0d92dc757d75e1368bf89c7167e72985e9e,common_voice_ca_37590612.mp3,30e92f95127bcb4e70cc47d72100f9e3cc87c071f81c5a3b4677a24a8d8585ac,Consulta les gestions que pots fer en línia.,,2,0,fourties,male_masculine,valencià,,ca,,valencian,common_voice_26_ca,train.tsv,cv-corpus-26.0-2026-06-12/ca/clips/common_voice_ca_37590612.mp3
f68e09280076997e63edff7d22d1147538e45423a2efc0e3f75b3ca1b26a35f94bb50469768bdf58200688279ff4191ff9e4662313fee6fffa46a1c69af429bd,common_voice_ca_37603199.mp3,5b94e680579d22aa23d728ccef32f9eb6f4d4db901c03a57c8901458883d5661,"Bromes espesses cap a l'Albera, entra l'herba a la pallera.",,2,1,,,,Septentrional,ca,,northern,common_voice_26_ca,train.tsv,cv-corpus-26.0-2026-06-12/ca/clips/common_voice_ca_37603199.mp3
4e6157e12682d5026015894e16d15c67e09b5417ad6f2e128c4e466185d37a23d234108eb8e4e3981dd695709b618aa6699a6e0f07b8ce269220997118278bb3,common_voice_ca_31012263.mp3,d38e5c6488b44a7042ce9090be731861a211d4646034a956dd091202006aab51,La meva observació seria que això és una suposició.,,8,0,,,valencià,,ca,,valencian,common_voice_26_ca,train.tsv,cv-corpus-26.0-2026-06-12/ca/clips/common_voice_ca_31012263.mp3
6ca0bfdd26a8eff504600a9e7309600a25e24976ecd3263fa237255c9715fcbce40a575ea0c98f7e230a9e9c2f57c066d7be8cbd9d75f75d118cbd298cd91e9a,common_voice_ca_38061291.mp3,96a6da5dead18457740ec31357ad043ba48811103d8ee6ba97139e589bccfa1d,Possiblement rep el nom en record de l'alliberament de França en temps del descobriment.,,4,0,,,"nord-occidental|Lleida, el Segrià ",Nord-Occidental,ca,,northwestern,common_voice_26_ca,train.tsv,cv-corpus-26.0-2026-06-12/ca/clips/common_voice_ca_38061291.mp3
f30766821d1b495bb6f9c9ca5a802bcaffb4ab03beb9a7ae6cb9d1554d97bff529ccff7f549559b21c46fde9ffd8dd0cd64344e99882aee09f19dc77f1d2975c,common_voice_ca_37637212.mp3,791d6d094344ad2872c7cc3e08346c6dac185537dcf28a3ecd39c5deb769412c,Les qüestions d'ordre social quedaran relegades a un segon terme.,,2,0,,,,Central,ca,,central,common_voice_26_ca,train.tsv,cv-corpus-26.0-2026-06-12/ca/clips/common_voice_ca_37637212.mp3
f2f1e673646ffb5bb91f154130ac4e9f922f6f9a89eb8fd41620feec7a633c65c78c65aeb65499eaf619f5e2d7fe04893f9830970530f76f737c26e627948e94,common_voice_ca_36699497.mp3,591c6d358d14fd0d4c4a458673d5fc3ab564e9f82d81322f8b9461a5ea1c0b69,El vint-i-tres de maig na Nàdia i na Noa volen anar al Cogul.,,2,0,,,,Septentrional,ca,,northern,common_voice_26_ca,train.tsv,cv-corpus-26.0-2026-06-12/ca/clips/common_voice_ca_36699497.mp3
e3764c738c1c1fa6c063aecd70e041588a2a0762fb4be037f7fd5bac92482ed7ccc166f166ae166637df0ec05244c00c8fba7e726872247adb9b8f2c85cc5aff,common_voice_ca_32131023.mp3,7e4985506f93902a8e6bd7506958bb7eb075aa25e5bf26e8be6dc582f12eba4e,Divendres en Pep i na Nit iran a Castelló de la Plana.,,3,0,thirties,male_masculine,,Balear,ca,,balearic,common_voice_26_ca,train.tsv,cv-corpus-26.0-2026-06-12/ca/clips/common_voice_ca_32131023.mp3
8f78b4eaeb9dd44b6459e50a615ad298d58b8b059192a3d84a6ab9f3ee31995fc5f2d9a5cc53f04ec3367fd662bc566bde33cc614cf65f9a71acafdade0e3d3a,common_voice_ca_20500020.mp3,2f491e84053b1a27cdf36482e5278dd6f2bedb0adaa9851fbdcbf2215aaf797c,"Gran xutador i driblador, fou un dels millors mitjos centre catalans del moment.",,2,0,thirties,female_feminine,,Central,ca,,central,common_voice_26_ca,train.tsv,cv-corpus-26.0-2026-06-12/ca/clips/common_voice_ca_20500020.mp3
f68e09280076997e63edff7d22d1147538e45423a2efc0e3f75b3ca1b26a35f94bb50469768bdf58200688279ff4191ff9e4662313fee6fffa46a1c69af429bd,common_voice_ca_37603197.mp3,5bda0aeed171fdf5c575156c84d802ffb56b8c73c19bc81c26b6c7460537963b,Clar com el so de les campanes.,,2,0,,,,Septentrional,ca,,northern,common_voice_26_ca,train.tsv,cv-corpus-26.0-2026-06-12/ca/clips/common_voice_ca_37603197.mp3
f4cfbbd9eebe81c129b71749fd2b1bb59763d7e45319914980ec2cef1eb1f39cb24088b9493757fc0ab2684b31137b985de384ff40e4db8f1b230ad6d6e0086b,common_voice_ca_33483086.mp3,1645d2afcf67e3c6cfd9f95405046baba13df2e3f519f2ac8a96189fe800e783,"Va adreçat a estudiants de secundària, batxillerat i cicles formatius dels instituts.",,2,0,twenties,male_masculine,,Balear,ca,,balearic,common_voice_26_ca,train.tsv,cv-corpus-26.0-2026-06-12/ca/clips/common_voice_ca_33483086.mp3
f4cfbbd9eebe81c129b71749fd2b1bb59763d7e45319914980ec2cef1eb1f39cb24088b9493757fc0ab2684b31137b985de384ff40e4db8f1b230ad6d6e0086b,common_voice_ca_33483084.mp3,165e19ef37cf2138a536d1f6afef884a94197bec7a84da7112caa9c64510aa83,I el teu assumpte serà arxivat.,,2,0,twenties,male_masculine,,Balear,ca,,balearic,common_voice_26_ca,train.tsv,cv-corpus-26.0-2026-06-12/ca/clips/common_voice_ca_33483084.mp3
b5f14b49e6a15fb28af1d909b7bb3390dd5ad064d244120bdc4392701b3ac09fcf1b03f638843871d31222c921246248f3581f45d805df5765d33c788a748a40,common_voice_ca_30816392.mp3,8c2c6016cf2d9d3beb182d40858251c19337dc06a562b4998546356488d78fe9,Aleshores ell va decidir anar a ajudar Tolosa.,,2,1,sixties,male_masculine,,Septentrional,ca,,northern,common_voice_26_ca,train.tsv,cv-corpus-26.0-2026-06-12/ca/clips/common_voice_ca_30816392.mp3
80923f53da66acf2b0f28ec60df4d3abd235f02e36e3f2e0984dfa8bb02386f8cefc915b10962d35598ff7412bcf483f1aa96efb129bee999e5efb5d532ff968,common_voice_ca_37545996.mp3,ba9544a036439b7203ed2fb509cbe50ffd64c412c79f8d8b2e6a38e9d46b79e5,S'han publicat les qualificacions de la tercera prova.,,2,0,,,,Septentrional,ca,,northern,common_voice_26_ca,train.tsv,cv-corpus-26.0-2026-06-12/ca/clips/common_voice_ca_37545996.mp3
3e25c487e49b73048e3e0e2789fa48c40860bcc11806e742da5a49dcb2e3e6a9abd69604dc773a51a8156c00f5ca56563f1cbe0a0bad6f15fbcbdae7731df5e8,common_voice_ca_37758318.mp3,7ec5202f7bc38ded3c1dde28d29a44a11a2069ff33068d821b75cf7a3df31684,Va defensar la participació dels musulmans en la direcció política de l'Índia.,,2,0,,,valencià,,ca,,valencian,common_voice_26_ca,train.tsv,cv-corpus-26.0-2026-06-12/ca/clips/common_voice_ca_37758318.mp3
cf9e531fd1b8412ab463a3a549151b04ee7686b7489a6400a5aa5d26cd4928f83b7bb6ae7485fd9d38aa26b7e9a9b459a294fab56dd5338ff2e0188a253a3116,common_voice_ca_38993451.mp3,c87a22112726ebbe4e439e507f935480df024ee593a148fb778af7b967b7ebab,"Els estudiants de primer any fan quatre assignatures al quadrimestre, i els d'altres any, cinc.",,2,0,,,,Nord-Occidental,ca,,northwestern,common_voice_26_ca,train.tsv,cv-corpus-26.0-2026-06-12/ca/clips/common_voice_ca_38993451.mp3
4969761e9ef54127a52172287d7603a8eef11445eed5fff664444be28682633ecd597d8b37b6c032dbec392ac7c956f52f194aff605f413a2a8ed4edc9be33c7,common_voice_ca_37605978.mp3,6376e60141bac3dc4b96a980839a20e89a9188b6f1195047aee1197b36a49885,Prova de coneixements del territori i cartografia.,,2,0,,,valencià,,ca,,valencian,common_voice_26_ca,train.tsv,cv-corpus-26.0-2026-06-12/ca/clips/common_voice_ca_37605978.mp3
7a9d00159a5e9d8a451b2115ecf9add8bd36860552432d5c25eec50f68c5b5aa7e2c2e8aedabf87fd39f60f8f5b1620905d1aff06e27bf74179bef1807549255,common_voice_ca_31170736.mp3,a0532375625122e4d231ca005cbb794d14b906db851932442d76e4547ea6ca41,Manuel Creus i Esther va ser un escriptor nascut a Barcelona.,,4,0,,,,Nord-Occidental,ca,,northwestern,common_voice_26_ca,train.tsv,cv-corpus-26.0-2026-06-12/ca/clips/common_voice_ca_31170736.mp3
b71989a7c887e2872082ff8207b77f0fe176eca771534a27229c3b3aee08b8b36746638f984938c98f1ab232b978602f451c1a960f634a833073708a6a33f476,common_voice_ca_37622894.mp3,77c033273f971f9eb64e2912ce7fa455edfd472cf5ee5b57420a8715dc7376ba,"Té una planta de peix, botiga local, oficina de correus i escola primària.",,6,0,fourties,male_masculine,central|valencià,Valencià meridional,ca,,valencian,common_voice_26_ca,train.tsv,cv-corpus-26.0-2026-06-12/ca/clips/common_voice_ca_37622894.mp3
3ad283f5467cf67e609e8c7510aa17e4ea70232849d52b21f9b64e7b5b751713974fd97eb1c566e611bdc671fcaaabfbc9e8a2667b7e9bb0692d0fbf92c2abfb,common_voice_ca_20520635.mp3,30bda1ca97f53d463de185dc99246fb6dec9608978f7233f31fb7a15041f3f7b,Les seves escasses restes queden al nord de la carretera.,,2,0,fifties,female_feminine,Empordanès,Nord-Occidental,ca,,northwestern,common_voice_26_ca,train.tsv,cv-corpus-26.0-2026-06-12/ca/clips/common_voice_ca_20520635.mp3
bb46e50398bf1b0dbc50c497b4db5be0900860bf36bcc718b76e3483f8e5c6a87e66c8df1e6873665d5aff1b797ae746fa83faaeb7787a160d43593ea7bdc7b2,common_voice_ca_30748928.mp3,749ccea4b1a5fdf20f611b1bada95623a9b00105aed92f02863731b0018619ef,"El nou edifici, molt més gran que el que va substituir, no ha aguantat.",,2,0,,,,Septentrional,ca,,northern,common_voice_26_ca,train.tsv,cv-corpus-26.0-2026-06-12/ca/clips/common_voice_ca_30748928.mp3
c2be4f7a8e3952aecc0488ca451560ffab4199d88486c3c26fec5e00f11e9724ce012b2f76ee61c223acf5503a9d90422085f68366d995a31d586558dda7a2ef,common_voice_ca_37603153.mp3,5b2322e1ec4f0ec3063309d4aac1358a8f3a1acf20a8fa95c1d126f4c98a5726,De rialla fàcil.,,2,0,,,valencià,,ca,,valencian,common_voice_26_ca,train.tsv,cv-corpus-26.0-2026-06-12/ca/clips/common_voice_ca_37603153.mp3
206a196a55bf75a878ca807e71342c91d453423aaeaae1f6a398c8d04af2228acb8ce5e2cb31bbbd4c6bbb90c12dd2ce9b31683de574da8e95c5a05e2967bfb6,common_voice_ca_30768456.mp3,7bf060e7f48727b6c847a4b2fa4cc5e04d77326d3888fb1075b6448f66e2edf8,Qui estudiarà ara la proposta?,,4,0,,,nord-oriental,,ca,,northern,common_voice_26_ca,train.tsv,cv-corpus-26.0-2026-06-12/ca/clips/common_voice_ca_30768456.mp3
bccd3fd6850b5dd528db97bf944d96ed32417d2ea7e7a0f0db51887a1177274139887a2fab6acdf4368ad5112d349b08463f33969274f367c2a45d91cdd10854,common_voice_ca_24682884.mp3,dd70814de45f70502fc6bb5d4fb352d8173727a5a7bdd96672f059aa753a49b7,Les reformes i refeccions estan bastides amb maons i fragments de material constructiu.,,2,0,twenties,male_masculine,valencià,,ca,,valencian,common_voice_26_ca,train.tsv,cv-corpus-26.0-2026-06-12/ca/clips/common_voice_ca_24682884.mp3
6d5922e596b89322477f1438147a235938dbf99889101df427999031ccaccc17a33659f58c559c70aa3b690a0b315a2afd74d0f9d28511377fd153533f7ce0be,common_voice_ca_37737475.mp3,7e1040987b3255a0169ce18bf2bbdd5c18eb8bf801df1114b0385cb1dfc14ea2,"Per valorar les propostes de mencions, s'ha de constituir una Comissió d'Avaluació.",,2,1,,,valencià,,ca,,valencian,common_voice_26_ca,train.tsv,cv-corpus-26.0-2026-06-12/ca/clips/common_voice_ca_37737475.mp3
cb42cb3205438d700affc4fedb7c25ec01d48a900331e50dccce6f59018e141eaf23a4554a9edf8697040ac55584a625ef9adaa65777c53411521a569a853143,common_voice_ca_32454468.mp3,fb2bbf76132c1aafccc4502fd89a14ea8a8968c62dd92e9a07f285053256cc3a,Demà passat n'Oriol i na Sança iran a visitar mon oncle.,,4,0,,,,Nord-Occidental,ca,,northwestern,common_voice_26_ca,train.tsv,cv-corpus-26.0-2026-06-12/ca/clips/common_voice_ca_32454468.mp3
f03485e5b50b1dd19b420017940c7c6300f3104ef2dbf97bf3f413ad339df91d21ddfcecb3360bcf50a3130f8ca8d661995bb856c0d3b65a524e964d1914c2cd,common_voice_ca_37560969.mp3,e22f0f5bc4f918c5dd5dbef1d8d035f68a54ae4a1dc6bfd150112ca6205a45ce,Tenir més collons que el Tato.,,2,0,,,,Balear,ca,,balearic,common_voice_26_ca,train.tsv,cv-corpus-26.0-2026-06-12/ca/clips/common_voice_ca_37560969.mp3
e1342a862238bf4a6682fd05e40bd4dd9bcc56081a99abcd02dfc102489a7b464f5ae0e9354c1645feabfc05435b3c2b43804ede89bd255cf61c8b86234203f1,common_voice_ca_34024213.mp3,ea3629a1c253a4f12225a57c655339be6f450033711299e54d294bec0e3a9a7f,"Sonen tan canalles com el nostre ""Àngela Maria"".",,9,0,fourties,female_feminine,mallorquí|Palma,Balear,ca,,balearic,common_voice_26_ca,train.tsv,cv-corpus-26.0-2026-06-12/ca/clips/common_voice_ca_34024213.mp3
1c9de0d86eb73f36f1d4ab9194c221db3236d86bb6950d614e51877638a4a329f5b2eaf5dfb6aa86bcd79c1bae8719e344330b90d1dda6c15fb5e702df31f1b9,common_voice_ca_19562136.mp3,0be82de9264775fc4fe70b68441ba01fa125e61e2c6ab95cb9cef958e7573946,Llavors fou una important font d'esclaus.,,3,0,sixties,male_masculine,,Septentrional,ca,,northern,common_voice_26_ca,train.tsv,cv-corpus-26.0-2026-06-12/ca/clips/common_voice_ca_19562136.mp3
32e924cad766e548f527602e2ee436b05a7c234a0887f2dc10b0236f4373ee20ce02ff66083b03330f72f7d6396a19abad0de40d4210fe4f2b37057a1541cd73,common_voice_ca_31872441.mp3,3c7aae9ec10b01ce44b13b4a013bdeb9f5f54bf1a3ca8551aeca8ae8e655e8d9,Dimarts na Lena i en Garbí van al Masroig.,,3,0,,,,Septentrional,ca,,northern,common_voice_26_ca,train.tsv,cv-corpus-26.0-2026-06-12/ca/clips/common_voice_ca_31872441.mp3
f2f1e673646ffb5bb91f154130ac4e9f922f6f9a89eb8fd41620feec7a633c65c78c65aeb65499eaf619f5e2d7fe04893f9830970530f76f737c26e627948e94,common_voice_ca_36699500.mp3,59296e8b5d7a0193f25e6643cdab46afbba8e919cacb1f1db725b0369590852a,"Els seus hobbies són el bàsquet, el menjar, la música i les pel·lícules.",,2,0,,,,Septentrional,ca,,northern,common_voice_26_ca,train.tsv,cv-corpus-26.0-2026-06-12/ca/clips/common_voice_ca_36699500.mp3
a9916e1baed2c9fe37a8dd970da6cccb0504d3bf3968c8332606f80903efe1fdfc3eb4d9ab712b0ddaaa324270efcd4852894b0c055c56fba3b6d3b8aef3a84f,common_voice_ca_38675117.mp3,588ab209ed1452da7efdcbf0f26ccc012ea4a6f2484e93c3a68c02b86c4c26f6,El pis de la Sònia no era massa gran.,,2,0,,,valencià,Valencià central,ca,,valencian,common_voice_26_ca,train.tsv,cv-corpus-26.0-2026-06-12/ca/clips/common_voice_ca_38675117.mp3
19e69c883010f29aea1b0eccba82df8d5fac1852cb63bae246a074f43a718a7e975de4a6f229fa6f75f050a09abba65bfc265b452e3a49122098ae9eecd12b2c,common_voice_ca_37574332.mp3,f899509337eeaff7198fc5c289be2ed1cb6b1aa491601cb1034b99a7c113b149,Obrir el pit.,,2,0,,,,Septentrional,ca,,northern,common_voice_26_ca,train.tsv,cv-corpus-26.0-2026-06-12/ca/clips/common_voice_ca_37574332.mp3
f30766821d1b495bb6f9c9ca5a802bcaffb4ab03beb9a7ae6cb9d1554d97bff529ccff7f549559b21c46fde9ffd8dd0cd64344e99882aee09f19dc77f1d2975c,common_voice_ca_37637214.mp3,79385e200be0cab99ba6cb2096fec9d8b8d31fb719b456ed687a55e767efd407,"Hurstbridge celebra el festival anual de Wattle cada primavera, i un mercat de pagesos cada mes.",,2,0,,,,Central,ca,,central,common_voice_26_ca,train.tsv,cv-corpus-26.0-2026-06-12/ca/clips/common_voice_ca_37637214.mp3
cd6286f379b071fb084f15c02771115ad2a4a5a12e5d75f2c2d447722198e60667a5bae96b02d7bcbebce9e03e0b1fd07da5cbbc0adb564845d4b085e6fd6e01,common_voice_ca_35016748.mp3,3f70e6d60ffeb38da43599f62cf04c6fdb386e4291bee88d6f4da7f7c1a98cdf,diumenge he d'anar a la Febró amb autobús.,,2,0,,,,Balear,ca,,balearic,common_voice_26_ca,train.tsv,cv-corpus-26.0-2026-06-12/ca/clips/common_voice_ca_35016748.mp3
bccd3fd6850b5dd528db97bf944d96ed32417d2ea7e7a0f0db51887a1177274139887a2fab6acdf4368ad5112d349b08463f33969274f367c2a45d91cdd10854,common_voice_ca_37427097.mp3,012042407256f9be48436c2db9887ac39233f4b8184a7aede42a86dd25216178,Més llarg que una processó.,,2,1,twenties,male_masculine,valencià,,ca,,valencian,common_voice_26_ca,train.tsv,cv-corpus-26.0-2026-06-12/ca/clips/common_voice_ca_37427097.mp3
0336780475a5c299071b7ee8249d4d4f348cfd9cf41651af74abde09d3b98a702ef33c7b0f7aa6e7ccb3bb0f198c604cd5dfdcb5bdf01bbbe5bad0b699b434ff,common_voice_ca_30846990.mp3,96c09f4203d9566bbe2e0666f4da56228ec2d89ad561f6f12323fd427d1502e4,El president nomena un president auxiliar pro tempore.,,4,1,,,,Septentrional,ca,,northern,common_voice_26_ca,train.tsv,cv-corpus-26.0-2026-06-12/ca/clips/common_voice_ca_30846990.mp3
50d73e89f1b40a1a059ecfff053e9688e278023081c38d5a0862e46aa284ff27c65488b9675d1cffff743e47213f2a3b1441556785ee9195e68561790ead0d0c,common_voice_ca_36824911.mp3,5c6483cfb368daa1fbc9a413c5e659dabd9eb984b699fea3e12e5e2e523a6c91,Es troba en un estat força dolent.,,6,0,,,nord-occidental  de l’Alt Urgell,Nord-Occidental,ca,,northwestern,common_voice_26_ca,train.tsv,cv-corpus-26.0-2026-06-12/ca/clips/common_voice_ca_36824911.mp3
b3b8a4852020a2dd126818021e9aba97d6089bed49314847dc5fae15354fbf971daf64866fe4bb885c9b6b9d36ed20ece4438b5cc89c8fd181ff59cedb70f325,common_voice_ca_21321598.mp3,4b174a61aecd28348011e9d50c9a21e84df346d70a7118f0325e41afd2329591,Va ser prevere beneficiat de la vila.,,3,0,fourties,male_masculine,valencià,,ca,,valencian,common_voice_26_ca,train.tsv,cv-corpus-26.0-2026-06-12/ca/clips/common_voice_ca_21321598.mp3
30f6a9704c99493898ff346ecd7e689f1187e0f98a450384fad5c883e20d059584a1b3af8239cd9716f55f925ba3a235bc173ddb1bdc6ae7c77f8cd2d71bd8ce,common_voice_ca_41103886.mp3,c1c6c42c2398024ff3a8e42a9edc091b7ef5893d9fa5fa9670f35a9f78a96bc2,En quina circumstància ha posat èmfasi?,,2,0,,,central,Central,ca,,central,common_voice_26_ca,train.tsv,cv-corpus-26.0-2026-06-12/ca/clips/common_voice_ca_41103886.mp3
57b214ed8679f10b827db6856964137f0d26f50035adb230b437c80ac75865a1c1af17474c45fc7081b3ef934f3c96602f4c905ac3b33f0421b3dd249d10d5db,common_voice_ca_20251774.mp3,25430fc53ccf7a04d55891a56b5a68a57f627bf41f0119206c03d9c976a55a6c,És un conjunt de diverses construccions d'èpoques i estils diferents.,,3,0,sixties,male_masculine,valencià,,ca,,valencian,common_voice_26_ca,train.tsv,cv-corpus-26.0-2026-06-12/ca/clips/common_voice_ca_20251774.mp3
ac9ca5a6ca8f6237847ac871b7f7b8c0ded30fe5891ac49e0af19d2fb3b0176ca2d3aa18e16842d52ebbbbadfab18405ffc2b5f7271704e0fb4c3f1698cc43e6,common_voice_ca_32501859.mp3,034e5481444b2cc1d2dfe011b64e1ef9aba0c6c3bea189f1e7ea8b7ab2c23e9a,Demà na Sira i en Martí volen anar al cinema.,,2,0,fourties,male_masculine,,Nord-Occidental,ca,,northwestern,common_voice_26_ca,train.tsv,cv-corpus-26.0-2026-06-12/ca/clips/common_voice_ca_32501859.mp3
9531e3a462dc71d76274def0ade1fc170c6e7be16b79a0067692807c6d2cd70d112ba24bbdfcccd9811cbc34b7a24cdde3bc1a54f2de9937b433bca19c9570e7,common_voice_ca_38052872.mp3,95d21dfcf8cd43e04267c3154b2ff7f9c8603406e43684dd2ad4e4a67c0f9ac0,"A més, tots dos haurien de ser completament nacionals.",,2,0,,,septentrional,Septentrional,ca,,northern,common_voice_26_ca,train.tsv,cv-corpus-26.0-2026-06-12/ca/clips/common_voice_ca_38052872.mp3
3cffdd09d97d220454e68d5faf35030ca19760186f7350d8cf475d6d225fb0c8003db6ce56e588ce7d7cd1a96bd46b19477be722475281b69dc8a67c4f1ec586,common_voice_ca_38100646.mp3,98e174e5e7651a3384f0ed53472ac78f7abaa538b58834cd88cf3baa34c87620,"La van concebre i crear Joan Oliver, Francesc Trabal i Armand Obiols.",,2,1,,,balear,Balear,ca,,balearic,common_voice_26_ca,train.tsv,cv-corpus-26.0-2026-06-12/ca/clips/common_voice_ca_38100646.mp3
b8edd535430395b2f4455eca8daea243f8cc2f589f0f482c2dc271c0f605362c987738fb1c3dd20d3d4e6e6c33a22af7d6bbd73562227ecc660fc81fce0a53e1,common_voice_ca_37578448.mp3,0945452c7238ed32d11deca0bbef87ecc9cb8500c078a46a895fc86c35c6f3a0,No veure-se'n als dits.,,4,0,teens,male_masculine,,Central,ca,,central,common_voice_26_ca,train.tsv,cv-corpus-26.0-2026-06-12/ca/clips/common_voice_ca_37578448.mp3
d94e845c302f5cfda75e5de597260c7e33bb52b8056a0b8a5cb388f134e0f0fe2d565b9dd386903961790b8d0de1d59788a122fc7971fd5913e758839b55b167,common_voice_ca_31364486.mp3,0edb3ea91bb5e516c11fcc716ee6d18948188ed715f378b7aca467b5fc59a1bf,"La Casa s'ubica a Waterloo, Bèlgica.",,2,0,twenties,female_feminine,,Central,ca,,central,common_voice_26_ca,train.tsv,cv-corpus-26.0-2026-06-12/ca/clips/common_voice_ca_31364486.mp3
9460bcd422ae7bd8f1ab521b77c9ca101d9207c3bfb9efd2649705fd4c9fad08a1b175b1fa3f0036d514989834bb742b5951970d69530259825b384af6ebfcb3,common_voice_ca_31417775.mp3,18283dd40fd839a75f38d4941dc53c1053e3000acaf469a191adc3a5ccfb665c,L'activitat econòmica principal és l'agricultura i la ramaderia.,,2,0,fourties,male_masculine,,Central,ca,,central,common_voice_26_ca,train.tsv,cv-corpus-26.0-2026-06-12/ca/clips/common_voice_ca_31417775.mp3
d753f303fae59584c74edd9998690cca65d19ee6e92384c53c493c27bc8be19b9e101038c7ad29c453bdf3c16563b04bca82cda7cea4cdda851badb0d60e2be7,common_voice_ca_26232137.mp3,327ab1a8e066022cab0f79b8715d66e2d3e3daca4aa907bab4de5d3551fb80da,La causa principal de la disminució d'ossos marins de Guadalupe va ser la caça de foques comercial.,,3,0,,,valencià,,ca,,valencian,common_voice_26_ca,train.tsv,cv-corpus-26.0-2026-06-12/ca/clips/common_voice_ca_26232137.mp3
862539a33ebcdd7b133410e28f64a12a0b90a61da84f6b18fed21e9001f4ed7dbd0c7092551ea36179a88a663b56853a68b83051adc439981cee6933b5fa115c,common_voice_ca_23889174.mp3,bd5338004d521b47abde46116e7609a90e420aee62d775b950f1b73176bb90eb,La muntanya està situada entre les rieres de Rajadell i Fonollosa.,,2,0,twenties,female_feminine,valencià,,ca,,valencian,common_voice_26_ca,train.tsv,cv-corpus-26.0-2026-06-12/ca/clips/common_voice_ca_23889174.mp3
6396b8df6091ac3a863cc0053f945375fccc04eb4a106d414d2538b9e346ede78ca20d174261e7a8df445a7ef55dc22b5a47adc852167074654321e692903b4c,common_voice_ca_21352586.mp3,4d5d34af0f208311fa62f2d0967277ceaedc8a96d56f7162b43f2157e420ae31,L'arç blanc era l'arbre consagrat a ella i també l'arbocer.,,2,0,fifties,male_masculine,valencià,,ca,,valencian,common_voice_26_ca,train.tsv,cv-corpus-26.0-2026-06-12/ca/clips/common_voice_ca_21352586.mp3
8d0085a66d64058fd3c49768bf6703bcd43abe57c1fc40539c08dc790714319b63a6c413a5b92655d6785231e18a3b93b7e831ca098f8554d9c106b571e7e3ed,common_voice_ca_37433731.mp3,1220af9d1723249cb3ecb6068443eb57000a4f493e35ce953d9d4bb807fd5c7f,A Reus me'n faig creus.,,2,0,,,,Balear,ca,,balearic,common_voice_26_ca,train.tsv,cv-corpus-26.0-2026-06-12/ca/clips/common_voice_ca_37433731.mp3
c74a97b5a0226946aa095ac0d4fe27bb7ff0d52377a322de5c7eb5134ceb367bca33612c1fe1a30f4dd988735090b25101c3d223a9791111641f49fef4df8d43,common_voice_ca_32591928.mp3,1d4d4776e5f3af0c4ef7c62b609bb4acb1c402d18fee9b7b187ca887ca981e55,El nou d'octubre en David i na Xènia aniran a Vila-real.,,4,0,,,,Balear,ca,,balearic,common_voice_26_ca,train.tsv,cv-corpus-26.0-2026-06-12/ca/clips/common_voice_ca_32591928.mp3
545efbbd53bb2cb86711ecc7942b4fbcbedd6c117633697d105bc412f14515852690a798cbe4fcf7ea92592022c6f4469adec42be7bff5d10ccef622f4cf96fa,common_voice_ca_31213555.mp3,f7ee98921754a0973db24d20c24826136ec5051824c39b52843d7424a509dc8d,L'estudi d'aquests triangles va ser el punt de partida de la trigonometria esfèrica.,,6,0,fourties,female_feminine,Tortosí,Nord-Occidental,ca,,northwestern,common_voice_26_ca,train.tsv,cv-corpus-26.0-2026-06-12/ca/clips/common_voice_ca_31213555.mp3
50362a6ec44d908b28a697d600df5d9d254a9248f6ff69976d35c83f9970b0d6936e0c6f18aa94ee09d735a588eae87f19165ae1d84c797a9ccf2091ffb1ed97,common_voice_ca_31340137.mp3,0a39bb38d9ba3ff4ee45350a870bb76cdbccc9ee49aa9c8009c7bf67a48942e8,Ell no serà present al casament reial.,,3,0,fourties,male_masculine,valencià,,ca,,valencian,common_voice_26_ca,train.tsv,cv-corpus-26.0-2026-06-12/ca/clips/common_voice_ca_31340137.mp3
c1127909ae303e740378497a8e3f1ce7b2918c98222f2cabf71281a3972f8cf74ca2067273ec3d8292db734b3f7fd482dbceb404510eac5fa6c4bdd08d1ca01b,common_voice_ca_30896179.mp3,a8482e976f6e4fa62f567249f7005d1dcbea72ecd34b900291f6b527fceee316,Barry Bonds es va convertir en un dels batedors intimidatoris per la seva enorme potència.,,2,0,,,,Nord-Occidental,ca,,northwestern,common_voice_26_ca,train.tsv,cv-corpus-26.0-2026-06-12/ca/clips/common_voice_ca_30896179.mp3
7d19dccf48114d3ec00c45fe80581300faca042157d6c9458ec439c300d8c7b1190aa70eecf19f8b1d5af8c7291f3da08fc635a7fd6acc7c5b203d1e226589f5,common_voice_ca_20762934.mp3,35afd736ee62289265b328c62545590b4e685b6ccfd1eb2277b28f95fe39a752,Tant el port com la fàbrica van ser destruïts en la Segona Guerra Mundial.,,2,1,thirties,male_masculine,valencià,,ca,,valencian,common_voice_26_ca,train.tsv,cv-corpus-26.0-2026-06-12/ca/clips/common_voice_ca_20762934.mp3
e1dcee497b03e9d5e34721a9678b4ee63bfa908344af4a5bb7e44c71f2b7e3a6f83197e29fd9438048147aa1bcbacb26bee61124e7abe58ab410b0f86d37f3d1,common_voice_ca_19895641.mp3,109886b5d7bdf6441bdb8918f7038ce096fd4f59147644c15c69bb39486ff606,Aquesta revista mensual de sobte es va estendre molt més enllà de Seül.,,4,0,fourties,male_masculine,,Nord-Occidental,ca,,northwestern,common_voice_26_ca,train.tsv,cv-corpus-26.0-2026-06-12/ca/clips/common_voice_ca_19895641.mp3
10ecc1c21897445b632068bef3e6340aaaea0162ada888a98bf7a41f42147601cec94bfc6ddd2d2467356559e16b4550292e5c59729ffb061b0063d96cbbddae,common_voice_ca_17465499.mp3,9e0cf11162cc73c8bba01cd818b6c817737beffbfcc5df47b72d697a0e6b1edc,"També hi figura un geminat, el qual representa la relació d'aquesta població amb el ferrocarril.",,2,1,fifties,male_masculine,,Central,ca,,central,common_voice_26_ca,train.tsv,cv-corpus-26.0-2026-06-12/ca/clips/common_voice_ca_17465499.mp3
490e2caf11c64b7931abf75bcdadb334e8b4a7d55b263326c6bdd8f4c8a450161db6a799d44c62505374c2ebe3e29a0a7a2b757eb8b12181f9401e8b390d96c6,common_voice_ca_30869334.mp3,9e7dc4bf0377397376183196c4671cdf4f770e216fba4fd161eceb6ba02b427a,Aquest poema el va musicar Donald Swann.,,2,1,,,,Septentrional,ca,,northern,common_voice_26_ca,train.tsv,cv-corpus-26.0-2026-06-12/ca/clips/common_voice_ca_30869334.mp3
8605a4de41c0ea53dcc412a06e2f9f8efdae397b555b30f59ccfdbeb168eff60119542c019930c4bbee3c0a4f503280823d93a812d91d7853093e8ad2973eb04,common_voice_ca_37633413.mp3,788e9840c221d253027c8dbac2cb0a7fe9fed7621abcc30f56ac46c26afaa89e,Formulà una definició d'element químic.,,2,1,,,,Septentrional,ca,,northern,common_voice_26_ca,train.tsv,cv-corpus-26.0-2026-06-12/ca/clips/common_voice_ca_37633413.mp3
bf61741297653053896c7246004dfd49ed380ec0f1e2294d4c8c607faeb805dbd016793013ed9142ff24938a2a540f56c1086f826fb4b5c1eece2e7640326d08,common_voice_ca_38060122.mp3,968c67adf2b641403719de36c4ca25746a0eaf1ca1037e4eb1066048384b335f,Demà na Frida i na Txell aniran al cinema.,,2,0,twenties,female_feminine,central,Nord-Occidental,ca,,northwestern,common_voice_26_ca,train.tsv,cv-corpus-26.0-2026-06-12/ca/clips/common_voice_ca_38060122.mp3
9a460810552af088edc43c43389d91e9f2844641708b8adae4bfb5a84a2899114dbcaa3fb2ed94ea40619735db3b2180d3ada4e8e54e00e4e588ca8eab2a3253,common_voice_ca_38153417.mp3,9c638be70a1cd9077ea96462c1d4d05f124a0791bb4174fa1f6bf438ac651064,El pacte fixa els eixos d’acció per a protegir la regió amazònica.,,6,4,,,"balear|aprenent (recent, des del castellà)",Balear,ca,,balearic,common_voice_26_ca,train.tsv,cv-corpus-26.0-2026-06-12/ca/clips/common_voice_ca_38153417.mp3
3cffdd09d97d220454e68d5faf35030ca19760186f7350d8cf475d6d225fb0c8003db6ce56e588ce7d7cd1a96bd46b19477be722475281b69dc8a67c4f1ec586,common_voice_ca_38100644.mp3,98e8b7f065ad8ee3efcad5ee13ce882788d6a21d0c64b5da36ed89a361dbcead,Un home juga a tennis.,,2,0,,,balear,Balear,ca,,balearic,common_voice_26_ca,train.tsv,cv-corpus-26.0-2026-06-12/ca/clips/common_voice_ca_38100644.mp3
ee03d192e1ba21bf30d2bb4951ae03eb289d2e7cfa0f5f855f717e5bdf95bdf1d23290a0db6b66d87b8450baf3bb530700fb67bfabe24149790cf4841eed3218,common_voice_ca_41112336.mp3,ca966bb3e95b1125a982dde70fcfbd06d9290b1de5fc29937b137cb200e1dde8,Estava quiet el nen?,,2,0,teens,do_not_wish_to_say,valencià,Valencià septentrional,ca,,valencian,common_voice_26_ca,train.tsv,cv-corpus-26.0-2026-06-12/ca/clips/common_voice_ca_41112336.mp3
d02d8263fd2ba6f00221e360f15a48975e5e880a9aef9a988f125ea62a510530ea07fa81d7323c5a5c5d8922a92d1186bc2c42f74ea643aa00c656c9b455ea3c,common_voice_ca_24085687.mp3,ccd4ffeb64bae1dbb338ce50819cb59b5a97b876119a60d2e74e736b3da900b0,"És hermafrodita, amb pol·linització entomòfila generalista i dispersió anemocora.",,2,1,fifties,female_feminine,,Nord-Occidental,ca,,northwestern,common_voice_26_ca,train.tsv,cv-corpus-26.0-2026-06-12/ca/clips/common_voice_ca_24085687.mp3
0e712fb95a5a5ef9c3a9f2a4d157a540a1a0f805ea7718c827a052b9db0536d7fa79d6cddc542e6958f1ab1da5a8c69f115173db79cad4e4f95e12458077bf66,common_voice_ca_36238332.mp3,4fac0652fdd3819589cade3402e52854726d9283990c1f945fb225e03ff2b670,"Si em feu callar, jo ma, me, mi, mo, mu jo moriré.",,4,0,,,,Nord-Occidental,ca,,northwestern,common_voice_26_ca,train.tsv,cv-corpus-26.0-2026-06-12/ca/clips/common_voice_ca_36238332.mp3
8ebfa7fb8906786379e079e2e63e879713158d6f08d2c1b8e8744f097d782db703138e93c3da54b8f8ba476acdfc4610d752dd9ade7602c7cf6b94d1833b01df,common_voice_ca_33435006.mp3,f841af67044c5d98e708144f0737e6cb49af8bab0fec27ba41e495095793486c,"Anirem fins al final, ha dit.",,3,0,fifties,male_masculine,,Septentrional,ca,,northern,common_voice_26_ca,train.tsv,cv-corpus-26.0-2026-06-12/ca/clips/common_voice_ca_33435006.mp3
4441f076bc285bcf9707f316882f34c24c0d7d57c525833d8097c1c0bba0d2b43b7e45437841d5839c3f2cb2bb7da6512c0678889accdda6f6c4f103c94738df,common_voice_ca_31081081.mp3,e731ef0cf386b80168c0043bd997dc1ecb4ffcb0e038ac5089add40bb88675d4,Catalunya Paleolítica.,,3,1,fourties,female_feminine,,Septentrional,ca,,northern,common_voice_26_ca,train.tsv,cv-corpus-26.0-2026-06-12/ca/clips/common_voice_ca_31081081.mp3
905c6228ee908a3fa1aa46cf051812fde060aba13cee71540d4467db5faa0c12b9c2cbbb26e764f7c3ad7969480a7736f8374333eb0509b970606df1958c1add,common_voice_ca_38723711.mp3,bff2059f46946dd824de44bd08f6629db69811bf2cc756e1546813cf5dc85d65,El port va tardar uns deu anys a reactivar-se.,,4,0,sixties,male_masculine,valencià,Valencià meridional,ca,,valencian,common_voice_26_ca,train.tsv,cv-corpus-26.0-2026-06-12/ca/clips/common_voice_ca_38723711.mp3
01ec2bedd32c841ddd93670183677ce0c5964c9516beaf52a6b70467370b33b11c8b12ec3313947fbc37b4133dd45a50dc799d65c823c1b318846c6aa15b93c8,common_voice_ca_31035350.mp3,daa685092cc1c7fee955e7aa87f5222f192d13b59c34fbd88c6ee8fcd385daee,Aquesta tarda no he dormit gens.,,3,0,,,,Septentrional,ca,,northern,common_voice_26_ca,train.tsv,cv-corpus-26.0-2026-06-12/ca/clips/common_voice_ca_31035350.mp3
107839c0a57701a2cb8b87344d30ac8f93828c76afde5d281264928a93715f923e4ec713b727979c85c6f6f4024eff43a326b31723e343c6cb5ce2055b8351b5,common_voice_ca_32241344.mp3,a812a0f54e18bc24a77482ebaca097684a54f2edac0b9192ab56841888830421,Reté els símbols cristians fora de la vista.,,2,0,fourties,female_feminine,,Septentrional,ca,,northern,common_voice_26_ca,train.tsv,cv-corpus-26.0-2026-06-12/ca/clips/common_voice_ca_32241344.mp3
31e6f3a011661320b2e59b6f8be43f6db2243e9feabc2b9787c1413788e13eb0e5810bed983bf7ff66e46417d183a91ed50b3b9be9d89e4f51aada72293b9881,common_voice_ca_32207947.mp3,9b806d91344121ead534b69e20a7e049bd6c40037eed6895e40ead3b64c03584,"Hi torno, que no ha estat res.",,3,0,sixties,female_feminine,,Septentrional,ca,,northern,common_voice_26_ca,train.tsv,cv-corpus-26.0-2026-06-12/ca/clips/common_voice_ca_32207947.mp3
9a37648f8ecc2dc0310ad8f83aac36643460912de4983f2e3eb0ee05227d5e38e135df74728a827941dc6d2cc893323fe005f514caeb50947a0a28374ab459b3,common_voice_ca_30790154.mp3,83cd27282c85d7d72a0bf32df3616e45fc88a9a6b31b50d0f5df2176df7e4eaa,Està generalment acceptat que Stratemeyer va escriure tots els llibres.,,2,0,,,,Nord-Occidental,ca,,northwestern,common_voice_26_ca,train.tsv,cv-corpus-26.0-2026-06-12/ca/clips/common_voice_ca_30790154.mp3
aa4689503c067e173ada9bfd0ce918fc240da99caf2be73a130a98a9b068e374c5673d84116d06981055cc9e4aec55fc01b1ad7c3e8b2d2ded2b22b856f4d192,common_voice_ca_37622455.mp3,776fa45d8e4df22b1cabf27fd2d466626d423172522ef388753aeba124604f82,Mengen peixos.,,2,0,,,valencià,,ca,,valencian,common_voice_26_ca,train.tsv,cv-corpus-26.0-2026-06-12/ca/clips/common_voice_ca_37622455.mp3
8e8f74c8c28909256f92e896a1777630f0338f3e1c1887d07e6e4d7393c6b32515193494d2e5e36a8b2610145ac7695369bcb405f1dca71edc2b5f99699a73f7,common_voice_ca_30903579.mp3,ab319c26f2d797ad00960d8cfe294bbe5789561eb776951ac249d9d01de60e71,"És intel·ligent, però no es pot comparar amb l'altre mestre.",,2,0,fourties,female_feminine,,Central,ca,,central,common_voice_26_ca,train.tsv,cv-corpus-26.0-2026-06-12/ca/clips/common_voice_ca_30903579.mp3
63797be6a30d231fed952ba971400a7bee2b72015301d42cdd90b0df30c15da878d9d760a044e6c8a4ab35ddcacfb4247481b3ac45a9d1ce1737a2358c7fa93e,common_voice_ca_37414868.mp3,76361eb00cb81a504f4821e9cc0e99434e189dcb0013ea820068d17328db68cf,"Werther i Charlotte tornen molt tard, i ell ja es mostra enamorat d'ella.",,3,1,,,,Septentrional,ca,,northern,common_voice_26_ca,train.tsv,cv-corpus-26.0-2026-06-12/ca/clips/common_voice_ca_37414868.mp3
1bd807fe70963a622b924a58d4569ff95c8046941a479ff0d6f398b3ccadadcff39100ecddd73fd7c26e158ccc3264367d0021cf56a15317af8c076852f09764,common_voice_ca_30934164.mp3,b70be24ca09bc5cdf78118fcaf8c2812e92665ab7bc4d9b77c7de1aebb8dca57,El banc té oficines de representació a Dubai i Hong Kong.,,6,0,,,valencià,,ca,,valencian,common_voice_26_ca,train.tsv,cv-corpus-26.0-2026-06-12/ca/clips/common_voice_ca_30934164.mp3
8b600dc4cb8f4a6c8bc2666b13de0a0d4c1a87724becccc80cb9e9f4f6d16b6b6d5eb8bd1f637d421979ff0af04cd3faa55a9b18b8adce58e604dc021b646934,common_voice_ca_31380808.mp3,11ba57345ff733e8d7eb161d0bc631d890766da5026b1f2dada79dc10f027294,No hi ha res que suggereixi que ella tingués cap idea dels seus plans de protesta.,,4,0,,,Nord oriental,,ca,,northern,common_voice_26_ca,train.tsv,cv-corpus-26.0-2026-06-12/ca/clips/common_voice_ca_31380808.mp3
7a652127591f6d6ce5e58d95ea09a8ea5886f562e1d79e1756574cbc527f6d6813d21f9cd67038d6cfd7bd6683f7115419e46546ba154cabf309f6baf9800a43,common_voice_ca_31497857.mp3,2434b3d8e560d9cbbd332990f2d6d6afd22202e9bcef99e4259669f57dcb6cb2,Un home amb una camisa britànica està dempeus amb un bastó.,,2,0,,,,Central,ca,,central,common_voice_26_ca,train.tsv,cv-corpus-26.0-2026-06-12/ca/clips/common_voice_ca_31497857.mp3
aa1e72e9d0ae447314f69ec78fab304c4301e7cb188e777635f393a52beef901e1ff6b935b3a8820ad017109f1002cfd16469f4c2f15e228768e17abafa2e1e9,common_voice_ca_32236691.mp3,a5f1653f4f8da4bf55f53840fff5c0cd9a31823886a4013111b4ca471d6c309e,Cent vint-i-set solien fer a les cales menorquines.,,6,0,thirties,female_feminine,Neutre,Central,ca,,central,common_voice_26_ca,train.tsv,cv-corpus-26.0-2026-06-12/ca/clips/common_voice_ca_32236691.mp3
3de1ec298f76b173db5d690cfe5f623db2137648ba134ecfdfe08ec58e0cf0880e6717f1c92e6ff3bfd3f736390383fabe6cd4f0d0bdef61a3cd523e2b82cce1,common_voice_ca_30878506.mp3,a1fcd3cba7801c413cde7f4b83605242a20140448e3a8bc9c9aedf88781d1729,L'exèrcit britànic també va ser cridat a l'acció.,,3,0,fourties,female_feminine,,Central,ca,,central,common_voice_26_ca,train.tsv,cv-corpus-26.0-2026-06-12/ca/clips/common_voice_ca_30878506.mp3
4cfc1cd71ac5d3f1f906e4e159dafcde1ee47a7d393f135fb378f1826d1c2bef4e8589b16c47f1de6c303cdae521e19deed0fa7b1a08297d003a48c3e591ec56,common_voice_ca_37623904.mp3,77d036bc3c22eae9c26fed62b701bc039e0fea21d22f7a37234db54e0a260afc,"El meu fill es diu Salman: essa, a, ela, ema, a, ena.",,3,0,,,mallorquí,Balear,ca,,balearic,common_voice_26_ca,train.tsv,cv-corpus-26.0-2026-06-12/ca/clips/common_voice_ca_37623904.mp3
8d696eed43c55020f1b591ce0e6f9548fa4e4c558290587f9eb8209fd580dfb48aad892e442678528bf76ce1874e9e29ca51b795fbf6080060cf086fc5e93457,common_voice_ca_32412903.mp3,ebb45985f78ba2f033fdeaf208a47c16fdae0788d9eafdb04fb5f51840381c87,Dissabte na Nina irà d'excursió.,,6,0,,,nord-oriental,,ca,,northern,common_voice_26_ca,train.tsv,cv-corpus-26.0-2026-06-12/ca/clips/common_voice_ca_32412903.mp3
5b46c8527a8bf6552f46e67db8adcdea78db4bc2afbcb679edc1349da4faccfe29d5a935893cfeec75fb65ebbde88131367b90424eada44ef21d9cc7a11af9b7,common_voice_ca_37808169.mp3,823dd28015a239240a7bba6c29f3aca43700ec8036d9a0b2cd25eb9feecdc6b7,Moltes espècies d'aquesta família són epífites.,,6,0,,,mallorquí|Santa Margalidà,Balear,ca,,balearic,common_voice_26_ca,train.tsv,cv-corpus-26.0-2026-06-12/ca/clips/common_voice_ca_37808169.mp3
7782ea0548fc2a3e3b4a74ea15b4d70f7187654670abfaf2a294e60ec8801d0c7e99205f73220eb9f6f87883de6d94bb3fb93b006d52378096a0a9da91b98608,common_voice_ca_23977792.mp3,c680f63e660a8a6847b7e8de7afa2f122ded8507e921b8e4cc368b2d53caec07,És considerat un radical.,,3,0,,,,Central,ca,,central,common_voice_26_ca,train.tsv,cv-corpus-26.0-2026-06-12/ca/clips/common_voice_ca_23977792.mp3
974b5ddd7809db7af95f3ba217120eaadeb222515d7525c383cc7e8fc3e1fbc99b3f666c01577638b1d00edef3cc52c1bcadc249e97ab5f203be0f727a73c5fc,common_voice_ca_37562889.mp3,e460d669451732e685da23762706322394fde2b7b0f850f8e90a200c672bc9c8,El pa d'hostal ennuega.,,2,0,,,,Balear,ca,,balearic,common_voice_26_ca,train.tsv,cv-corpus-26.0-2026-06-12/ca/clips/common_voice_ca_37562889.mp3
3ad283f5467cf67e609e8c7510aa17e4ea70232849d52b21f9b64e7b5b751713974fd97eb1c566e611bdc671fcaaabfbc9e8a2667b7e9bb0692d0fbf92c2abfb,common_voice_ca_20520670.mp3,30c1764723e99e57973fd479122eb4c8300305c0290ba24b7e952ef4cc55794e,L’escena es duu a terme a Troia.,,3,0,fifties,female_feminine,Empordanès,Nord-Occidental,ca,,northwestern,common_voice_26_ca,train.tsv,cv-corpus-26.0-2026-06-12/ca/clips/common_voice_ca_20520670.mp3
107839c0a57701a2cb8b87344d30ac8f93828c76afde5d281264928a93715f923e4ec713b727979c85c6f6f4024eff43a326b31723e343c6cb5ce2055b8351b5,common_voice_ca_30899156.mp3,a9b228eba9b7b76a50061e2338690c75d1d1897d639b05920b2a864bfc872b25,La mascota de l'escola és l'àguila daurada i els colors són daurat i verd.,,3,0,fourties,female_feminine,,Septentrional,ca,,northern,common_voice_26_ca,train.tsv,cv-corpus-26.0-2026-06-12/ca/clips/common_voice_ca_30899156.mp3
ee03d192e1ba21bf30d2bb4951ae03eb289d2e7cfa0f5f855f717e5bdf95bdf1d23290a0db6b66d87b8450baf3bb530700fb67bfabe24149790cf4841eed3218,common_voice_ca_40140414.mp3,ddab11aee357d5e4044ae3950776f205805cdf68e6013eb71399cc9cb58f70f8,Per Sant Jordi na Frida i na Txell volen anar al cinema.,,4,0,teens,do_not_wish_to_say,valencià,Valencià septentrional,ca,,valencian,common_voice_26_ca,train.tsv,cv-corpus-26.0-2026-06-12/ca/clips/common_voice_ca_40140414.mp3
a04e7e1f34df4688ad55d24d4497a7fc06fcfe349ab4e6bb0cf53800bf65b8f6decae8612427eeaa0b7f8364f2f1bc8e2b77811181a7199492c3dec846965ccd,common_voice_ca_37138202.mp3,6a12e872c9c521fd87b881e17c2bdd84ee4b6ab360b755b3325e7a0938cddd45,"Si és com ahir, ja falta poc perquè surti la gent.",,2,0,,,,Nord-Occidental,ca,,northwestern,common_voice_26_ca,train.tsv,cv-corpus-26.0-2026-06-12/ca/clips/common_voice_ca_37138202.mp3
459688455ad5a81f0f4619a61b3eb4a0bed7d2cfc61ab7e378d63c8330a965df0b107202edac7bad64b8e3f60364928d7ddc345b929410d7f243953f0ff6b4a9,common_voice_ca_31389018.mp3,133aa9b7408281467259ec5f07c75eb6bc5582644958aa5b9ab69d36fa00567c,Menja principalment invertebrats aquàtics i algues.,,6,0,,,balear,Balear,ca,,balearic,common_voice_26_ca,train.tsv,cv-corpus-26.0-2026-06-12/ca/clips/common_voice_ca_31389018.mp3
1e272b6983c53e36f1dc82fc576631162d08662cbbe2a74238b7a30b342bd44fa2e769bb0d0398afb0cb1a6e228697b2eda803f5cb53bf28cc3f5e9006a8ce34,common_voice_ca_17654596.mp3,e401077d5521db9eb280be5bad942053ae9fc7b464bebce4074d8af2ecc74b19,Hi va entrar.,,3,0,sixties,female_feminine,,Central,ca,,central,common_voice_26_ca,train.tsv,cv-corpus-26.0-2026-06-12/ca/clips/common_voice_ca_17654596.mp3
19b58c23bcd3675fc2d5418487f2e974939a5b6f1b0fa966ab08740798dc91d37eeb8e48c775fbcf5ce2fe24cf66968c1616e5491d3f180c4888254a3614490d,common_voice_ca_31130844.mp3,f0282da9013d40fb9241b9dca215248ce5443771e4b90f4d31fd84b6d0233a3b,"Les occidentals es divideixen en dues branques, el catolicisme i el protestantisme.",,2,1,,,,Balear,ca,,balearic,common_voice_26_ca,train.tsv,cv-corpus-26.0-2026-06-12/ca/clips/common_voice_ca_31130844.mp3
545efbbd53bb2cb86711ecc7942b4fbcbedd6c117633697d105bc412f14515852690a798cbe4fcf7ea92592022c6f4469adec42be7bff5d10ccef622f4cf96fa,common_voice_ca_31212852.mp3,f60c61c4fc54aa24ed331edd14005818f7173e7af40384673f5f7d399824c827,Quina és la millor manera d'anar de la plaça de Josep M. Poblet al carrer de Joan Blanques?,,8,0,,,Tortosí,Nord-Occidental,ca,,northwestern,common_voice_26_ca,train.tsv,cv-corpus-26.0-2026-06-12/ca/clips/common_voice_ca_31212852.mp3
aa8d56848569c88eec9d265620d514cd7df53bbaba013716b7a1794e29b40520e6a6c36f0abb54331b5a0e34abb8484eceda9cc3668f8e3df6dca44d99d8c6e6,common_voice_ca_37427655.mp3,058214d80eddc35c7d7c011aa94d65e2ba3a65cb0b3b025a02a6cab9dac8f4a9,De bones maneres.,,2,0,,,,Septentrional,ca,,northern,common_voice_26_ca,train.tsv,cv-corpus-26.0-2026-06-12/ca/clips/common_voice_ca_37427655.mp3
bf61741297653053896c7246004dfd49ed380ec0f1e2294d4c8c607faeb805dbd016793013ed9142ff24938a2a540f56c1086f826fb4b5c1eece2e7640326d08,common_voice_ca_38060259.mp3,966f1a822be4ac32f71d7f1b5666a21c846f5aea37f3d78157dc149cfc3242e9,Es tracta d'un edifici de tres plantes.,,2,0,twenties,female_feminine,central,Nord-Occidental,ca,,northwestern,common_voice_26_ca,train.tsv,cv-corpus-26.0-2026-06-12/ca/clips/common_voice_ca_38060259.mp3
e91f347285d7df0914671a39165495e381c0a40205875c8e75d9fbd2e45c647945a025f8ae0fcfe89ecb215a9911ab43d9c39a894bf6d9f1f0e9b1522926107f,common_voice_ca_17533242.mp3,c37639549dcefa5fe7e8b10820598ea75dafd37fdda1a32b833fe863900c723c,Va arronsar els muscles.,,2,0,fourties,female_feminine,,Central,ca,,central,common_voice_26_ca,train.tsv,cv-corpus-26.0-2026-06-12/ca/clips/common_voice_ca_17533242.mp3
9f31767b51f6a5e248a28c2b0589d2f511b44e3ece6c75b045ae87f772fdd67e1f3a7086041e136bbce4f5a906f254bb92a8bd93e73d76d8bb9380b59d48d8d8,common_voice_ca_30832109.mp3,921023f34790380b5e2e0b52182451d7e2eadf4e64b1a6c26cc388c2258211dd,Tardà valora positivament el camí fet.,,3,0,twenties,female_feminine,,Central,ca,,central,common_voice_26_ca,train.tsv,cv-corpus-26.0-2026-06-12/ca/clips/common_voice_ca_30832109.mp3
3e322c5030d2ce4bf84ffa741f38c79eed1d9a3ddeb20695b36f8665df21a0da312d76c0e93e78474fccb950cc092b828e59313d2984012d22337ff507183fa0,common_voice_ca_37540242.mp3,afda779894bbbf56732fd238b32b2a3870c346d097b2e0238c485fc8d4bdafbc,Fer la carrera.,,2,0,,,valencià,,ca,,valencian,common_voice_26_ca,train.tsv,cv-corpus-26.0-2026-06-12/ca/clips/common_voice_ca_37540242.mp3
31e6f3a011661320b2e59b6f8be43f6db2243e9feabc2b9787c1413788e13eb0e5810bed983bf7ff66e46417d183a91ed50b3b9be9d89e4f51aada72293b9881,common_voice_ca_32339763.mp3,cf5a0711afd22a7a68c93d7fdd1cf63365f67a9d0900337c7312997aaf9c0144,Deformats com els despatxos més poderosos.,,2,0,sixties,female_feminine,,Septentrional,ca,,northern,common_voice_26_ca,train.tsv,cv-corpus-26.0-2026-06-12/ca/clips/common_voice_ca_32339763.mp3
e83d48b939323aa85e9711bc1f564200a4f56cd878a124aef2102b89b4dfcf2d6a90b498cf29262c5099373d147c3c8ddb55804476ed7c1ae3e20be12154e59a,common_voice_ca_33418542.mp3,ee0ac4c0d9992b1f1a856c6c1905d82a1fd762f4c1f347e0b3ce2b490339d690,És un període marcat per l’ocupació militar de les tropes napoleòniques.,,2,0,,,,Balear,ca,,balearic,common_voice_26_ca,train.tsv,cv-corpus-26.0-2026-06-12/ca/clips/common_voice_ca_33418542.mp3
6b406af410854c9a8bb052a0ca3af42370d0b842081a4cfcefcb05c30af6c86eabc85a0fc6ee79edacbcaad7a6c685968dd08c8b98137f0eab28f8e225247041,common_voice_ca_30914659.mp3,af5eefe74b25a86b2d249c914e7538f99edf7d901b75a9debed6fe35a346bcca,Una persona que porta un peto a la part superior d'una escala de fusta vista des de baix.,,4,0,,,,Nord-Occidental,ca,,northwestern,common_voice_26_ca,train.tsv,cv-corpus-26.0-2026-06-12/ca/clips/common_voice_ca_30914659.mp3
e8ebb1a7077837d668a0d217ec51b26816a06d43b206b1fffa2150fa9a37365405a1532b7ef60fe14f656c3d6e1c56b739fd12b039bb37ac4830511907a000c6,common_voice_ca_37621224.mp3,77412596c8fb765d46184805af8f5ff8741750acb108013f94850af61a7b62ef,"Va tenir molta acceptació per la versatilitat, manejabilitat i facilitat de neteja.",,2,0,,,valencià,,ca,,valencian,common_voice_26_ca,train.tsv,cv-corpus-26.0-2026-06-12/ca/clips/common_voice_ca_37621224.mp3
3449d56106b37bb27ccceb1ce5b668c40eeaa4e90d389e03f0b1ba3098b2a6159298cd57279140223b8d5969b8e6394be7e497e67a9ac29cdd299152bfcaf17f,common_voice_ca_38153879.mp3,9c553d591b11a487be819b3081b9a73185cf892647822c2cc491e1ef91eeffff,És una imatge divertida.,,4,0,thirties,male_masculine,"balear|aprenent (recent, des del castellà)",Balear,ca,,balearic,common_voice_26_ca,train.tsv,cv-corpus-26.0-2026-06-12/ca/clips/common_voice_ca_38153879.mp3
89b76732ce551b69b4f23b6240a9a07123074f33d3fa431cc8362009772649d7c8881a66e7de4b949f758aff4f9db93881206e548f8bfe95b11bef9d3ba7f9f1,common_voice_ca_31248404.mp3,fd460230bfc7a5c6892938cb9d63ab61d36de56f3e6c0262687e51fadf2d9ae7,"Després de l'esclat de la Guerra civil, a l'agost, es converteix en governador del Sàhara.",,3,0,thirties,male_masculine,,Central,ca,,central,common_voice_26_ca,train.tsv,cv-corpus-26.0-2026-06-12/ca/clips/common_voice_ca_31248404.mp3
8e24859776a236f7d9d5ed1c787e65afb65973928eac4ff7b523d61e2e7f0a35b2b9be28643d33117b2be05ee59d1d5d089b35caae170f6c107893e2f5af8f15,common_voice_ca_37633877.mp3,78b14f0d5b663b6570835f137905efb4320425df8ed4c16b063b2db3c369f073,Què hi ha al carrer Vila de Roses cantonada Antoni Gilabert i Bonet?,,2,0,,,,Septentrional,ca,,northern,common_voice_26_ca,train.tsv,cv-corpus-26.0-2026-06-12/ca/clips/common_voice_ca_37633877.mp3
303e23fee8a156aa9e8951e4b219dd0895130a4fc4134db2b2e4dc3b1702328082cfcaf4f3213ebd28b14f66c80448c26cf4c242063f18a7c482de111fd0ec5b,common_voice_ca_31126133.mp3,ef554c866dfedc1336a15acad676d4def946775491f47eb2236bada5311e7619,"Dokken serà el titular de diumenge, després que Giuffria surti a escena.",,6,0,fifties,male_masculine,valencià,,ca,,valencian,common_voice_26_ca,train.tsv,cv-corpus-26.0-2026-06-12/ca/clips/common_voice_ca_31126133.mp3
56e4f1dc91f8196b8b85fa56b9cb6dcf0054f2f177102699143c6ef2cea2ddf34a422487c0b54bf1a649c18bb1dcfff5e153569a160846894131ce391b9ae776,common_voice_ca_31874081.mp3,3c6a626f11ae7988ab8b68bb08a375b73f0ae77f8ee3bd698f23a2d697751578,Per Cap d'Any na Mar i en Nil volen anar al metge.,,6,0,fourties,male_masculine,valencià,,ca,,valencian,common_voice_26_ca,train.tsv,cv-corpus-26.0-2026-06-12/ca/clips/common_voice_ca_31874081.mp3
8c21f22afee554814805c114ae8f98539a1ca14b581abbcd3bc1fffbb2f60c28b8c7eb15843a91a8b2240c4242c0715decc01805f89b25c0b6525f0c5e6c320a,common_voice_ca_30876735.mp3,a14d3f20b08caf005aa303e9d3657cef7e122ad0bd74c6fd5202e4669f69df6e,El premi consta de dues coses: una medalla i un certificat.,,2,0,,,,Septentrional,ca,,northern,common_voice_26_ca,train.tsv,cv-corpus-26.0-2026-06-12/ca/clips/common_voice_ca_30876735.mp3
8b9cea1a985f62e985f28a0af9cbe8dbc4a1629fba038a4e0e4257151537b42825ea8be440fbab03e9eeb30fe86378ea15c26d93326f9b13abb74cef3dcde4aa,common_voice_ca_37568617.mp3,edd57d1bc8b4aba314f9571c10a3fac913dc750b76999a7d46f189be2e590730,Parlar a mitja llengua.,,4,0,twenties,female_feminine,menorquí|mahones,Balear,ca,,balearic,common_voice_26_ca,train.tsv,cv-corpus-26.0-2026-06-12/ca/clips/common_voice_ca_37568617.mp3
d3728ba9c4b430ac8de2cae654e5f82df2f4d0a6dfb848476b737738b7f15bf69c5716a2869c7bec6b1836a4a60d99d479c10bdebd6d1c0153a08371a46c6665,common_voice_ca_33637860.mp3,2cfd9fbdf02d4ede608987a2ed607c07edf9e096ec092e5394dcff6f02b25d04,Vull anar al carrer de Torres de Marina amb cotxe.,,8,0,thirties,,balear|mallorca|Palma,Balear,ca,,balearic,common_voice_26_ca,train.tsv,cv-corpus-26.0-2026-06-12/ca/clips/common_voice_ca_33637860.mp3
80923f53da66acf2b0f28ec60df4d3abd235f02e36e3f2e0984dfa8bb02386f8cefc915b10962d35598ff7412bcf483f1aa96efb129bee999e5efb5d532ff968,common_voice_ca_37545992.mp3,bc100376375756240f676c659ce655df0d5cf62f6bad88f19aab7ee0117a90ed,Els que es casen per amor tenen bones nits i mals jorns.,,2,0,,,,Septentrional,ca,,northern,common_voice_26_ca,train.tsv,cv-corpus-26.0-2026-06-12/ca/clips/common_voice_ca_37545992.mp3
46f14091d04ccc9ef74d0d814c7a5902c67b5b88729b5c5d621d02a8d260822fb988b6520c5df4913daae67757a0b6331f69b52f935ab162efc58baf056a02e6,common_voice_ca_31296377.mp3,03b17631e7e5529c3bf0878b678f6ac0283c500366c24d39af0b84999139957d,La sol·licitud de millora es pot dividir en diverses categories d'elements de treball.,,2,1,twenties,female_feminine,,Septentrional,ca,,northern,common_voice_26_ca,train.tsv,cv-corpus-26.0-2026-06-12/ca/clips/common_voice_ca_31296377.mp3
80e4dd97bf491ce96d95b1cd7d8a7fb5e9f3274500d9c75ebb36a6518062361baea99c949bbeb70d0110bdbc971079e3ac03e900870433d13c43d52df3a6baab,common_voice_ca_36821200.mp3,5c08bf394e83310e82d12580c7fa7a34fa4611ac75aa420dbee357d06eaca02d,Aquesta llar de foc és victoriana.,,2,1,,,,Nord-Occidental,ca,,northwestern,common_voice_26_ca,train.tsv,cv-corpus-26.0-2026-06-12/ca/clips/common_voice_ca_36821200.mp3
b63c689e0edc5a7e8142717836bbb5f080ed397233f6d5ca5b4a0dbdb2f413370ce5cf1adb82c11d64781131945a6cd00c0ec95f8281cac28b140b9761452e01,common_voice_ca_31043762.mp3,dda13a69abe6d82cdae89100d02c36f4f4b9e6bc595c7f2fa61d5f2ddde84835,"Va i li diu a la sogra: «Si vol pollastre, compre-se’n un».",,3,1,fifties,male_masculine,,Nord-Occidental,ca,,northwestern,common_voice_26_ca,train.tsv,cv-corpus-26.0-2026-06-12/ca/clips/common_voice_ca_31043762.mp3
c9c01553e5ee23f718d22a99321c00b7a104f03aa72e31f9a6514aba8b8dee49697c9aa46377dfa21f76044047604ecd25ad00f20bf4c5d4baef40e69aaa0720,common_voice_ca_23751481.mp3,ae0cf71ec7dc8c571992bc7171a804030bfbd4a0a5969b2c4637d3eff293a475,Davant de l'accés hi ha un atri sostingut per columnes.,,2,0,thirties,female_feminine,,Nord-Occidental,ca,,northwestern,common_voice_26_ca,train.tsv,cv-corpus-26.0-2026-06-12/ca/clips/common_voice_ca_23751481.mp3
e3f07bdc11e3a50eeb314cdedec47101c684fbdf36ab84b3cecb5233b7de3d0ee435934f614d34fc3014ce38a4428a90f9e780fb1607e51bb5aad1e07913f4d6,common_voice_ca_37565303.mp3,ea19ab2b07f0cf973359a93dffa905be4c4a99bbeda3db4f92152b88961d9444,"Per fer-ho, trieu l'oficina més propera.",,2,0,,,valencià,,ca,,valencian,common_voice_26_ca,train.tsv,cv-corpus-26.0-2026-06-12/ca/clips/common_voice_ca_37565303.mp3
be0a2cf6b9cb520177ba3deed94f1a469b3f2f8b625cbbc8c98cd9cf43a60d989f314e18a25cb6aac7e9d944204ec6e1dd99c3caa671018efbe2a204f6b08501,common_voice_ca_38246403.mp3,a3fa1df24453203215cc03d533df0b998aeccfaf76b5b0c2ad644a3c64ad427a,"Cada historieta està plena d'acció, humor i aventures.",,2,0,,,Palma,Balear,ca,,balearic,common_voice_26_ca,train.tsv,cv-corpus-26.0-2026-06-12/ca/clips/common_voice_ca_38246403.mp3
4e66e6d7309797451ca6d6fdfec7412be95c4f61d767b08e5caab988725b3a84375da8338c1719196302445cea8e4a7d22c5ba4238b01422981d14da4678d53a,common_voice_ca_36879759.mp3,5fa6a6a6587203836de11239bc5110e3498de308ec360d2de91eb87f14bcac18,Dissabte en Max i na Paula volen anar d'excursió.,,2,0,,,valencià,,ca,,valencian,common_voice_26_ca,train.tsv,cv-corpus-26.0-2026-06-12/ca/clips/common_voice_ca_36879759.mp3
e626544d7c439d3223003a808432b1ad599f0d4aca5ced0697f8898c654d149353722c18f336d0a7c94132cccb626f9d609b28a056bfab95fc23c3d15d37fe0f,common_voice_ca_32339324.mp3,cead5d0eea55d3578d6acea78d4bd32d832f5daafd0eb6044cbfab214abb7c16,Per Sant Jordi en Pep i na Clàudia aniran a Cabrera de Mar.,,4,0,fifties,female_feminine,nord-oriental,,ca,,northern,common_voice_26_ca,train.tsv,cv-corpus-26.0-2026-06-12/ca/clips/common_voice_ca_32339324.mp3
6df06b1d6117b1191647118223c2f54ae0d9b673418e24e3928c8dba76eef9adaf7be82ea7e0c5a5d7a91eab6eda863f8e42761b438b78fdd6e8c32ee044d4e6,common_voice_ca_32372675.mp3,d8e28cf4c8defb03071ee6311f0341b2818e60c3a77619348dfcf1eca17225dd,Diumenge n'Oriol voldria anar a Corçà.,,2,1,twenties,male_masculine,,Nord-Occidental,ca,,northwestern,common_voice_26_ca,train.tsv,cv-corpus-26.0-2026-06-12/ca/clips/common_voice_ca_32372675.mp3
fc5d1045328111af178c163d82993cdb8ebe763bc773d6e5c4184721bfde4e2ae331ab658d8395403f714bb704aa6a47946839a93cf30a0ba989ee752329e295,common_voice_ca_37568735.mp3,ee22217a31b0e76ff6c0b86cf51614fce0d2cfcf948cb7d6fe997f4caa7b8059,"Els de la Jonquera, gavatxos.",,3,0,,,,Balear,ca,,balearic,common_voice_26_ca,train.tsv,cv-corpus-26.0-2026-06-12/ca/clips/common_voice_ca_37568735.mp3
5562088adced9c13adbe151f58bdb1531f8098c563fb23dda280a34dd600eb096d253eeeafeb345a830c3c4ea8ceef90268fb84e978d13cba5a2e31c2be5c69d,common_voice_ca_38573582.mp3,b988ae044b8796678c68f46d44b25708b346c1431e1f41b9d9ce5a032d65fd4e,"Els preus, entre els tres i el sis euros.",,2,0,,,,Balear,ca,,balearic,common_voice_26_ca,train.tsv,cv-corpus-26.0-2026-06-12/ca/clips/common_voice_ca_38573582.mp3
6b5abe7b5676724b1091ef0916c09d04403ac5dcaaa1ab4fb46b0ab60769d12167067495f9cbe1aa7c5ca2cfb8a7e22e3a7174167b78432fa4533b80a738a4e0,common_voice_ca_36826385.mp3,5c5aee3e42eee3d9dfe434f2bce0cf51cd5ffea7ee502f90f8e23cade5646c87,Els injectors eren senzills i fiables i el seu rendiment tèrmic era excel·lent.,,2,1,thirties,female_feminine,,Balear,ca,,balearic,common_voice_26_ca,train.tsv,cv-corpus-26.0-2026-06-12/ca/clips/common_voice_ca_36826385.mp3
40075ea7c6e458a19c0c6b8de4bdcc3ec31df4ef3ace231161f19114ca5232a6b505056ac237f8c58275b2e5b539014b86189b1d7cb757b5ff6d7fe3cbcc2506,common_voice_ca_37601872.mp3,522ae42995984581c441d500fe2e867bc01cf9d22b001c0fc9a6e8a244a6262d,Més content que el Guerra.,,2,1,,,,Septentrional,ca,,northern,common_voice_26_ca,train.tsv,cv-corpus-26.0-2026-06-12/ca/clips/common_voice_ca_37601872.mp3
23e61646df35b3f44002fa26cfb237ccbd2d3b406f2fe3494a121e81f8cd61f2983d5a73ff9940a44ab9d0a92587175919f8d4b63b8e715d14d560e7975511b5,common_voice_ca_17830738.mp3,9a9a4f463aabe21971a26386940e5d60fa75eca4f816efec6a774d769a5eea56,"Les persones es troben, que les muntanyes no.",,3,0,thirties,female_feminine,,Central,ca,,central,common_voice_26_ca,train.tsv,cv-corpus-26.0-2026-06-12/ca/clips/common_voice_ca_17830738.mp3
960cdeb8db2a4e83095207c66ec36f0575b90151711ec23f21a5fc1e755f8d0667423c42a3b4d03a141875f84710d45e01b37474ccd63a11f82ca3616e8bc792,common_voice_ca_37577676.mp3,02f4f702058d9ea42e8524cb91e093d9b24003a05702251ac81b8ad9f166d210,Inici de la Processó del Sant Enterrament.,,2,0,,,valencià,,ca,,valencian,common_voice_26_ca,train.tsv,cv-corpus-26.0-2026-06-12/ca/clips/common_voice_ca_37577676.mp3
5c25fdf0e86f1fa2bb40c2027c7c51eade651fb97256bc8e3d5b3095788c186cc451b08531943b02c0cf9ebcded6a574de31b9420aa8b92abe9153705dda7e8b,common_voice_ca_24686056.mp3,dcf7ea59e857e5410e7b7d026f038402d663599e0ea6b84a8b81057bf29f72cc,Membre fundador de l'Institut de Projecció Exterior de la Cultura Catalana.,,3,0,,,,Nord-Occidental,ca,,northwestern,common_voice_26_ca,train.tsv,cv-corpus-26.0-2026-06-12/ca/clips/common_voice_ca_24686056.mp3
9bd97ae0e0f43433d1aaf34fd02bf41d1cd6b74d6a9646254ffac16c19767187458e47cae779447801b3d5d527c4946c60813dadd3cd6bc66dbe235c837dda9c,common_voice_ca_36957931.mp3,6403dcfdf08dbec7708d03ef59d047a255c3da74f5d75fd82bdbb504319e4e06,"Lituà, ha fugit del seu país i del Bloc de l'Est, i resideix a Occident.",,2,0,,,,Central,ca,,central,common_voice_26_ca,train.tsv,cv-corpus-26.0-2026-06-12/ca/clips/common_voice_ca_36957931.mp3
dd861f9c59e6769502fcd330a174bb26308379a5a95cc8416bbf338aded7ca4ee103b04df5deb014e1a41ef4e672a0f4ba9c583af8e6c4536f86ee6d9e8f6c4a,common_voice_ca_40602431.mp3,00445a63527b81eea0d82e2a55a95f04a4d7e157c3ca9d81daaa5f179ef4ea01,El feixisme i el nazisme són intocables.,,2,0,,,,Septentrional,ca,,northern,common_voice_26_ca,train.tsv,cv-corpus-26.0-2026-06-12/ca/clips/common_voice_ca_40602431.mp3
a6051fd230a2e09f163c8c3a57967e239caaadfb88ba63ea5b74639db75f398553e2f81a1d9fa2a1aea1157bc435c1d81cb1a9343e711e6fcce668d5f89954e3,common_voice_ca_38040186.mp3,94f6c67a4a0cf7597b5c76d03f51744bacc13a3248b6e206ebd03ceca29036e4,També deixà publicacions sobre la marina del Masnou i sobre les Ordinacions d’En Santacília.,,3,0,,,,Balear,ca,,balearic,common_voice_26_ca,train.tsv,cv-corpus-26.0-2026-06-12/ca/clips/common_voice_ca_38040186.mp3
0d20e118ac3b20bf1d717c767749f79dbb1866d32e991b763d89d17834ce82e8d5e58327aa49a05ae46ba25f7f874aa4d3d1d6a3258bfa6f3a01c13f57d64e47,common_voice_ca_17649953.mp3,5b6292b5e976d2502d1a392e1ed0383178cf997965c77f8ab2b9b96c300943ff,Tot apunta a una referència a la predestinació d'un fragment de la carta de sant Pau als romans.,,3,0,fifties,female_feminine,,Nord-Occidental,ca,,northwestern,common_voice_26_ca,train.tsv,cv-corpus-26.0-2026-06-12/ca/clips/common_voice_ca_17649953.mp3
c777d3358a0aff067b64f254ac462fa223a1650af20ce2af341de610eebbb55a128a1dc43c91da7a1844848b5920b7dd5c5e0a1e8651d6442a2418709dad8c87,common_voice_ca_20523202.mp3,30bf4116c95fe3ffa921ca129c654878f17d7b5a6491e2883ec5e00b50e99081,Obtindrà de nou la confiança de certes tribus.,,3,0,fourties,male_masculine,valencià,,ca,,valencian,common_voice_26_ca,train.tsv,cv-corpus-26.0-2026-06-12/ca/clips/common_voice_ca_20523202.mp3
472b46a52376dd631c36aeefe66cfb0a1fa215ce4af15651f3a8957141373b6c79dff02a98c35d090e49cd09caac2b007550a97d7b47a7854d6128d1a581d2ac,common_voice_ca_27923171.mp3,4ecf8bafe9572ffee1dde69d6d80ffa0d8dcf571a1d979d556cf9be997a0d4d7,Johnson va convidar Lyman a viure a casa seva i treballar a la seva granja.,,3,0,,,,Central,ca,,central,common_voice_26_ca,train.tsv,cv-corpus-26.0-2026-06-12/ca/clips/common_voice_ca_27923171.mp3
a8264dd930d1b0b3cedb8ad09a5948f6ebbac873d0017cde0712f25af6db5897db89a352454da9f31f15d51809b987819871860f9df906ab76fc230f8c980bf1,common_voice_ca_34201302.mp3,3551e580e7797e26bb299085bb92876ff7220c7d31218c3598616d48f9c361ad,S'aixeca damunt de dos graons quadrats.,,4,0,,,Mallorquí de Palma,Balear,ca,,balearic,common_voice_26_ca,train.tsv,cv-corpus-26.0-2026-06-12/ca/clips/common_voice_ca_34201302.mp3
b6e7a52d88b2d3dfe74e4860b3dc554acfbc70d20d01e18f90b83cf5b0b23672accb83e6e3913526035b09abd554e0a11021d1dcf1d8cc3a5046582fbdb52e9a,common_voice_ca_36957832.mp3,63d1fb0f241acaee0be8e2a26a12bd8795e1f43ae27c8e737fa3ea4aa48ed367,Ella es va posar en contacte amb Morris per aquest tema i ell la va adreçar a Alister Hardy.,,2,0,,,,Nord-Occidental,ca,,northwestern,common_voice_26_ca,train.tsv,cv-corpus-26.0-2026-06-12/ca/clips/common_voice_ca_36957832.mp3
60f7955fc2f4217f6713848d6f6490013f6a85c9b0615a47b99d538ae111c310e5970c1b1ce18fd40a230fe0452f0a462576659df246435d856cc4d1df500d4c,common_voice_ca_38173334.mp3,9e30d7c5a7e7e2769ee46070966ad9ac5177624d893027949ec312635e414a1b,Intenta igualment mantenir l'entesa entre els dos germans.,,2,0,,,Lleidatà,,ca,,northwestern,common_voice_26_ca,train.tsv,cv-corpus-26.0-2026-06-12/ca/clips/common_voice_ca_38173334.mp3
5704bc36cf6ca14a600d3d134945ba90accca770b1c14da9f4134ae166e0b1485a3d1688978378e2c022e86c2e601deb1a4aa097c0f7a69e2113c18d9abb31cc,common_voice_ca_40352002.mp3,e42b49152b8f770a45a5bd21e873672da06ce2c2a8c2ceefa971d37a2cff60f5,Sota domini romà en general va pertànyer a Capadòcia.,,2,0,twenties,male_masculine,valencià,Valencià meridional,ca,,valencian,common_voice_26_ca,train.tsv,cv-corpus-26.0-2026-06-12/ca/clips/common_voice_ca_40352002.mp3
f3c811d5547f908c9705854bb11f999c65b1a526bbb5f7c4813df0f9204dc1061c41c2ac825bed6f76415e93b4a78113a25b3c6426b3b7723b89bbde98be1729,common_voice_ca_31817624.mp3,28b2e8968cd449d8c184b5c57e0a1d19cff5d4193587a0b0837c5906b791d62a,Dimarts en Josep i en Gerai iran a Saix.,,6,2,thirties,male_masculine,valencià,,ca,,valencian,common_voice_26_ca,train.tsv,cv-corpus-26.0-2026-06-12/ca/clips/common_voice_ca_31817624.mp3
7782ea0548fc2a3e3b4a74ea15b4d70f7187654670abfaf2a294e60ec8801d0c7e99205f73220eb9f6f87883de6d94bb3fb93b006d52378096a0a9da91b98608,common_voice_ca_30806923.mp3,89293502fcd3e3c24e42ecaeb28632b5cb19966249bd1870d39b4b399b5caf12,S'ho va prendre com un mandat per establir un partit rival.,,3,0,thirties,male_masculine,,Central,ca,,central,common_voice_26_ca,train.tsv,cv-corpus-26.0-2026-06-12/ca/clips/common_voice_ca_30806923.mp3
6b5abe7b5676724b1091ef0916c09d04403ac5dcaaa1ab4fb46b0ab60769d12167067495f9cbe1aa7c5ca2cfb8a7e22e3a7174167b78432fa4533b80a738a4e0,common_voice_ca_36826316.mp3,5c81811d0f3eac0b708a2b448c9eef3e39a096b2203eda0da2654f59cec1c5ee,Hi va haver dues etapes a l'irredemptisme italià: la moderada i l'agressiva.,,2,1,,,,Balear,ca,,balearic,common_voice_26_ca,train.tsv,cv-corpus-26.0-2026-06-12/ca/clips/common_voice_ca_36826316.mp3
972b8acae1d502748ea9ca19488b8dd7fef817780e500b093ade8423be685e9bc3e7a47d3346e000819342bd8a8ae3bcb082513fa6fbd99e86995d514e81fb6e,common_voice_ca_32120553.mp3,76b99345f72a408b83b3b5c596bbc93c0e9a9878263822af69b5b82881a27047,Demà passat en Juli irà a Puiggròs.,,2,0,,,,Septentrional,ca,,northern,common_voice_26_ca,train.tsv,cv-corpus-26.0-2026-06-12/ca/clips/common_voice_ca_32120553.mp3
f4baed514d9bd30bd7ba8d4cbfb26bbb5e1d30f7cdd9454172ed3392cd3f15d6086d543f1bffea920144b4525788305c786f93c1ede14752e60eb5f153524788,common_voice_ca_31088026.mp3,e88ddd7bfe05088188b239abcd91d1b993c4930f56ecee0758f8d7068719d384,"Quatre anys més tard, als Jocs de Mont-real, fou cinquè en la mateixa competició.",,2,0,,,,Nord-Occidental,ca,,northwestern,common_voice_26_ca,train.tsv,cv-corpus-26.0-2026-06-12/ca/clips/common_voice_ca_31088026.mp3
88dfb9bcdb1b9d85f720b47d3dd6b774656c6a75e0a1f58bd81b81b4efc57c10526195125cfd028442c7deecc56960d480d6e4b5be492a45b76e5262eccbc910,common_voice_ca_31334518.mp3,098ecfa5a35e4a2d11f45c6b8ed1a26816c6ff22c5696b2ea2a955cf57db0d80,"Com que confio en dos d'ells, també confio en el tercer.",,2,0,,,,Septentrional,ca,,northern,common_voice_26_ca,train.tsv,cv-corpus-26.0-2026-06-12/ca/clips/common_voice_ca_31334518.mp3
0d20e118ac3b20bf1d717c767749f79dbb1866d32e991b763d89d17834ce82e8d5e58327aa49a05ae46ba25f7f874aa4d3d1d6a3258bfa6f3a01c13f57d64e47,common_voice_ca_19893975.mp3,107f44c11d30bfacbc9cf5231a1a92d6ef61c8838f9187092012874cec1966b1,La forma d'estat podria decidir-se en un referèndum no necessàriament pròxim.,,3,0,fifties,female_feminine,,Nord-Occidental,ca,,northwestern,common_voice_26_ca,train.tsv,cv-corpus-26.0-2026-06-12/ca/clips/common_voice_ca_19893975.mp3
9721d1bdaf194673098e571ff7989b3653ba564f42efd04695344586f03912d5903d0d07e524c23ac9606f36746163fe84565258439bd96f1027a32e2ef87340,common_voice_ca_31110869.mp3,ecdd0bf784c2c24111f30b7e3d9426e47450265ade4dc911793a2271a627d82f,"Després de deliberar-ho, el partit que Nosaka va contribuir a fundar el va expulsar per unanimitat.",,2,0,fifties,male_masculine,,Septentrional,ca,,northern,common_voice_26_ca,train.tsv,cv-corpus-26.0-2026-06-12/ca/clips/common_voice_ca_31110869.mp3
f3635abb815fff35d1f0a6e5a6b46bfca9548696ffe2820d5aab9749a8ba84b3081e0add973be1252517ddd7e180698c6a53166ad9c501ce37c1b4378ed6245c,common_voice_ca_38059047.mp3,9686a6117a032a00dacb86740b53f204968586290a5a70bc5e214a6de2fe012a,"Obriren una botiga que, un temps després, fou completament destruïda per un incendi.",,2,1,,,nord-occidental,Nord-Occidental,ca,,northwestern,common_voice_26_ca,train.tsv,cv-corpus-26.0-2026-06-12/ca/clips/common_voice_ca_38059047.mp3
7e8c9544511be24f5b2aa55699eca25c5de8964daa75a82e9c88770e268f7d45b0fe33b6c25e6ea527c138336bd88b3d1fd53503c9aa966c8d2c2cd9554e6b25,common_voice_ca_37920540.mp3,8c36b76bec52307795e2a2cc8c2bc173d01b92c886b6283b7e61ec5fcb089004,Al nord del territori de Cisjordània van ser evacuats quatre assentaments israelians.,,2,0,,,valencià,,ca,,valencian,common_voice_26_ca,train.tsv,cv-corpus-26.0-2026-06-12/ca/clips/common_voice_ca_37920540.mp3
e76ff954ef022ed306093a7f5d107c8ae9c0e476b9ca2a099125125f29a81e22cf196346c3fa51be5e5a3596cdd700dbd1fd12ad6b4d47cf76159efee7d1c0ed,common_voice_ca_25141351.mp3,12807a888ed5994a27e5076ac8f6588389cd86fa8f7ab1a039e0763963da65df,"El club, però, es va fusionar amb Ilford per formar el club Leytonstone-Ilford.",,2,0,,,,Nord-Occidental,ca,,northwestern,common_voice_26_ca,train.tsv,cv-corpus-26.0-2026-06-12/ca/clips/common_voice_ca_25141351.mp3
192605a422f9a6a7a7b42e427762c03269ed05251f0822cf81abd18291f6212098aabe6344a5003f2c9d413e717489fd6a47964060d6b9761839eff8c3dc4863,common_voice_ca_30967064.mp3,c4493e1f2e05b677770e3d240a90c952409011d342bf6d5720a667ae45d408a2,El repertori consistia en material del seu pròxim àlbum.,,2,0,sixties,male_masculine,,Nord-Occidental,ca,,northwestern,common_voice_26_ca,train.tsv,cv-corpus-26.0-2026-06-12/ca/clips/common_voice_ca_30967064.mp3
5860d0a58f8310ecbb5b21f9ce649a86537eabeae1fdd4fcd7a7d8bca8a16c4c1f18cecd657869574d8993f4f59ef76da750bbab742ced93eda1455d017402c8,common_voice_ca_30973687.mp3,c77e99a3da1a4157ce48298cc40c7fe62e8c92dabf7dc91623d74963ebce636a,Les etiquetes de polihistidina s'utilitzen sovint per a la purificació per afinitat de proteïnes modificades genèticament.,,2,0,fifties,female_feminine,,Central,ca,,central,common_voice_26_ca,train.tsv,cv-corpus-26.0-2026-06-12/ca/clips/common_voice_ca_30973687.mp3
8ebfa7fb8906786379e079e2e63e879713158d6f08d2c1b8e8744f097d782db703138e93c3da54b8f8ba476acdfc4610d752dd9ade7602c7cf6b94d1833b01df,common_voice_ca_32150721.mp3,888924c097a3887e64fa75491619c6dad75f6b0d2e15015e146fa689ebc30443,Demà en Max anirà al metge.,,6,0,fifties,male_masculine,,Septentrional,ca,,northern,common_voice_26_ca,train.tsv,cv-corpus-26.0-2026-06-12/ca/clips/common_voice_ca_32150721.mp3
7a9d00159a5e9d8a451b2115ecf9add8bd36860552432d5c25eec50f68c5b5aa7e2c2e8aedabf87fd39f60f8f5b1620905d1aff06e27bf74179bef1807549255,common_voice_ca_31171034.mp3,b42f9b354a4bf3f65a1a84a4878008777126449528c565885a3d327c5dd2699a,Mariano Calviño de Sabucedo i Gras va ser un polític nascut a Manresa.,,2,0,,,,Nord-Occidental,ca,,northwestern,common_voice_26_ca,train.tsv,cv-corpus-26.0-2026-06-12/ca/clips/common_voice_ca_31171034.mp3
49879eb3db69979eff957258d63e98e9b693fced526a2b9ad68395eb691defb1bb352b5416f4328f67534a7962fe0364c4af8db411be29114a159f4e18bf97c7,common_voice_ca_37567993.mp3,ea98dbbbbcf96b43cbfbcd4cb2f33b3600681e1f4250a0165f76b24be9480b4f,Evolució de les obres de construcció dels edificis i de millores urbanes.,,2,0,,,,Balear,ca,,balearic,common_voice_26_ca,train.tsv,cv-corpus-26.0-2026-06-12/ca/clips/common_voice_ca_37567993.mp3
5704bc36cf6ca14a600d3d134945ba90accca770b1c14da9f4134ae166e0b1485a3d1688978378e2c022e86c2e601deb1a4aa097c0f7a69e2113c18d9abb31cc,common_voice_ca_40351838.mp3,e41211287d8481f3e34ca69fbd2d2ccac33f4552c7cea63db55f84d4d9381300,Va ser imperdonable i inexplicable.,,2,0,twenties,male_masculine,valencià,Valencià meridional,ca,,valencian,common_voice_26_ca,train.tsv,cv-corpus-26.0-2026-06-12/ca/clips/common_voice_ca_40351838.mp3
b3b8a4852020a2dd126818021e9aba97d6089bed49314847dc5fae15354fbf971daf64866fe4bb885c9b6b9d36ed20ece4438b5cc89c8fd181ff59cedb70f325,common_voice_ca_20580625.mp3,32bd90ad19880d22f08c2682c34e1df050d303f160cf92fda60e35f33291e58c,A aquí tornava a tenir la boca i el pit descomposts.,,3,0,fourties,male_masculine,valencià,,ca,,valencian,common_voice_26_ca,train.tsv,cv-corpus-26.0-2026-06-12/ca/clips/common_voice_ca_20580625.mp3
09a064b4c3b1d83c5944465de4ba90adc551db5ac1ad466e443435a20c8e82e8ebbeb296753f6ea5d319398197a36244ce5630704d14714d00f862b76fca1e13,common_voice_ca_36846944.mp3,5db0309c226fb327eb7e9c9258e5a7d95dc9426da29618c37f516f2a7c9e6f63,Tots dos són generats per l'emissor de la targeta al moment de la seva emissió.,,2,1,,,,Balear,ca,,balearic,common_voice_26_ca,train.tsv,cv-corpus-26.0-2026-06-12/ca/clips/common_voice_ca_36846944.mp3
c0f253613a9e4ee63818a9cd4aa7a7f4e91526b887640ad26dd23d57311e7b26545b72dc8de3ed1fb41bf7cdd9fcc4d0c60c16890bca334891a915cc34d25c1f,common_voice_ca_38080872.mp3,9806c275ac2d580bc38ba088be30e99beba506e3e5de6daf672957fce3ba3718,Va evolucionar després vers una sòlida profunditat clàssica.,,2,0,,,,Nord-Occidental,ca,,northwestern,common_voice_26_ca,train.tsv,cv-corpus-26.0-2026-06-12/ca/clips/common_voice_ca_38080872.mp3
5bbe43236d226c4ad5ffa7b8852e5547b23448c7898523bc2396f4c3596468baa04c2236ef9188a50415e3118045fcf1aa3d69361780433de591937654cc75c5,common_voice_ca_30902182.mp3,aa9cedb3a37a06d01f4002b7d12147f577daa8f6719029e6bad027cb8152d195,Abandonà la carrera de Dret per dedicar-se a la interpretació.,,2,0,,,,Nord-Occidental,ca,,northwestern,common_voice_26_ca,train.tsv,cv-corpus-26.0-2026-06-12/ca/clips/common_voice_ca_30902182.mp3
a9d13612a619ba94b2e0e3d7804b7d2e482db94e2a03949b6e0f9955d386ee0519f77296f7496a107eac39b0a6b56718cdb127a43384241a5ef932fd04619247,common_voice_ca_19157697.mp3,1714272ec9b19a6bcb5f4f8d06aad88fb2dccd6f82349cfcf5202636aa4ea448,Alguna cosa li deia ara amb accent imperiós.,,3,0,fifties,female_feminine,,Central,ca,,central,common_voice_26_ca,train.tsv,cv-corpus-26.0-2026-06-12/ca/clips/common_voice_ca_19157697.mp3
f61662279e4cf91f2f4df22de9a3e6ec3f732a1341e584651fa5c5a344198df12bf4ed5573667edeaf1c6c7eb6570ccfe476482fe28005b1648196fe1a4c63d1,common_voice_ca_37589450.mp3,2e61e28791edf7d6fbe80dee4dc6b3f33ae01a393f62a4ad16f394cdb63c5637,Anar al baix.,,3,0,,,valencià,,ca,,valencian,common_voice_26_ca,train.tsv,cv-corpus-26.0-2026-06-12/ca/clips/common_voice_ca_37589450.mp3
a561cada5ed9410d83cfe1164da0e85238edf6d06df32e81f104e821f9fad4d3841378e73bd255d2d46dc0e24e0d7b0d377f580051206e164e2a971fff80a943,common_voice_ca_37612271.mp3,726429b6429e685d4ac9a8243e3ca55efceb2d13479c69c5fffe1c22f11b132e,"Les xiques d'Alginet són molt desimboltes, ballant menegen el culet trenta o quaranta voltes.",,2,0,,,,Nord-Occidental,ca,,northwestern,common_voice_26_ca,train.tsv,cv-corpus-26.0-2026-06-12/ca/clips/common_voice_ca_37612271.mp3
7242fa8b72a095444836cdc86ba71dae2c5905028b81a753ca46a42622649a0dcd6fa29c50a2033ca4a38b868820cd810bc02ecc161bab33d89cbab5a9ef09c8,common_voice_ca_17630325.mp3,e7e154aac4340f78e19b4fd81d4a8f90a83726cc60a21472299c7164b1d1bd25,Factors que augmenten la validesa i fiabilitat de l'entrevista.,,3,0,fifties,male_masculine,,Central,ca,,central,common_voice_26_ca,train.tsv,cv-corpus-26.0-2026-06-12/ca/clips/common_voice_ca_17630325.mp3
eece1668876f4f2aacca3a18b1e76b4ed4255adfe39495d96636455bca6a4db83073e329181f20c89b0bed9164a241e6597b04346cf5f2bf418a24d6a23d2ef5,common_voice_ca_33566368.mp3,2c4a001e97748693ed7fa84557ffe6fc03d21e8e05b73d352148cdd093801069,"Actualment gestiona dues galeries, una a l'Empordà i l'altra a Barcelona.",,2,0,,,,Balear,ca,,balearic,common_voice_26_ca,train.tsv,cv-corpus-26.0-2026-06-12/ca/clips/common_voice_ca_33566368.mp3
31535cb2ece4710d08fdbeefb6f8f75ed093fee4cf8573bd601d960f8c6156f0fd0a85712761691e86e31160b993ee0eacb10c4c8aed000cc394cf7c7d207a7e,common_voice_ca_20155681.mp3,1ee49e1069cb77ec3b18cf31a203c15a6e6673088ec922c0c3668563655d0869,S'integra en clara harmonia amb el magnífic paisatge pirinenc en el qual s'insereix.,,2,0,fifties,female_feminine,,Nord-Occidental,ca,,northwestern,common_voice_26_ca,train.tsv,cv-corpus-26.0-2026-06-12/ca/clips/common_voice_ca_20155681.mp3
b3f29c709dffc40ad1bb2bc100e0358eaab5a36387427cff9d58aa4af1d5f4e58d409bb31e79fb22d4e9b876e34c4426abb3ec2e2b393253e3f1beede50c6684,common_voice_ca_31195977.mp3,f5151a0fab6a020d25669d4d16510afd8a19766b82b87abcbaf876c34b06e7a2,Aquest fenomen és una propietat general del moviment de les forces centrals.,,3,0,,,,Septentrional,ca,,northern,common_voice_26_ca,train.tsv,cv-corpus-26.0-2026-06-12/ca/clips/common_voice_ca_31195977.mp3
d02d8263fd2ba6f00221e360f15a48975e5e880a9aef9a988f125ea62a510530ea07fa81d7323c5a5c5d8922a92d1186bc2c42f74ea643aa00c656c9b455ea3c,common_voice_ca_24079308.mp3,cc3ceccc4b41e1edddd935ce09715c92ede56a3e7feb752785f28db2b16edeb8,Es va donar una advertència inadequada.,,2,0,fifties,female_feminine,,Nord-Occidental,ca,,northwestern,common_voice_26_ca,train.tsv,cv-corpus-26.0-2026-06-12/ca/clips/common_voice_ca_24079308.mp3
ee03d192e1ba21bf30d2bb4951ae03eb289d2e7cfa0f5f855f717e5bdf95bdf1d23290a0db6b66d87b8450baf3bb530700fb67bfabe24149790cf4841eed3218,common_voice_ca_41108956.mp3,c93a103e1ac1115ee68875dad539b09b448e0fe251c0336245aa2388ef65ede7,Estava sortint el sol?,,4,0,teens,do_not_wish_to_say,valencià,Valencià septentrional,ca,,valencian,common_voice_26_ca,train.tsv,cv-corpus-26.0-2026-06-12/ca/clips/common_voice_ca_41108956.mp3
e4a791496341a07bd6f3a4eb166af8ddbf537ad054b36e5c6e095c9cfdb47a472bdc51d8cc0a91d5bdaf8fb3bb00f3e733bf12e9045e7f8afea5232bab17100c,common_voice_ca_38101723.mp3,990253a256dcde511e16b2d9741f7b20480ea1a3ef38050ffcf4d0aacfc4fee0,Arribà als Estats Units a l'edat de dos anys.,,2,0,,,balear,Balear,ca,,balearic,common_voice_26_ca,train.tsv,cv-corpus-26.0-2026-06-12/ca/clips/common_voice_ca_38101723.mp3
18b25ce04b9c8b057c14ec884e3a1a4b9ecafceeccf3155ace6b616a18d4570b9be6a007b9927f49e86afd9623c19586776899a78f735de93cb769a858f5709c,common_voice_ca_20506850.mp3,2f8557e3b1ac7f2a5ab2e83316a19cfb796bdb6abf13f8eebc7b0dafe95830c9,Tots dos campus estan comunicats a través d'un sistema especial de busos.,,3,1,thirties,female_feminine,valencià,,ca,,valencian,common_voice_26_ca,train.tsv,cv-corpus-26.0-2026-06-12/ca/clips/common_voice_ca_20506850.mp3
5b46c8527a8bf6552f46e67db8adcdea78db4bc2afbcb679edc1349da4faccfe29d5a935893cfeec75fb65ebbde88131367b90424eada44ef21d9cc7a11af9b7,common_voice_ca_37808168.mp3,823fceb43bc1dfef42e309b82ac635fcbcdfbaf28529ec9813c51cef4735fc4f,Durant aquests anys passarà llargues temporades a Sevilla i a Madrid.,,6,3,,,mallorquí|Santa Margalidà,Balear,ca,,balearic,common_voice_26_ca,train.tsv,cv-corpus-26.0-2026-06-12/ca/clips/common_voice_ca_37808168.mp3
5d2ff0fe49bb35783381063aa086ce674487e7aa588e122f12366d7c861335538d3f40025d7db5b7bab6ad1926aefda6b049690d940baccfbaaabdb5d709d39f,common_voice_ca_31507900.mp3,257e2f6b8591ad03622faf30b41020114d1632b52693edbf41d2eaa5c9d9c81e,No he anat mai a Alfarrasí.,,2,0,,,,Septentrional,ca,,northern,common_voice_26_ca,train.tsv,cv-corpus-26.0-2026-06-12/ca/clips/common_voice_ca_31507900.mp3
05defde387b21105cd91803c9ef30f882788aad00e9ebdbe3718247bc1bce53259bdbf99873b104f56d7e3660d74982fd75dc06002d5e83c1ca901a548a5d033,common_voice_ca_19042834.mp3,577cce1feec401352fabe61f1c645c055156d2b3f0d12496f821f6b87038e5df,"Cap ros, cap pollós.",,3,0,thirties,male_masculine,valencià,,ca,,valencian,common_voice_26_ca,train.tsv,cv-corpus-26.0-2026-06-12/ca/clips/common_voice_ca_19042834.mp3
9531e3a462dc71d76274def0ade1fc170c6e7be16b79a0067692807c6d2cd70d112ba24bbdfcccd9811cbc34b7a24cdde3bc1a54f2de9937b433bca19c9570e7,common_voice_ca_38052874.mp3,9604e6047e5964ad39f34f9bb49de14a7571b6ab644f54ea5e1e0978c0a04e0a,"Liberal convençut, en començar el Trienni liberal, és nomenat director general de Rendes.",,2,0,,,septentrional,Septentrional,ca,,northern,common_voice_26_ca,train.tsv,cv-corpus-26.0-2026-06-12/ca/clips/common_voice_ca_38052874.mp3
d647b73602a3a0c1b06f282a612c29eefc6a7e372bc8af212a41f481843c23a975b41ca402f06ecb7dc660d4dd22a814f7659b48da7dfd28c02a319032394da1,common_voice_ca_19377682.mp3,00b60252345e1970c7166afd8b49730d465c9e8e6d761e71629efefd74973921,"Podrà, per exemple, transformar una molècula de glucosa en una de fructosa.",,3,0,thirties,male_masculine,valencià,,ca,,valencian,common_voice_26_ca,train.tsv,cv-corpus-26.0-2026-06-12/ca/clips/common_voice_ca_19377682.mp3
9a554627d25f4babb9f2b60b979bbb05b9c375d9eb89a88daf697806b0998eac964d0ca78b0c764c28b3bbc90618819db3f05f02842a609f5469168b47eee127,common_voice_ca_37175066.mp3,6b70396d74a1f51109469314ad9ae6f411a95c5abea80acb875137ab8015b4b8,"Només veient-la des de l'infinit, s'obté una restitució semblant a la imatge original.",,3,0,,,,Nord-Occidental,ca,,northwestern,common_voice_26_ca,train.tsv,cv-corpus-26.0-2026-06-12/ca/clips/common_voice_ca_37175066.mp3
dd27f147194f8bd2f9ea5f38f118c36aaf72ebe55acc85241203baa77f54ef2eb3598bde1676be6ec7c598c6108980f621d2abf02ca7fff2eb91719027959881,common_voice_ca_19928058.mp3,1758d1f38b34aac39661894319ffa720ae7bc48f6ce2606c0adb0ad01308ac91,S'ha d'entrar dins d'un camp de blat.,,2,0,fourties,female_feminine,,Nord-Occidental,ca,,northwestern,common_voice_26_ca,train.tsv,cv-corpus-26.0-2026-06-12/ca/clips/common_voice_ca_19928058.mp3
4dafd3b98609177f1469270b4fa9646197ec854606af7afdf8d3f84f2af72c8f33a6e568e547e3039ee5dab2185aac4d318a5f416ec15a3bf40ec96bd92ef137,common_voice_ca_22067148.mp3,75f0a823fe465c211d1396c19a62b9058d8aee9d562f68501690e90528e0ece7,El pont és inclòs a l'Inventari del Patrimoni Arquitectònic de Catalunya.,,3,0,teens,male_masculine,valencià,,ca,,valencian,common_voice_26_ca,train.tsv,cv-corpus-26.0-2026-06-12/ca/clips/common_voice_ca_22067148.mp3
e626544d7c439d3223003a808432b1ad599f0d4aca5ced0697f8898c654d149353722c18f336d0a7c94132cccb626f9d609b28a056bfab95fc23c3d15d37fe0f,common_voice_ca_30955265.mp3,bfade7fff5832911e60cde563c27c899d7470c258b1f2fed902062a6910654f6,"Normalment, faig el torn de tarda.",,6,0,fifties,female_feminine,nord-oriental,,ca,,northern,common_voice_26_ca,train.tsv,cv-corpus-26.0-2026-06-12/ca/clips/common_voice_ca_30955265.mp3
b71989a7c887e2872082ff8207b77f0fe176eca771534a27229c3b3aee08b8b36746638f984938c98f1ab232b978602f451c1a960f634a833073708a6a33f476,common_voice_ca_19798977.mp3,0d96dd3b796064a6a0fb819a621dc1d65209b8737b7ab322380526b2ff5120ec,"Originalment, el parc va ser cobert per una densa coberta forestal de tipus Bosc tropical.",,6,3,thirties,male_masculine,central|valencià,Valencià meridional,ca,,valencian,common_voice_26_ca,train.tsv,cv-corpus-26.0-2026-06-12/ca/clips/common_voice_ca_19798977.mp3
bc450ff9773492a99905edac03149ee62d3d1ce17e5a097c91f597f90a8f955ff69e7db4e77207fb3d471b18844b2f74524077fff27cbb27123a45e7a024731d,common_voice_ca_37577737.mp3,034e156657152fa1162fd2dc45b63627df842d0b7bbb190f07eb011e26881e94,Fer un mos.,,2,0,,,valencià,,ca,,valencian,common_voice_26_ca,train.tsv,cv-corpus-26.0-2026-06-12/ca/clips/common_voice_ca_37577737.mp3
729ac774d26f520f8c985eaa2f4a4d610e7064dbbb4b6504c5304b1f1f6b94b21b19a0302e12f7a9bddc32765b82787bfab279fc90772394441780b6f689e2b9,common_voice_ca_31959753.mp3,551f04db85c3a58210d711f94cc054482de8ebbb995a3b948d5d05552e815d96,El vint-i-nou de febrer na Cira anirà al metge.,,4,0,,,,Central,ca,,central,common_voice_26_ca,train.tsv,cv-corpus-26.0-2026-06-12/ca/clips/common_voice_ca_31959753.mp3
e7a5137a3789988e334c6c5a6dd383116b40fbb4edc5d240ae55e3a9eb330dc13738502f4712e1d7a3622839ddc9d05bff327c9084d36c6dfeef754ef84a392f,common_voice_ca_30922451.mp3,b21a146590ba2e75d3a0077568a4433fd3f0aca31a7cedf4bb333ab808955920,"Joanna ho accepta, i la porten a casa de Bobbie.",,4,1,,,,Central,ca,,central,common_voice_26_ca,train.tsv,cv-corpus-26.0-2026-06-12/ca/clips/common_voice_ca_30922451.mp3
e94f91ab2c69e11a764613994237dda6d7c356912a78907205db2cb51306f5be8c4384a3480207cf787444dd07344929a21076bb3790dd8a0868d62be2d4fa57,common_voice_ca_31408307.mp3,16446096443e196d52cac741965e3b6a604d19510990f814dcb6e64ebc3726f8,A l'interior és visible el graó de la base a tot el perímetre.,,2,0,fourties,male_masculine,,Balear,ca,,balearic,common_voice_26_ca,train.tsv,cv-corpus-26.0-2026-06-12/ca/clips/common_voice_ca_31408307.mp3
5704bc36cf6ca14a600d3d134945ba90accca770b1c14da9f4134ae166e0b1485a3d1688978378e2c022e86c2e601deb1a4aa097c0f7a69e2113c18d9abb31cc,common_voice_ca_35114970.mp3,42a9ef81222beca055a5bed3aa6f0a3982507a66d16a39204447c86ec18c93f2,Quan es normalitzarà la circulació de trens?,,2,0,twenties,male_masculine,valencià,Valencià meridional,ca,,valencian,common_voice_26_ca,train.tsv,cv-corpus-26.0-2026-06-12/ca/clips/common_voice_ca_35114970.mp3
80923f53da66acf2b0f28ec60df4d3abd235f02e36e3f2e0984dfa8bb02386f8cefc915b10962d35598ff7412bcf483f1aa96efb129bee999e5efb5d532ff968,common_voice_ca_37545994.mp3,c06d5d466cbfaada73aa57fa8b2d817cea249a09cbdef9fb75d7d9c19940014f,"Pel novembre, festes grans: Sant Martí i Tots Sants.",,2,0,,,,Septentrional,ca,,northern,common_voice_26_ca,train.tsv,cv-corpus-26.0-2026-06-12/ca/clips/common_voice_ca_37545994.mp3
075b4a3d089fb0d6efb5b7dfeefd953428f734eb2d4ea26b3be6b03a3a65f71fb98bf2f4852e0db226b0918223f1fc2d386268913ac27a4d761cb44b2e081560,common_voice_ca_37569102.mp3,f306a3be6fe911ac2f8ef7ddcdbc0ad125ba59bbf07a1c5817fbe3492281a04a,"A Elx, magranes i palmes.",,2,0,,,,Balear,ca,,balearic,common_voice_26_ca,train.tsv,cv-corpus-26.0-2026-06-12/ca/clips/common_voice_ca_37569102.mp3
9a460810552af088edc43c43389d91e9f2844641708b8adae4bfb5a84a2899114dbcaa3fb2ed94ea40619735db3b2180d3ada4e8e54e00e4e588ca8eab2a3253,common_voice_ca_38153418.mp3,9c45a40f8546575accaef8fbaaa578aed81255370c96794f7c5ca6f82c9a1b07,Els britànics van haver d'utilitzar l'aviació per impedir els seus atacs.,,4,0,,,"balear|aprenent (recent, des del castellà)",Balear,ca,,balearic,common_voice_26_ca,train.tsv,cv-corpus-26.0-2026-06-12/ca/clips/common_voice_ca_38153418.mp3
26a17767655ca9374bf1dd1b7f2ea342670b428ade7cc351aad9e409fa3820ca742f5babeee28e49679961fe1031ca629c5edf1be266f862511c856086514c36,common_voice_ca_32176840.mp3,5a4e5d4a331627b805aede8d0c08a8579d07ee73f52bee84d2b8a0056ffbd915,Poden ser làser o infrarrojos.,,3,0,fourties,female_feminine,,Balear,ca,,balearic,common_voice_26_ca,train.tsv,cv-corpus-26.0-2026-06-12/ca/clips/common_voice_ca_32176840.mp3
c1a9158cfa967457976230cebd211d3e55cb3e7ee3648c1d4655f4d6a82f234c15a54f869eee010b8215d5ad33f855df2d138e99bd9d1fc0142552b3df5021f9,common_voice_ca_37573599.mp3,fb6bc40e290a6dda26c589705cd9f4126ebe12c9be14d45453aef4388e47ff59,Com ara plouen figues.,,2,0,,,,Balear,ca,,balearic,common_voice_26_ca,train.tsv,cv-corpus-26.0-2026-06-12/ca/clips/common_voice_ca_37573599.mp3
667df0e36c2ac7fcafff72ed1df2720cc85c6e8aa97fa38acd697bae4f6951869d1a89fe46fdf0cb63745797ee525b51ba23dd0b75b23c47bd64fb95612e2736,common_voice_ca_37634057.mp3,78908443d3432e757009fd6b1f55b5fd5407d96512ec9b96c30e1e394d24743e,Un immigrant que ha fugit a causa de dificultats econòmiques és un immigrant econòmic.,,2,0,,,,Septentrional,ca,,northern,common_voice_26_ca,train.tsv,cv-corpus-26.0-2026-06-12/ca/clips/common_voice_ca_37634057.mp3
1a6371c91b1751a2ff7f9ef9632f45d838168f6a6bb4366eac74f068db2152e6624c118cc68b31c1d8e48c3427022437fee465f4cbadbb38fe235fb33083296d,common_voice_ca_36751784.mp3,5a36283bff7017d98f9b9d2737d11963fc50eb0ad41277dda3953c74cc2800ce,"A més, en les cornises de les teulades apareixen pintats, en vermell, els maons aparellats.",,2,0,,,,Nord-Occidental,ca,,northwestern,common_voice_26_ca,train.tsv,cv-corpus-26.0-2026-06-12/ca/clips/common_voice_ca_36751784.mp3
110e5b6976bb6b6e5db37b5fe751aa20a3b13c08289f1bccf077a7ac96464f689eabde26608dfc376860362da8f6e72337882089fad352ab09b9abb705264658,common_voice_ca_24331718.mp3,d17f7f4965ec40733d04bab7d0a72ffb8c4fecec83df8eff699ee5600dd504e0,"Un desplaçament que, d'altra banda, ha causat nombrosos danys a les infraestructures.",,3,0,fourties,male_masculine,,Nord-Occidental,ca,,northwestern,common_voice_26_ca,train.tsv,cv-corpus-26.0-2026-06-12/ca/clips/common_voice_ca_24331718.mp3
26527c84247bb0804a7c264edb42b23f55e96abd5d4b2981ee1808c4ae4978feaca988dd9645afc1b6e6dc65dfb5563b3b5eb47656a4d97feb5b289d74c287eb,common_voice_ca_31386217.mp3,122e2f708e021e172e5d79314bbca6cb4c58f599a3c5838bad80258cfa8ebbee,"Algunes rutes van continuar estant a càrrec de Wiltax, però des del dipòsit de Heathrow de Tellings-Golden Miller.",,2,0,fifties,female_feminine,,Balear,ca,,balearic,common_voice_26_ca,train.tsv,cv-corpus-26.0-2026-06-12/ca/clips/common_voice_ca_31386217.mp3
cc044cbd66343acb7e4da20c0ee891c7723aa2a8a499515b6b9beec39d02072ee1378e017d134fc25067fa93bf6dce4ec5f5b135a6694ef14dccc8835f46d45d,common_voice_ca_31916095.mp3,45a2ddb68f6e357705f06154618d79a58d1c3ea2a2f0f8c07eefc3e2f3f6e152,El deu d'agost en Joan i en Telm aniran a Vilablareix.,,2,0,sixties,male_masculine,,Central,ca,,central,common_voice_26_ca,train.tsv,cv-corpus-26.0-2026-06-12/ca/clips/common_voice_ca_31916095.mp3
476d864483b18cda82a7bce11a5aeb5930fa4f37ee6e6062052b7e19362dc7a43e9fffefad082290e1a58da413adeeb3a9998a90a14013727bb07c26bbc36a3a,common_voice_ca_25899096.mp3,2c4beb5c4ac7a7e3385ddded83a69d1fcec84a886c55f63d8d4c098e094a75cf,Va observar el seu company amb els ulls enrogits.,,2,0,twenties,male_masculine,valencià,,ca,,valencian,common_voice_26_ca,train.tsv,cv-corpus-26.0-2026-06-12/ca/clips/common_voice_ca_25899096.mp3
f6bae72608235f2079672dcf4ecbd58c84873978bb4015fa751a9d82a6f73d949e98cb1e92969cf93a95c37d4042899f72c8dc1973aa7873a86bf44bf75782f1,common_voice_ca_30809843.mp3,8a2296f52f2cabf1e3eccc11e28086254d0b9dd6232a57db41968b389ff4ef78,Quin caràcter té el romànic?,,8,0,,,valencià,,ca,,valencian,common_voice_26_ca,train.tsv,cv-corpus-26.0-2026-06-12/ca/clips/common_voice_ca_30809843.mp3
d02d8263fd2ba6f00221e360f15a48975e5e880a9aef9a988f125ea62a510530ea07fa81d7323c5a5c5d8922a92d1186bc2c42f74ea643aa00c656c9b455ea3c,common_voice_ca_24079193.mp3,cc73eb8ff869d639ebb00d7b1815b86a5cb3b47dc2272833d514206cd17f51bd,És molt perillós per als humans.,,3,0,fifties,female_feminine,,Nord-Occidental,ca,,northwestern,common_voice_26_ca,train.tsv,cv-corpus-26.0-2026-06-12/ca/clips/common_voice_ca_24079193.mp3
fb8236490e5b09f186fc5ecdc582d5eed5dd8f8e9e985bd2a5156c48a9dcaa8c9f1c7c6066e26b17250e0e5d7221715599639c09e23067b3983baa995dc48c4f,common_voice_ca_30873121.mp3,9fab2195d1d45c6e794b90c521e19576ddff0c5664a83dc84e5d7d844f6bcc69,Vols dir que el meu germà està malalt?,,3,2,twenties,male_masculine,,Nord-Occidental,ca,,northwestern,common_voice_26_ca,train.tsv,cv-corpus-26.0-2026-06-12/ca/clips/common_voice_ca_30873121.mp3
96c84c7c66b310b164bb3aa8b0cfa5bde4962f6e040bab0b25c4bfe48ddcdfc268960baec2cfb19a5e7d6c3d72875bfbfc0ac8fdc1b72044a2b9916fee8519d3,common_voice_ca_34972816.mp3,3d85f1e2b531a94156dba1711c91b378c8c9de021aece51dd1e2795ffbde273a,No s'ha de confondre amb el trèmolo.,,2,0,,,,Balear,ca,,balearic,common_voice_26_ca,train.tsv,cv-corpus-26.0-2026-06-12/ca/clips/common_voice_ca_34972816.mp3
d5cf4a445832eb02090db3814726cc4f75f3145a75d214725048f55c3c40414cd4d451f9a2a2831ca7253b688940fa5e976bb9893f6c58b1a5b79de54df022a9,common_voice_ca_32538715.mp3,10892d1ab095d3f376b05720e903a534812ecac6ba65d964f6bc896ae8010f4c,Ho expel·leixi del cos a través del tub digestiu.,,2,0,,,,Septentrional,ca,,northern,common_voice_26_ca,train.tsv,cv-corpus-26.0-2026-06-12/ca/clips/common_voice_ca_32538715.mp3
4cedaa8d96436fd0d2ebdb61d616790a3cb3737d0a93d2ae41d588137c0d3339999d991b7b3c452704be1f5f512ce5a08c0971898fad0ad77f18fd623411cd7f,common_voice_ca_24063949.mp3,cb8a850ba7d47bed473f98470c0b131464292d7517810a1a8e907b430579c638,"Deu dies després, tanmateix, renuncià i s'exilià als Estats Units.",,2,0,fifties,female_feminine,,Central,ca,,central,common_voice_26_ca,train.tsv,cv-corpus-26.0-2026-06-12/ca/clips/common_voice_ca_24063949.mp3
7d19e719dcd616293603080de330b15c87b728c659c3adee71fdc2b87e9e2ca7088aac468708df56b7ef0a5ec7534edcffd0e34b48a32ebd7eee9f106a77bcc3,common_voice_ca_21837172.mp3,6a88614073fc8838d8eb842fdadab931008f3ea2caccf38d986b6b991e6cc8cf,L'interès dels gegants tecnològics està precisament en aquests factors.,,3,1,teens,male_masculine,,Central,ca,,central,common_voice_26_ca,train.tsv,cv-corpus-26.0-2026-06-12/ca/clips/common_voice_ca_21837172.mp3
b7169b52dc13731d9883ca559cb63f76c178924e0daa9f46009c5dcc68c8366185e38223bbcdaf3dece83970196455f4b12d24897bd34b886bfedc50597d6541,common_voice_ca_33395036.mp3,d9f3f6ef2f8cfe2f453ff06bfc9e50f5da262de18fdd08f8ba35b2d6ac511916,El temps fa marxa enrere.,,2,0,thirties,male_masculine,valencià,,ca,,valencian,common_voice_26_ca,train.tsv,cv-corpus-26.0-2026-06-12/ca/clips/common_voice_ca_33395036.mp3
e872f5a39f4b84ca6cff1a2dce04ad602d3e81555998acdc482540ce21c855eb8f2a1d2c0b9c0bc95b73969a7114917b9f811353606d1da6923e710960a8aa30,common_voice_ca_31046949.mp3,de975113ca51c824209dd1d81f4e4dbd05eef104da808840a37115b81e464167,"Els meus germans es diuen Maria, Quim i Núria.",,2,0,,,,Central,ca,,central,common_voice_26_ca,train.tsv,cv-corpus-26.0-2026-06-12/ca/clips/common_voice_ca_31046949.mp3
c2be4f7a8e3952aecc0488ca451560ffab4199d88486c3c26fec5e00f11e9724ce012b2f76ee61c223acf5503a9d90422085f68366d995a31d586558dda7a2ef,common_voice_ca_37603155.mp3,545c40ee7e980ddd735f7225854c627c635ed01efa9e1c04f920a5858b07f1af,Fer les primeres armes.,,2,1,,,valencià,,ca,,valencian,common_voice_26_ca,train.tsv,cv-corpus-26.0-2026-06-12/ca/clips/common_voice_ca_37603155.mp3
f4876ef39bda4d5be1bce2491b5a33de77df6c2b0c2ef119b3ae07aac9e00f83325606fdf925f154c44eda0a27d6c4d5248828e427cf4ee37d0180592d4000c0,common_voice_ca_37699514.mp3,7d45a88260f74d1e0b1695e02dd7dd80140e5da0b4bc8f96997b0f7399b9be76,Antonia Opisso va ser una escriptora nascuda a Tarragona.,,3,0,,,eivissenc ,,ca,,balearic,common_voice_26_ca,train.tsv,cv-corpus-26.0-2026-06-12/ca/clips/common_voice_ca_37699514.mp3
a8b8319bdccca67edac317b794b5c906110d6230f97f3c89228979d366aa4fe0325ea8041adfc9392c14c46675e0ef7d9af4115ac60f5de1462cd992db9a4d95,common_voice_ca_38375657.mp3,adac0666dc54d8503d1fac6e04d6f569318220554c2217d8192f0650191355ce,Les emplenaven de llumins i tenien una original caixeta de llumins per a vendre.,,2,0,,,,Septentrional,ca,,northern,common_voice_26_ca,train.tsv,cv-corpus-26.0-2026-06-12/ca/clips/common_voice_ca_38375657.mp3
adacb03db06fb0eb8def5bc9900fa93e0712379c5ba92ab4d0aab565ec71889de36f5c88b437ab43878ee67f01837b3f0cc6d488fcbc450d07b21c8bdc0aa8e2,common_voice_ca_33510217.mp3,219073419e09730314f2e446f1c093042154f8d05d80ddebe8de138f0a623ed4,És un esglaó més en avançar en el camí cap a la plena autodeterminació.,,2,0,,,,Balear,ca,,balearic,common_voice_26_ca,train.tsv,cv-corpus-26.0-2026-06-12/ca/clips/common_voice_ca_33510217.mp3
ac9ca5a6ca8f6237847ac871b7f7b8c0ded30fe5891ac49e0af19d2fb3b0176ca2d3aa18e16842d52ebbbbadfab18405ffc2b5f7271704e0fb4c3f1698cc43e6,common_voice_ca_32502032.mp3,02388951affeaad1ae282a1d48c98132bff8017b0508214f5f5dea70a176da7d,El vint-i-nou de febrer en Gerard i en Magí volen anar a la Vilella Baixa.,,3,0,fourties,male_masculine,,Nord-Occidental,ca,,northwestern,common_voice_26_ca,train.tsv,cv-corpus-26.0-2026-06-12/ca/clips/common_voice_ca_32502032.mp3
7f24896be12622e563222917ae8a855fc6f151b7a5e627055e95a83b1d0736d3bb85328a34d9ba38258b5f655ddbb8be027144871388d2390a98d0a870f8c672,common_voice_ca_37658918.mp3,7b2ba9b3d76ebe06e59de8a2607a933615f858144a1c845d1df4ea310139fb98,"Va morir de sobte a la Casa de Madrid, a Barcelona, mentre en pronunciava una.",,2,0,,,,Balear,ca,,balearic,common_voice_26_ca,train.tsv,cv-corpus-26.0-2026-06-12/ca/clips/common_voice_ca_37658918.mp3
f10a3f5001a44d04d3d69b3492d3cde1dad94b3437b4be2f7ea2c19b3707ca384ad9724cb03a3978fccc939ce4f4ea40fb7937b3476b0517d187ba86f51f28d3,common_voice_ca_39570659.mp3,cfe038003f54a57c1a4b4078a7f529452120089bf2d0120750b9bffadaf3d815,El nou d'octubre en Sergi anirà a la platja.,,2,0,fourties,male_masculine,central,Central,ca,,central,common_voice_26_ca,train.tsv,cv-corpus-26.0-2026-06-12/ca/clips/common_voice_ca_39570659.mp3
aa4689503c067e173ada9bfd0ce918fc240da99caf2be73a130a98a9b068e374c5673d84116d06981055cc9e4aec55fc01b1ad7c3e8b2d2ded2b22b856f4d192,common_voice_ca_37622456.mp3,77bd10887c0212d7a3d74f07db8b2004377c23f840e91f6f5ceda1efe8ee5195,Relació de normatives aplicables de diferents àmbits.,,2,0,,,valencià,,ca,,valencian,common_voice_26_ca,train.tsv,cv-corpus-26.0-2026-06-12/ca/clips/common_voice_ca_37622456.mp3
e923bc62a2f8eb6dea618c7fd46a74ff7f42a592ccba2c936c2d38a50d443bb015e35fea1bab4b5a2e79b41fd6d2ea5ba3eaaa918f234e548da200688ec69016,common_voice_ca_37602945.mp3,5a518911d69f189bcd4d37d02e0246786715626b4e522a5e463103270d8314a7,"Lluc, no llepis el llapis d'en Llopis.",,2,0,,,,Nord-Occidental,ca,,northwestern,common_voice_26_ca,train.tsv,cv-corpus-26.0-2026-06-12/ca/clips/common_voice_ca_37602945.mp3
961009951f5b3ced4085f9178286b82a4796f2d02a4e3cb1032b4018132e09531aff391ab002d37e6bf4ae7724fc8828fef972ca932fed3542c97b05e2eb3792,common_voice_ca_31223815.mp3,f95899ac21488eff86443016effc64711d058ee293e77e753416d07cee5650fc,El llac també és la seu de l'Àrea recreativa estatal de Lake Louise.,,4,0,fifties,male_masculine,valencià,,ca,,valencian,common_voice_26_ca,train.tsv,cv-corpus-26.0-2026-06-12/ca/clips/common_voice_ca_31223815.mp3
ddf1db61a8a379c496af7bbc192be2eb6a8690c37028eb8714f3a5481ccec9f85069f4a06175e71c45a7cb530617d790c1b797555fd6a30018484f27ed991095,common_voice_ca_37767587.mp3,7fa9165ccde21aacc0f527b6653ac00a3806132ef9047e4fd9d23fa641ad5954,He d'anar al carrer d'Andrea Doria amb bicicleta.,,2,0,,,,Septentrional,ca,,northern,common_voice_26_ca,train.tsv,cv-corpus-26.0-2026-06-12/ca/clips/common_voice_ca_37767587.mp3
96c84c7c66b310b164bb3aa8b0cfa5bde4962f6e040bab0b25c4bfe48ddcdfc268960baec2cfb19a5e7d6c3d72875bfbfc0ac8fdc1b72044a2b9916fee8519d3,common_voice_ca_34972856.mp3,3d9d6b1a10289f24f978f36fd670b9d7a0e2b39ef9b4167e769b2f098a061903,"En aquestes funcions, un ""schout"" era semblant al que avui entenem per un alcalde.",,2,0,,,,Balear,ca,,balearic,common_voice_26_ca,train.tsv,cv-corpus-26.0-2026-06-12/ca/clips/common_voice_ca_34972856.mp3
b3f29c709dffc40ad1bb2bc100e0358eaab5a36387427cff9d58aa4af1d5f4e58d409bb31e79fb22d4e9b876e34c4426abb3ec2e2b393253e3f1beede50c6684,common_voice_ca_31147217.mp3,f31dda00993a9ff75e3af4e490264c752841616316fdc85c294e32169a03a263,Anglaterra finalment va acabar tercera.,,6,0,,,,Septentrional,ca,,northern,common_voice_26_ca,train.tsv,cv-corpus-26.0-2026-06-12/ca/clips/common_voice_ca_31147217.mp3
e70e62d6ed6985015e987da40391de410088f0825dfdbbee04963da4ae6be33b9ca19f2b77267b1457e26eee22db639cdce7587435c764d9fede1c005b17561f,common_voice_ca_37574310.mp3,fc8b80235abf0b7f0f6b320eeb240b2e10e14aec4e78d5c9eb654519ffe9b874,Passar Bòria avall.,,3,0,,,,Septentrional,ca,,northern,common_voice_26_ca,train.tsv,cv-corpus-26.0-2026-06-12/ca/clips/common_voice_ca_37574310.mp3
ef13a36683437189a3141df74ca8b08e86a2c92a71c4a12e4ffd385d2082a9876739ead2b5d98346307edb87e0672df6a530461f08e55dc92df0d75f1894d485,common_voice_ca_30843147.mp3,95324043c553ba71bedd1ed055fcf8ea33d0fd9b6c672ff38473e26648f200b0,Què venen a la plaça de Ca n'Ensenya número trenta-u?,,6,0,fourties,female_feminine,nord-oriental,,ca,,northern,common_voice_26_ca,train.tsv,cv-corpus-26.0-2026-06-12/ca/clips/common_voice_ca_30843147.mp3
6ce00893a833a23002c74168368d73320c5a98e22518a8a7b88b2b66ff2b274e8bb39eac6e4e86786a63d350667c461b5b5c5ebd814bdea8edf74bab3624f53d,common_voice_ca_31069509.mp3,e4e096f7e8b253e35e65e88a1bb4765b8fe5db9cd9e9d6c2cbd8a2ffb67b3bd1,Es fa servir en la medicina tradicional i veterinària tradicional i com planta ornamental.,,2,0,,,,Nord-Occidental,ca,,northwestern,common_voice_26_ca,train.tsv,cv-corpus-26.0-2026-06-12/ca/clips/common_voice_ca_31069509.mp3
490e2caf11c64b7931abf75bcdadb334e8b4a7d55b263326c6bdd8f4c8a450161db6a799d44c62505374c2ebe3e29a0a7a2b757eb8b12181f9401e8b390d96c6,common_voice_ca_30869844.mp3,9ef38164c9b83dbcfe350d3d8e5d7a17d3352ec593b9496593cab2cbae1c42e7,Mira'm quina és la millor manera d'anar de les escales de la Font del Mont al carrer del Doctor Trueta.,,3,1,,,,Septentrional,ca,,northern,common_voice_26_ca,train.tsv,cv-corpus-26.0-2026-06-12/ca/clips/common_voice_ca_30869844.mp3
9bd97ae0e0f43433d1aaf34fd02bf41d1cd6b74d6a9646254ffac16c19767187458e47cae779447801b3d5d527c4946c60813dadd3cd6bc66dbe235c837dda9c,common_voice_ca_36957935.mp3,63ee250ad02065493e06363d62ac998fd3d6e67fb172227a64d3730feb2eea60,Hauria d'anar al carrer dels Comtes número vint-i-u.,,2,0,,,,Central,ca,,central,common_voice_26_ca,train.tsv,cv-corpus-26.0-2026-06-12/ca/clips/common_voice_ca_36957935.mp3
ab859fda475c2371f87fb5b38aea7f10f40c55c0f878fc7b03f1ecadd62f780df1d28b803d464ba449b990a362b59824e7fe4b0190be874fe60b12fa785f5643,common_voice_ca_31058002.mp3,e2c3cff94be024910e95e8a9c55bfd50cf38d8419e7e6cb061f668d55c16fccf,Com puc anar al torrent de Can Caralleu número vint-i-tres?,,2,1,fifties,male_masculine,,Septentrional,ca,,northern,common_voice_26_ca,train.tsv,cv-corpus-26.0-2026-06-12/ca/clips/common_voice_ca_31058002.mp3
42943c490a897b062780ac1100d92ecaf320b7008f53ec470febf0487ad33c9882424e81550dff43edfff424a0562ec80f93cbb5d2e347eafe930985c56e31fd,common_voice_ca_38249672.mp3,a43f31856cede0cbcd75073ccb323a500742adcabb1474d1be5a78008fab8bce,"Sembrar sempre el mateix, la collita en pateix.",,2,0,,,balear,Balear,ca,,balearic,common_voice_26_ca,train.tsv,cv-corpus-26.0-2026-06-12/ca/clips/common_voice_ca_38249672.mp3
50ff87c2323af2004bb06bb19ec486b7a7b7509ff294a13954e97b0342b9e68e7493646841e052649495922198638773397b0c3862259e44933a29ce10baceb9,common_voice_ca_32068336.mp3,5ee273caca43aa810b860c7c757a44bddb20281c204ed38d4ddbea46d2aef052,El vint-i-tres de maig mons pares aniran a Maià de Montcal.,,4,0,,,,Septentrional,ca,,northern,common_voice_26_ca,train.tsv,cv-corpus-26.0-2026-06-12/ca/clips/common_voice_ca_32068336.mp3
4e6157e12682d5026015894e16d15c67e09b5417ad6f2e128c4e466185d37a23d234108eb8e4e3981dd695709b618aa6699a6e0f07b8ce269220997118278bb3,common_voice_ca_31012260.mp3,d3c30806819d2195acede4d9ad645ffc1eaff9dfd35977b7f96de0a2bb767a7a,"Els teixons van ser derrotats, tal com tothom esperava.",,8,2,,,valencià,,ca,,valencian,common_voice_26_ca,train.tsv,cv-corpus-26.0-2026-06-12/ca/clips/common_voice_ca_31012260.mp3
4cfc1cd71ac5d3f1f906e4e159dafcde1ee47a7d393f135fb378f1826d1c2bef4e8589b16c47f1de6c303cdae521e19deed0fa7b1a08297d003a48c3e591ec56,common_voice_ca_37623906.mp3,77e04042b90522991743203eccb3d44ecf3ba21bddc56f2e4c35db532bb9ed08,Va morir de vell.,,2,0,,,mallorquí,Balear,ca,,balearic,common_voice_26_ca,train.tsv,cv-corpus-26.0-2026-06-12/ca/clips/common_voice_ca_37623906.mp3
4a87bfe5b1cabbf803a5552c36ad5cf7e2c289fa05d3fd48e4b6d1c596243c0e5b8fec06d9924fb42f58f3b392ba086d32952cf6b16115de8a89a561bb343426,common_voice_ca_40479606.mp3,e78ca89e435188e1e836d5662f144f44edbc335abe53adebeb6022fe0b8247c8,Com ho puc fer per anar a Algaida amb cotxe?,,6,0,twenties,female_feminine,valencià,Valencià meridional,ca,,valencian,common_voice_26_ca,train.tsv,cv-corpus-26.0-2026-06-12/ca/clips/common_voice_ca_40479606.mp3
4cedaa8d96436fd0d2ebdb61d616790a3cb3737d0a93d2ae41d588137c0d3339999d991b7b3c452704be1f5f512ce5a08c0971898fad0ad77f18fd623411cd7f,common_voice_ca_17547235.mp3,55d02567d0f1daadad27307cf42909119d76251ac69e722612f154d68c4efc7d,"Besos de minyons, amors de plorons.",,2,0,fifties,female_feminine,,Central,ca,,central,common_voice_26_ca,train.tsv,cv-corpus-26.0-2026-06-12/ca/clips/common_voice_ca_17547235.mp3
6e0bde610f238b674017fa7320fa8095a2323a8b0e11bf837c522e9a8c1d0563570a181bcc17c1cdc5d0f6ffdc15d2487f927cec71116aec5ebca5cc8b87929a,common_voice_ca_37564293.mp3,e778f49d72a0850ab883c7f6ee960f5b900d28e86a0dc32a99ea1925c587b739,De cap i destral.,,2,0,,,"Mallorquí, Son Servera",Balear,ca,,balearic,common_voice_26_ca,train.tsv,cv-corpus-26.0-2026-06-12/ca/clips/common_voice_ca_37564293.mp3
b7cabeeebd327e20e86dc7f329044ef1e505a8b5b06ec8730b35ec796179398d343c4612c462987483a552461ceb8746d845b5304f90a1ef4bae8f961c061f22,common_voice_ca_30834104.mp3,9266fa03cce385509209c3cf5fe544b95fb67934af32e3326f7b1badd6bdc866,Com ho puc fer per anar a la Selva del Camp amb cotxe?,,3,0,,,,Central,ca,,central,common_voice_26_ca,train.tsv,cv-corpus-26.0-2026-06-12/ca/clips/common_voice_ca_30834104.mp3
60f7955fc2f4217f6713848d6f6490013f6a85c9b0615a47b99d538ae111c310e5970c1b1ce18fd40a230fe0452f0a462576659df246435d856cc4d1df500d4c,common_voice_ca_31795954.mp3,20fdd85907b12f9ed64276b331bd1cf79c5c1cd78565d493197f2bfc6eead49c,Dimarts anem a la biblioteca.,,5,2,,,Lleidatà,,ca,,northwestern,common_voice_26_ca,train.tsv,cv-corpus-26.0-2026-06-12/ca/clips/common_voice_ca_31795954.mp3
d753f303fae59584c74edd9998690cca65d19ee6e92384c53c493c27bc8be19b9e101038c7ad29c453bdf3c16563b04bca82cda7cea4cdda851badb0d60e2be7,common_voice_ca_26232139.mp3,31038e580b5873c2c0c862dd5830d0e3f080cff120f70e45451e49774899a123,S'han descrit diverses varietats i formes d'aquesta espècie.,,3,0,,,valencià,,ca,,valencian,common_voice_26_ca,train.tsv,cv-corpus-26.0-2026-06-12/ca/clips/common_voice_ca_26232139.mp3
02fcb452e2d09f4a5738a400755fce8f17a6d245d2b19bc777462950b0a4cec53e1f56daf483e2d7198b9cdfc3fc60252027d2ccd6c5b8bd966682a4da0d1086,common_voice_ca_41485351.mp3,fd09bc622be6e705265fb83660f5ba9644960453def9a5a4dadd6c0448928436,Fereixen un nen amb un pal a la sortida d'una festa d'aniversari.,,2,0,thirties,male_masculine,nord-occidental,Nord-Occidental,ca,,northwestern,common_voice_26_ca,train.tsv,cv-corpus-26.0-2026-06-12/ca/clips/common_voice_ca_41485351.mp3
f61662279e4cf91f2f4df22de9a3e6ec3f732a1341e584651fa5c5a344198df12bf4ed5573667edeaf1c6c7eb6570ccfe476482fe28005b1648196fe1a4c63d1,common_voice_ca_37589448.mp3,212898c7c72be29b6a287bcb82b97834a6c870c5757313a3f24f6cf050c5abc3,"D'altra banda, es rebrà una resposta de l'òrgan tècnic.",,2,0,,,valencià,,ca,,valencian,common_voice_26_ca,train.tsv,cv-corpus-26.0-2026-06-12/ca/clips/common_voice_ca_37589448.mp3
f1d5c9e02521af8910821aba0cf9117bdb3905dff12e962365c9c90045df70d95613bacf692a84de2e9f99b39de556a44b2c953d57f05b4eae2d0e74ef93600a,common_voice_ca_40130084.mp3,dd3fddc07dc2ed6e285d0ff3bd165357b7f39a0b5ae7331f381b88a2a6dd97d6,Qualsevol altre retard en el procés de pau seria inacceptable.,,3,0,,,,Valencià meridional,ca,,valencian,common_voice_26_ca,train.tsv,cv-corpus-26.0-2026-06-12/ca/clips/common_voice_ca_40130084.mp3
79987c7514fcc2f5b17ad6b3a8871db730610523adefe535099ba0058a534fd3f405814202487ba7aa9c104ac571e837ef666eddf8b23f50bad1cff78693d514,common_voice_ca_37766389.mp3,7f9227f3954bb4fa2cbdd452abd724848a957f1ad3a1b19a24bcc69a056fcff1,Vaig començar el ballet quan encara anava a l'escola primària.,,2,0,,,,Septentrional,ca,,northern,common_voice_26_ca,train.tsv,cv-corpus-26.0-2026-06-12/ca/clips/common_voice_ca_37766389.mp3
be0a2cf6b9cb520177ba3deed94f1a469b3f2f8b625cbbc8c98cd9cf43a60d989f314e18a25cb6aac7e9d944204ec6e1dd99c3caa671018efbe2a204f6b08501,common_voice_ca_38246400.mp3,a3fa8dd501010905b4547492738c11deebda489ab3a059e5410126a9a6d35223,El vot útil té defensors i detractors.,,2,0,,,Palma,Balear,ca,,balearic,common_voice_26_ca,train.tsv,cv-corpus-26.0-2026-06-12/ca/clips/common_voice_ca_38246400.mp3
3e322c5030d2ce4bf84ffa741f38c79eed1d9a3ddeb20695b36f8665df21a0da312d76c0e93e78474fccb950cc092b828e59313d2984012d22337ff507183fa0,common_voice_ca_37540240.mp3,b1433cfbbb7e1d68531e1b79a139d66990e34f0763b1fd85d28c70e1d382ea57,"Així, gallet, i tocs per la cresta.",,2,0,,,valencià,,ca,,valencian,common_voice_26_ca,train.tsv,cv-corpus-26.0-2026-06-12/ca/clips/common_voice_ca_37540240.mp3
6c8e83efd1b46f8af144f096bb0affa570e3f2936d62f0568506b2ab357a55e48018e4a24ed94a9110e3eeac6785364e74cfd0ff8e71945908bc2f89b774b563,common_voice_ca_37907299.mp3,8afc0d1c20b860749cdc36758383ef582a63baa66c041593dcd05b9995d51c29,Michael Zucchet va exercir de regidor de la ciutat de San Diego en representació del segon districte de la ciutat.,,2,0,fifties,male_masculine,,Central,ca,,central,common_voice_26_ca,train.tsv,cv-corpus-26.0-2026-06-12/ca/clips/common_voice_ca_37907299.mp3
92891fa5d0252d8925f414cfb9c70d26d072552ab50e1e8b28467311c9b40e9d77aadedf5a09bd922e660758b12c084927a84d4e81072d8f763af20b7427764d,common_voice_ca_25092520.mp3,104e7033b9f52c6ec5eb085ab44c5b3fc9ab2c142ea73f1c89980fd69af3fdca,"Passa amb major freqüència en persones grans, especialment en llars d'avis.",,4,0,,,,Septentrional,ca,,northern,common_voice_26_ca,train.tsv,cv-corpus-26.0-2026-06-12/ca/clips/common_voice_ca_25092520.mp3
8d0085a66d64058fd3c49768bf6703bcd43abe57c1fc40539c08dc790714319b63a6c413a5b92655d6785231e18a3b93b7e831ca098f8554d9c106b571e7e3ed,common_voice_ca_37185986.mp3,6c343a54d20d5e052e09b9b94b66e93b8ff4b8283525adfac554e379a1a705e5,Hi ha un cràter d’impacte a Mart que porta el seu nom.,,2,0,sixties,male_masculine,,Balear,ca,,balearic,common_voice_26_ca,train.tsv,cv-corpus-26.0-2026-06-12/ca/clips/common_voice_ca_37185986.mp3
71201ba6ca28a1d8388f0b1d6147c2551b686dd42aa8ded23d0147a3bcb184322747fab9cb80dc2b10fbe1c7c20e6c8a341d304996544b52cd118fc186e3ccf5,common_voice_ca_41526162.mp3,c8a9501854943ea6f769e2144f082fa731e03db36637828e42c8126f815cefe7,Catalunya sud també és Catalunya,history_law_government,4,0,teens,,nord-occidental|cerverí|segarrenc,Nord-Occidental,ca,,northwestern,common_voice_26_ca,train.tsv,cv-corpus-26.0-2026-06-12/ca/clips/common_voice_ca_41526162.mp3
adacb03db06fb0eb8def5bc9900fa93e0712379c5ba92ab4d0aab565ec71889de36f5c88b437ab43878ee67f01837b3f0cc6d488fcbc450d07b21c8bdc0aa8e2,common_voice_ca_33510174.mp3,2492d98fecd9914fdf376c10c5496e66359bd6c0ef89954087cf7ba59b729c23,I quan va tornar vaig demanar-li: ‘Com et va?’,,3,0,,,,Balear,ca,,balearic,common_voice_26_ca,train.tsv,cv-corpus-26.0-2026-06-12/ca/clips/common_voice_ca_33510174.mp3
458cc9429f1fe740f093f20c3a11dd9e995942d274a3c16e4982acd88d3323aa05ddcc884aca24676a4cea186146989123fe0092ecdb08e9d4855fe27c8eb59b,common_voice_ca_31118355.mp3,ed7a779d24f6eb257f43a5311ee7efb8384e41588c8a1ed3d7fcdc8d09c5242f,La moneda va circular tant a Pèrsia com a Grècia.,,3,1,sixties,male_masculine,,Septentrional,ca,,northern,common_voice_26_ca,train.tsv,cv-corpus-26.0-2026-06-12/ca/clips/common_voice_ca_31118355.mp3
7a9ee951fea4635e427f3cb984bdc80e221d1aa5ca77cf9acf6f45c3560c57d1c40a7f910d7ef175204a923efb2b155548612eb5ff2c0783ce667020efca67b2,common_voice_ca_32176428.mp3,521d1bfeca2e181acc2dda72d8d5ad002e0046722b214b26425cb3212fd8d8f9,"Esgrogueïda per una malaltia hepàtica, però en cap cas histèrica.",,3,0,fourties,female_feminine,,Central,ca,,central,common_voice_26_ca,train.tsv,cv-corpus-26.0-2026-06-12/ca/clips/common_voice_ca_32176428.mp3
d264909fe380da72d0b34cd257865cfbf6c189aa40f5f9db2d1778d0f84d7bbbf819866191885e9249f8130a348497c3120d982f2340d88a3dc7441f4ed9f8ea,common_voice_ca_37005610.mp3,664384185f3577ea3b239ce32c6f354867cbade2e50a48953b9df5911cd3efa8,"Va estudiar ciències polítiques i sociologia, especialitzant-se Antropologia Social a la Universitat Complutense de Madrid.",,2,0,,,,Septentrional,ca,,northern,common_voice_26_ca,train.tsv,cv-corpus-26.0-2026-06-12/ca/clips/common_voice_ca_37005610.mp3
3cab131f1ff7d75b971c677cb846b8d7e931343f418cfa222ef3b301581d2f90b778323dccc4dfd65b8b2d52ffa713e38a113d14201ffc58c660746131f0fef5,common_voice_ca_33516510.mp3,26fc3777ab47e0472d163bf180e1979705dc658dfce40f0d51e2ad6695753788,Diu que això caldrà valorar-ho d’ací a un mes.,,2,0,,,,Balear,ca,,balearic,common_voice_26_ca,train.tsv,cv-corpus-26.0-2026-06-12/ca/clips/common_voice_ca_33516510.mp3
a2e9f46b50449092c9580fc05c50383e6c00a656c273ef7a0e7f1de9af0612b23eca5137486c50633892130e22a380fd219592af982f8060a32263ee3f037cd4,common_voice_ca_30971221.mp3,c6422949573abb51e14f0dcde3f2f1e20447741a7ba24c262b1ba637f0ca7cd0,La presència de la cítara de concert en la música clàssica continua sent escassa.,,2,0,sixties,female_feminine,,Nord-Occidental,ca,,northwestern,common_voice_26_ca,train.tsv,cv-corpus-26.0-2026-06-12/ca/clips/common_voice_ca_30971221.mp3
0bfbdce8cc864eaf2c4849b3fdd53e9f4100d2ff528af94cda97c460cfcd13fd3a7332c8be0bbfdda918b624522ea24b1f21f20a97ebaf9315cca872c3120815,common_voice_ca_22438978.mp3,8813c44dc40674205c52d9aeffa3a49947c1bf7b3942ef81de5814f578414439,Fou presentat a la Fira Aeronàutica de Berlín.,,3,0,teens,male_masculine,valencià,,ca,,valencian,common_voice_26_ca,train.tsv,cv-corpus-26.0-2026-06-12/ca/clips/common_voice_ca_22438978.mp3
fe753134f697e49b5a132123c0b6b4c5ff486e237638e2f2760abb3fb264daf1b413b984b2b78c7cab2a10677a6f8a6c8fdcc89a2b5c875b30c99a9f1347f0bc,common_voice_ca_30708320.mp3,329af9c555af6cdc16ca8b1468d7b3e982cb75f207673b0aaf82f8e03312b79f,Pagar un escrit a tant la ratlla.,,3,0,,,,Septentrional,ca,,northern,common_voice_26_ca,train.tsv,cv-corpus-26.0-2026-06-12/ca/clips/common_voice_ca_30708320.mp3
0ea16212791c523060d5fb6576519e4eb78e7ddda4a27e48d90f976f57ea3d462b27abf10089704cf836649accab77d472b44f5ff96ef0c76877ffc15944f6c8,common_voice_ca_17460043.mp3,9bc85bb94d287935f5f8ec5c04946b91c7741637774eee00b1fef38f4cceb751,I Quimet això de la carrera no ho té gens ni mica clar.,,2,0,fourties,male_masculine,,Central,ca,,central,common_voice_26_ca,train.tsv,cv-corpus-26.0-2026-06-12/ca/clips/common_voice_ca_17460043.mp3
80d87c89983c43a699faffd0c037dc07f1c39029b96141109bdf8bae1f28653e1bee0a6a468b40e1b231280fc86c427061f0e391a4059db1424a2fa03a5d928d,common_voice_ca_40997808.mp3,930a59b191be7b21483b8d043cf629a237b19542af7bffdcfeadb1600b3028ab,Què va anar a fer el dia següent en Melrosada?,,2,0,,,septentrional,Septentrional,ca,,northern,common_voice_26_ca,train.tsv,cv-corpus-26.0-2026-06-12/ca/clips/common_voice_ca_40997808.mp3
b2e8163f2b1c8f68a53b0ae4db5d81620253a6667b82beae13ea96f6b365942f7f2dbcda7da096c69ceb30d095b9bfb7840c03da147978c3f9e9b07226e0c1ae,common_voice_ca_37908507.mp3,8b2d67407aea681c0696f54d46561ea84d974d9fcbe371486db39d1df5d02e5c,Com ho puc fer per anar a Alginet?,,2,0,,,,Central,ca,,central,common_voice_26_ca,train.tsv,cv-corpus-26.0-2026-06-12/ca/clips/common_voice_ca_37908507.mp3
7dc80454edecce4862042fde068b9c67e9f70785f9aa87481a9ac117b43c3e0453c7f545b873dc5fb06e1af2029db067cab40a7ae8517a4570643a9d76e6c2d2,common_voice_ca_30802851.mp3,87a1f27b31ef77c394f3f1bb16fd9e91781cd4191159864ac96f138b2faa11a4,Selva és un municipi de Mallorca.,,2,0,,,,Balear,ca,,balearic,common_voice_26_ca,train.tsv,cv-corpus-26.0-2026-06-12/ca/clips/common_voice_ca_30802851.mp3
b2e8163f2b1c8f68a53b0ae4db5d81620253a6667b82beae13ea96f6b365942f7f2dbcda7da096c69ceb30d095b9bfb7840c03da147978c3f9e9b07226e0c1ae,common_voice_ca_37908506.mp3,8b2bacce7d8f2aa56626e4365ca5a3defc7111cd3c0718934d6be32b75282a64,Una sala amb una megafonia excel·lent.,,2,0,,,,Central,ca,,central,common_voice_26_ca,train.tsv,cv-corpus-26.0-2026-06-12/ca/clips/common_voice_ca_37908506.mp3
b6e7a52d88b2d3dfe74e4860b3dc554acfbc70d20d01e18f90b83cf5b0b23672accb83e6e3913526035b09abd554e0a11021d1dcf1d8cc3a5046582fbdb52e9a,common_voice_ca_36957831.mp3,6402928976f021363ac1511ecbc200e2e9ff81fd35259c3501bc5a8877b4d438,Per aquest motiu tota la província fou coneguda com l'Exarcat de Ravenna.,,2,1,,,,Nord-Occidental,ca,,northwestern,common_voice_26_ca,train.tsv,cv-corpus-26.0-2026-06-12/ca/clips/common_voice_ca_36957831.mp3
bd24eb79a3f6592892711a17449820fd1f0e0f428fa3e8a78bb1e5a415fd5271741dd197dc18561eff0a19451709221c5ac4aaf0ff91d5523b887a2d71ac2b49,common_voice_ca_37560256.mp3,dbe62d392faf8dc1aa3efe5b25901a6bdda7321ee1d6ee79613583ef53d89594,"Tramuntana, fresca i sana.",,2,0,,,,Balear,ca,,balearic,common_voice_26_ca,train.tsv,cv-corpus-26.0-2026-06-12/ca/clips/common_voice_ca_37560256.mp3
96c84c7c66b310b164bb3aa8b0cfa5bde4962f6e040bab0b25c4bfe48ddcdfc268960baec2cfb19a5e7d6c3d72875bfbfc0ac8fdc1b72044a2b9916fee8519d3,common_voice_ca_34972817.mp3,3d879babf95ab2fbf2750e5525f9e3faa75043834061d8393cb2004945a1d562,"El rodatge s'ha desenvolupat a Anglaterra, a Itàlia i als Països Baixos.",,2,0,,,,Balear,ca,,balearic,common_voice_26_ca,train.tsv,cv-corpus-26.0-2026-06-12/ca/clips/common_voice_ca_34972817.mp3
50ff87c2323af2004bb06bb19ec486b7a7b7509ff294a13954e97b0342b9e68e7493646841e052649495922198638773397b0c3862259e44933a29ce10baceb9,common_voice_ca_32068339.mp3,5ef654f85e6dc9a12f3db2f8ddd6e65a2d7f1f9008f92991dc51d1cc6becd028,Demà en Josep vol anar a la biblioteca.,,4,1,,,,Septentrional,ca,,northern,common_voice_26_ca,train.tsv,cv-corpus-26.0-2026-06-12/ca/clips/common_voice_ca_32068339.mp3
e1dcee497b03e9d5e34721a9678b4ee63bfa908344af4a5bb7e44c71f2b7e3a6f83197e29fd9438048147aa1bcbacb26bee61124e7abe58ab410b0f86d37f3d1,common_voice_ca_31333682.mp3,097dc218d6c2c3645232a263b6c93dbd6f4f3daac91817219ebab73d0f7cd4fa,De planta circular i massissos murs de pedra pissarrosa sense desbastar.,,2,1,fourties,male_masculine,,Nord-Occidental,ca,,northwestern,common_voice_26_ca,train.tsv,cv-corpus-26.0-2026-06-12/ca/clips/common_voice_ca_31333682.mp3
f3635abb815fff35d1f0a6e5a6b46bfca9548696ffe2820d5aab9749a8ba84b3081e0add973be1252517ddd7e180698c6a53166ad9c501ce37c1b4378ed6245c,common_voice_ca_38059927.mp3,96965685c528257c4442eff57a54419bc648fc3cce09bbe1e3c92355424b6626,Estar a les últimes.,,2,0,,,nord-occidental,Nord-Occidental,ca,,northwestern,common_voice_26_ca,train.tsv,cv-corpus-26.0-2026-06-12/ca/clips/common_voice_ca_38059927.mp3
7cd26b91a7d186e02ce9f93f0d3853cde57eb78b3590bdbf07b4ecc31d0e8470431f85a11c77db96a59b133cc01c7d554bee294cfb27bf753760268a84a31c66,common_voice_ca_36827386.mp3,5c8a6a31db8af9a306d002f66545f7d761d234a88bb91b389b406e03e24140b6,El vint-i-tres de maig en Manel i na Xènia iran al teatre.,,2,0,,,Tortosí,,ca,,northwestern,common_voice_26_ca,train.tsv,cv-corpus-26.0-2026-06-12/ca/clips/common_voice_ca_36827386.mp3
f3e73932acd0c1d43651c5d91520618bfcd809cd9a462653390c8423a56fa485001902f6513be3901feef97cba4d8125980f162dc9ed7d658255e094573852fd,common_voice_ca_37897818.mp3,8a34c9ca09b0b1c5c4a4b726f4412f3830439790a50fc3864661beb8dc81cfee,La serotonina és un dels neurotransmissors més comuns.,,3,0,,,,Nord-Occidental,ca,,northwestern,common_voice_26_ca,train.tsv,cv-corpus-26.0-2026-06-12/ca/clips/common_voice_ca_37897818.mp3
295c26c6a1db0cfe0d7a41bd219c40e9f54b4f333cc6d4acf6b4002d2c01dbc7c22c96d15f991208f28fc374d1fa20f63cf42a9a6eba5da076a4242e7acbe95e,common_voice_ca_40612548.mp3,02c52efbe0eccfd72e5fa5a628ddfc7c4b32ca5f174b4837f0d1fc2f3b4c6b44,De qui va ser amic?,,2,0,fourties,female_feminine,,Septentrional,ca,,northern,common_voice_26_ca,train.tsv,cv-corpus-26.0-2026-06-12/ca/clips/common_voice_ca_40612548.mp3
9b9a1084659bfa62fb0542b3a8a18acf11698177a09eac7e1f89290cd23748d75aff0e5394f4f307709fb45f19074d83b92fd184ee4ad6c11d6487f82ce8d5cd,common_voice_ca_40559689.mp3,e8ba06d77945cc9c7d4026cd7b68fe066c8e7d0e7420d3d1b81b2ee78a65c2b1,Diferents colors apareixen amb els diferents angles de la llum reflectida.,,4,0,,,central|septentrional,Septentrional,ca,,northern,common_voice_26_ca,train.tsv,cv-corpus-26.0-2026-06-12/ca/clips/common_voice_ca_40559689.mp3
c4034d52d21c475bfc0be93cbc9f02368f578817f838c25abd702e39d477a45f551db8b839f00bbe9c9aed5511ce1f083f8cf1add51797e85151bd324a2de6b7,common_voice_ca_32119717.mp3,784b432c3173db4d4b27140a118fab1d550b6748021aa36b463bb4e3b4a15460,El vint-i-tres de maig na Gemma i en Dan aniran d'excursió.,,3,0,fifties,female_feminine,,Central,ca,,central,common_voice_26_ca,train.tsv,cv-corpus-26.0-2026-06-12/ca/clips/common_voice_ca_32119717.mp3
be5e09666c575354a91b884004f953daf5712f98700feacb5dc516c006f2956b3400fc7c33aaca7d3ae43d0c787911b565ef4100d2f29e2e387bfb6a6a653848,common_voice_ca_21311265.mp3,49d92d612572dadac8ea20dfbd0c7167ef66282916c0d484d8e020ae3120db5b,"Dinamarca dugué l'assumpte al Tribunal Internacional de Justícia, que resolgué que l'ocupació era il·legal.",,2,0,fifties,male_masculine,,Nord-Occidental,ca,,northwestern,common_voice_26_ca,train.tsv,cv-corpus-26.0-2026-06-12/ca/clips/common_voice_ca_21311265.mp3
f213253eb290eb8068851d9d5625cd99a2d9548d5584a70b59e70c7107221ef5177cdd291dbe623d0f1ec45b983f163ec3ab9ade0a3a43c1b309d437dd08068e,common_voice_ca_38491038.mp3,b2d76806eadf15cdb99f1390c1b627d4cd6f086652f11f592a3448eb8c99c4f9,Els personatges marxen alegrement a la revetlla.,,2,0,,,nord-occidental,Balear,ca,,balearic,common_voice_26_ca,train.tsv,cv-corpus-26.0-2026-06-12/ca/clips/common_voice_ca_38491038.mp3
4706ba1de4d328dfef254587d0bcef7f0449a4ef927d38f1fce2259319eb9e2bf4a902631b784e04d3f95762e474ff12bcf3473aeccf478314932de33d0b2d1e,common_voice_ca_30842017.mp3,9548500ed22609aa590bf1bb241f097389ea49842db44fbe849169a16841620a,Quina és la millor manera d'arribar al carrer de Buscarons?,,4,0,,,,Septentrional,ca,,northern,common_voice_26_ca,train.tsv,cv-corpus-26.0-2026-06-12/ca/clips/common_voice_ca_30842017.mp3
6eac6949b6f1aac7e91215cf8800da94810845df2e4064030baf2f3338a22032b44236998352c6cd70732e4b6008087274d1779a1a5b24b7022b6a357b81dfb9,common_voice_ca_32154746.mp3,8cfdd6baffb8794e2cf08c32adc56dd7f127e224a6dd55e171dcfb3b1a906dfe,Dissabte en Bru i en Max aniran a Busot.,,4,0,twenties,male_masculine,,Nord-Occidental,ca,,northwestern,common_voice_26_ca,train.tsv,cv-corpus-26.0-2026-06-12/ca/clips/common_voice_ca_32154746.mp3
ce0c2c8369822ea2e9a663dd1c4ba60a300d683f3e1e7456d4f4d985b14d39be52e4cea8fe75d1595fc06b61771ed9e37dd9ce428f0dea73ab9c990dbd0cd9f8,common_voice_ca_36957570.mp3,63fc29a24be4a9bbb830e4d2aa480bd2ef326dcd4ab17c9ac395803ef62ef27a,Algunes policies troben ofensives algunes declaracions del llibre,,4,0,fifties,male_masculine,Barceloní,,ca,,central,common_voice_26_ca,train.tsv,cv-corpus-26.0-2026-06-12/ca/clips/common_voice_ca_36957570.mp3
82b26d04e992a57a46106914cdaf5ab56a5756b38e58ebbb9d35df4c678f0dcb9cd6452fadcfb23dc5972b22037037bd08e3691bc6e554f679b92df03034eb24,common_voice_ca_38058901.mp3,96807c8fcf5ca31e5523242729fe914455cad14ca4a04d272d131fc58b1fb7ec,També es contempla la recuperació de la cúpula que fa anys tancava el mirador.,,2,0,,,,Balear,ca,,balearic,common_voice_26_ca,train.tsv,cv-corpus-26.0-2026-06-12/ca/clips/common_voice_ca_38058901.mp3
a1785c3451e197b8d09e31c523e0a679737e8c5039a7a6bd637d866701728c491488bbbe8bd91ce5c2fd94ef0e49ebd88042599487b771d5ccc9cd2db5239119,common_voice_ca_22965889.mp3,9a6202dde740ace50d25d15e5b927e0cd8c92dd058c634515b159e6931b56983,A canvi el museu va portar a terme la restauració de les dues obres.,,3,0,thirties,male_masculine,valencià,Valencià meridional,ca,,valencian,common_voice_26_ca,train.tsv,cv-corpus-26.0-2026-06-12/ca/clips/common_voice_ca_22965889.mp3
e4a791496341a07bd6f3a4eb166af8ddbf537ad054b36e5c6e095c9cfdb47a472bdc51d8cc0a91d5bdaf8fb3bb00f3e733bf12e9045e7f8afea5232bab17100c,common_voice_ca_38101722.mp3,98beb70d6a7ec46519c9e01c8374c8284cb515bfa4ad9b1e72e9ac12d1e02a78,Es troba des de les Açores fins a les illes del Golf de Guinea.,,2,0,,,balear,Balear,ca,,balearic,common_voice_26_ca,train.tsv,cv-corpus-26.0-2026-06-12/ca/clips/common_voice_ca_38101722.mp3
de44c31b2c3b8d65fa6f0e2d4d770bdf7557effd4905cf1057e2e4ff4ea8d762ee44dc776e8843e0af9fc3912044a5647578d07f7846620150b686bd7d3450f1,common_voice_ca_31120993.mp3,ee1ee5f5028f9f7eb5131663f71f2ebd1dc1e694c19eddde73c1f91d6bb69582,Ell és un dels fideïcomissaris del Museu de Guerra d'Alliberament de Dacca.,,2,0,fifties,male_masculine,,Balear,ca,,balearic,common_voice_26_ca,train.tsv,cv-corpus-26.0-2026-06-12/ca/clips/common_voice_ca_31120993.mp3
c4034d52d21c475bfc0be93cbc9f02368f578817f838c25abd702e39d477a45f551db8b839f00bbe9c9aed5511ce1f083f8cf1add51797e85151bd324a2de6b7,common_voice_ca_32119775.mp3,769c13554529d3edfd5064643ce88910cf182736f7c770306e48fc01e9eef2ea,Per Cap d'Any en Nil i na Júlia iran a Benicarló.,,3,0,fifties,female_feminine,,Central,ca,,central,common_voice_26_ca,train.tsv,cv-corpus-26.0-2026-06-12/ca/clips/common_voice_ca_32119775.mp3
aa8d56848569c88eec9d265620d514cd7df53bbaba013716b7a1794e29b40520e6a6c36f0abb54331b5a0e34abb8484eceda9cc3668f8e3df6dca44d99d8c6e6,common_voice_ca_37427653.mp3,005798d63d6bce8d768fe6487cc3dfe4edf724acc5796c42346dc738f3437380,"El matí al port, a la tarda a l'hort.",,2,0,,,,Septentrional,ca,,northern,common_voice_26_ca,train.tsv,cv-corpus-26.0-2026-06-12/ca/clips/common_voice_ca_37427653.mp3
9f1afd79e6aecbb20b862331a21b66e410f9a340405059ce47663e9da68b4463cf2de7b9fc3af6909c1ab800b9a0b883ec1877f557c64e753101f3a1497644bc,common_voice_ca_30818007.mp3,8ce33c2e7fdfdebd49fd77bd484f9358a9b16dce59b10c818e036f6ec08906d1,Va anar a Favara amb tren.,,3,0,,,,Septentrional,ca,,northern,common_voice_26_ca,train.tsv,cv-corpus-26.0-2026-06-12/ca/clips/common_voice_ca_30818007.mp3
78c598ab1383d31ef99c340688e8fe5042f5989618ba1010a9d41c7de6038827d60fb12c137f1304e266157e64f12dba080e920ad0276d7a6a843986462e9b52,common_voice_ca_38797364.mp3,c2d942c78b08760e8188148930576f1fe5f91b6fb6871c7565f797f7ae7d39b6,Tots eixos rius acaben desembocant a l'Ebre.,,2,0,,,Lleidatà havent viscut a Barcelona 20 anys. ,Septentrional,ca,,northern,common_voice_26_ca,train.tsv,cv-corpus-26.0-2026-06-12/ca/clips/common_voice_ca_38797364.mp3
79dab57f773e28ed929f09aa000de735875cf37cdd8809dbd9e4cdb4474d03c81bc625a7d33d6b5f38f787fd077f0faac4b9c1cedb4541a7f3bc3de86ec99d48,common_voice_ca_31316058.mp3,06a6ea932b3de6b4c1a5cfe441f85fa1332bfc0b62417e284212832a962e51af,"S'hi produïa blat, ordi, patates, llegums, fruites, panses i cànem.",,2,0,,,,Central,ca,,central,common_voice_26_ca,train.tsv,cv-corpus-26.0-2026-06-12/ca/clips/common_voice_ca_31316058.mp3
f8bda1ca0ffbe37d583c44149be5f817cb028044ce0dee4fc405cca46180da462c86cbfc654b7b2f5a35eec0ea4d1e527d630fb78268ae27b7b764c9e96565f3,common_voice_ca_30766848.mp3,7abd19631b831fe609605f1363bc072045a128031cf5f5b8a9a107ce44aa6188,Els fèrtils sòls de Breinton han estat importants per a l'agricultura i també l'horticultura.,,4,0,,,"septentrional, Gironí, 10 anys vivint a Barcelona l'han fet menys fort",Septentrional,ca,,northern,common_voice_26_ca,train.tsv,cv-corpus-26.0-2026-06-12/ca/clips/common_voice_ca_30766848.mp3
a9d13612a619ba94b2e0e3d7804b7d2e482db94e2a03949b6e0f9955d386ee0519f77296f7496a107eac39b0a6b56718cdb127a43384241a5ef932fd04619247,common_voice_ca_19157743.mp3,14c6c3bc3a48c2797a0622a93276c6f133dffae4b06f86bdeaad5416efe3d5bf,"Si trona per Sant Joan, totes les nous es corquen.",,2,0,fifties,female_feminine,,Central,ca,,central,common_voice_26_ca,train.tsv,cv-corpus-26.0-2026-06-12/ca/clips/common_voice_ca_19157743.mp3
206a196a55bf75a878ca807e71342c91d453423aaeaae1f6a398c8d04af2228acb8ce5e2cb31bbbd4c6bbb90c12dd2ce9b31683de574da8e95c5a05e2967bfb6,common_voice_ca_30768457.mp3,7c0cb7fcfc2ca1b872a4364592e73b580233ce68250deb91b61374e07e6d455a,Fan un niu en forma de tassa però amb poca consistència en un arbre.,,6,0,,,nord-oriental,,ca,,northern,common_voice_26_ca,train.tsv,cv-corpus-26.0-2026-06-12/ca/clips/common_voice_ca_30768457.mp3
88ec4ff5a1b0ffdabfe62d068286c851ee64c428883e56f32af14b59756d5846be9d46e5a777c4c22f2dec9596a1a44ed3aa75f1fb0231923cbd4ab59f1f9c47,common_voice_ca_31110749.mp3,ecf3bed9c17e60d53dbfa1ac0478f46a599b021bd3b00a6d4df72db07c7bc557,Quina serà la vigència de les propostes provisionals del govern?,,6,0,fifties,male_masculine,,Central,ca,,central,common_voice_26_ca,train.tsv,cv-corpus-26.0-2026-06-12/ca/clips/common_voice_ca_31110749.mp3
79dab57f773e28ed929f09aa000de735875cf37cdd8809dbd9e4cdb4474d03c81bc625a7d33d6b5f38f787fd077f0faac4b9c1cedb4541a7f3bc3de86ec99d48,common_voice_ca_31316055.mp3,069a2825bd44f8945d715cbffcda1bf68957747d46c47dc41a0400920518f63e,És la idea coneguda com a hipòtesi indoxinesa.,,2,0,,,,Central,ca,,central,common_voice_26_ca,train.tsv,cv-corpus-26.0-2026-06-12/ca/clips/common_voice_ca_31316055.mp3
dd67b63c4d68b2490175ec46ce1d55d39f69e8926bf7bc17f983bbcf69b36887e328230c16c3c779a345b63261e2500295015ce2013f81bc5b643029e51af1db,common_voice_ca_21368850.mp3,4f7db052441acf9801b2d0580e1e51ae4aef6e528e2e27ac1c4f7826d0d4973a,La façana és arrebossada i es troba en vies de restauració de dalt a baix.,,2,0,fourties,male_masculine,valencià,,ca,,valencian,common_voice_26_ca,train.tsv,cv-corpus-26.0-2026-06-12/ca/clips/common_voice_ca_21368850.mp3
2e4b6ebc42a60a006db0a339074484b716b0e0fe48dd5f52069272f76078c7768681deaa5032174f803a0f5c4b39c789844963782088a703a6551903429038b9,common_voice_ca_31368088.mp3,0f8ec667577d0843e6638e3d7d2372618847e8cfe125f172e2578a239e9339bd,Una vegada en Gross va ser elegit per Suïssa.,,2,0,fourties,male_masculine,,Central,ca,,central,common_voice_26_ca,train.tsv,cv-corpus-26.0-2026-06-12/ca/clips/common_voice_ca_31368088.mp3
b643ab389c91de1a78a289cf13d0ad1b83ef91237f0e4788b04ab493ee8fa17033a947573fdf7baf8cf6ff046906cded77a7be0927721496eecc9707aed3ad35,common_voice_ca_31312270.mp3,05ecbb1e7fe83b243e86227e70fea76e8f1ebc29fb2ad621b10b21f922f8ba5f,"Edificació d'ús agrícola de planta quadrangular, amb els cantons arrodonits, amb un sol espai interior.",,2,0,,,,Nord-Occidental,ca,,northwestern,common_voice_26_ca,train.tsv,cv-corpus-26.0-2026-06-12/ca/clips/common_voice_ca_31312270.mp3
c9c01553e5ee23f718d22a99321c00b7a104f03aa72e31f9a6514aba8b8dee49697c9aa46377dfa21f76044047604ecd25ad00f20bf4c5d4baef40e69aaa0720,common_voice_ca_23703020.mp3,aaf503612004514a6e827e1b74e2e8c43ebc438564b550e54c7e4a02de4158c2,També ha estat membre del jurat en diversos certàmens de pintura.,,3,0,thirties,female_feminine,,Nord-Occidental,ca,,northwestern,common_voice_26_ca,train.tsv,cv-corpus-26.0-2026-06-12/ca/clips/common_voice_ca_23703020.mp3
5860d0a58f8310ecbb5b21f9ce649a86537eabeae1fdd4fcd7a7d8bca8a16c4c1f18cecd657869574d8993f4f59ef76da750bbab742ced93eda1455d017402c8,common_voice_ca_31183247.mp3,f35a8d0013e38ec2baad590bb672be829d3e2c1af2d4c5ef5790226cd3546b2b,Com ho faig per anar al carrer d'Olzinelles número quaranta-sis?,,3,0,fifties,female_feminine,,Central,ca,,central,common_voice_26_ca,train.tsv,cv-corpus-26.0-2026-06-12/ca/clips/common_voice_ca_31183247.mp3
5e91fd3828ef5826b0d1282e3ac9c229d7ae96e39ee5515b39b68e63f0c0f52f204e74b1a05351fb7d9aecbbe82be05d419e4290d3813f1d4a3e1fda070d2d5d,common_voice_ca_27899496.mp3,4e1786f6138abfa5fee8025c8f8da4d074675de5306c50c6dbdaca932ef0020d,El centre comercial original estava ancorat pels grans magatzems Rike's i Sears.,,2,0,thirties,female_feminine,valencià,,ca,,valencian,common_voice_26_ca,train.tsv,cv-corpus-26.0-2026-06-12/ca/clips/common_voice_ca_27899496.mp3
23e61646df35b3f44002fa26cfb237ccbd2d3b406f2fe3494a121e81f8cd61f2983d5a73ff9940a44ab9d0a92587175919f8d4b63b8e715d14d560e7975511b5,common_voice_ca_18540589.mp3,a6af99042486fde8ad2e2837c34b634d079ff3b764fe93a0babdaa802c7c9f39,Les cinquanta primeres sol·licituds de la llista resultaran adjudicatàries de l'ajuda.,,3,0,thirties,female_feminine,,Central,ca,,central,common_voice_26_ca,train.tsv,cv-corpus-26.0-2026-06-12/ca/clips/common_voice_ca_18540589.mp3
1be6c773da6334cc73e23312689bc8a5915529c905e1d5289dbfe00332a7dcb9ae97efe209635e2e5040783777409155926d231a5a5f76357494671512d2b1a4,common_voice_ca_30894529.mp3,a7bd9fc62e1de12194a2cc7b47bb54976c6cc4bb9d38a7ffa04c2695c537a3e0,Van córrer amb violència cap al reixat i el van destruir.,,2,0,fourties,,,Nord-Occidental,ca,,northwestern,common_voice_26_ca,train.tsv,cv-corpus-26.0-2026-06-12/ca/clips/common_voice_ca_30894529.mp3
55b1e64a104e0cbb175c4145e465b61a9bdbadf6c0464a03ebfb6a1e83f15d1c9f954972a6fd5a237f770109a41d48b863d282e92af635e73a27d517583cb75b,common_voice_ca_30874489.mp3,a00722cfa5910964c37ec97be7a4f454d62cea3b7cc377b12adeace70c1d7e54,La confessió oberta fa bé a l'ànima.,,6,0,,,Tortosí,,ca,,northwestern,common_voice_26_ca,train.tsv,cv-corpus-26.0-2026-06-12/ca/clips/common_voice_ca_30874489.mp3
e37215bdb0c49eca39f2090f4195836247b2f48d02e68693956e9b34214682d5b6ee0d43b8213ad3f1b95df77e12fef2fd1743b84bb07d17e230e32e10993d04,common_voice_ca_37636925.mp3,78fd4e23957bfd3c254534495b9df4192fe2796f918f5db8c08259d8a4a8aa2c,"Tanmateix, l'entrada d'aigua marina havia alterat de forma notable les seves característiques ecològiques.",,2,0,,,,Septentrional,ca,,northern,common_voice_26_ca,train.tsv,cv-corpus-26.0-2026-06-12/ca/clips/common_voice_ca_37636925.mp3
545527b2113d6e6aae1daa9bac6f627cce14db8cf130174dfa8089891e87c8f9485a69de6a4a3ff15ef0bb105fdec6b5fd5f818b4f5224cf94c35214d25239b4,common_voice_ca_31373224.mp3,1068eaf58e256cfff6386cc04141fe8a40aac4e432043fa31735fce950ce9c8f,Vic és la capital d'Osona.,,2,0,,,,Nord-Occidental,ca,,northwestern,common_voice_26_ca,train.tsv,cv-corpus-26.0-2026-06-12/ca/clips/common_voice_ca_31373224.mp3
d6e066325d407aef9743f94335a75f6b2efd577791082b52b5df5033c543b84774a0204eae3762dd3e2536307a26a49ab4bcebdb7154f504e369fe6a41f88118,common_voice_ca_40670472.mp3,0e8e4fd280857eea03c1cfed6bb3bfb0a3d41e172c1fe1547572de3956843731,Només l'emetrà en desconnexió per a Catalunya.,,4,0,,,valencià,Valencià meridional,ca,,valencian,common_voice_26_ca,train.tsv,cv-corpus-26.0-2026-06-12/ca/clips/common_voice_ca_40670472.mp3
c360f75d0300534296dd7403309ee308f91818471d388f6add981043729782dc540e2273238350a81aee19365fb58349bd74008256066e961a1bcbd1fa769bb6,common_voice_ca_31964564.mp3,5699afda69717e0990d2aba9fbe43ba81e7788b36c5c29c07f2f51b2fae85981,Dijous en Nil i na Cloè van a Abrera.,,3,1,thirties,male_masculine,,Balear,ca,,balearic,common_voice_26_ca,train.tsv,cv-corpus-26.0-2026-06-12/ca/clips/common_voice_ca_31964564.mp3
d5b96fe8d2aa7880e586b7eab4782136dc15400fc2592e4b812f7b933b1fdf3799429f1a701aa1c5e7e9f80a24ec83fd124ece79a0c2fd9f0bda67e934379def,common_voice_ca_31754695.mp3,137f07a2a8e7b8f7c610e23a3116369bccc6b02b5671bfe36d9c86968ded3363,El vint-i-nou de febrer en Pep i en Sergi van a Sarroca de Bellera.,,6,0,,,valencià,,ca,,valencian,common_voice_26_ca,train.tsv,cv-corpus-26.0-2026-06-12/ca/clips/common_voice_ca_31754695.mp3
e83d48b939323aa85e9711bc1f564200a4f56cd878a124aef2102b89b4dfcf2d6a90b498cf29262c5099373d147c3c8ddb55804476ed7c1ae3e20be12154e59a,common_voice_ca_33417926.mp3,edbea48d337dd2b6106eab9f0e0dd3ec4f1473f98cb8ec95654d60b4b5671396,Però ni així van canviar la resposta de la delegació espanyola.,,4,1,,,,Balear,ca,,balearic,common_voice_26_ca,train.tsv,cv-corpus-26.0-2026-06-12/ca/clips/common_voice_ca_33417926.mp3
4706ba1de4d328dfef254587d0bcef7f0449a4ef927d38f1fce2259319eb9e2bf4a902631b784e04d3f95762e474ff12bcf3473aeccf478314932de33d0b2d1e,common_voice_ca_30842015.mp3,953cb6f37a7cd57d9dacf13002bc4c7aae15b0bc5e2479a9010d1454731e13d1,Ell es va educar a la Newton Park School i a l'Ayr Academy.,,2,1,,,,Septentrional,ca,,northern,common_voice_26_ca,train.tsv,cv-corpus-26.0-2026-06-12/ca/clips/common_voice_ca_30842015.mp3
50d73e89f1b40a1a059ecfff053e9688e278023081c38d5a0862e46aa284ff27c65488b9675d1cffff743e47213f2a3b1441556785ee9195e68561790ead0d0c,common_voice_ca_36824882.mp3,5c6f0ec7883e6d6abd6bb88e3de2d3e8e6fb7fc5aaba6f4b516011beaef71f78,El grup que avui ocupa l'escenari és una mica menys dinàmic.,,4,0,,,nord-occidental  de l’Alt Urgell,Nord-Occidental,ca,,northwestern,common_voice_26_ca,train.tsv,cv-corpus-26.0-2026-06-12/ca/clips/common_voice_ca_36824882.mp3
c360f75d0300534296dd7403309ee308f91818471d388f6add981043729782dc540e2273238350a81aee19365fb58349bd74008256066e961a1bcbd1fa769bb6,common_voice_ca_32578631.mp3,1ac3956848c01b837030298ce85aacfaa7f8b92df00ca139b7dff8272c00ff03,El vint-i-nou de febrer na Marta i na Nura iran al metge.,,3,0,thirties,male_masculine,,Balear,ca,,balearic,common_voice_26_ca,train.tsv,cv-corpus-26.0-2026-06-12/ca/clips/common_voice_ca_32578631.mp3
605a725b8477f13ae3609b9c9806223a494942e9b1f78aeab7ac4271501e631ff1545dd649b06c4d9480a05aa55cec567a3d507fde6d5696a2bf42829ee7c5ee,common_voice_ca_31854141.mp3,37d52a98f297ade7cfff316c77bbad07194471000eefa7d240011752962f32b6,Moixó que simbolitza l'or.,,2,0,,,,Balear,ca,,balearic,common_voice_26_ca,train.tsv,cv-corpus-26.0-2026-06-12/ca/clips/common_voice_ca_31854141.mp3
583278de14e1d78babd36b2768421d58d3b2a2a79f014e7b3d98f4b4a11c7a266dedbc7019af6d8c6a8068ce0aaeb5d822f02ef7756fb052675b2d92b4143cdd,common_voice_ca_33434169.mp3,f7e500142436ecf326b15fb5c0987b01d5d38c77cf4ae9a95aeb7e01d457d8b7,El dos mil catorze i el dos mil quinze havia estat sots-campió.,,2,0,thirties,female_feminine,,Balear,ca,,balearic,common_voice_26_ca,train.tsv,cv-corpus-26.0-2026-06-12/ca/clips/common_voice_ca_33434169.mp3
c224d6fb4384436358293608eef6efb493753643fc9ca612f000f084f2dd40d06e79972d0d5b4d7c194ddda0358620811eb34e6917bb8da25e6260d46ad3b9e0,common_voice_ca_40602587.mp3,0192160bd368ade6266eb5a54bb130a7f863b8df35ca06e85c899600fd516b2b,Amb qui comparteix certes qualitats?,,2,0,,,valencià,Valencià meridional,ca,,valencian,common_voice_26_ca,train.tsv,cv-corpus-26.0-2026-06-12/ca/clips/common_voice_ca_40602587.mp3
f2f1e673646ffb5bb91f154130ac4e9f922f6f9a89eb8fd41620feec7a633c65c78c65aeb65499eaf619f5e2d7fe04893f9830970530f76f737c26e627948e94,common_voice_ca_36699499.mp3,595906530924a32cba3f4ffd057a0666b28dc4b4806134f1290703ec0f22d5e3,Les arrels i les fulles són bullides i s'utilitzen com un colorant roig pels xeienes.,,2,0,,,,Septentrional,ca,,northern,common_voice_26_ca,train.tsv,cv-corpus-26.0-2026-06-12/ca/clips/common_voice_ca_36699499.mp3
7a9d00159a5e9d8a451b2115ecf9add8bd36860552432d5c25eec50f68c5b5aa7e2c2e8aedabf87fd39f60f8f5b1620905d1aff06e27bf74179bef1807549255,common_voice_ca_31170908.mp3,ab7c151e6bebcc4fecd68e04bdccb528b55b5cce84d50ea41037903b9a327a08,Joaquim Chancho és un pintor nascut a Riudoms.,,4,0,,,,Nord-Occidental,ca,,northwestern,common_voice_26_ca,train.tsv,cv-corpus-26.0-2026-06-12/ca/clips/common_voice_ca_31170908.mp3
6c622505d7f68249563c8f5e3c0987651cc0ac31d0c37dae05e89fbcfc729d2953fd6169fb15dbe9e51954270b86af71ae5a8772ef4cecb9c70958c75d4c1dbe,common_voice_ca_37883385.mp3,890c552b5f49664ca69380891252f8f09a861c39926c380f787b5d978b866f42,La zona oriental de la regió ha estat l'hàbitat habitual de beduïns.,,2,0,,,,Septentrional,ca,,northern,common_voice_26_ca,train.tsv,cv-corpus-26.0-2026-06-12/ca/clips/common_voice_ca_37883385.mp3
605a725b8477f13ae3609b9c9806223a494942e9b1f78aeab7ac4271501e631ff1545dd649b06c4d9480a05aa55cec567a3d507fde6d5696a2bf42829ee7c5ee,common_voice_ca_31854143.mp3,3701a7bf62aa46ccd06b7309dfdfe0d9b13e9b270d94014ceb4bf597d74e3a80,Demà passat na Clara irà a Torà.,,2,0,,,,Balear,ca,,balearic,common_voice_26_ca,train.tsv,cv-corpus-26.0-2026-06-12/ca/clips/common_voice_ca_31854143.mp3
eece1668876f4f2aacca3a18b1e76b4ed4255adfe39495d96636455bca6a4db83073e329181f20c89b0bed9164a241e6597b04346cf5f2bf418a24d6a23d2ef5,common_voice_ca_33566366.mp3,2c35f84d419017bb4d1dfb128c1b5c175f614b509646b9cf566840126ffb1eec,Divendres en Max vol anar a la biblioteca.,,2,0,,,,Balear,ca,,balearic,common_voice_26_ca,train.tsv,cv-corpus-26.0-2026-06-12/ca/clips/common_voice_ca_33566366.mp3
a09a1709ed3279507d8c60974d076caad52fb7794bb536f145fe14442c29317c1688e1aa0090ca8a613f04318ce663c8d99a962920d60bcfc7b4f912dbdc9847,common_voice_ca_31302741.mp3,05039b6c359fae658e509cfdc12731fba195ed013d09c7304bbad93cfb91011e,Mira'm quina és la millor manera d'anar de la plaça de Sant Agustí Vell al carrer de Joaquim Molins.,,2,0,fourties,male_masculine,,Central,ca,,central,common_voice_26_ca,train.tsv,cv-corpus-26.0-2026-06-12/ca/clips/common_voice_ca_31302741.mp3
c0f253613a9e4ee63818a9cd4aa7a7f4e91526b887640ad26dd23d57311e7b26545b72dc8de3ed1fb41bf7cdd9fcc4d0c60c16890bca334891a915cc34d25c1f,common_voice_ca_38131712.mp3,9a722a1004892a1f793c8e416ca29ef99be2fd0b21685651dd71e20cdb975c35,De ben jove milità en el sindicalisme i en el comunisme.,,2,0,,,,Nord-Occidental,ca,,northwestern,common_voice_26_ca,train.tsv,cv-corpus-26.0-2026-06-12/ca/clips/common_voice_ca_38131712.mp3
897c3401b4a35d8fad5966bf8c4dce6d94837c76e46e8131a8bd70527f6e1d8c9f59053d0a56425d7dee71939280ac3c38df14e976f613cb906d7187d6141297,common_voice_ca_23693092.mp3,a9ee6d616cf9d91c383476fc285e2079d45ebb4ade378f3e1356e3b2cf1d65ba,"Viu en prats i clars de bosc, tant humits com secs.",,3,0,seventies,male_masculine,,Central,ca,,central,common_voice_26_ca,train.tsv,cv-corpus-26.0-2026-06-12/ca/clips/common_voice_ca_23693092.mp3
3aa4468cd1ad041bbfcd0622a4f34206d8b993ce6a72bd5d0d35b40bbccf057d5f48544db7ea1fc3a7ec886f3373a819a053c8a87251f2c059d5c3ca8effa7bd,common_voice_ca_27559780.mp3,45c4840de6f0c8bf3b2247f7031ac14fa3d7ddc5b2780ab07cf56df6f9ffb796,"Com Superman, Superdupont pot volar, però sembla tenir menys superpoders.",,3,1,twenties,female_feminine,valencià,,ca,,valencian,common_voice_26_ca,train.tsv,cv-corpus-26.0-2026-06-12/ca/clips/common_voice_ca_27559780.mp3
509eaec425ffefddc79703e5f4e6f88812bee9cc5b723dd6516018852b3c3c96548204025d1a1552fc6ef3e535e1efe7baaae53cabb3262e531ddd487d97e72f,common_voice_ca_37632940.mp3,786d28ea8fef79ba0e77a2d9b5d5a40eb1fc48673728d3c35e8215fc513c81f2,Aquest és l’esperit de la marxa que comencem ara.,,2,0,,,valencià,,ca,,valencian,common_voice_26_ca,train.tsv,cv-corpus-26.0-2026-06-12/ca/clips/common_voice_ca_37632940.mp3
e7a5137a3789988e334c6c5a6dd383116b40fbb4edc5d240ae55e3a9eb330dc13738502f4712e1d7a3622839ddc9d05bff327c9084d36c6dfeef754ef84a392f,common_voice_ca_30922449.mp3,b224ef99d8775973610c37ee7879460f9da91ebb5122f12d085149ffaf241a62,No consideris que tothom és igual.,,3,0,,,,Central,ca,,central,common_voice_26_ca,train.tsv,cv-corpus-26.0-2026-06-12/ca/clips/common_voice_ca_30922449.mp3
dd67b63c4d68b2490175ec46ce1d55d39f69e8926bf7bc17f983bbcf69b36887e328230c16c3c779a345b63261e2500295015ce2013f81bc5b643029e51af1db,common_voice_ca_21091578.mp3,405592869f902154599ba131cb4d597ad49fa1f95bd505530e3ee6eff401dc5b,És membre de la Unió General de Treballadors de Catalunya.,,3,0,fourties,male_masculine,valencià,,ca,,valencian,common_voice_26_ca,train.tsv,cv-corpus-26.0-2026-06-12/ca/clips/common_voice_ca_21091578.mp3
1e272b6983c53e36f1dc82fc576631162d08662cbbe2a74238b7a30b342bd44fa2e769bb0d0398afb0cb1a6e228697b2eda803f5cb53bf28cc3f5e9006a8ce34,common_voice_ca_17523744.mp3,027788247f02057247ecbb4e8a69dcaad90c3c4069ef26b8280bf6e688ce657a,Camí sabut es pot fer a ulls clucs.,,3,0,sixties,female_feminine,,Central,ca,,central,common_voice_26_ca,train.tsv,cv-corpus-26.0-2026-06-12/ca/clips/common_voice_ca_17523744.mp3
f3e73932acd0c1d43651c5d91520618bfcd809cd9a462653390c8423a56fa485001902f6513be3901feef97cba4d8125980f162dc9ed7d658255e094573852fd,common_voice_ca_37876016.mp3,883ee4cc23b50816f4d6d8e759caecaaa389126d68063fe85077b014901ea41b,El nou d'octubre na Vinyet i na Bet van a Almacelles.,,2,0,,,,Nord-Occidental,ca,,northwestern,common_voice_26_ca,train.tsv,cv-corpus-26.0-2026-06-12/ca/clips/common_voice_ca_37876016.mp3
8b600dc4cb8f4a6c8bc2666b13de0a0d4c1a87724becccc80cb9e9f4f6d16b6b6d5eb8bd1f637d421979ff0af04cd3faa55a9b18b8adce58e604dc021b646934,common_voice_ca_31380807.mp3,11cd476e9148ff101a19a5b3cd5b4527e12de88569fa9e12e14ec24ea1dba97e,Michael seu sol al costat del llac al complex familiar.,,8,0,,,Nord oriental,,ca,,northern,common_voice_26_ca,train.tsv,cv-corpus-26.0-2026-06-12/ca/clips/common_voice_ca_31380807.mp3
9fb7c6ba9e690d4f142bcc1f2e88ba470bea8a54402e314229c5ad44a55710b7495097ebb61ba16d4f147de441805dcf87693b30de26a04672b3c4e2adfc9583,common_voice_ca_30754408.mp3,76c15f9bbb67d1722e812a2320efa6f99d3dcaa2a12209d5fea0d73d35572292,"Generalment, les empunyadures no tenen una vora tallant, a diferència de les partisanes de doble tall.",,2,0,,,,Septentrional,ca,,northern,common_voice_26_ca,train.tsv,cv-corpus-26.0-2026-06-12/ca/clips/common_voice_ca_30754408.mp3
8b9cea1a985f62e985f28a0af9cbe8dbc4a1629fba038a4e0e4257151537b42825ea8be440fbab03e9eeb30fe86378ea15c26d93326f9b13abb74cef3dcde4aa,common_voice_ca_37568428.mp3,f0a983b021375b5528f54c31d20070ce1bd0383d61b07685db63a733ed980e98,Les restes de la canònica de Santa Maria de Lillet mereixen una visita detallada.,,4,0,,,menorquí|mahones,Balear,ca,,balearic,common_voice_26_ca,train.tsv,cv-corpus-26.0-2026-06-12/ca/clips/common_voice_ca_37568428.mp3
ddf1db61a8a379c496af7bbc192be2eb6a8690c37028eb8714f3a5481ccec9f85069f4a06175e71c45a7cb530617d790c1b797555fd6a30018484f27ed991095,common_voice_ca_37767589.mp3,7faa6a36623e045ae00918aa87cc0f6e6a3a2889a9bd34805e61c40c5a028c0b,Les dues avançades japoneses decidiren unir-se als costats.,,2,0,,,,Septentrional,ca,,northern,common_voice_26_ca,train.tsv,cv-corpus-26.0-2026-06-12/ca/clips/common_voice_ca_37767589.mp3
8e24859776a236f7d9d5ed1c787e65afb65973928eac4ff7b523d61e2e7f0a35b2b9be28643d33117b2be05ee59d1d5d089b35caae170f6c107893e2f5af8f15,common_voice_ca_37633874.mp3,78a4d133432e13af1432daf8bfa65a0cc38a66e6c0ad26f6117d5970f9069386,"Generalment els models s'enfronten entre si, i els dos retrats es penjaven junts.",,2,0,,,,Septentrional,ca,,northern,common_voice_26_ca,train.tsv,cv-corpus-26.0-2026-06-12/ca/clips/common_voice_ca_37633874.mp3
545527b2113d6e6aae1daa9bac6f627cce14db8cf130174dfa8089891e87c8f9485a69de6a4a3ff15ef0bb105fdec6b5fd5f818b4f5224cf94c35214d25239b4,common_voice_ca_31373225.mp3,1069b0911ecf8633980bdc715132912c9f15d2167ffb7ce5741d67a1a432e56a,El resultat és que gairebé mai acaben per llegir el text sencer.,,2,0,,,,Nord-Occidental,ca,,northwestern,common_voice_26_ca,train.tsv,cv-corpus-26.0-2026-06-12/ca/clips/common_voice_ca_31373225.mp3
4946e08edb1db30f98f4ed1cee7f597fd91fad3115e77d63c6fa2b1feaedad8809305dac450f9aa9dcfd11df34ac100a533488c06b020cf567c4c42ffc1572ff,common_voice_ca_33364129.mp3,c6b392588c949e5b5cb4bd17a27a5cfa12246b1518aee62fd1224211260bb32d,Els agents han comprovat la correspondència a contrallum.,,2,0,thirties,female_feminine,,Central,ca,,central,common_voice_26_ca,train.tsv,cv-corpus-26.0-2026-06-12/ca/clips/common_voice_ca_33364129.mp3
1bd807fe70963a622b924a58d4569ff95c8046941a479ff0d6f398b3ccadadcff39100ecddd73fd7c26e158ccc3264367d0021cf56a15317af8c076852f09764,common_voice_ca_30935362.mp3,b773e7373d0b1b2d13e80f54962a0c39fac0fe25b6339757f041b1a6493e1f93,Van anar marxant els núvols.,,6,0,,,valencià,,ca,,valencian,common_voice_26_ca,train.tsv,cv-corpus-26.0-2026-06-12/ca/clips/common_voice_ca_30935362.mp3
f3e73932acd0c1d43651c5d91520618bfcd809cd9a462653390c8423a56fa485001902f6513be3901feef97cba4d8125980f162dc9ed7d658255e094573852fd,common_voice_ca_37876120.mp3,884325877814328c9da676ef593d5294ef2975593904af22c575bd985e1acf14,Marc Aleu i Socies va ser un pintor nascut a Barcelona.,,2,0,,,,Nord-Occidental,ca,,northwestern,common_voice_26_ca,train.tsv,cv-corpus-26.0-2026-06-12/ca/clips/common_voice_ca_37876120.mp3
4fd18c5239021205df6baff92849480127c6e59a89843eac990e260acbec77d355446a0345945205a76159b51ae3788fa6d1934fc8385a0a09f8224a3c68a2f3,common_voice_ca_18832940.mp3,d31acf14628103a8e82bb5a65007139f3d7ba46a08cf01c0941912c5e746b6ad,"En el supòsit de part, la suspensió correspon en exclusiva a l'altre progenitor.",,3,0,fourties,female_feminine,,Nord-Occidental,ca,,northwestern,common_voice_26_ca,train.tsv,cv-corpus-26.0-2026-06-12/ca/clips/common_voice_ca_18832940.mp3
34e14c1e6f0b370854700b00ece3bf204c21e125ecff8aa555683a01c67b064657aee2187f2950943725d1eecb069a3a1ba1c77b3069e60df685f63c32444a02,common_voice_ca_21689815.mp3,604ed1247d39049e9f9a293de3859e127c2ca49af121bcd5ce2c4857e0c5337e,"Gran viatgera, mentre, a més, es continuen imprimint els seus articles i llibres.",,3,0,fourties,male_masculine,,Septentrional,ca,,northern,common_voice_26_ca,train.tsv,cv-corpus-26.0-2026-06-12/ca/clips/common_voice_ca_21689815.mp3
66a76e532c9da5f6acb2f02c20d3a841bf0852b284c05080ba09624f445d917481aea23be1b9d3844ece7ec6c27e9c367a2ae9e2773b64aacaea9a2603402ae0,common_voice_ca_37576924.mp3,0142190072ecfb4314eb8229b5c4058f17408729a5a27fcca41ad8e17cc185ad,Llamp del sostre.,,2,0,,,valencià,,ca,,valencian,common_voice_26_ca,train.tsv,cv-corpus-26.0-2026-06-12/ca/clips/common_voice_ca_37576924.mp3
872c70c8e020dbc2b83e883096316d7378e567905778dc1ccaa8e30d2f373496d7ee0d9b73aeaef6465a87afa54b15ffd29992b8b4d7c8476238168df51a456c,common_voice_ca_33418023.mp3,ed973fd496ef4c0123792d21997fe8b5539788e78f9887b861c9e8d8204e1561,Durant els fets també ha estat ferit un altre periodista.,,2,0,,,,Balear,ca,,balearic,common_voice_26_ca,train.tsv,cv-corpus-26.0-2026-06-12/ca/clips/common_voice_ca_33418023.mp3
e872f5a39f4b84ca6cff1a2dce04ad602d3e81555998acdc482540ce21c855eb8f2a1d2c0b9c0bc95b73969a7114917b9f811353606d1da6923e710960a8aa30,common_voice_ca_31046951.mp3,dec4aa0d10b6ccf1ec862c32f304c61406361855baad77e414b37468626d4694,"El meu fill es diu Lian: ela, i, a, ena.",,2,0,,,,Central,ca,,central,common_voice_26_ca,train.tsv,cv-corpus-26.0-2026-06-12/ca/clips/common_voice_ca_31046951.mp3
9a460810552af088edc43c43389d91e9f2844641708b8adae4bfb5a84a2899114dbcaa3fb2ed94ea40619735db3b2180d3ada4e8e54e00e4e588ca8eab2a3253,common_voice_ca_38153415.mp3,9c6436d2cb4ebe04ef58b11f7b23af7b1b28bee6b5de7c33c93e9f232f11fe4c,"És endèmica del Perú, on viu als vessants orientals dels Andes.",,4,0,,,"balear|aprenent (recent, des del castellà)",Balear,ca,,balearic,common_voice_26_ca,train.tsv,cv-corpus-26.0-2026-06-12/ca/clips/common_voice_ca_38153415.mp3
265307c336a7589391ded724eeb61b46ddccec87226efeca7b0cd10c0659ab21eb3bbe434831ad4078733a4c780d2ac6a109db42da6858e54ca9ec1e4f2925b9,common_voice_ca_18868405.mp3,dccd0c4f96a1e43b7802ea26ff9f8dd4a6e90a7fbc598cad3c3ce5eedffda613,"No li devia res, perquè li donava íntegre el salari de la botiga, satisfent amb escreix les seues despeses.",,2,0,fourties,male_masculine,,Central,ca,,central,common_voice_26_ca,train.tsv,cv-corpus-26.0-2026-06-12/ca/clips/common_voice_ca_18868405.mp3
cd6286f379b071fb084f15c02771115ad2a4a5a12e5d75f2c2d447722198e60667a5bae96b02d7bcbebce9e03e0b1fd07da5cbbc0adb564845d4b085e6fd6e01,common_voice_ca_35016711.mp3,3f6cad5eac5cc27d538900ba003a92f70dda656484fc7fb4c16cd56bdeaf5e9a,És la més petita en àrea i és plenament urbana.,,2,0,,,,Balear,ca,,balearic,common_voice_26_ca,train.tsv,cv-corpus-26.0-2026-06-12/ca/clips/common_voice_ca_35016711.mp3
e2e95741e5a2cefda6d6bc3b7700fda1032a19a4471ebc939f537c0a8b184092f5591ca94d8c36a9c41f78e68bac93b5c6924b35e3ff362615440376ce92e657,common_voice_ca_30716892.mp3,46e20f675f2fbe9ed29a39aa943a8cc4da82c73e7e9580f7183554be7646f387,"Un cop tinguem la fregidora, enviarem a la mateixa adreça el nou model.",,2,0,,,,Balear,ca,,balearic,common_voice_26_ca,train.tsv,cv-corpus-26.0-2026-06-12/ca/clips/common_voice_ca_30716892.mp3
be3e326da717a6cf7cf21997ba19639f72403ae6da49cff888f55cedd7c60919b2d262eebb5e7d5095f8462cfff23631f6ab04a58d3af71e097535b24ee3ba5d,common_voice_ca_30805676.mp3,889e048473e526894a0f8320e08fb1f371652b1ec60034ee57edc749960f6576,"Busca""m el llibre que es diu Suffer.",,4,0,,,Lleidatà,Septentrional,ca,,northern,common_voice_26_ca,train.tsv,cv-corpus-26.0-2026-06-12/ca/clips/common_voice_ca_30805676.mp3
a04e7e1f34df4688ad55d24d4497a7fc06fcfe349ab4e6bb0cf53800bf65b8f6decae8612427eeaa0b7f8364f2f1bc8e2b77811181a7199492c3dec846965ccd,common_voice_ca_37138198.mp3,696e0f1d165c1c65cd273e96a6e9586ccd044016c2c7a9b6f85529e064628b78,Necessitem apostar per la contractació de més persones d'entorns diversos.,,3,0,,,,Nord-Occidental,ca,,northwestern,common_voice_26_ca,train.tsv,cv-corpus-26.0-2026-06-12/ca/clips/common_voice_ca_37138198.mp3
959498c61f1ef87bfd3be06445a34d61bf8c781d546a9fbc74ec836d09fb01cd9b82b2ff46bf416c66ffa35575940ee0a14332418c8fee83943986d234ff84c8,common_voice_ca_36844428.mp3,5d762a2715ba654252fde24a73adebf91a9d6607bb3f538f4f06a1618a6c82eb,On és la Laura?,,2,0,,,valencià,,ca,,valencian,common_voice_26_ca,train.tsv,cv-corpus-26.0-2026-06-12/ca/clips/common_voice_ca_36844428.mp3
6e0bde610f238b674017fa7320fa8095a2323a8b0e11bf837c522e9a8c1d0563570a181bcc17c1cdc5d0f6ffdc15d2487f927cec71116aec5ebca5cc8b87929a,common_voice_ca_37564290.mp3,e952f7c579f588105e18b1ab2e67dcc85192aad232cf429bee4da4c5195461c9,Parc Natural del Delta de l'Ebre.,,2,0,,,"Mallorquí, Son Servera",Balear,ca,,balearic,common_voice_26_ca,train.tsv,cv-corpus-26.0-2026-06-12/ca/clips/common_voice_ca_37564290.mp3
2b59e9f830e5ea00c500b63eff4e72553e0c2608f5741d35c226e733400412014d7697bd6efb67bc61b19fd61e40f9ed70fde2589fe0b5498915eebc1c8b5d93,common_voice_ca_37246207.mp3,6e8b6a658df2c0341c1426059b639e12b382f0a5dcb7bad4baa9b820ad7203b5,Quina botiga hi ha a la plaça de Joaquim Folguera número trenta-u?,,6,0,fourties,male_masculine,nord-occidental|Tortosí,Tortosí,ca,,northwestern,common_voice_26_ca,train.tsv,cv-corpus-26.0-2026-06-12/ca/clips/common_voice_ca_37246207.mp3
ab859fda475c2371f87fb5b38aea7f10f40c55c0f878fc7b03f1ecadd62f780df1d28b803d464ba449b990a362b59824e7fe4b0190be874fe60b12fa785f5643,common_voice_ca_32135809.mp3,822341e633b0f0e5f20499fda11dd8c108a17098d4caf0d563f59d26e4aaa16f,El vint-i-tres de maig en Guiu va a Beniflà.,,2,0,fifties,male_masculine,,Septentrional,ca,,northern,common_voice_26_ca,train.tsv,cv-corpus-26.0-2026-06-12/ca/clips/common_voice_ca_32135809.mp3
89b76732ce551b69b4f23b6240a9a07123074f33d3fa431cc8362009772649d7c8881a66e7de4b949f758aff4f9db93881206e548f8bfe95b11bef9d3ba7f9f1,common_voice_ca_31153792.mp3,186df4aa810da858cdf24da93cbadf1f1f5872e5de1037333516f5fab5889404,Jacint Tudó i Alemany va ser un advocat membre del Consell de Castellà nascut a Barcelona.,,3,0,,,,Central,ca,,central,common_voice_26_ca,train.tsv,cv-corpus-26.0-2026-06-12/ca/clips/common_voice_ca_31153792.mp3
04b7d9f9b93bdefc1177d1f6cf2e51a78bfe741f356035dbb77d1ed46134a8c6534507d4ccf8ebb4e40263655167aecabe6a8c20ffb12fd82559031fc01d6a50,common_voice_ca_31438644.mp3,1b0c0536c06423287448c0705a7d2646c239531fa8ea47c529588d9b8518de5a,Schroeder Ventures va instal·lar una nova gestió que va revitalitzar l'empresa.,,2,1,,,,Septentrional,ca,,northern,common_voice_26_ca,train.tsv,cv-corpus-26.0-2026-06-12/ca/clips/common_voice_ca_31438644.mp3
7eade9870a341f0d9a0106e0f0017a1e33658b1e0c900fbb7df15cc953ff9384a0858e8943fa412e668e0a3600bfa709b60d82fe37bfe792b10a9f1c1d31667d,common_voice_ca_31318863.mp3,072a3cc9f75a71f07e46806bfc8cc7da5fec599ba1d6e7d7820831b6bd5517db,"Normalment aquestes poblacions, a l'edat mitjana, restaven closes rere muralles.",,2,0,,,,Septentrional,ca,,northern,common_voice_26_ca,train.tsv,cv-corpus-26.0-2026-06-12/ca/clips/common_voice_ca_31318863.mp3
056223cbc144f14287eedeed46891f64566aead7761b8b139043adcf199ddf85b3f5a7a9c27d3ec818fc2554832bb2c9b298d1b2df54d6ff1733251487295b82,common_voice_ca_37508221.mp3,7b6d7b92087985290cbec9bc4fcb936150838596ef879238bd1a0b1d350ff9fb,Jugant dos el tres va perdre.,,2,0,fifties,female_feminine,,Septentrional,ca,,northern,common_voice_26_ca,train.tsv,cv-corpus-26.0-2026-06-12/ca/clips/common_voice_ca_37508221.mp3
de579dfbe41bf9280a13029d6db50f07ff8411c424642aacbe36f9564cd11aed4fcc091003284b4d3bc232f79ebad16a60afdef6b2e46b8c8daed7a7bd42c979,common_voice_ca_31202185.mp3,f6a9f1dca2a227012009a6b88e71c3321858aefbd4444086baa9eeb70082a45c,Es troba a Romania.,,2,1,,,,Septentrional,ca,,northern,common_voice_26_ca,train.tsv,cv-corpus-26.0-2026-06-12/ca/clips/common_voice_ca_31202185.mp3
7a9ee951fea4635e427f3cb984bdc80e221d1aa5ca77cf9acf6f45c3560c57d1c40a7f910d7ef175204a923efb2b155548612eb5ff2c0783ce667020efca67b2,common_voice_ca_19034565.mp3,19ed55bca5b3fe850c544c0f0546239149b825fe9f4a08bfe81f2beb553b94fc,"La pobresa no és vilesa, però és una gran fotesa.",,2,0,fourties,female_feminine,,Central,ca,,central,common_voice_26_ca,train.tsv,cv-corpus-26.0-2026-06-12/ca/clips/common_voice_ca_19034565.mp3
f8bda1ca0ffbe37d583c44149be5f817cb028044ce0dee4fc405cca46180da462c86cbfc654b7b2f5a35eec0ea4d1e527d630fb78268ae27b7b764c9e96565f3,common_voice_ca_30766842.mp3,7b598747ef4c69823ffebc608974aed54393da584a2275756aee1043dbea6a0f,L'Església Catòlica Romana i l'Església Filipina Independent són les dues religions principals de la província.,,6,0,,,"septentrional, Gironí, 10 anys vivint a Barcelona l'han fet menys fort",Septentrional,ca,,northern,common_voice_26_ca,train.tsv,cv-corpus-26.0-2026-06-12/ca/clips/common_voice_ca_30766842.mp3
31f514f5aac74b6ffd1c48c8729a18e5bf53b7e09ecb2f06f29ac2d4708e73b1f4df61e2ca0a24916d2897268456dd598f2a1f5fcb8fec471082f4f1fb304f86,common_voice_ca_31361057.mp3,0e12d31e124e27337fd2823a0a9527df00a34aeb5166eb91021449bd6acaa104,Quines botigues hi ha al carrer de les Sitges?,,2,0,,,,Septentrional,ca,,northern,common_voice_26_ca,train.tsv,cv-corpus-26.0-2026-06-12/ca/clips/common_voice_ca_31361057.mp3
9dc2eb68e919107399b44bdebc316f261dc232dd36112c12096fc8e4c4f98a38d6b6ba93eec025262a2c9b07789be6587a217fb8e95a9cab89b8efb61bbff8c0,common_voice_ca_37569329.mp3,f3085b2219e0d80dfc73974fef66f5ea1ad00d125927e2d52bc5aafba2f2664a,Pel juny la serp bull.,,2,0,,,,Balear,ca,,balearic,common_voice_26_ca,train.tsv,cv-corpus-26.0-2026-06-12/ca/clips/common_voice_ca_37569329.mp3
f5a157dcc1db9578aa5f53a05a9bf67d2ba43f4e816817b9fa3cded6a599e9aeda835c72f73ddfad962d39abc09c4f63e53a6950905bf0e81023346cf27b8f35,common_voice_ca_38649505.mp3,bd8bf5a870cedb5db7aee0d97ca21eea25145d3da106c0c887689362adb473d4,Aquell fou el primer plebeu a exercir aquest càrrec.,,2,0,,,valencià,Alacantí,ca,,valencian,common_voice_26_ca,train.tsv,cv-corpus-26.0-2026-06-12/ca/clips/common_voice_ca_38649505.mp3
de9065b5567e882af96d04a4e36fc779321a6cc297356fa4c91c031432b8b9810883508ddc5b234eaa7a7ec5bdff9627bc7511ad67ef2a0c7d97fc3d1c481b78,common_voice_ca_36932116.mp3,629d2820d257795b89b98b7e723e414e8a0e0bbd582748c0fdb632ff85fd76b6,"Amb el col·lapse econòmic de Texas durant la Reconstrucció, la línia va fallar.",,3,0,,,,Septentrional,ca,,northern,common_voice_26_ca,train.tsv,cv-corpus-26.0-2026-06-12/ca/clips/common_voice_ca_36932116.mp3
49537af2506ea55124b5031787600dbbecae39722d53d65c1b195f4d96fcb4c5543a280afd0c1df53705c2765733d96de52b30c82aeccbedd8f60a115194b7ab,common_voice_ca_36979198.mp3,650a4dfc678a9c446ce1b66c9f216960c15a82b4e42da0c8a82d36a4918ee2b5,Tant que Espanya es va quedar atordida i sense capacitat de reaccionar.,,3,0,fourties,female_feminine,,Central,ca,,central,common_voice_26_ca,train.tsv,cv-corpus-26.0-2026-06-12/ca/clips/common_voice_ca_36979198.mp3
68e5c1e2b5909f71bf20a581dcae64f9764420ec24d53ae26e945bf2e3575f8cc0b881fac0a1153f164d1699942b87d64d2a6eac7f94edfadfc8c8d915193c52,common_voice_ca_37903783.mp3,8abae289aa7128aa108142e903c2ec54d3cba21d61f44de5adffe022fff06ca0,Joaquim Viñas i Latorre va ser un futbolista nascut a Tortosa.,,2,0,,,,Balear,ca,,balearic,common_voice_26_ca,train.tsv,cv-corpus-26.0-2026-06-12/ca/clips/common_voice_ca_37903783.mp3
a8264dd930d1b0b3cedb8ad09a5948f6ebbac873d0017cde0712f25af6db5897db89a352454da9f31f15d51809b987819871860f9df906ab76fc230f8c980bf1,common_voice_ca_34201691.mp3,356e21d6d6aca263e0907b93cc714ce16bdc55c8b7b3d276269805e7af9d5f64,Hi ha algun negoci al carrer Requesens cantonada Requesens?,,4,0,,,Mallorquí de Palma,Balear,ca,,balearic,common_voice_26_ca,train.tsv,cv-corpus-26.0-2026-06-12/ca/clips/common_voice_ca_34201691.mp3
b7fc6c36d8fb8d799a53b2157da00ae1aa34e3c0eeaa96154da4f287479bb7ef2d0ba725382ebe5941e66e16765eeef6becd705c750d1ea279a4cf1ef43215a2,common_voice_ca_30809832.mp3,89ee909fb73830046dd7fbbdaa1761a385aeb79f56f6c3edf76639d7612b3284,"La única espècie coneguda és la Pachystroma longifolium, nativa de Brasil i Bolívia.",,2,0,,,,Central,ca,,central,common_voice_26_ca,train.tsv,cv-corpus-26.0-2026-06-12/ca/clips/common_voice_ca_30809832.mp3
2b9839c535c184baa87bdeaeb090094e3097ac600fa0acdae80e2783607bc6562cd925ca490568ecc1cb39bf7c48a66847f18529853ccaacd5907a4215f66bce,common_voice_ca_25994586.mp3,2ea86499fec694384e420b9c3ff12c9ee2c4018feed326202236e6ce242ed38d,Generalment les rodes motrius són més grosses que les rodes davanteres o posteriors.,,3,0,,,,Septentrional,ca,,northern,common_voice_26_ca,train.tsv,cv-corpus-26.0-2026-06-12/ca/clips/common_voice_ca_25994586.mp3
01ec2bedd32c841ddd93670183677ce0c5964c9516beaf52a6b70467370b33b11c8b12ec3313947fbc37b4133dd45a50dc799d65c823c1b318846c6aa15b93c8,common_voice_ca_31089703.mp3,e8eaeaaf715b0fbd400147a69bd961d1b19c002570629262fb2a9394615b70ca,Destaquen la decoració amb maons i els poderosos ràfecs de les teulades.,,3,0,,,,Septentrional,ca,,northern,common_voice_26_ca,train.tsv,cv-corpus-26.0-2026-06-12/ca/clips/common_voice_ca_31089703.mp3
44732db2acfc0a73f35e5ec44eb5e9a906cfa92adfb1689619f771e8fb5702e07cd437dc1f96505c525171797093aefb5ead5ae2a86413cbc075cec5466b97af,common_voice_ca_30741666.mp3,6cf4b0a1e381ea5a1f40b45329d4e0d8c69e371c6669ef018fd5baca58015b51,Delatà el fet a un gendarme.,,4,0,fifties,male_masculine,Terres de l'Ebre,Septentrional,ca,,northern,common_voice_26_ca,train.tsv,cv-corpus-26.0-2026-06-12/ca/clips/common_voice_ca_30741666.mp3
09a064b4c3b1d83c5944465de4ba90adc551db5ac1ad466e443435a20c8e82e8ebbeb296753f6ea5d319398197a36244ce5630704d14714d00f862b76fca1e13,common_voice_ca_36901750.mp3,a45f5ad9577083d993a7b264cd71a9c7fa2f98d53aad7b71682b2e52d36f746e,Vull anar a Avinyó,,4,0,,,,Balear,ca,,balearic,common_voice_26_ca,train.tsv,cv-corpus-26.0-2026-06-12/ca/clips/common_voice_ca_36901750.mp3
c72082f1de7847fa337c3f66caff86f941ee074cc9a97de88437c05c2f57133f714d21f8c41c91d9971aad2bba47a5f729cbb9acb27cb60b0d6fd80e2840b5e5,common_voice_ca_30909824.mp3,adcf2571c383fa89aefd82f187ffa78888c8d72a64c8174005f282991710ce31,"En conseqüència, una major accessibilitat de la informació rellevant facilita la resolució de problemes amb èxit.",,4,0,thirties,female_feminine,valencià,,ca,,valencian,common_voice_26_ca,train.tsv,cv-corpus-26.0-2026-06-12/ca/clips/common_voice_ca_30909824.mp3
70caf79a6b1b8ff3a11969638d9b352df26e20d5e5ce26e7d7fe0dc18e18fa99fa15b180d8b510e4d6ff869eb529226d58eec649467817723bcac344c8059ee4,common_voice_ca_30762386.mp3,78e181600be642a7daa2eb97ac90b65efb4a4f4d7cac17b90d5c5c8d69a83ce5,Hi va interpretar Wonder Woman i va tenir una cita amb un fan.,,4,0,fifties,female_feminine,,Balear,ca,,balearic,common_voice_26_ca,train.tsv,cv-corpus-26.0-2026-06-12/ca/clips/common_voice_ca_30762386.mp3
3de1ec298f76b173db5d690cfe5f623db2137648ba134ecfdfe08ec58e0cf0880e6717f1c92e6ff3bfd3f736390383fabe6cd4f0d0bdef61a3cd523e2b82cce1,common_voice_ca_30802464.mp3,7e2ca8da1d1574db965e7fb05bc094c07716fb8377874550c399d8fa3582046c,Markham pertany al districte escolar independent de Tidehaven,,2,0,fourties,female_feminine,,Central,ca,,central,common_voice_26_ca,train.tsv,cv-corpus-26.0-2026-06-12/ca/clips/common_voice_ca_30802464.mp3
6f108595766a81723439ea3206439af964707132aab7ec8ac6007dbc364c6fa2f409351576bf5a236da2d1ecdbf577b73c09fca85d9543a8069bad36e74c7fdd,common_voice_ca_30904042.mp3,ab64145431724072a7f851df5bab19472dd25d138c37d22f3dc3f527945a54e2,Mira quina cara.,,4,0,,,,Septentrional,ca,,northern,common_voice_26_ca,train.tsv,cv-corpus-26.0-2026-06-12/ca/clips/common_voice_ca_30904042.mp3
a24f7106f538a7351ebbb651768bf64bf745939685233f0dd885e9480d19e464a3d5a11d404389d60caa16664506dca882e0f4ecdbbd914b637fa6ba1f44f838,common_voice_ca_37210675.mp3,6d5a6974da1718841540ab2e1881f435fbf2a97e0eb56e7428c33b12d8fa19d1,Les que ressalten més que deu.,,2,0,,,,Nord-Occidental,ca,,northwestern,common_voice_26_ca,train.tsv,cv-corpus-26.0-2026-06-12/ca/clips/common_voice_ca_37210675.mp3
9f31767b51f6a5e248a28c2b0589d2f511b44e3ece6c75b045ae87f772fdd67e1f3a7086041e136bbce4f5a906f254bb92a8bd93e73d76d8bb9380b59d48d8d8,common_voice_ca_30830807.mp3,91dff88554625b2cd24b43472b3934c815b463f92f7ecf6a800fd025f98b6827,"Tal com ho havia previst, senyor.",,3,0,,,,Central,ca,,central,common_voice_26_ca,train.tsv,cv-corpus-26.0-2026-06-12/ca/clips/common_voice_ca_30830807.mp3
2ffb1e454d4ef28bb1ae6afa6773fa3491612418c19c1666f5c5a2a728bcd95530f54148df529a5216433752552ba590eafdab96b74bb4e2ba907a791b6de220,common_voice_ca_31079318.mp3,e6ec42f68731e2ecf66c52c717d963a2cf99f35f2d543653664f709174b531df,La tècnica podria ser potencialment utilitzada per a eliminar taques de tinta dels llibres.,,2,1,teens,female_feminine,,Central,ca,,central,common_voice_26_ca,train.tsv,cv-corpus-26.0-2026-06-12/ca/clips/common_voice_ca_31079318.mp3
4946e08edb1db30f98f4ed1cee7f597fd91fad3115e77d63c6fa2b1feaedad8809305dac450f9aa9dcfd11df34ac100a533488c06b020cf567c4c42ffc1572ff,common_voice_ca_33363682.mp3,c44195369d7321ebdac376bc3df05bc6f1f3e0af40755fd00c8eb96598927215,"Les declaracions es poden allargar durant tot el dia, segons la fiscalia de Brussel·les.",,3,0,thirties,female_feminine,,Central,ca,,central,common_voice_26_ca,train.tsv,cv-corpus-26.0-2026-06-12/ca/clips/common_voice_ca_33363682.mp3
cc69090f1f4fe27135992102671f6d8a93793d68bdb2719f295f52385192845cab544b6ae27f74e4540e25cb3d3c06e200db332cb5332bb6a06fbc6d25a1fb45,common_voice_ca_37634643.mp3,78d4bfd196d418194151a4184b6008bf5609b2dcb4eccc8832e7138b1a374c2e,Prostrats davant la força suprema de la deessa Pele.,,2,0,,,,Central,ca,,central,common_voice_26_ca,train.tsv,cv-corpus-26.0-2026-06-12/ca/clips/common_voice_ca_37634643.mp3
ddf3b686cfaee3f93c749843a39bc3c2a48664c1ccc58e29dfa8eab6ab03fed9249db2ed4031f0449c0fcbdc3acf01551b03e54846c80b7928aa74f94ba3b9c7,common_voice_ca_37603133.mp3,59ff394315f0405967a160ae47188c74ff4b0da4155aaef8baf71ae93f4dd3a3,"Pel maig, la sardina a raig.",,2,0,,,valencià,,ca,,valencian,common_voice_26_ca,train.tsv,cv-corpus-26.0-2026-06-12/ca/clips/common_voice_ca_37603133.mp3
f4cfbbd9eebe81c129b71749fd2b1bb59763d7e45319914980ec2cef1eb1f39cb24088b9493757fc0ab2684b31137b985de384ff40e4db8f1b230ad6d6e0086b,common_voice_ca_32085400.mp3,65d8150a3e29eeb493564af8ac18419c2763938e81aaf476ace71acbb6bfa7ec,Dimecres en Cesc voldria anar a Arsèguel.,,3,0,twenties,male_masculine,,Balear,ca,,balearic,common_voice_26_ca,train.tsv,cv-corpus-26.0-2026-06-12/ca/clips/common_voice_ca_32085400.mp3
46098bc705768ba56decc92e627fc907363d2e384241e8df3305944a2a5c707f72d4bf6c029e0352447e7f3a27ee52e1e767a8ed4d1769579e7eb82efb003bbe,common_voice_ca_31318025.mp3,0704c204d8ab4c3c4eb03d938fb775c39b12c081d339c56fd2eb368a6021916b,"Entre les tècniques preferides de Risher per aquestes obres eren el ""basso ostinato"" i la xacona.",,6,2,,,valencià,,ca,,valencian,common_voice_26_ca,train.tsv,cv-corpus-26.0-2026-06-12/ca/clips/common_voice_ca_31318025.mp3
8fdfbc51b042d8498238fe00965a47fbbc02b8fd627d052a93043450d0e02027278995cf49f401a5c625c4fdab9c6c9dd3145aac709f75fc67d9eca75a9ab026,common_voice_ca_30740428.mp3,6c305a2adf2d7800394f32fab0b1adc6214c0d07fb64bf3e2af5d4bf08a4718b,La baixada em va segar les cames.,,4,0,,,,Nord-Occidental,ca,,northwestern,common_voice_26_ca,train.tsv,cv-corpus-26.0-2026-06-12/ca/clips/common_voice_ca_30740428.mp3
960cdeb8db2a4e83095207c66ec36f0575b90151711ec23f21a5fc1e755f8d0667423c42a3b4d03a141875f84710d45e01b37474ccd63a11f82ca3616e8bc792,common_voice_ca_37577675.mp3,00f3affbd760c54e05e638c2546fb6691d2696a58e06118f831c7e974ff16646,"Poble de Pau, poble de guerra.",,2,0,,,valencià,,ca,,valencian,common_voice_26_ca,train.tsv,cv-corpus-26.0-2026-06-12/ca/clips/common_voice_ca_37577675.mp3
fdac48a8d8372a1939fa79d38a6daec1a1560e70874d2f08e8af6dcb7c964d9c25b0bfe4623a195ef7abb93aa0025f9dd354e18c518f54618269ffb746f45260,common_voice_ca_17992210.mp3,26eb4b179dde39676ea5cd0b9aa3a431af32b573fe0fd09aef452c37d46f6c6c,Venim de la Vall de Gallinera.,,3,0,fourties,female_feminine,,Central,ca,,central,common_voice_26_ca,train.tsv,cv-corpus-26.0-2026-06-12/ca/clips/common_voice_ca_17992210.mp3
89b76732ce551b69b4f23b6240a9a07123074f33d3fa431cc8362009772649d7c8881a66e7de4b949f758aff4f9db93881206e548f8bfe95b11bef9d3ba7f9f1,common_voice_ca_31318803.mp3,071e49fd59e08bb865d891d4521b9d8febeef15d7551e1a429d76410afe16dc1,Part de l'Istituto Nazionale di Astrofisica.,,2,0,thirties,male_masculine,,Central,ca,,central,common_voice_26_ca,train.tsv,cv-corpus-26.0-2026-06-12/ca/clips/common_voice_ca_31318803.mp3
4eb53b5e305922d10190a90d4785be6906bf83a72a9d38edcbb4b4f72a9a2aebfca4ea0753eac69e68ee4b555c072d1eee5dcfd209c4abf619102265ba914c9f,common_voice_ca_33901640.mp3,31c0fa04c1826a7dc9230f5ff3ae98d7b8b33bc4da04d4a2b91f3f0e2d1a06c7,El vint-i-tres de maig na Clara anirà a la platja.,,3,1,,,,Balear,ca,,balearic,common_voice_26_ca,train.tsv,cv-corpus-26.0-2026-06-12/ca/clips/common_voice_ca_33901640.mp3
e91f347285d7df0914671a39165495e381c0a40205875c8e75d9fbd2e45c647945a025f8ae0fcfe89ecb215a9911ab43d9c39a894bf6d9f1f0e9b1522926107f,common_voice_ca_17533221.mp3,e9f8872219aa8fc200372c1f5476e28bb9d42a7533fabb7d956b6c8967363550,"Nadal en diumenge, quan ja ha passat, ven els bous i compra blat.",,3,0,fourties,female_feminine,,Central,ca,,central,common_voice_26_ca,train.tsv,cv-corpus-26.0-2026-06-12/ca/clips/common_voice_ca_17533221.mp3
4f8cef110b4f4759b5a99877e92c4c655e922ac2f779ab66deac9693751aadef047931a2105daf5e68bc8199496079bb4b29c2f1e67f566beeef40dd4d062e78,common_voice_ca_37762413.mp3,7f0946f2353f77192be66b60193b59db9f5bc6a029b4d566d4083cf7b183224f,Anem girant el cercle interior i sumant els seus valors.,,2,0,,,valencià,,ca,,valencian,common_voice_26_ca,train.tsv,cv-corpus-26.0-2026-06-12/ca/clips/common_voice_ca_37762413.mp3
41d91ae366570db01db183417f711ac53925d9ae1307c481f5e99a9f5e53aaa8c0e0b8b682b1ecf042d0c55c1f26050767cd245caebb0cce8cad4616950deac3,common_voice_ca_31426182.mp3,194ac9751c39211fa8b007184e8eb312cc7b5d631e184a668b578d797a0fcffe,Quina és la millor manera d'anar a Martorell amb bicicleta?,,2,0,,,valencià,,ca,,valencian,common_voice_26_ca,train.tsv,cv-corpus-26.0-2026-06-12/ca/clips/common_voice_ca_31426182.mp3
58c4e873b35789765a76fbbf93e54806647674c65db82dc573c3fff11abda41ffc0539ff8879a9d768aa22f236a99d21bb892b248face102e13c200e82f6b465,common_voice_ca_25148097.mp3,13b3dcb4d4acf5229a078a5cc63a0e755374a5f041fd8ae87cfc19c2b4daf9c5,"Mentrestant, els croats assetjaven i capturaren Tir, amb l'ajuda d'una flota veneciana.",,2,0,twenties,male_masculine,valencià,,ca,,valencian,common_voice_26_ca,train.tsv,cv-corpus-26.0-2026-06-12/ca/clips/common_voice_ca_25148097.mp3
c9c01553e5ee23f718d22a99321c00b7a104f03aa72e31f9a6514aba8b8dee49697c9aa46377dfa21f76044047604ecd25ad00f20bf4c5d4baef40e69aaa0720,common_voice_ca_23702998.mp3,aac8627bac9294204473f091ae39cfdc1451f157a10aa497d1b1e4008bd74895,Va governar l'illa reconeixent sempre a l'emperador i plenament integrat a la cultura bizantina.,,2,0,thirties,female_feminine,,Nord-Occidental,ca,,northwestern,common_voice_26_ca,train.tsv,cv-corpus-26.0-2026-06-12/ca/clips/common_voice_ca_23702998.mp3
b4897fbb47c0ff0027b395498cff80235b5ff3936e43a009c63ca3ac0c224c867cad8497378b5f0cd896ce1dc97fe3b118227b1085c02f8793980acc2251e564,common_voice_ca_37766166.mp3,7f69e54c92b44bf86e8660f47a0c13612cfa4d29582ba1302586cf500cf7e5ec,No té potestat legislativa.,,2,0,,,,Septentrional,ca,,northern,common_voice_26_ca,train.tsv,cv-corpus-26.0-2026-06-12/ca/clips/common_voice_ca_37766166.mp3
334a22b087deba901f092b7835ada59d675413fb647611369a78769a6d2b0ae79b8fca82124e95c82f05d675a4253cdaa9191cb463662a35848cf7434ef2af31,common_voice_ca_35253320.mp3,46a9eddc0341b052cd77ebad78920bbe646ee54a567ab4ba409bc22ebb34c997,Viu i treballa a Tarragona.,,6,0,thirties,male_masculine,nord-occidental|Lleida,Nord-Occidental,ca,,northwestern,common_voice_26_ca,train.tsv,cv-corpus-26.0-2026-06-12/ca/clips/common_voice_ca_35253320.mp3
946e48221165eebfad8f2d37915272b8b380feda6affd1c01f5cf7162702c61c6bf6080a5600981da49cc0827835c46c897f009bd8c78365ee4c59f38f121f2e,common_voice_ca_30853542.mp3,98eea9617808ab06f1c60700ed55cdbd37037666851588628f02f285e18101b4,"Formen el coanoderm, un tipus de capa cel·lular que es troba a les esponges.",,2,0,,,,Central,ca,,central,common_voice_26_ca,train.tsv,cv-corpus-26.0-2026-06-12/ca/clips/common_voice_ca_30853542.mp3
4dd7007add5f8c42f315fd880cc0c73aa8cabf85aee0326c0b2cb6f5b2f373a2137400f5850b9e7980c2f0408ed5bcc2d2b3d9276024a5ab40ed2bb4b8f421d8,common_voice_ca_37639468.mp3,797c2dcf498048b38d921c3abf48f93c405784d4a4f95fe0cff8462399846f87,Dimecres en Quer i na Bruna iran a Camós.,,4,0,,,nord-occidental|De Lleida,Nord-Occidental,ca,,northwestern,common_voice_26_ca,train.tsv,cv-corpus-26.0-2026-06-12/ca/clips/common_voice_ca_37639468.mp3
4f8cef110b4f4759b5a99877e92c4c655e922ac2f779ab66deac9693751aadef047931a2105daf5e68bc8199496079bb4b29c2f1e67f566beeef40dd4d062e78,common_voice_ca_37762411.mp3,7f31566f843ae7f7d685404c3c847f6ccceb6b8c101df86f29fd947847a18ba7,Són pagans.,,2,0,,,valencià,,ca,,valencian,common_voice_26_ca,train.tsv,cv-corpus-26.0-2026-06-12/ca/clips/common_voice_ca_37762411.mp3
d3198e43f18f817bcbe28ff226a8c2dd2d1521c6980311c26807292ad3d285cf8f08affb22f626ff3b698438db564a94f4a7fdc9f77f77397a8780a74a553499,common_voice_ca_28579041.mp3,596e1055deb7592049943fa407e9e6a6271b18bda4b10440a775d988ff010967,La seu del comtat és Searcy.,,2,0,thirties,male_masculine,valencià,,ca,,valencian,common_voice_26_ca,train.tsv,cv-corpus-26.0-2026-06-12/ca/clips/common_voice_ca_28579041.mp3
de44c31b2c3b8d65fa6f0e2d4d770bdf7557effd4905cf1057e2e4ff4ea8d762ee44dc776e8843e0af9fc3912044a5647578d07f7846620150b686bd7d3450f1,common_voice_ca_31121111.mp3,ee847ee966d0749c45bcbfb47f64fe5907b87907c56b318f444def4694777ced,Hi ha un munt de coses interessants que fer en aquest barri.,,3,0,fifties,male_masculine,,Balear,ca,,balearic,common_voice_26_ca,train.tsv,cv-corpus-26.0-2026-06-12/ca/clips/common_voice_ca_31121111.mp3
0b224145a7f6ba416e9cdb5c53891cb5fc9cd424b4fa0b091e578a5828c53d2257a59b7242c205820c79fc9c32277f79d40d1a6941ff7a0a71cb75ef35ad7c1b,common_voice_ca_37230933.mp3,6da10f3cf307b03fcb94e818979a480624ecfa1b73a7ed8dcb78fac3254ff285,Coneixia de cor tots els topants de la casa.,,2,0,,,,Balear,ca,,balearic,common_voice_26_ca,train.tsv,cv-corpus-26.0-2026-06-12/ca/clips/common_voice_ca_37230933.mp3
bf61741297653053896c7246004dfd49ed380ec0f1e2294d4c8c607faeb805dbd016793013ed9142ff24938a2a540f56c1086f826fb4b5c1eece2e7640326d08,common_voice_ca_38060176.mp3,96940249ada4b602867f34c90c6ae88132a45b56b2a5932038b079149f59eebf,Cada territori també compta amb un senador.,,2,0,twenties,female_feminine,central,Nord-Occidental,ca,,northwestern,common_voice_26_ca,train.tsv,cv-corpus-26.0-2026-06-12/ca/clips/common_voice_ca_38060176.mp3
3e25c487e49b73048e3e0e2789fa48c40860bcc11806e742da5a49dcb2e3e6a9abd69604dc773a51a8156c00f5ca56563f1cbe0a0bad6f15fbcbdae7731df5e8,common_voice_ca_37758316.mp3,7ecdb935f325340769185cdc7d02f4f21ac99fdb227697e9fa1434e1374f589b,L'Església catòlica invoca a la Mare de Déu de Lorda com a patrona dels malalts.,,2,0,,,valencià,,ca,,valencian,common_voice_26_ca,train.tsv,cv-corpus-26.0-2026-06-12/ca/clips/common_voice_ca_37758316.mp3
5ec60a4cfb19d7d4119f0efe0b1c13d2b8634e2e97ebf418b4fadf3159cf5c2e16f53bfa27cdca433dffe433714a82ee6f9bca8b5bcbdc1c8338da0268d1ffa0,common_voice_ca_37603900.mp3,5d2e2a14c5c5a32145e345ef869e7e5fec7c54811949a885b608bb61a469d417,Parlar de la mort d'en Prim.,,2,0,,,,Septentrional,ca,,northern,common_voice_26_ca,train.tsv,cv-corpus-26.0-2026-06-12/ca/clips/common_voice_ca_37603900.mp3
62a7333977c33ef3358ed5212ebe5defea639658cdffcb393ef76b854ce35dc4c4140de5d6a475c5ac1175d71e92626226f0a33bb4a77b534f140b8da37e9cb3,common_voice_ca_32294468.mp3,be94226467a0312c4ef42f051a3c1195e7e5a978ba5e063ac566ee8e34f45bb4,El nou d'octubre en Genís i na Blau aniran a Ogassa.,,3,0,fifties,male_masculine,,Septentrional,ca,,northern,common_voice_26_ca,train.tsv,cv-corpus-26.0-2026-06-12/ca/clips/common_voice_ca_32294468.mp3
9923f96b06f9a67a524b165f259c9f34fcf2158825b54061320645f87cd93f83f5e9d4cc15e771d7a8ef81d0045115d630d44729dab19d5df0d7f5932a9b1650,common_voice_ca_38117421.mp3,993b0a9f8a187d21074cc341d3d0ef350ef0bb34b00528b8ba54df30e55a8e3e,Treballar per Russell era extenuant i la salut de la Charlotte se’n va ressentir.,,2,0,twenties,male_masculine,,Valencià septentrional,ca,,valencian,common_voice_26_ca,train.tsv,cv-corpus-26.0-2026-06-12/ca/clips/common_voice_ca_38117421.mp3
22958f42a50ef3a5c2ec4d3fb30bec33a55c1d1a6a85d5bea86ba8c8107415837c8494ff7dbdea01385859ebf381c231be0ebc45dc26f0129c228e4cc3ea4586,common_voice_ca_33387160.mp3,d4b55304e216656516ffcc06090c24db9db9de70d84cd7d56bb3cb1e086e218d,Avui tremenda bufetada s’endú el muntatge policial.,,2,0,,,,Balear,ca,,balearic,common_voice_26_ca,train.tsv,cv-corpus-26.0-2026-06-12/ca/clips/common_voice_ca_33387160.mp3
4cfc1cd71ac5d3f1f906e4e159dafcde1ee47a7d393f135fb378f1826d1c2bef4e8589b16c47f1de6c303cdae521e19deed0fa7b1a08297d003a48c3e591ec56,common_voice_ca_37623907.mp3,77d844ecf3e246559e0cd7277ed25b538e59d4713acbb47936af5edcd8bfaed7,"La violència va disminuir considerablement, amb la victòria efectiva pel govern.",,2,0,,,mallorquí,Balear,ca,,balearic,common_voice_26_ca,train.tsv,cv-corpus-26.0-2026-06-12/ca/clips/common_voice_ca_37623907.mp3
eb2a7468b5886c3d76b1aeddadf5b3a8a9bf95f6c3a48258e09df8de55fcdab94537928b76969f69e693675e1b9351949c3057a4d03cb2c5a9a42c7601cd625a,common_voice_ca_38068802.mp3,973f7c807a677d935fbb6f61a27f076857fc11810ef585b18544ff022f880fea,Alzina que podria créixer a les sales d'estudi.,,2,0,,,,Tortosí,ca,,northwestern,common_voice_26_ca,train.tsv,cv-corpus-26.0-2026-06-12/ca/clips/common_voice_ca_38068802.mp3
8fdfbc51b042d8498238fe00965a47fbbc02b8fd627d052a93043450d0e02027278995cf49f401a5c625c4fdab9c6c9dd3145aac709f75fc67d9eca75a9ab026,common_voice_ca_30740431.mp3,67e6c9088faa28d1fb8cc8349c3725b99142f427ac1814870102570f8a681794,"Respectar els vells, els superiors.",,5,0,,,,Nord-Occidental,ca,,northwestern,common_voice_26_ca,train.tsv,cv-corpus-26.0-2026-06-12/ca/clips/common_voice_ca_30740431.mp3
92891fa5d0252d8925f414cfb9c70d26d072552ab50e1e8b28467311c9b40e9d77aadedf5a09bd922e660758b12c084927a84d4e81072d8f763af20b7427764d,common_voice_ca_25092517.mp3,0f1ca89f6320280f11d7814767a358106961e831f8dcda26533e48ff5d73d212,Una dona passeja mentre parla per telèfon.,,4,0,,,,Septentrional,ca,,northern,common_voice_26_ca,train.tsv,cv-corpus-26.0-2026-06-12/ca/clips/common_voice_ca_25092517.mp3
075b4a3d089fb0d6efb5b7dfeefd953428f734eb2d4ea26b3be6b03a3a65f71fb98bf2f4852e0db226b0918223f1fc2d386268913ac27a4d761cb44b2e081560,common_voice_ca_37569106.mp3,f1f3fe4614a599ac3af21b3fa470c0f62e45a5b251ad928b9f35b4a29efe2eee,Passa a passa.,,2,0,,,,Balear,ca,,balearic,common_voice_26_ca,train.tsv,cv-corpus-26.0-2026-06-12/ca/clips/common_voice_ca_37569106.mp3
f8bda1ca0ffbe37d583c44149be5f817cb028044ce0dee4fc405cca46180da462c86cbfc654b7b2f5a35eec0ea4d1e527d630fb78268ae27b7b764c9e96565f3,common_voice_ca_30766861.mp3,7b7301fcd7c60a047213a60af5635e6d533306ab746aace781c95bbb7615ae53,Els ciutadans d'Iowa aviat van recórrer al Partit Republicà.,,4,0,,,"septentrional, Gironí, 10 anys vivint a Barcelona l'han fet menys fort",Septentrional,ca,,northern,common_voice_26_ca,train.tsv,cv-corpus-26.0-2026-06-12/ca/clips/common_voice_ca_30766861.mp3
55b1e64a104e0cbb175c4145e465b61a9bdbadf6c0464a03ebfb6a1e83f15d1c9f954972a6fd5a237f770109a41d48b863d282e92af635e73a27d517583cb75b,common_voice_ca_30883540.mp3,9eeeea4e9562f7d86bad99a53196a7bc5975025be2433acd58a753a75a654557,Però el primer que la va establir va ser causa dels béns més grans.,,4,0,,,Tortosí,,ca,,northwestern,common_voice_26_ca,train.tsv,cv-corpus-26.0-2026-06-12/ca/clips/common_voice_ca_30883540.mp3
0d20e118ac3b20bf1d717c767749f79dbb1866d32e991b763d89d17834ce82e8d5e58327aa49a05ae46ba25f7f874aa4d3d1d6a3258bfa6f3a01c13f57d64e47,common_voice_ca_17649965.mp3,f5b97a924e6bbc99c9e692359e5e4ed57bc020512e0a26c6c772372e1e6d5e61,El taxista estarà obligat a facilitar a l'usuari un justificant del servici prestat si se li sol·licita.,,3,0,fifties,female_feminine,,Nord-Occidental,ca,,northwestern,common_voice_26_ca,train.tsv,cv-corpus-26.0-2026-06-12/ca/clips/common_voice_ca_17649965.mp3
a09a1709ed3279507d8c60974d076caad52fb7794bb536f145fe14442c29317c1688e1aa0090ca8a613f04318ce663c8d99a962920d60bcfc7b4f912dbdc9847,common_voice_ca_31302793.mp3,050b0516322e24ed41799e61fc6a486b27d20cd2227c2d6bafaec027da32dfc2,Un ultimàtum també pot servir per legitimar una acció militar.,,2,0,fourties,male_masculine,,Central,ca,,central,common_voice_26_ca,train.tsv,cv-corpus-26.0-2026-06-12/ca/clips/common_voice_ca_31302793.mp3
545efbbd53bb2cb86711ecc7942b4fbcbedd6c117633697d105bc412f14515852690a798cbe4fcf7ea92592022c6f4469adec42be7bff5d10ccef622f4cf96fa,common_voice_ca_31212817.mp3,f5cd1c24404c8ddd94042fc08f2b5366226bd11945c400f66150d4731efb3a86,"Barris petits: Kostivere, Loo.",,4,0,,,Tortosí,Nord-Occidental,ca,,northwestern,common_voice_26_ca,train.tsv,cv-corpus-26.0-2026-06-12/ca/clips/common_voice_ca_31212817.mp3
36fe013dbca4fa216e65d5462b17ab01ce129aec7cbf31bb0514978c694936625d0d34a741f2def54cda3b075777e3376e6ebf6d5372377ccfe37d9e6f13d067,common_voice_ca_30845574.mp3,967b57814957a4edf1aa4c6a667d65ab4b2320a003f6a998a407fd58baf11377,Gossos que participen en una cursa.,,3,0,sixties,male_masculine,,Nord-Occidental,ca,,northwestern,common_voice_26_ca,train.tsv,cv-corpus-26.0-2026-06-12/ca/clips/common_voice_ca_30845574.mp3
bc450ff9773492a99905edac03149ee62d3d1ce17e5a097c91f597f90a8f955ff69e7db4e77207fb3d471b18844b2f74524077fff27cbb27123a45e7a024731d,common_voice_ca_37577740.mp3,fc90257ff835910f8d59757f5995bdabfad5e03e79353b9e8818b182d62fde4a,En cas que.,,2,0,,,valencià,,ca,,valencian,common_voice_26_ca,train.tsv,cv-corpus-26.0-2026-06-12/ca/clips/common_voice_ca_37577740.mp3
96211c1c0403461f8683b949d77e542522915fac18da3f719cac351f9bcd8e541236f253c081b6e26d312d4c16bf72a398b39cb4685d60df419cfa4846cd3dd2,common_voice_ca_30820229.mp3,8d588a9c3b17d6890d63a7ccd7bcaa52634bddc4c09f4e3823c4d22b78ec30c2,Les seves actuacions a Lió finalment el van ajudar a formar part a l'equip nacional de França.,,2,0,,,,Balear,ca,,balearic,common_voice_26_ca,train.tsv,cv-corpus-26.0-2026-06-12/ca/clips/common_voice_ca_30820229.mp3
4706ba1de4d328dfef254587d0bcef7f0449a4ef927d38f1fce2259319eb9e2bf4a902631b784e04d3f95762e474ff12bcf3473aeccf478314932de33d0b2d1e,common_voice_ca_30842009.mp3,9512ac0a5fa1c8f13be2cd6b7dd16a3609e15b357091c21913ae587e53cabe1a,És possible consultar la informació online?,,4,0,,,,Septentrional,ca,,northern,common_voice_26_ca,train.tsv,cv-corpus-26.0-2026-06-12/ca/clips/common_voice_ca_30842009.mp3
f61662279e4cf91f2f4df22de9a3e6ec3f732a1341e584651fa5c5a344198df12bf4ed5573667edeaf1c6c7eb6570ccfe476482fe28005b1648196fe1a4c63d1,common_voice_ca_37589447.mp3,2d529c00ce74ad827a98a52b6cd39e4a715c2b633f9ab5939c85707c48cfc52e,Ser una bona guitarra.,,2,0,,,valencià,,ca,,valencian,common_voice_26_ca,train.tsv,cv-corpus-26.0-2026-06-12/ca/clips/common_voice_ca_37589447.mp3
57b214ed8679f10b827db6856964137f0d26f50035adb230b437c80ac75865a1c1af17474c45fc7081b3ef934f3c96602f4c905ac3b33f0421b3dd249d10d5db,common_voice_ca_20251867.mp3,25311cd82e09b3c37cfd93d50b23c3c0fb703e37e1bb953297a1c60e88550101,El material de construcció principal és pedra; com també coberta de fusta i rajol.,,2,0,sixties,male_masculine,valencià,,ca,,valencian,common_voice_26_ca,train.tsv,cv-corpus-26.0-2026-06-12/ca/clips/common_voice_ca_20251867.mp3
b3480025157f80b54a8ec0282b27baa14ebcf849e06354bb7c4caeed9b00ccd98e433465316ee7a8e92edd7131d002754dff0b7ed8a5a9cefd8452bceaf78696,common_voice_ca_30920486.mp3,b17bc6d8b697450d1744cc69a8e61c5a46ceaf5f4de08fe0dc0ed33070bfdc81,Així era l'home que havia estat seleccionat per comandar el nostre vaixell.,,3,0,,,,Nord-Occidental,ca,,northwestern,common_voice_26_ca,train.tsv,cv-corpus-26.0-2026-06-12/ca/clips/common_voice_ca_30920486.mp3
46513e8760ea724153fcd1accce8325e3b59d50bd1d37082276b35dfdff1caaa22b09f49d85010a21accc25bcbbf01d587efebf7b011ac8226f4c1750e1bbcbc,common_voice_ca_37601868.mp3,53ed2632714158cdbf5cfc8421a5cf7c933bbe2918c63822df1e22dadf7627df,"Quan les faves granen, una figa per nostramo.",,2,0,,,,Septentrional,ca,,northern,common_voice_26_ca,train.tsv,cv-corpus-26.0-2026-06-12/ca/clips/common_voice_ca_37601868.mp3
36fe013dbca4fa216e65d5462b17ab01ce129aec7cbf31bb0514978c694936625d0d34a741f2def54cda3b075777e3376e6ebf6d5372377ccfe37d9e6f13d067,common_voice_ca_30845855.mp3,9602dc4bff1abf340dae4201661fbd8205095fff16d59b2a9716d239966ae726,"Es va retirar a la seva granja, el cau del lleó, en el comtat de Charles City.",,2,0,sixties,male_masculine,,Nord-Occidental,ca,,northwestern,common_voice_26_ca,train.tsv,cv-corpus-26.0-2026-06-12/ca/clips/common_voice_ca_30845855.mp3
0ea16212791c523060d5fb6576519e4eb78e7ddda4a27e48d90f976f57ea3d462b27abf10089704cf836649accab77d472b44f5ff96ef0c76877ffc15944f6c8,common_voice_ca_17876150.mp3,903cf8163d476898581f16c79272a29013db08f1b3a6f2237b39a049bdca5039,Els dolors que ha de suportar són terribles.,,3,0,fourties,male_masculine,,Central,ca,,central,common_voice_26_ca,train.tsv,cv-corpus-26.0-2026-06-12/ca/clips/common_voice_ca_17876150.mp3
7820d2a7ac722f86789913f4505024a6085667e02a164f83e92e6c8d82d1b7929e9a9086e1ef3cdbbda00a36f13dd540a8ff166b7e50e2cad929163c8901a35b,common_voice_ca_24455717.mp3,d4f5ded0839e1c02fe1b22f80ec5238235c081c5e953cc543b78fc33ee72bb4b,Té una entrada a la façana sud-est.,,3,0,sixties,male_masculine,valencià,,ca,,valencian,common_voice_26_ca,train.tsv,cv-corpus-26.0-2026-06-12/ca/clips/common_voice_ca_24455717.mp3
e0ad16d352572720e8e414af07c5165f19b9a98996db14157a31544f4429da864ab334246f39ca470d72302bb92c98e02cef923d00d1e891d39c6d6cd39bfdb2,common_voice_ca_36453580.mp3,52ea9a6066eb99892711f4258edac4980f92a6e5d3e3eeb61604cfbd1408cb50,El vint-i-nou de febrer en Quel i na Nit volen anar d'excursió.,,2,0,,,,Balear,ca,,balearic,common_voice_26_ca,train.tsv,cv-corpus-26.0-2026-06-12/ca/clips/common_voice_ca_36453580.mp3
042ecaaba5d85450cfaef7b74e0c43fd12cc16c188f96993910b1fff3c089234de7437bb923b250b18e88606acb3a666bf041c99148474bb6e8ccdf5af40b33d,common_voice_ca_31391124.mp3,13c0a4b7a57642de1dfa0155c61c64e6e64e7f31759e64a676428d2f8f20afbf,El resultat va ser que el comtat de Henry fos culturalment molt similar a la cultura antiga de Nova Anglaterra.,,2,0,fifties,male_masculine,,Nord-Occidental,ca,,northwestern,common_voice_26_ca,train.tsv,cv-corpus-26.0-2026-06-12/ca/clips/common_voice_ca_31391124.mp3
b70cc9a95db0ff57221bb71b0a7ca94bea9814a37be1845d89902d8835a7fe8aa079f5626fec1410ae54be27efa6fc21666e7200819bdcaff9aed74fa2c64660,common_voice_ca_36863024.mp3,5e55089f4c25a22f0fd808ff9bf23d349cfa44d70af12e37bbe20c1b718967cf,És el municipi més petit del cantó de Schwyz.,,2,0,thirties,,,Nord-Occidental,ca,,northwestern,common_voice_26_ca,train.tsv,cv-corpus-26.0-2026-06-12/ca/clips/common_voice_ca_36863024.mp3
75a354c28ae167668d3ba6dfc83b1f9e59c0d1a1d29aeef1d28b28f598c047f4c03b07c480ee7862fd09759a8c3ece9009f90d29c7d20ea79b0c85e00b8b0960,common_voice_ca_37576878.mp3,0260b334df8374da7003007db93a64fa977587d170df5f92d262ddbf0d39797f,Tenir bona carnadura.,,2,0,,,,Balear,ca,,balearic,common_voice_26_ca,train.tsv,cv-corpus-26.0-2026-06-12/ca/clips/common_voice_ca_37576878.mp3
97f12240658ae96f64c342e2048018f4348cc5bb87ad4c4ea0bd02b10d0585444ec6e77ff4cf1a144c2f50a4a209fbfe7ba9caed6c6e3ac84177ead4aa2c1b6b,common_voice_ca_35210856.mp3,453e674b509356d062bc190a0c20e74f4497e4d16a1660d46a1abc15cc1019f9,"No obstant això, hi ha una diferenciació entre les vocals curtes i llargues.",,2,0,fourties,female_feminine,,Balear,ca,,balearic,common_voice_26_ca,train.tsv,cv-corpus-26.0-2026-06-12/ca/clips/common_voice_ca_35210856.mp3
f3c811d5547f908c9705854bb11f999c65b1a526bbb5f7c4813df0f9204dc1061c41c2ac825bed6f76415e93b4a78113a25b3c6426b3b7723b89bbde98be1729,common_voice_ca_32196054.mp3,958e1d8e9ed95bc917a5aeba0291f7001d387fd29067f1b4a4c6378a265d1b4c,Demà na Berta i na Nit aniran a la Vall d'Ebo.,,4,2,thirties,male_masculine,valencià,,ca,,valencian,common_voice_26_ca,train.tsv,cv-corpus-26.0-2026-06-12/ca/clips/common_voice_ca_32196054.mp3
54fb9f7404b5fdc62c215618683436be38e5640e8e1c1c8042d66d36074dc0a25bc96d9efba718d672b573deedb3031988817f7935737e293e8f8ed9d4961209,common_voice_ca_31024184.mp3,d70825fc97ed6d1c682ee5fedee96e1d7b50d8bea83205fd4d6e404790079981,Era la primera pistola de producció per utilitzar una diapositiva.,,4,0,fourties,male_masculine,,Central,ca,,central,common_voice_26_ca,train.tsv,cv-corpus-26.0-2026-06-12/ca/clips/common_voice_ca_31024184.mp3
a501c3e828f1ffc22d030490dcc16d09f80b0712bc57b554f6d336c347099c6ab5076a57549c140281307d21a350f27ce64912661a81cf0a1c45aea80c3c3a8e,common_voice_ca_27232411.mp3,3f3c95c48b51b2aa8599901f68c95498f00547531af07659364db6fc7769131d,"Es van posar el nom de ""Rasputina"" per una de les cançons de Creager.",,2,1,thirties,female_feminine,,Central,ca,,central,common_voice_26_ca,train.tsv,cv-corpus-26.0-2026-06-12/ca/clips/common_voice_ca_27232411.mp3
c07ae48a08a381a5c50822f2ebc72fd886dd3e5577a9a1c01a917db713b97170dc29aca7c0537c4adce6b72df57da30fa0cce4c33657fb558f39fe9b1dabc4ca,common_voice_ca_33686345.mp3,2d83e1f3ada8b1a2b7ff1781e9c2e4345443de0a32433fcb20145694c73682bd,"El nom de Batalla, aplicat al coll proper.",,4,0,twenties,male_masculine,valencià,,ca,,valencian,common_voice_26_ca,train.tsv,cv-corpus-26.0-2026-06-12/ca/clips/common_voice_ca_33686345.mp3
d9770fe2b1596832e93ff1c30eff6da2b414d79896be232ac0faa4da55cea015af6bb785aad54f3216662a1978c577919b907143fdee82130a604a256fde07a2,common_voice_ca_38718629.mp3,bff9f1e7f01964ebf6c989fe6aca754a50ea9a8edec2a4aa6f05083593f6fc4b,Articular la insubmissió dels ajuntaments a la legalitat espanyola.,,4,0,fifties,male_masculine,valencià,Valencià meridional,ca,,valencian,common_voice_26_ca,train.tsv,cv-corpus-26.0-2026-06-12/ca/clips/common_voice_ca_38718629.mp3
22958f42a50ef3a5c2ec4d3fb30bec33a55c1d1a6a85d5bea86ba8c8107415837c8494ff7dbdea01385859ebf381c231be0ebc45dc26f0129c228e4cc3ea4586,common_voice_ca_33387127.mp3,d37def7894188235ea1d3606a556f9f94744b1239c96f12fbfff082806dc27bb,"Van ser, doncs, vint-i-tres mil dos-cents vint-i-sis dies, setze hores i vint-i-tres minuts.",,3,1,,,,Balear,ca,,balearic,common_voice_26_ca,train.tsv,cv-corpus-26.0-2026-06-12/ca/clips/common_voice_ca_33387127.mp3
d94e845c302f5cfda75e5de597260c7e33bb52b8056a0b8a5cb388f134e0f0fe2d565b9dd386903961790b8d0de1d59788a122fc7971fd5913e758839b55b167,common_voice_ca_31364481.mp3,0ed12c54aa64d379e7bd85374f8b747376953271381c245996eb3c49bf371419,Només té vuit anys i mira'l com pollastreja!,,2,0,twenties,female_feminine,,Central,ca,,central,common_voice_26_ca,train.tsv,cv-corpus-26.0-2026-06-12/ca/clips/common_voice_ca_31364481.mp3
f1d5c9e02521af8910821aba0cf9117bdb3905dff12e962365c9c90045df70d95613bacf692a84de2e9f99b39de556a44b2c953d57f05b4eae2d0e74ef93600a,common_voice_ca_40130086.mp3,dcee30e86c1221934d01b95cca15087a0c7f47f63084d8be666695fb9e234575,Molts nous curts de stop-motion utilitzen l'animació amb plastilina en una nova forma.,,3,0,,,,Valencià meridional,ca,,valencian,common_voice_26_ca,train.tsv,cv-corpus-26.0-2026-06-12/ca/clips/common_voice_ca_40130086.mp3
e920526a9cd3bb2efccd31a8f36a1e1e07f03b78e404306d30627ab82264bd0415b0b8f422859a3cea1e7d5212a3d48715805bc4c06a54ea24530feeddb7fffd,common_voice_ca_30051449.mp3,2de37072528f66190661d6683f122cd3f902fa976d5aa0e69b9e2114644c9f75,Els detalls són complicats.,,6,0,twenties,,valencià,,ca,,valencian,common_voice_26_ca,train.tsv,cv-corpus-26.0-2026-06-12/ca/clips/common_voice_ca_30051449.mp3
5373d9b5ddba5b3c9b74f66afc69eb5e2c2be533b6326125a45ecf198b498a83017c558851b0513fa1a120cd78155a5033b794b59dc88997622f1ac06db2f570,common_voice_ca_31929936.mp3,4ce0ffcf3b6522a376b393443f34722e51e104a7696af041df4ef61561b2ec37,El deu d'agost en Guillem i n'Hug volen anar a Titaigües.,,4,0,,,,Septentrional,ca,,northern,common_voice_26_ca,train.tsv,cv-corpus-26.0-2026-06-12/ca/clips/common_voice_ca_31929936.mp3
fb8236490e5b09f186fc5ecdc582d5eed5dd8f8e9e985bd2a5156c48a9dcaa8c9f1c7c6066e26b17250e0e5d7221715599639c09e23067b3983baa995dc48c4f,common_voice_ca_30872734.mp3,9fc3c737051f8483fda96a27b62ed77bb8fe3523ad4204dc538631af940a358d,"Tot i això, hi va haver errors en totes dues bandes.",,3,1,twenties,male_masculine,,Nord-Occidental,ca,,northwestern,common_voice_26_ca,train.tsv,cv-corpus-26.0-2026-06-12/ca/clips/common_voice_ca_30872734.mp3
aeb5bbf9a006b1b7e84fc0c3e392484cf59308e717f06e25dfad12feef48720416ce210090f5ac29d97042abd91175f8da6d44cee20d18a717b397b1841a2592,common_voice_ca_30751805.mp3,75d9f73b454d8e72ac2cd94525536fd26a367100a36c781339ad1e13552aff62,A quina hora passa el primer autobús per Santa Pola demà?,,3,0,,,,Central,ca,,central,common_voice_26_ca,train.tsv,cv-corpus-26.0-2026-06-12/ca/clips/common_voice_ca_30751805.mp3
32e924cad766e548f527602e2ee436b05a7c234a0887f2dc10b0236f4373ee20ce02ff66083b03330f72f7d6396a19abad0de40d4210fe4f2b37057a1541cd73,common_voice_ca_31872442.mp3,3dd1fabdcf02723a98cb3d94dabc6269b4c71d967554f09011a5f1cc5a0b71e8,Per Cap d'Any en Gil vol anar a Boadella i les Escaules.,,3,0,,,,Septentrional,ca,,northern,common_voice_26_ca,train.tsv,cv-corpus-26.0-2026-06-12/ca/clips/common_voice_ca_31872442.mp3
35a724bdfe9ca06b6552bc1ac54da0f15ef5f4032790149316ecf1c195c8501ef5ea1a23760a8e4ad4ee39d8c9f065f9a8af6886a3794d91e72acbac4344e627,common_voice_ca_31340412.mp3,0a714b9783954ab3c95da3b72d1c0582384fb783a1e059dce9017c2ebd98f204,Actualment viu a Melbourne.,,2,0,,,,Septentrional,ca,,northern,common_voice_26_ca,train.tsv,cv-corpus-26.0-2026-06-12/ca/clips/common_voice_ca_31340412.mp3
6eac6949b6f1aac7e91215cf8800da94810845df2e4064030baf2f3338a22032b44236998352c6cd70732e4b6008087274d1779a1a5b24b7022b6a357b81dfb9,common_voice_ca_32154782.mp3,8ce5a4261751d3849e35792959695ec2491c2828a15a0da61b21ca5649e38f31,Per Cap d'Any na Tanit i na Sibil·la aniran a Roda de Ter.,,3,0,twenties,male_masculine,,Nord-Occidental,ca,,northwestern,common_voice_26_ca,train.tsv,cv-corpus-26.0-2026-06-12/ca/clips/common_voice_ca_32154782.mp3
4f9d02282d776235a3c1eeabbfc132e7820f49c1247175e3b33bce1b31dc35d44aad69598720ae8e3dfbea4a6eb02c86dd18b20cf2d08edfbd6ee75cb881e6c5,common_voice_ca_37763246.mp3,7f3c4566caf41130cef2898836136f2edeb2ddf8f280e8c89bd825ef83c37fcd,Fer-ho amb el nas significa posar objeccions.,,2,0,,,,Nord-Occidental,ca,,northwestern,common_voice_26_ca,train.tsv,cv-corpus-26.0-2026-06-12/ca/clips/common_voice_ca_37763246.mp3
2e4b6ebc42a60a006db0a339074484b716b0e0fe48dd5f52069272f76078c7768681deaa5032174f803a0f5c4b39c789844963782088a703a6551903429038b9,common_voice_ca_31287825.mp3,02a56d56e5453fc34c8870fb22c84410208f619481ac624186ed036b2db8751b,Quin dia és el mercat de la Serratella?,,2,0,fourties,male_masculine,,Central,ca,,central,common_voice_26_ca,train.tsv,cv-corpus-26.0-2026-06-12/ca/clips/common_voice_ca_31287825.mp3
056223cbc144f14287eedeed46891f64566aead7761b8b139043adcf199ddf85b3f5a7a9c27d3ec818fc2554832bb2c9b298d1b2df54d6ff1733251487295b82,common_voice_ca_37479990.mp3,4a97814d8e5d064747487acb80b8c72b73573c12d50f9606b154b4e623405c7a,L'entitat beneficiària haurà de cofinançar la resta del cost del projecte.,,2,0,fifties,female_feminine,,Septentrional,ca,,northern,common_voice_26_ca,train.tsv,cv-corpus-26.0-2026-06-12/ca/clips/common_voice_ca_37479990.mp3
13d56c39e733c6e0565d12da0bcc8fc4051c044c96614bfd9640d13c0b48c457ff57615c211c1e65abc6ec548cd423a91fdaa47829636263ad1ef9c07a086d2f,common_voice_ca_31854578.mp3,3808bf8d00712e1b82362a968d5a98b0146ef2dd7d8ac0ff4e9e731a69ee88e2,El vint-i-tres de maig na Neida i na Bet iran a la biblioteca.,,6,0,sixties,male_masculine,valencià,,ca,,valencian,common_voice_26_ca,train.tsv,cv-corpus-26.0-2026-06-12/ca/clips/common_voice_ca_31854578.mp3
f7f95b9762677410588d8a7a8e9fc7fdf73cb6b5aee299256772e9b15cba772f7410ed3ad4414241f799a645563a0cccb6191e15eb786f340b1e7fa6e997942f,common_voice_ca_38067613.mp3,9713776b25a29a98fcf054834678c402ff75e5ed81f6d417b07f8c16d5a6d0a7,"La pel·lícula tenia també un pressupost molt limitat, corrent en nombrosos serials de Columbia.",,2,0,,,valencià,Valencià central,ca,,valencian,common_voice_26_ca,train.tsv,cv-corpus-26.0-2026-06-12/ca/clips/common_voice_ca_38067613.mp3
5e19fb22705cc43f5bec307c7c85ebe5e436379074f119e2ca86c6718949cbb53beefcfc70bb350675c40155c0b5673d4d68966330c9516029e96d5b77d78e3c,common_voice_ca_33834684.mp3,30314a3828f707acebbef4ae127d77c348f4a02c843b7223fb9987d771969acf,Aquests subcomportaments s'organitzen en una jerarquia de capes.,,2,1,twenties,female_feminine,,Balear,ca,,balearic,common_voice_26_ca,train.tsv,cv-corpus-26.0-2026-06-12/ca/clips/common_voice_ca_33834684.mp3
bb46e50398bf1b0dbc50c497b4db5be0900860bf36bcc718b76e3483f8e5c6a87e66c8df1e6873665d5aff1b797ae746fa83faaeb7787a160d43593ea7bdc7b2,common_voice_ca_30748932.mp3,74a003cf24e1150fed51702cc3afd6a793f1b82a645e858be90dfb6374053020,Quina és la millor manera d'anar del carrer de la Cartoixa als jardins de les Voltes d'en Cirés?,,2,0,,,,Septentrional,ca,,northern,common_voice_26_ca,train.tsv,cv-corpus-26.0-2026-06-12/ca/clips/common_voice_ca_30748932.mp3
de16763b08989247481ab95b1f9cc0271e5f1b346f96a2ddbb632774948f060329ed8b46b84a37e79fde815aedc66ef709a883809b5922a3c2d0951ff46785b8,common_voice_ca_17513101.mp3,fc12b2943c7977845fe902f91ce49978e35224ddb6c5517308cce9da54f16a35,M'han dit que ara té promesa i que està boig per ella.,,3,0,twenties,male_masculine,,Central,ca,,central,common_voice_26_ca,train.tsv,cv-corpus-26.0-2026-06-12/ca/clips/common_voice_ca_17513101.mp3
e007e715f4f01ed91e12fe6ff78457f699c2cd23838e47bff363f25f88da667dac6f15d1c0b74e67f882728bbd5a572f84f18e848b6c2e09a6981d9166bc175f,common_voice_ca_34047920.mp3,33c25947722bc51767cd3f00821cc1aab859525899f3be9a64c2eae8de8fb33f,"Un altre vilà amb un motiu similar, anomenat Overthrow, era confós sovint per Fastball.",,3,0,,,,Balear,ca,,balearic,common_voice_26_ca,train.tsv,cv-corpus-26.0-2026-06-12/ca/clips/common_voice_ca_34047920.mp3
7d19dccf48114d3ec00c45fe80581300faca042157d6c9458ec439c300d8c7b1190aa70eecf19f8b1d5af8c7291f3da08fc635a7fd6acc7c5b203d1e226589f5,common_voice_ca_20757788.mp3,35bb21906d4106f66971dd0500c6d8dad39e7b2fbc4a412451b4d5a8a76bcf10,"Així doncs, la resta de pel·lícules encara eren acompanyades per música coneguda pel gran públic.",,3,0,thirties,male_masculine,valencià,,ca,,valencian,common_voice_26_ca,train.tsv,cv-corpus-26.0-2026-06-12/ca/clips/common_voice_ca_20757788.mp3
9ab24d78f0c15c73109c588c2231856bda07c501d36ade65247c7edb7fe04f135b14107ceec6123fa222ad80ca4f7e20c5fd90bdb882b9114c2ca19c1f6b1f72,common_voice_ca_24675814.mp3,dc0f2e095435a77f78e2f426060d5e3e126da0021de0d76b23ccf2a0103c963e,Aquestes planes són probablement d'origen volcànic.,,3,0,fourties,male_masculine,valencià,,ca,,valencian,common_voice_26_ca,train.tsv,cv-corpus-26.0-2026-06-12/ca/clips/common_voice_ca_24675814.mp3
6eac6949b6f1aac7e91215cf8800da94810845df2e4064030baf2f3338a22032b44236998352c6cd70732e4b6008087274d1779a1a5b24b7022b6a357b81dfb9,common_voice_ca_32154755.mp3,8c855b95227798985fcb1e124a39c01b6579bd6c72ef4829f5707470276dace5,Per Sant Jordi na Lea i na Tura iran a Elda.,,4,0,twenties,male_masculine,,Nord-Occidental,ca,,northwestern,common_voice_26_ca,train.tsv,cv-corpus-26.0-2026-06-12/ca/clips/common_voice_ca_32154755.mp3
d3728ba9c4b430ac8de2cae654e5f82df2f4d0a6dfb848476b737738b7f15bf69c5716a2869c7bec6b1836a4a60d99d479c10bdebd6d1c0153a08371a46c6665,common_voice_ca_33488983.mp3,1d96ac97cca83c5b061271389c84aeb43fed23914c070fe4bc9984285224f976,Vam trigar una mica a saber per què l'havien detingut.,,12,0,thirties,,balear|mallorca|Palma,Balear,ca,,balearic,common_voice_26_ca,train.tsv,cv-corpus-26.0-2026-06-12/ca/clips/common_voice_ca_33488983.mp3
7a652127591f6d6ce5e58d95ea09a8ea5886f562e1d79e1756574cbc527f6d6813d21f9cd67038d6cfd7bd6683f7115419e46546ba154cabf309f6baf9800a43,common_voice_ca_32125057.mp3,7b4381d6ce7496605ba89fea5e65224a714ee3932ac93e8221d4b3e29da09b30,El deu d'agost na Nit i en Garbí aniran a Montblanc.,,4,0,,,,Central,ca,,central,common_voice_26_ca,train.tsv,cv-corpus-26.0-2026-06-12/ca/clips/common_voice_ca_32125057.mp3
974b5ddd7809db7af95f3ba217120eaadeb222515d7525c383cc7e8fc3e1fbc99b3f666c01577638b1d00edef3cc52c1bcadc249e97ab5f203be0f727a73c5fc,common_voice_ca_37562887.mp3,e5a8d22e35c33160d5433828a9b7e99ae9ba513fe7dbd29cec571ca12c564098,Caminada dels Reis Mags pel poble.,,2,0,,,,Balear,ca,,balearic,common_voice_26_ca,train.tsv,cv-corpus-26.0-2026-06-12/ca/clips/common_voice_ca_37562887.mp3
110e5b6976bb6b6e5db37b5fe751aa20a3b13c08289f1bccf077a7ac96464f689eabde26608dfc376860362da8f6e72337882089fad352ab09b9abb705264658,common_voice_ca_24331675.mp3,d19a03941e06f50c5fd32ab1a39862df996a515bc67ec212c9d0f3c1c6e96703,"El poble que domina encara, però, és l'assiri.",,2,0,fourties,male_masculine,,Nord-Occidental,ca,,northwestern,common_voice_26_ca,train.tsv,cv-corpus-26.0-2026-06-12/ca/clips/common_voice_ca_24331675.mp3
8ebfa7fb8906786379e079e2e63e879713158d6f08d2c1b8e8744f097d782db703138e93c3da54b8f8ba476acdfc4610d752dd9ade7602c7cf6b94d1833b01df,common_voice_ca_33348971.mp3,c2ba79cda8542f2b93f87bb294068494c3b1bbeb3081701f7584355b7a168cad,"Ni són jutges ni estan aforats, va concloure.",,3,0,fifties,male_masculine,,Septentrional,ca,,northern,common_voice_26_ca,train.tsv,cv-corpus-26.0-2026-06-12/ca/clips/common_voice_ca_33348971.mp3
206a196a55bf75a878ca807e71342c91d453423aaeaae1f6a398c8d04af2228acb8ce5e2cb31bbbd4c6bbb90c12dd2ce9b31683de574da8e95c5a05e2967bfb6,common_voice_ca_30768435.mp3,7c13262f256db01b7a953db6c8711f6d1026960e68b50d88fa4c67846a5ef19f,Vull anar a Sant Jaume de Llierca amb bicicleta.,,4,0,,,nord-oriental,,ca,,northern,common_voice_26_ca,train.tsv,cv-corpus-26.0-2026-06-12/ca/clips/common_voice_ca_30768435.mp3
334a22b087deba901f092b7835ada59d675413fb647611369a78769a6d2b0ae79b8fca82124e95c82f05d675a4253cdaa9191cb463662a35848cf7434ef2af31,common_voice_ca_35120410.mp3,42c5da1ab7f4d42849a5aaec2970bf3a43b13fd908cd4ce53f8f5ab488b3834f,Dijous na Mariona i na Joana van a Capdepera.,,6,0,,,nord-occidental|Lleida,Nord-Occidental,ca,,northwestern,common_voice_26_ca,train.tsv,cv-corpus-26.0-2026-06-12/ca/clips/common_voice_ca_35120410.mp3
8d696eed43c55020f1b591ce0e6f9548fa4e4c558290587f9eb8209fd580dfb48aad892e442678528bf76ce1874e9e29ca51b795fbf6080060cf086fc5e93457,common_voice_ca_32414164.mp3,ec241963ef5af31ecdb8cf4e7f188880a48cbda48cf7d1d4f4fcfd074b799252,El vint-i-nou de febrer en Llop i en Sam iran al cinema.,,10,0,thirties,female_feminine,nord-oriental,,ca,,northern,common_voice_26_ca,train.tsv,cv-corpus-26.0-2026-06-12/ca/clips/common_voice_ca_32414164.mp3
6bbd193a67ec5fe0c6532c4208248cc06e0118a0b6dbb5dc5885f8c05712cab1b187ab7d85f4ff7b23669e22d3fe19bb9d70fa2bf6b4fdd0f50d8e021a62f1ff,common_voice_ca_35057872.mp3,40e4c2b553c96100f4bceded1e600d032b67cdca958fde2f56baf5b810e71961,La ciutat estava sortint!,,2,0,thirties,female_feminine,,Balear,ca,,balearic,common_voice_26_ca,train.tsv,cv-corpus-26.0-2026-06-12/ca/clips/common_voice_ca_35057872.mp3
01ec2bedd32c841ddd93670183677ce0c5964c9516beaf52a6b70467370b33b11c8b12ec3313947fbc37b4133dd45a50dc799d65c823c1b318846c6aa15b93c8,common_voice_ca_31035174.mp3,da7aa187e281ff5474084c5674dc777e5a5c385b8ce5c63bd1a745ea0df0fd4d,Oposant-te als teus propis col·legues.,,3,0,,,,Septentrional,ca,,northern,common_voice_26_ca,train.tsv,cv-corpus-26.0-2026-06-12/ca/clips/common_voice_ca_31035174.mp3
430858a4e8f1edf1598fb0ec994b619f37e78cbf576a431c639ed23645f21652933036cf45763d96115e25e5cca883fce7e324c03232d67b2afe9c1c9743cd41,common_voice_ca_33348034.mp3,c0a73424f7a07937109ea6cc923ef8a7251f8267c1fba7063e6059281c65f288,"A més, els seus versos van plens d’aquestes vivències.",,2,0,fifties,male_masculine,,Central,ca,,central,common_voice_26_ca,train.tsv,cv-corpus-26.0-2026-06-12/ca/clips/common_voice_ca_33348034.mp3
96a20fd33c05a6777e1611b65b12ac2ec2060662e68c003d533fc477dcef30aa29ea77ad76451009a68a8e932584152cf34aaaa76c5db2b8af871ede8fc0aa1c,common_voice_ca_37762068.mp3,7ef760304f74b66f900377779af4be8e695d41240d9db255346e3fbfa18d9355,El tràfic il·legal i l'ús indegut d'armes lleugeres continuaven causant moltes morts arreu del món.,,2,0,,,,Balear,ca,,balearic,common_voice_26_ca,train.tsv,cv-corpus-26.0-2026-06-12/ca/clips/common_voice_ca_37762068.mp3
2f5536ba6dc7d8e76ec8a5246235aed684faac48f165350b5a44652704514d7aedca474fbba37786bd502025a29c98c100b326711bf109af66b555c3a916e020,common_voice_ca_36860193.mp3,5e493207aa8bdf4ef476927d7b725b4bdc1d838e883f5b8ea0ba2172d2440fcc,Aquells que s'oposaven a la protesta deien que les accions eren una vergonya per a tots els americans.,,2,0,fifties,female_feminine,,Central,ca,,central,common_voice_26_ca,train.tsv,cv-corpus-26.0-2026-06-12/ca/clips/common_voice_ca_36860193.mp3
4dafd3b98609177f1469270b4fa9646197ec854606af7afdf8d3f84f2af72c8f33a6e568e547e3039ee5dab2185aac4d318a5f416ec15a3bf40ec96bd92ef137,common_voice_ca_22067259.mp3,75f6249510e09b6cef1d21f7341d2dd34078bb4f0db366e51784844a9fce647b,Els sexistes violen el principi d'igualtat afavorint els interessos del seu propi sexe.,,3,0,teens,male_masculine,valencià,,ca,,valencian,common_voice_26_ca,train.tsv,cv-corpus-26.0-2026-06-12/ca/clips/common_voice_ca_22067259.mp3
c07ae48a08a381a5c50822f2ebc72fd886dd3e5577a9a1c01a917db713b97170dc29aca7c0537c4adce6b72df57da30fa0cce4c33657fb558f39fe9b1dabc4ca,common_voice_ca_33685619.mp3,2d96bdef76babd5c2802e6be620c4e2496eb774669c67e24c57ebbc77fdb6964,La conducta il·legal de les altres corporacions almenys sorgeix de l'associació diferencial.,,4,0,twenties,male_masculine,valencià,,ca,,valencian,common_voice_26_ca,train.tsv,cv-corpus-26.0-2026-06-12/ca/clips/common_voice_ca_33685619.mp3
e872f5a39f4b84ca6cff1a2dce04ad602d3e81555998acdc482540ce21c855eb8f2a1d2c0b9c0bc95b73969a7114917b9f811353606d1da6923e710960a8aa30,common_voice_ca_31047199.mp3,ded318d702f9843979037a519e1edacc29ce8bf32454df8d8f0dcf9eb91a7958,Consideraven molts conceptes i interpretacions dominants com a màscares de realitats més profundes.,,3,0,sixties,male_masculine,,Central,ca,,central,common_voice_26_ca,train.tsv,cv-corpus-26.0-2026-06-12/ca/clips/common_voice_ca_31047199.mp3
8de170a9e19406656db4500be58eee1826d78b036fcc3c4da3f7fe17bcd8e528b7750e28fe1527b8752b41b25e3910e4b7469ab3c9572e1a69d670d0e9e7a252,common_voice_ca_38687313.mp3,be9b44148444138a0146a5fb7416149fe1e4cbdf1e53ca4036619b6a3133fe6c,Quedar-se per penyora.,,2,0,fifties,male_masculine,valencià,Valencià meridional,ca,,valencian,common_voice_26_ca,train.tsv,cv-corpus-26.0-2026-06-12/ca/clips/common_voice_ca_38687313.mp3
acd5b51bfbbfc3f51a532af01991b0ddf31fa9fc4c2de146d6e73eb4b067f53ecde2cc35b5d1f0033c5b04da6182dc4f73cb216445ebb124d35b2393e10cddde,common_voice_ca_30745317.mp3,7380e74cd30cd6ee95625f28a80844449e6a7c269634d7733419534a4bb297bc,La seva contribució durant la temporada va ser de vuit partits.,,4,0,,,,Balear,ca,,balearic,common_voice_26_ca,train.tsv,cv-corpus-26.0-2026-06-12/ca/clips/common_voice_ca_30745317.mp3
2e4b6ebc42a60a006db0a339074484b716b0e0fe48dd5f52069272f76078c7768681deaa5032174f803a0f5c4b39c789844963782088a703a6551903429038b9,common_voice_ca_30885548.mp3,a436b800b536db33a9b1f5e86abe29d3b76630e065a0cf2626cfd31514787165,La primera observació d'acció capil·lar gravada va ser feta per Leonardo da Vinci.,,3,0,fourties,male_masculine,,Central,ca,,central,common_voice_26_ca,train.tsv,cv-corpus-26.0-2026-06-12/ca/clips/common_voice_ca_30885548.mp3
79987c7514fcc2f5b17ad6b3a8871db730610523adefe535099ba0058a534fd3f405814202487ba7aa9c104ac571e837ef666eddf8b23f50bad1cff78693d514,common_voice_ca_37766385.mp3,7f78e12733a102f0a202fa03ff6dc00509d9bfbda41487c0567ed1036d51085c,L'objectiu és difondre els punts de vista i la cultura anglosaxona.,,2,0,,,,Septentrional,ca,,northern,common_voice_26_ca,train.tsv,cv-corpus-26.0-2026-06-12/ca/clips/common_voice_ca_37766385.mp3
85f920615366f0cf8a52ea6d4c7dd9127fdae1e57064be03ecd5656fb9cfe8ac9c60c3a7dc455b01e2fac2235c3287da74ec407cb77b48728af2d7f7f09011b4,common_voice_ca_30746701.mp3,7413591853fdaed0822f85ffc799b8e33b7ffda8dca8057c7da2123e49a59a67,"Com a conseqüència, no hi ha cap recepta ""oficial"".",,12,0,,,Tortosí|Ebrenc,,ca,,northwestern,common_voice_26_ca,train.tsv,cv-corpus-26.0-2026-06-12/ca/clips/common_voice_ca_30746701.mp3
192605a422f9a6a7a7b42e427762c03269ed05251f0822cf81abd18291f6212098aabe6344a5003f2c9d413e717489fd6a47964060d6b9761839eff8c3dc4863,common_voice_ca_36503449.mp3,55019668cbd130137d7d69391765a204fe8227f868c88e1e6079764d09f7c8ab,"Va ser tanmateix bandejat d'aquesta lliga per haver, sembla, perdut un partit deliberadament.",,2,0,sixties,male_masculine,,Nord-Occidental,ca,,northwestern,common_voice_26_ca,train.tsv,cv-corpus-26.0-2026-06-12/ca/clips/common_voice_ca_36503449.mp3
be5e09666c575354a91b884004f953daf5712f98700feacb5dc516c006f2956b3400fc7c33aaca7d3ae43d0c787911b565ef4100d2f29e2e387bfb6a6a653848,common_voice_ca_17696526.mp3,dc568874618ad6961a082830e83af56048f4b55c691f6ea51cac07049d866683,Els preceptes continguts en aquesta ordenança seran d'aplicació en tot el terme municipal de Fontanilles.,,3,0,fifties,male_masculine,,Nord-Occidental,ca,,northwestern,common_voice_26_ca,train.tsv,cv-corpus-26.0-2026-06-12/ca/clips/common_voice_ca_17696526.mp3
b5419f6ea89dc32431a7671df1ebf934647bba5b27db54235fb1e47d691b70c3160bf8019653d5faad616b169adfea5d8e7077e9820d9294144354133d45ee16,common_voice_ca_19124997.mp3,f7d7aa0e2ad3aafc2089331f5ea18a8930ce3acb10956068212dac6242d8f20a,"El criat i l'amic, ni pobre ni ric.",,3,0,twenties,male_masculine,valencià,,ca,,valencian,common_voice_26_ca,train.tsv,cv-corpus-26.0-2026-06-12/ca/clips/common_voice_ca_19124997.mp3
7cd26b91a7d186e02ce9f93f0d3853cde57eb78b3590bdbf07b4ecc31d0e8470431f85a11c77db96a59b133cc01c7d554bee294cfb27bf753760268a84a31c66,common_voice_ca_36827389.mp3,5caf1ce21640f4d2202d2aca0e8794735fa751203a71d85c9a24bd2ad1acbe87,"Els pilots quedaren impressionats davant de la maniobrabilitat de l'avió, gràcies al seu disseny triplà.",,2,0,,,Tortosí,,ca,,northwestern,common_voice_26_ca,train.tsv,cv-corpus-26.0-2026-06-12/ca/clips/common_voice_ca_36827389.mp3
a9916e1baed2c9fe37a8dd970da6cccb0504d3bf3968c8332606f80903efe1fdfc3eb4d9ab712b0ddaaa324270efcd4852894b0c055c56fba3b6d3b8aef3a84f,common_voice_ca_38675119.mp3,5271bc9178b9ffc23269a0bcc45beacdb1acaf2c33bab112a05324a85976b5ea,Però el cuc de la gelosia també foradava el meu interior...,,2,0,,,valencià,Valencià central,ca,,valencian,common_voice_26_ca,train.tsv,cv-corpus-26.0-2026-06-12/ca/clips/common_voice_ca_38675119.mp3
ea9d1d3725dbca61f5cfc9e78b3a0ba898b6d188bebe4ba379ed42add0958cf59ffe1a2b73e2e2f9085b1d232036a97422e46b6b19fa90b7609a9a64e218748a,common_voice_ca_43519885.mp3,eb0dc4149c40e61e77788320ba0c9c4aae7a512bca5ab0b252f79d7b3bda9636,Va tocar sovint a quatre mans amb Britten.,,3,0,thirties,,central|Garrotxi,Central,ca,,central,common_voice_26_ca,train.tsv,cv-corpus-26.0-2026-06-12/ca/clips/common_voice_ca_43519885.mp3
387cf4c29985846677a2812fd0c226eac7dd965685e38bc35cfd62e476526e0cef749cb81acf4556da2cea03ae5b447f2cb363d59b5c666257e0ee1ecdbac84a,common_voice_ca_30841879.mp3,9555ada4b370d65c46792db617554d3dbc9b74b798fc2c72f2e056ddce5d7770,Com puc anar al carrer de Rubió i Lluch número cinquanta-u?,,2,1,thirties,male_masculine,,Nord-Occidental,ca,,northwestern,common_voice_26_ca,train.tsv,cv-corpus-26.0-2026-06-12/ca/clips/common_voice_ca_30841879.mp3
444f0f5422d6d8df65a071c2737181a0110368ac69baff0b6e879d5b24c6893399d79e81817299d2ab941cc5c6fa0ce0b39852ddf355f8c3546adf054a739c97,common_voice_ca_33740156.mp3,2e64cc7471ad37d0df4d8acbd8c822ce778e91dc1bfa5b8241dd322f1bae27c1,Massa somriures poden ser vistos com un signe de superficialitat o deshonestedat.,,2,0,,,,Septentrional,ca,,northern,common_voice_26_ca,train.tsv,cv-corpus-26.0-2026-06-12/ca/clips/common_voice_ca_33740156.mp3
77cd12af0a3d1d8cb64dd577bd2d50ac057d816694e8bc04089a6adb90e53ad6cbe9fe6aaf52596450e0c8178d8f9b88a545b27adcbc89bddf4d7c4bc4dd31fd,common_voice_ca_33048804.mp3,37f6103d64f7df28bdfa84ed4fbb452d806c6485ca8f6e2e92c2c7ac1db8dd63,"Resumint, es recomana que es creïn usuaris, però no és necessari, si no vols.",,4,0,fourties,male_masculine,mallorquí|Inca,Balear,ca,,balearic,common_voice_26_ca,train.tsv,cv-corpus-26.0-2026-06-12/ca/clips/common_voice_ca_33048804.mp3
c8bdd35efab331ce8fa9437c57b1768007db3cc093faf0da5f6a3e4b89cdc1690203dbe29207dd2b7fce62eda7a1746720cc01f757550657ad82eca1d714011f,common_voice_ca_28689998.mp3,5b2931b3c9929c6b741cbacad999218d50e79c26f104be7ba2fbeaba16a5b13a,"Així doncs, vaig tornar ple de tristesa al regne del meu pare.",,3,0,twenties,male_masculine,valencià,,ca,,valencian,common_voice_26_ca,train.tsv,cv-corpus-26.0-2026-06-12/ca/clips/common_voice_ca_28689998.mp3
c1127909ae303e740378497a8e3f1ce7b2918c98222f2cabf71281a3972f8cf74ca2067273ec3d8292db734b3f7fd482dbceb404510eac5fa6c4bdd08d1ca01b,common_voice_ca_31281787.mp3,021ecccdda38da7b534251356d6a724eb03c3749cc5848b9e533129f5b731a59,"Vernier era de Sens, on el seu pare treballava d'advocat.",,2,0,thirties,female_feminine,,Nord-Occidental,ca,,northwestern,common_voice_26_ca,train.tsv,cv-corpus-26.0-2026-06-12/ca/clips/common_voice_ca_31281787.mp3
295c26c6a1db0cfe0d7a41bd219c40e9f54b4f333cc6d4acf6b4002d2c01dbc7c22c96d15f991208f28fc374d1fa20f63cf42a9a6eba5da076a4242e7acbe95e,common_voice_ca_40611971.mp3,040f4e94c2f192a16b552cd8bd4e9fa22d908e618989174ebc3320b570ed43ac,Van ser ells els impulsors de la Crida?,,2,0,fourties,female_feminine,,Septentrional,ca,,northern,common_voice_26_ca,train.tsv,cv-corpus-26.0-2026-06-12/ca/clips/common_voice_ca_40611971.mp3
bc450ff9773492a99905edac03149ee62d3d1ce17e5a097c91f597f90a8f955ff69e7db4e77207fb3d471b18844b2f74524077fff27cbb27123a45e7a024731d,common_voice_ca_37577739.mp3,02a4956d3bf2eeff3f00b8004dbfa38a25985c243ce48c389f5a0d2320b16e31,Accés al dret de sufragi dels ciutadans i les ciutadanes sense passaport espanyol.,,2,0,,,valencià,,ca,,valencian,common_voice_26_ca,train.tsv,cv-corpus-26.0-2026-06-12/ca/clips/common_voice_ca_37577739.mp3
69c2af9c5c4e925b32506edc6b7a9e1369ffa57c18169120ecb67c6a832d0f3562aa26e322a3333c5210006768051688a47f27e78986c32cd6d5104bee2ca6a8,common_voice_ca_20822873.mp3,387ccf54ea3779e3cbea7137530894fbb69b4d40a61e76983107e72a36dbadc3,Més tard es va traslladar a Varsòvia.,,3,0,thirties,female_feminine,,Central,ca,,central,common_voice_26_ca,train.tsv,cv-corpus-26.0-2026-06-12/ca/clips/common_voice_ca_20822873.mp3
862539a33ebcdd7b133410e28f64a12a0b90a61da84f6b18fed21e9001f4ed7dbd0c7092551ea36179a88a663b56853a68b83051adc439981cee6933b5fa115c,common_voice_ca_23888866.mp3,bcd928e0661ccc4c929b1afc1a7b747accc65beba18e52fb401bd88b15144eca,"D’entre les llindes amb inscripcions, podem destacar-ne algunes.",,2,0,twenties,female_feminine,valencià,,ca,,valencian,common_voice_26_ca,train.tsv,cv-corpus-26.0-2026-06-12/ca/clips/common_voice_ca_23888866.mp3
b8b3c0302ed09f3174af41a3699d6719c5150f1583d6d7e26a3302a45a98f116b6ee1212c5503cd5b15a870ec2bc63bf8ada70471de09ec70424411e7cc8c072,common_voice_ca_30844097.mp3,95a986a3ecf5c988390a925c08d14c2f93df09c7f434a489ffce2764de0dcd95,"Faubert va néixer a Scarborough, Ontàrio.",,3,1,,,,Central,ca,,central,common_voice_26_ca,train.tsv,cv-corpus-26.0-2026-06-12/ca/clips/common_voice_ca_30844097.mp3
79dab57f773e28ed929f09aa000de735875cf37cdd8809dbd9e4cdb4474d03c81bc625a7d33d6b5f38f787fd077f0faac4b9c1cedb4541a7f3bc3de86ec99d48,common_voice_ca_31316057.mp3,06b0b040147bf5e05d198db7b7be6fbd5ce26c807294b6fe69ee4a7651640d85,L'existència m'ha obert totes les seves portes.,,3,0,,,,Central,ca,,central,common_voice_26_ca,train.tsv,cv-corpus-26.0-2026-06-12/ca/clips/common_voice_ca_31316057.mp3
a1785c3451e197b8d09e31c523e0a679737e8c5039a7a6bd637d866701728c491488bbbe8bd91ce5c2fd94ef0e49ebd88042599487b771d5ccc9cd2db5239119,common_voice_ca_27165501.mp3,3da332750e273966d54b7024b7ed653bcb3c499bb46fda8006d28b94347a4386,Aquests episodis van implicar conèixer i combatre l'espècie d'intel·ligència artificial Replicator.,,3,0,thirties,male_masculine,valencià,Valencià meridional,ca,,valencian,common_voice_26_ca,train.tsv,cv-corpus-26.0-2026-06-12/ca/clips/common_voice_ca_27165501.mp3
6ca0bfdd26a8eff504600a9e7309600a25e24976ecd3263fa237255c9715fcbce40a575ea0c98f7e230a9e9c2f57c066d7be8cbd9d75f75d118cbd298cd91e9a,common_voice_ca_38061290.mp3,96895318fa09d6365b3ae3ff80d28c8acf233031b75dc2988dd52b3d2a8ee3be,És per això que l'hidrogen es escapa d'una atmosfera amb més facilitat que el diòxid de carboni.,,4,2,,,"nord-occidental|Lleida, el Segrià ",Nord-Occidental,ca,,northwestern,common_voice_26_ca,train.tsv,cv-corpus-26.0-2026-06-12/ca/clips/common_voice_ca_38061290.mp3
7782ea0548fc2a3e3b4a74ea15b4d70f7187654670abfaf2a294e60ec8801d0c7e99205f73220eb9f6f87883de6d94bb3fb93b006d52378096a0a9da91b98608,common_voice_ca_23977793.mp3,c6b3cfe71e405ede9bbd3935ed77d317023d31ab174bcf063c9c650fad7ea6f2,El material de construcció és pobre.,,3,0,,,,Central,ca,,central,common_voice_26_ca,train.tsv,cv-corpus-26.0-2026-06-12/ca/clips/common_voice_ca_23977793.mp3
533f6b5389c76afae3341f9804195543282d28fb503afd0d810e3f0bb4267ddf5e0c30489003844067f811ce46e1900804c7c2368c3737463b00fc54ed179edc,common_voice_ca_19826375.mp3,0e810d91285c2b5fcd93faf57e427535ae5c11b1b88e7ffd7335204f243a0df4,Tot indica que es troba en estat de ruïna.,,4,1,thirties,male_masculine,,Nord-Occidental,ca,,northwestern,common_voice_26_ca,train.tsv,cv-corpus-26.0-2026-06-12/ca/clips/common_voice_ca_19826375.mp3
6bc377b7e95c94a750885fb3982cc69b4e98b35af5a224932eaba44c89dd9cc1a219024b20932dd28b92a27900a8e20a7469d132dde3bda9a1d71055c39aee27,common_voice_ca_30882804.mp3,a386e197cdec4bb17ceec30c47ed4243b09f6644f4460bb6cbad5c9cbd739192,"Això es feia mitjançant ""k'ex"", que és un intercanvi o substitució d'alguna cosa.",,2,0,,,,Septentrional,ca,,northern,common_voice_26_ca,train.tsv,cv-corpus-26.0-2026-06-12/ca/clips/common_voice_ca_30882804.mp3
3b3eec2fed788713caab6247d96e96d8a56eecfbe1d1a91909e6d121e9597bd3f9fa7100e97761e61d9cfe210de1ad6edd1ba05808cb834f568007f7d0cb8e0d,common_voice_ca_36893303.mp3,607c60f4681cca98e116fb009a45af81311eade47f32966750c370ac5f2035c2,Aquest moviment de Samantha Tommy t'està costant una fortuna.,,2,0,,,,Nord-Occidental,ca,,northwestern,common_voice_26_ca,train.tsv,cv-corpus-26.0-2026-06-12/ca/clips/common_voice_ca_36893303.mp3
e7e48b7cf195e517e6a62aa81ba4a79916852fc39fbcbcd8862c3fc81872818f2f1512c173e0c2679e04689d9847ce515c1c2f7309984b5035694d2f731c9020,common_voice_ca_31086380.mp3,e8406ae45615562b726fb868d1752a232481eb46a0010aeffdd23540b8258e46,També destaca la curvatura de la coberta i el seu ràfec.,,3,0,,,,Septentrional,ca,,northern,common_voice_26_ca,train.tsv,cv-corpus-26.0-2026-06-12/ca/clips/common_voice_ca_31086380.mp3
8d4ebe5871fbf473937299da1a3e33d61ab35d13cf8cb060a09ecce39e19af69fb5944c96eee1d7e9573960c3c928a16e1395ef8e364e5d27cdf59d294760797,common_voice_ca_30997599.mp3,cf7eec13850985aca6174a660e09cb1234171d8033be43f6c7b00107f7f608bc,Quatre persones fan servir instruments musicals.,,3,0,,,,Central,ca,,central,common_voice_26_ca,train.tsv,cv-corpus-26.0-2026-06-12/ca/clips/common_voice_ca_30997599.mp3
ddf1db61a8a379c496af7bbc192be2eb6a8690c37028eb8714f3a5481ccec9f85069f4a06175e71c45a7cb530617d790c1b797555fd6a30018484f27ed991095,common_voice_ca_37767583.mp3,7f7671dcb21e2893bf7b29657e9da3a1fe96969923acffbd238c60a53b567810,Al poble s'hi pot trobar l'església de Sant Jaume.,,2,0,,,,Septentrional,ca,,northern,common_voice_26_ca,train.tsv,cv-corpus-26.0-2026-06-12/ca/clips/common_voice_ca_37767583.mp3
eb6387e8db6ff606efa8ac803e1a0dc6f4e21160f5498f71bf11758d7938e9dbcc4be485be5b5b9159b79bd563d18f2e2fa0838f80980993279616a52abb525b,common_voice_ca_38748356.mp3,c14416d032b5617622c1e52749505d003a364dd680cb6deae67c0a7b700270cd,Es tracta d'un grup de mamífers marins carnívors molt divers i d'àmplia distribució geogràfica.,,4,0,thirties,female_feminine,castellonenc,Valencià septentrional,ca,,valencian,common_voice_26_ca,train.tsv,cv-corpus-26.0-2026-06-12/ca/clips/common_voice_ca_38748356.mp3
aa4689503c067e173ada9bfd0ce918fc240da99caf2be73a130a98a9b068e374c5673d84116d06981055cc9e4aec55fc01b1ad7c3e8b2d2ded2b22b856f4d192,common_voice_ca_37622457.mp3,77a5800c204b93703a3a87a3fbca0e6363f55e4e4f3bef769032eaac1e149dcc,L'artista va cometre una errada amb les fronteres entre el Perú i l'Equador.,,2,0,,,valencià,,ca,,valencian,common_voice_26_ca,train.tsv,cv-corpus-26.0-2026-06-12/ca/clips/common_voice_ca_37622457.mp3
c74a97b5a0226946aa095ac0d4fe27bb7ff0d52377a322de5c7eb5134ceb367bca33612c1fe1a30f4dd988735090b25101c3d223a9791111641f49fef4df8d43,common_voice_ca_31957826.mp3,54c95167d37fb7ea391c0684980cebfabb401d1c1e6aebf70df3796254b46d47,Per Sant Jordi en Cesc anirà a Almassora.,,3,1,,,,Balear,ca,,balearic,common_voice_26_ca,train.tsv,cv-corpus-26.0-2026-06-12/ca/clips/common_voice_ca_31957826.mp3
729ac774d26f520f8c985eaa2f4a4d610e7064dbbb4b6504c5304b1f1f6b94b21b19a0302e12f7a9bddc32765b82787bfab279fc90772394441780b6f689e2b9,common_voice_ca_31959723.mp3,5539f96300affcc53dbca8ee708449fdedebc4c80181f9fc073ecfb7abf3f193,El deu d'agost na Clara i na Jana aniran a la Vila Joiosa.,,2,0,,,,Central,ca,,central,common_voice_26_ca,train.tsv,cv-corpus-26.0-2026-06-12/ca/clips/common_voice_ca_31959723.mp3
c9b4625fa09ab1cc53d33d633b6add20ed66055e8d6527cc8656e34dcad1c51aea99df4f9238773fa43c51cca03399f337e322b40d8a53e26d79649c8f263fcd,common_voice_ca_30798142.mp3,864a0c67f3db140bd56e7b598e3cff25e9f41fd7d28b8cac525db152165804f1,Raper va salvar la seva caixa de pintures.,,2,0,,,,Central,ca,,central,common_voice_26_ca,train.tsv,cv-corpus-26.0-2026-06-12/ca/clips/common_voice_ca_30798142.mp3
30f6a9704c99493898ff346ecd7e689f1187e0f98a450384fad5c883e20d059584a1b3af8239cd9716f55f925ba3a235bc173ddb1bdc6ae7c77f8cd2d71bd8ce,common_voice_ca_41103944.mp3,c6533b0b0ae1fe7316983f273798f615bc59789b0feec43a0a069058063de6d7,Quina cosa no considera admissible?,,2,0,,,central,Central,ca,,central,common_voice_26_ca,train.tsv,cv-corpus-26.0-2026-06-12/ca/clips/common_voice_ca_41103944.mp3
9531e3a462dc71d76274def0ade1fc170c6e7be16b79a0067692807c6d2cd70d112ba24bbdfcccd9811cbc34b7a24cdde3bc1a54f2de9937b433bca19c9570e7,common_voice_ca_38052870.mp3,960a3598a582acddf36d9b8e82dd0e3ba6ee031a362fc41c49e75e84748d6cae,La capital és la ciutat de Grosseto.,,2,0,,,septentrional,Septentrional,ca,,northern,common_voice_26_ca,train.tsv,cv-corpus-26.0-2026-06-12/ca/clips/common_voice_ca_38052870.mp3
35a724bdfe9ca06b6552bc1ac54da0f15ef5f4032790149316ecf1c195c8501ef5ea1a23760a8e4ad4ee39d8c9f065f9a8af6886a3794d91e72acbac4344e627,common_voice_ca_31340415.mp3,0a265b877e19917110be94ca1e29b2b88886e6b429158d24160a62d8ca639a67,Cal donar-li la forma desitjada i posar-ho tot al forn.,,2,0,,,,Septentrional,ca,,northern,common_voice_26_ca,train.tsv,cv-corpus-26.0-2026-06-12/ca/clips/common_voice_ca_31340415.mp3
3e25c487e49b73048e3e0e2789fa48c40860bcc11806e742da5a49dcb2e3e6a9abd69604dc773a51a8156c00f5ca56563f1cbe0a0bad6f15fbcbdae7731df5e8,common_voice_ca_37758315.mp3,7ec00fb01e35770a56d0e7d3370f9b5ffc2a2eed7a8bb1ef34d82893132b22d0,El deu d'agost en Mirt i en Jofre van a la Granada.,,2,1,,,valencià,,ca,,valencian,common_voice_26_ca,train.tsv,cv-corpus-26.0-2026-06-12/ca/clips/common_voice_ca_37758315.mp3
45e8b22a57ebabca15b2f26029334e8aa7238bb53750ee7acfed631e737015b099e15f718e27f74d082c5f51867d3fd4b097e9ee8092a7177e8e88dd0411617e,common_voice_ca_30979167.mp3,c8dbff092599342bdef03529999288d364571b4c0d641865e5dfc6fe1b1a27d4,La cançó va ser inclosa per The Reign of Kindo en el seu àlbum de debut homònim.,,2,1,,,,Septentrional,ca,,northern,common_voice_26_ca,train.tsv,cv-corpus-26.0-2026-06-12/ca/clips/common_voice_ca_30979167.mp3
e37215bdb0c49eca39f2090f4195836247b2f48d02e68693956e9b34214682d5b6ee0d43b8213ad3f1b95df77e12fef2fd1743b84bb07d17e230e32e10993d04,common_voice_ca_37636927.mp3,79334db968fa701f02e6bf86eae37320b4464e04893432f228b4bf8db7639990,"El moviment perpetu, brillant, no s'atura fins al final.",,3,0,,,,Septentrional,ca,,northern,common_voice_26_ca,train.tsv,cv-corpus-26.0-2026-06-12/ca/clips/common_voice_ca_37636927.mp3
7d19e719dcd616293603080de330b15c87b728c659c3adee71fdc2b87e9e2ca7088aac468708df56b7ef0a5ec7534edcffd0e34b48a32ebd7eee9f106a77bcc3,common_voice_ca_21837212.mp3,6af9c4f982e6a1840e0ed28268648745f84fa0cf80388d62c67d5ec774ced77f,Són òrgans col·legiats per a donar informació o obtenir-ne.,,4,0,teens,male_masculine,,Central,ca,,central,common_voice_26_ca,train.tsv,cv-corpus-26.0-2026-06-12/ca/clips/common_voice_ca_21837212.mp3
303e23fee8a156aa9e8951e4b219dd0895130a4fc4134db2b2e4dc3b1702328082cfcaf4f3213ebd28b14f66c80448c26cf4c242063f18a7c482de111fd0ec5b,common_voice_ca_31127232.mp3,efa86bd3bf54bbb638bbe00214ab3497e39bee75dd188be52d85c476fdd114ce,"El Mètode Dalcroze consisteix de tres elements igualment importants: rítmica, solfeig i improvisació.",,4,0,fifties,male_masculine,valencià,,ca,,valencian,common_voice_26_ca,train.tsv,cv-corpus-26.0-2026-06-12/ca/clips/common_voice_ca_31127232.mp3
46f14091d04ccc9ef74d0d814c7a5902c67b5b88729b5c5d621d02a8d260822fb988b6520c5df4913daae67757a0b6331f69b52f935ab162efc58baf056a02e6,common_voice_ca_31145217.mp3,f2cfb19f40dd35d319a0d953eca89b392a5ae31f362d3dfe373f281d9f6699d6,A la discussió següent se suposa que la comprensió és positiva.,,3,0,twenties,female_feminine,,Septentrional,ca,,northern,common_voice_26_ca,train.tsv,cv-corpus-26.0-2026-06-12/ca/clips/common_voice_ca_31145217.mp3
77cd12af0a3d1d8cb64dd577bd2d50ac057d816694e8bc04089a6adb90e53ad6cbe9fe6aaf52596450e0c8178d8f9b88a545b27adcbc89bddf4d7c4bc4dd31fd,common_voice_ca_20495401.mp3,2ed423be14fbffcf9757988b5538fa646c645226f5fed3a6794ffad7ac529b2b,És un carrer que manté encara el seu primitiu regust medieval.,,6,0,thirties,male_masculine,mallorquí|Inca,Balear,ca,,balearic,common_voice_26_ca,train.tsv,cv-corpus-26.0-2026-06-12/ca/clips/common_voice_ca_20495401.mp3
8e722ded73031e261cb74373015022b361f54356a79590783369450eaa41bc4f1138aa519f362c33e4d5b4f795aae97c18e9bcb446360d4465a420862e27b4ea,common_voice_ca_31051213.mp3,e02839ae37bd76bc76de14604715ed4b056ed8b22bd7aab1db48fbc8fc91242d,"Ésser conseqüent amb les seves idees, amb si mateix.",,2,0,sixties,male_masculine,,Central,ca,,central,common_voice_26_ca,train.tsv,cv-corpus-26.0-2026-06-12/ca/clips/common_voice_ca_31051213.mp3
75a354c28ae167668d3ba6dfc83b1f9e59c0d1a1d29aeef1d28b28f598c047f4c03b07c480ee7862fd09759a8c3ece9009f90d29c7d20ea79b0c85e00b8b0960,common_voice_ca_37576881.mp3,fc54af2d16796b8670ea1be33ab6ae76ee6ad655336800f60b4b1b82aaa07b66,No tenir cara per a senyar-se.,,2,1,,,,Balear,ca,,balearic,common_voice_26_ca,train.tsv,cv-corpus-26.0-2026-06-12/ca/clips/common_voice_ca_37576881.mp3
4c907ac8ef063bb681d6787d2ec0511a7ed131ccecb62396725944889d00d9553bd7964b399f51360bebec005cbae92f3037fa191641654e1f491bb98a559166,common_voice_ca_33448116.mp3,ffbe47453d7b12680f02d4c6830b1dee8b4c828c922611342de0ec1f83d9ac5b,"Primer s’han dirigit al panòptic i, després, han sortit al pati interior.",,2,0,twenties,male_masculine,,Central,ca,,central,common_voice_26_ca,train.tsv,cv-corpus-26.0-2026-06-12/ca/clips/common_voice_ca_33448116.mp3
a09a1709ed3279507d8c60974d076caad52fb7794bb536f145fe14442c29317c1688e1aa0090ca8a613f04318ce663c8d99a962920d60bcfc7b4f912dbdc9847,common_voice_ca_31302795.mp3,04d315d1865ee07689046e98e53dcc59e089922409586e5bd527ea78dd82692a,Daniel Armora és un futbolista nascut a Barcelona.,,2,0,fourties,male_masculine,,Central,ca,,central,common_voice_26_ca,train.tsv,cv-corpus-26.0-2026-06-12/ca/clips/common_voice_ca_31302795.mp3
6ce00893a833a23002c74168368d73320c5a98e22518a8a7b88b2b66ff2b274e8bb39eac6e4e86786a63d350667c461b5b5c5ebd814bdea8edf74bab3624f53d,common_voice_ca_30751883.mp3,75d04ec30f98f08bf3b96df9cd6240c5db70899ed7e4a815e8b14be8a860be17,"El nom és Guerau: ge, u, e, erra, a, u.",,3,0,,,,Nord-Occidental,ca,,northwestern,common_voice_26_ca,train.tsv,cv-corpus-26.0-2026-06-12/ca/clips/common_voice_ca_30751883.mp3
96c4d1dc872b9e5b1fc500686bbd73f6348b56ecca9fb7d942c11447ee468ee226fde504251282725d99a732f7d082aa45c43726ba68e31bbc85a881b0af48c1,common_voice_ca_30969689.mp3,c54b05df5b0973bb45aa029e3b7351746535207e2364eada741753821674242c,Els plans originals de Lawrence eren ser higienista dental.,,2,0,,,,Septentrional,ca,,northern,common_voice_26_ca,train.tsv,cv-corpus-26.0-2026-06-12/ca/clips/common_voice_ca_30969689.mp3
c47358e0d40032af19f3989d668c715a7750977cc769bbcdd29833f98e929ebcd907e1956ed3d095297cbf582141dc2cd29b57e49baedbf0447bc9c9f5d85e5f,common_voice_ca_37940619.mp3,8e04dee033dd7bae62bda265949a3e9ba182e400973182407283819d7a80dc30,Com puc arribar a Ivars d'Urgell amb trasport públic?,,2,0,,,valencià,,ca,,valencian,common_voice_26_ca,train.tsv,cv-corpus-26.0-2026-06-12/ca/clips/common_voice_ca_37940619.mp3
42943c490a897b062780ac1100d92ecaf320b7008f53ec470febf0487ad33c9882424e81550dff43edfff424a0562ec80f93cbb5d2e347eafe930985c56e31fd,common_voice_ca_38249673.mp3,a42dec861fed9baecb68af054e0d22a6a2e7a66206858fd5c6bceb40f60f56fa,És una qüestió de democràcia.,,2,0,,,balear,Balear,ca,,balearic,common_voice_26_ca,train.tsv,cv-corpus-26.0-2026-06-12/ca/clips/common_voice_ca_38249673.mp3
a2b503bc78bd0b68fcdc3e3b68e3c68cf3da8d2d48d91f09313c7cdc11b43dd4d4de3a8a2c4b526809adf9879427c4818db72cffdbc2f0015a9fa5ade83bd400,common_voice_ca_25958850.mp3,2d6518fc443e37194b5204b009bf66ed3daea49cdfc7a6546a342e600278ca08,Ritchie també va estar actiu en altres esports.,,2,0,thirties,male_masculine,valencià,,ca,,valencian,common_voice_26_ca,train.tsv,cv-corpus-26.0-2026-06-12/ca/clips/common_voice_ca_25958850.mp3
be0a2cf6b9cb520177ba3deed94f1a469b3f2f8b625cbbc8c98cd9cf43a60d989f314e18a25cb6aac7e9d944204ec6e1dd99c3caa671018efbe2a204f6b08501,common_voice_ca_38246402.mp3,a3da86527f96e6807346b7e8a9cdff6a5f130da0710e67c6e7496cc3b4a95588,"L'alcohol és el ""chínguere"" a tot Mèxic.",,2,1,,,Palma,Balear,ca,,balearic,common_voice_26_ca,train.tsv,cv-corpus-26.0-2026-06-12/ca/clips/common_voice_ca_38246402.mp3
82595dac2a0e737a2a5a6e5bc0e80975c4d512eb81cdee87b274816eb03db0e05dbd57786bd3e6e01f8947e4382062e906577abdc2c33749bdb1f619cdd8f32a,common_voice_ca_38318724.mp3,a9649abfd370f11c7f93fd7210e5877fd8007b741151f6d570f7a24b1c8fc576,És la capital del comtat homònim.,,2,0,,,valencià,Valencià septentrional,ca,,valencian,common_voice_26_ca,train.tsv,cv-corpus-26.0-2026-06-12/ca/clips/common_voice_ca_38318724.mp3
5e19fb22705cc43f5bec307c7c85ebe5e436379074f119e2ca86c6718949cbb53beefcfc70bb350675c40155c0b5673d4d68966330c9516029e96d5b77d78e3c,common_voice_ca_33834889.mp3,306010198696516352969d6015f09c18789e8005a80fddbcc27e52d5f053b5b5,Els passeigs en vaixell a la presa de Kesses són molt populars entre els estudiants.,,2,1,twenties,female_feminine,,Balear,ca,,balearic,common_voice_26_ca,train.tsv,cv-corpus-26.0-2026-06-12/ca/clips/common_voice_ca_33834889.mp3
40075ea7c6e458a19c0c6b8de4bdcc3ec31df4ef3ace231161f19114ca5232a6b505056ac237f8c58275b2e5b539014b86189b1d7cb757b5ff6d7fe3cbcc2506,common_voice_ca_37601889.mp3,5643e0810418676a3955f69d271626c4e73c49a03fab56a3bffa7e8facedbfcd,El que agrada a en Pere no agrada a en Bernat.,,2,0,,,,Septentrional,ca,,northern,common_voice_26_ca,train.tsv,cv-corpus-26.0-2026-06-12/ca/clips/common_voice_ca_37601889.mp3
55b1e64a104e0cbb175c4145e465b61a9bdbadf6c0464a03ebfb6a1e83f15d1c9f954972a6fd5a237f770109a41d48b863d282e92af635e73a27d517583cb75b,common_voice_ca_30883534.mp3,6e112193546d1570c7bef62b8db2a4570d945de58de957cb39d67efe6eb80af2,Ací fineix el pamflet on el poeta explicà l'ésser i efectes del pet.,,4,0,,,Tortosí,,ca,,northwestern,common_voice_26_ca,train.tsv,cv-corpus-26.0-2026-06-12/ca/clips/common_voice_ca_30883534.mp3
cd6286f379b071fb084f15c02771115ad2a4a5a12e5d75f2c2d447722198e60667a5bae96b02d7bcbebce9e03e0b1fd07da5cbbc0adb564845d4b085e6fd6e01,common_voice_ca_35016746.mp3,3f5e26bd7b2fdd616d20a26c30e1de1f8408d4df5b49b7916ca5d8a9ccadec31,Una gimnasta es mou amb flexibilitat.,,2,0,,,,Balear,ca,,balearic,common_voice_26_ca,train.tsv,cv-corpus-26.0-2026-06-12/ca/clips/common_voice_ca_35016746.mp3
b8b3c0302ed09f3174af41a3699d6719c5150f1583d6d7e26a3302a45a98f116b6ee1212c5503cd5b15a870ec2bc63bf8ada70471de09ec70424411e7cc8c072,common_voice_ca_30844098.mp3,95936a784074d6bf14235fde9ca5640d4cab2196cb346204c378bd4a6e96608a,Necessito un bitllet de tren per anar a Avinyó el vint-i-tres de maig.,,2,0,,,,Central,ca,,central,common_voice_26_ca,train.tsv,cv-corpus-26.0-2026-06-12/ca/clips/common_voice_ca_30844098.mp3
237f961c861bea7ce402a9a38a855cac72af9924e653dcb7cd8cfad1ef6b7c09cad23f0d54f1c5694944496e66b0ebca4d7ebb8ee6abe0b6e08e377af122e34e,common_voice_ca_37611783.mp3,6f0ed791b7ded4c5b2247ebbb2f586f61419316d4962e935345ec251b344081f,El fris està dividit per una profunda esquerda de la roca.,,2,0,,,,Nord-Occidental,ca,,northwestern,common_voice_26_ca,train.tsv,cv-corpus-26.0-2026-06-12/ca/clips/common_voice_ca_37611783.mp3
459688455ad5a81f0f4619a61b3eb4a0bed7d2cfc61ab7e378d63c8330a965df0b107202edac7bad64b8e3f60364928d7ddc345b929410d7f243953f0ff6b4a9,common_voice_ca_31388808.mp3,133f778fa9dcc0557a14109fdbbc5b3a5edcac71b193cc0777e9b04f96373354,"Les erupcions són tan violentes que, en diverses ocasions, s'han confós amb explosions de supernova.",,4,0,,,balear,Balear,ca,,balearic,common_voice_26_ca,train.tsv,cv-corpus-26.0-2026-06-12/ca/clips/common_voice_ca_31388808.mp3
eba6a7c046f237cd813519509049d06fc89a4adfa78315220c39b6a4268583532cc7688eb0c2d55720cac043a6bea69aa58b391f3ee9c617df2659bb248c6c86,common_voice_ca_31343127.mp3,0ae4671bd252f2ac022453120db4c9ce1a728ba13f3f4ba2532e4d4d34bf3be7,Jo mantinc que això no és veritat.,,3,0,sixties,female_feminine,,Central,ca,,central,common_voice_26_ca,train.tsv,cv-corpus-26.0-2026-06-12/ca/clips/common_voice_ca_31343127.mp3
70caf79a6b1b8ff3a11969638d9b352df26e20d5e5ce26e7d7fe0dc18e18fa99fa15b180d8b510e4d6ff869eb529226d58eec649467817723bcac344c8059ee4,common_voice_ca_30763026.mp3,7971b77cddb7b6b5076d1451102d3442003be256ca12c660bafcb51f7e5d3f77,"El meu pare es diu Ibrahima Somoza: essa, o, ema, o, zeta, a.",,2,0,fifties,female_feminine,,Balear,ca,,balearic,common_voice_26_ca,train.tsv,cv-corpus-26.0-2026-06-12/ca/clips/common_voice_ca_30763026.mp3
ce2f6426c281a5efc81454bc765a9132416052477f5c1aca99e3d27fbc14994827164a1b714121e97c78ca058a1f1c30f59ff29d72ef0a00b9bcd51b7469bc17,common_voice_ca_31298300.mp3,03ffcf95ec3d088711a3b44dd1bc8a11c4cfce6d90243cd9e7c0df94826f67eb,"Déu meu, però què t'hem fet?",,2,0,,,,Nord-Occidental,ca,,northwestern,common_voice_26_ca,train.tsv,cv-corpus-26.0-2026-06-12/ca/clips/common_voice_ca_31298300.mp3
e1342a862238bf4a6682fd05e40bd4dd9bcc56081a99abcd02dfc102489a7b464f5ae0e9354c1645feabfc05435b3c2b43804ede89bd255cf61c8b86234203f1,common_voice_ca_33691870.mp3,2dabfdcebc5c2160ff1d8cc2e316a99760a289a2ff0e63b254d792a32c4f2063,Diumenge na Joana vol anar al metge.,,6,0,fourties,female_feminine,mallorquí|Palma,Balear,ca,,balearic,common_voice_26_ca,train.tsv,cv-corpus-26.0-2026-06-12/ca/clips/common_voice_ca_33691870.mp3
af64f34eddd296fdfbaaa3cade7ae26f8931bc9eaa45dfa968f2968c978e2fbb89fbad45fc75e523adb78605caa27781df66fc4b570c337ed3753b1d24c53f59,common_voice_ca_19894431.mp3,103a48b5ddd7928494b00d8a37593adde380ec717ae316920e8ca1d4e776c089,La coberta és a tres vessants i de teula àrab.,,4,2,fifties,female_feminine,,Central,ca,,central,common_voice_26_ca,train.tsv,cv-corpus-26.0-2026-06-12/ca/clips/common_voice_ca_19894431.mp3
98ea0f2756db65292f2e21b88a18a0ddb28febe3979509a4be61bbc9a2be55054c73090ec67c081e1f54a5d188d4b5e4f102f607af7238a17d501cc6d2c28024,common_voice_ca_32140524.mp3,82b9580fbb7c73471a6f6132fda6f4d12ca76286d36bc38f6fdd0d9002825591,Dimecres na Fiona va a Torres de Segre.,,3,0,fifties,male_masculine,,Balear,ca,,balearic,common_voice_26_ca,train.tsv,cv-corpus-26.0-2026-06-12/ca/clips/common_voice_ca_32140524.mp3
82595dac2a0e737a2a5a6e5bc0e80975c4d512eb81cdee87b274816eb03db0e05dbd57786bd3e6e01f8947e4382062e906577abdc2c33749bdb1f619cdd8f32a,common_voice_ca_38318726.mp3,a974c975ef7d5182d7daf6c62b3a3eb48d8575a0f2ab21ce64cf264e78452573,Més pesat que les maces de Fraga.,,2,1,,,valencià,Valencià septentrional,ca,,valencian,common_voice_26_ca,train.tsv,cv-corpus-26.0-2026-06-12/ca/clips/common_voice_ca_38318726.mp3
23679a8a0a672b2cd1859f5c8634463964b1245ccdd4882f2c7b50d4fcbcec324de1406968d9852f443c2d36b382e8af414e7e10301568e2dc698659357abf87,common_voice_ca_40480249.mp3,e783e3a60b78b64c3b0fa8db7aa9e90aa3d23408e378aa8afe9211622253d3fe,Queden a l’espera del muntatge les tres mil vuit-cents que il·luminaran la zona sud.,,4,0,fifties,male_masculine,valencià,Valencià central,ca,,valencian,common_voice_26_ca,train.tsv,cv-corpus-26.0-2026-06-12/ca/clips/common_voice_ca_40480249.mp3
25fd6b4ee846c6175a4b9aca430ea9c027648c5208c19e58af6219626b6e73418c62cb5ad9fb418620b0ee37b5c9cfb8219a8273cacbebb46009165848567757,common_voice_ca_32275291.mp3,b4b8d101f12f4a239c68aa12cc3b70347d8fe642384d423bfaa551da7a3b802d,Surt a les nou de la nit per Roma.,,4,0,sixties,male_masculine,,Central,ca,,central,common_voice_26_ca,train.tsv,cv-corpus-26.0-2026-06-12/ca/clips/common_voice_ca_32275291.mp3
96211c1c0403461f8683b949d77e542522915fac18da3f719cac351f9bcd8e541236f253c081b6e26d312d4c16bf72a398b39cb4685d60df419cfa4846cd3dd2,common_voice_ca_30819710.mp3,8cf3219ae11523187b0ca7225a9a1472e82637bcb6865bf5f1f7b3b6f9e52b27,S'informa que l'acord és de tres anys.,,3,0,,,,Balear,ca,,balearic,common_voice_26_ca,train.tsv,cv-corpus-26.0-2026-06-12/ca/clips/common_voice_ca_30819710.mp3
2b7f00bec847a8eaf6799ce7852ccae8c23d55cfe4db8ab4629d4e55358c111fd5ad3e608f290f21782009adec78485dbc8ba9699d5c39385869d792f593e4ff,common_voice_ca_40866935.mp3,4442d42c55c27bc8817e86b4c43b60c9183b709e57fa28786acaa5b9693f6e62,Quin acord ha aprofitat per mencionar?,,4,0,fifties,female_feminine,central,Central,ca,,central,common_voice_26_ca,train.tsv,cv-corpus-26.0-2026-06-12/ca/clips/common_voice_ca_40866935.mp3
e0ad16d352572720e8e414af07c5165f19b9a98996db14157a31544f4429da864ab334246f39ca470d72302bb92c98e02cef923d00d1e891d39c6d6cd39bfdb2,common_voice_ca_32122093.mp3,7922e440a4ddf2f31f629e6b57d52c1ac789af9dfbdcaad93f46107893418bfc,El vint-i-nou de febrer na Bruna i na Clàudia van a Montbrió del Camp.,,3,0,,,,Balear,ca,,balearic,common_voice_26_ca,train.tsv,cv-corpus-26.0-2026-06-12/ca/clips/common_voice_ca_32122093.mp3
80d87c89983c43a699faffd0c037dc07f1c39029b96141109bdf8bae1f28653e1bee0a6a468b40e1b231280fc86c427061f0e391a4059db1424a2fa03a5d928d,common_voice_ca_40997809.mp3,9456408d7f02728383c2e8013567e9d3fcf8fb963f9951c24a7cd29b4dcd3710,Compra un bitllet de tren a Sevilla per diumenge.,,2,0,,,septentrional,Septentrional,ca,,northern,common_voice_26_ca,train.tsv,cv-corpus-26.0-2026-06-12/ca/clips/common_voice_ca_40997809.mp3
fc5d1045328111af178c163d82993cdb8ebe763bc773d6e5c4184721bfde4e2ae331ab658d8395403f714bb704aa6a47946839a93cf30a0ba989ee752329e295,common_voice_ca_37568734.mp3,f1faa5e63947f7b57e3e82c42c71c2d116b6eb28b30f850923ef3975c73cd8e6,Aquest estiu aniré a Arbeca,,2,0,,,,Balear,ca,,balearic,common_voice_26_ca,train.tsv,cv-corpus-26.0-2026-06-12/ca/clips/common_voice_ca_37568734.mp3
9066801d6ea9e4a7fb62b7b0a77e7d35a0c15420776e63356c290df33f1c5e005bd711a408a0443f0b5b08608488dd9934fbabe22b7d1948e3bdfc5f0e91e07c,common_voice_ca_31336797.mp3,0988694bf154d143fa30d0ed1f71a98bc0a8b0086e4310eefc152b966236f9cc,També es va crear un banc d'exportació i importació per tal de fomentar el comerç amb la Unió Soviètica.,,4,0,,,Tarraconí,Septentrional,ca,,northern,common_voice_26_ca,train.tsv,cv-corpus-26.0-2026-06-12/ca/clips/common_voice_ca_31336797.mp3
7d19dccf48114d3ec00c45fe80581300faca042157d6c9458ec439c300d8c7b1190aa70eecf19f8b1d5af8c7291f3da08fc635a7fd6acc7c5b203d1e226589f5,common_voice_ca_20266439.mp3,2621aa5636355473b909f67c3b16b53134ba22a0808ad85befa3a96a0bea8b58,La història de la Barceloneta està lligada al creixement i desenvolupament del port.,,3,0,thirties,male_masculine,valencià,,ca,,valencian,common_voice_26_ca,train.tsv,cv-corpus-26.0-2026-06-12/ca/clips/common_voice_ca_20266439.mp3
8de170a9e19406656db4500be58eee1826d78b036fcc3c4da3f7fe17bcd8e528b7750e28fe1527b8752b41b25e3910e4b7469ab3c9572e1a69d670d0e9e7a252,common_voice_ca_38687890.mp3,84544e5a381be449d45eafa4ec6a428c19ad028a7a0561e52002afa8f72afff2,Em buidaves; bevies del meu interior.,,4,0,fifties,male_masculine,valencià,Valencià meridional,ca,,valencian,common_voice_26_ca,train.tsv,cv-corpus-26.0-2026-06-12/ca/clips/common_voice_ca_38687890.mp3
23e61646df35b3f44002fa26cfb237ccbd2d3b406f2fe3494a121e81f8cd61f2983d5a73ff9940a44ab9d0a92587175919f8d4b63b8e715d14d560e7975511b5,common_voice_ca_17793167.mp3,8a8e32c5f8ebab86209807a080878367d7200f5453f305aca9c1d96f0bd67ddf,Per fi seré un internauta de debò!,,2,0,thirties,female_feminine,,Central,ca,,central,common_voice_26_ca,train.tsv,cv-corpus-26.0-2026-06-12/ca/clips/common_voice_ca_17793167.mp3
b71989a7c887e2872082ff8207b77f0fe176eca771534a27229c3b3aee08b8b36746638f984938c98f1ab232b978602f451c1a960f634a833073708a6a33f476,common_voice_ca_37622428.mp3,77a919094c470e3de21d2b9a67ffdc0250c5316faee1cd002568a60903b30493,Desguassa en l'Agulla de Sant Joan.,,6,0,thirties,male_masculine,central|valencià,Valencià meridional,ca,,valencian,common_voice_26_ca,train.tsv,cv-corpus-26.0-2026-06-12/ca/clips/common_voice_ca_37622428.mp3
2b7f00bec847a8eaf6799ce7852ccae8c23d55cfe4db8ab4629d4e55358c111fd5ad3e608f290f21782009adec78485dbc8ba9699d5c39385869d792f593e4ff,common_voice_ca_34226479.mp3,35ce2cb556c95e17b00b02d593aa96c7e02dc9f71887ec7fcc349798dddf5dc5,És més gran que el de la majoria de jocs de tablut.,,4,2,,,central,Central,ca,,central,common_voice_26_ca,train.tsv,cv-corpus-26.0-2026-06-12/ca/clips/common_voice_ca_34226479.mp3
4969761e9ef54127a52172287d7603a8eef11445eed5fff664444be28682633ecd597d8b37b6c032dbec392ac7c956f52f194aff605f413a2a8ed4edc9be33c7,common_voice_ca_37605980.mp3,53b82c0162e3b8fb0fc87427894e9ba950407f2dd8397c91ede03d7563ace8fd,Dema aniré a Bagà,,2,0,,,valencià,,ca,,valencian,common_voice_26_ca,train.tsv,cv-corpus-26.0-2026-06-12/ca/clips/common_voice_ca_37605980.mp3
2ffb1e454d4ef28bb1ae6afa6773fa3491612418c19c1666f5c5a2a728bcd95530f54148df529a5216433752552ba590eafdab96b74bb4e2ba907a791b6de220,common_voice_ca_31079232.mp3,e6e4f062fa8766988e833cc04d1f3655c99d985a79e0402ae735f2069098662a,De manera que no és estrany que la gent ens mirés.,,2,1,,,,Central,ca,,central,common_voice_26_ca,train.tsv,cv-corpus-26.0-2026-06-12/ca/clips/common_voice_ca_31079232.mp3
66e0e2ef329431be22e19cd64b1d19be77403af059f8dea91f483992ebfe30a6321817685f9f0a44c6ed3f6b2058a2abe6eda80113c30eace492a0975e722332,common_voice_ca_31139177.mp3,f176c5757f5946c65be09acfc12189c9d8f8eb68155c79c5d10a83aaef02fc37,L'església és de planta rectangular.,,6,0,thirties,male_masculine,valencià,,ca,,valencian,common_voice_26_ca,train.tsv,cv-corpus-26.0-2026-06-12/ca/clips/common_voice_ca_31139177.mp3
6d5922e596b89322477f1438147a235938dbf99889101df427999031ccaccc17a33659f58c559c70aa3b690a0b315a2afd74d0f9d28511377fd153533f7ce0be,common_voice_ca_37737473.mp3,7df0be40f0741462699983efb1c015d2de72135661a0f9a8b27cbae5c78e4c63,"Les seves polítiques aviat causaren malestar entre els gots, que començaren a conspirar per matar-la.",,2,1,,,valencià,,ca,,valencian,common_voice_26_ca,train.tsv,cv-corpus-26.0-2026-06-12/ca/clips/common_voice_ca_37737473.mp3
94e35257b313c65bf8a4be9eb63b11e988ebbc244ef1fdcbe1e2cd71d0af95ac8017134ae4a7c3b255d20d4a703fb4b2333508ecfba56a0b602e23dd2cb4fe7d,common_voice_ca_36875990.mp3,5f1c43f5106f4a1d74b1e061018e380d2582a278c979e5bd87d1e0a1e263b7cd,Les cobertes són de teula a doble vessant.,,2,0,,,,Balear,ca,,balearic,common_voice_26_ca,train.tsv,cv-corpus-26.0-2026-06-12/ca/clips/common_voice_ca_36875990.mp3
71201ba6ca28a1d8388f0b1d6147c2551b686dd42aa8ded23d0147a3bcb184322747fab9cb80dc2b10fbe1c7c20e6c8a341d304996544b52cd118fc186e3ccf5,common_voice_ca_41526158.mp3,f63519076347dbbeaa01d454b93c3415bdfafa97f47e2459b684b0d0e3d3cfba,El Canigó és la muntanya màgica dels Països Catalans,general,8,0,teens,,nord-occidental|cerverí|segarrenc,Nord-Occidental,ca,,northwestern,common_voice_26_ca,train.tsv,cv-corpus-26.0-2026-06-12/ca/clips/common_voice_ca_41526158.mp3
eb2a7468b5886c3d76b1aeddadf5b3a8a9bf95f6c3a48258e09df8de55fcdab94537928b76969f69e693675e1b9351949c3057a4d03cb2c5a9a42c7601cd625a,common_voice_ca_38068807.mp3,977b0435f9b660de880810299c07029c947f2074e267304c3a7da03457907e35,Es va preveure la necessitat d'equips connectats a una xarxa amb interfícies simples.,,2,0,,,,Tortosí,ca,,northwestern,common_voice_26_ca,train.tsv,cv-corpus-26.0-2026-06-12/ca/clips/common_voice_ca_38068807.mp3
014c9ed0978dcef50cf5a19a19fc7b5e02d096a504a3cf793db1189301eea83b60e7611df3912a0163dd2db3afb85003b4f9f9c848eef88c2728488ca699543f,common_voice_ca_30961877.mp3,c2a9ddb87f5d0bef648313f57977d43212ce7429ea2b9bab68cb7d03a1f919e2,Donar a Àustria enormes subsidis va acabar turmentant França.,,2,0,fifties,male_masculine,,Central,ca,,central,common_voice_26_ca,train.tsv,cv-corpus-26.0-2026-06-12/ca/clips/common_voice_ca_30961877.mp3
9721d1bdaf194673098e571ff7989b3653ba564f42efd04695344586f03912d5903d0d07e524c23ac9606f36746163fe84565258439bd96f1027a32e2ef87340,common_voice_ca_32747989.mp3,26827dd7213b0d7209f5b994acd7675a7b7a4ae67f56efd4a29c3c28dd7517ae,El deu d'agost na Júlia vol anar a Lliçà de Vall.,,3,0,fifties,male_masculine,,Septentrional,ca,,northern,common_voice_26_ca,train.tsv,cv-corpus-26.0-2026-06-12/ca/clips/common_voice_ca_32747989.mp3
e94f91ab2c69e11a764613994237dda6d7c356912a78907205db2cb51306f5be8c4384a3480207cf787444dd07344929a21076bb3790dd8a0868d62be2d4fa57,common_voice_ca_31408342.mp3,162f8b62d5de5a96a8acaf7bd4de0c0377ca5380aabe1fa24e7c1d9697394746,Les London Travelcards i els passis d'autobús són vàlids en aquests al llarg de tota la ruta.,,2,0,fourties,male_masculine,,Balear,ca,,balearic,common_voice_26_ca,train.tsv,cv-corpus-26.0-2026-06-12/ca/clips/common_voice_ca_31408342.mp3
946e48221165eebfad8f2d37915272b8b380feda6affd1c01f5cf7162702c61c6bf6080a5600981da49cc0827835c46c897f009bd8c78365ee4c59f38f121f2e,common_voice_ca_30853463.mp3,98b3987d9aea8dd94866880b8db4287056c7e87440bf3acd922dbd59e9df4f21,"Lady Khama va néixer com a Ruth Williams a Meadowcourt Road, Eltham, al sud de Londres.",,2,0,,,,Central,ca,,central,common_voice_26_ca,train.tsv,cv-corpus-26.0-2026-06-12/ca/clips/common_voice_ca_30853463.mp3
c89358651a32fcccea4f2f3435fd81631e51906ef85e146e824f309c577e7b8eb4005c229cb6652391be003691c91d0515675f7a272e6894afe2f641d262d6b6,common_voice_ca_31071587.mp3,e4ec4477f1761da069008e3a1e6f649847a7162a171c1e9c19e40f21a67b11a4,"El director general en funcions Randy Smith continuaria en el seu paper, a les ordres de Dombrowski.",,2,0,thirties,male_masculine,,Nord-Occidental,ca,,northwestern,common_voice_26_ca,train.tsv,cv-corpus-26.0-2026-06-12/ca/clips/common_voice_ca_31071587.mp3
d2d1631ff3b480e01cd27192347281f604e1c28d5db57908ff184199c06e962ce90302a4fb6caa01cc89a9f180fd6e2ba0d5baba4cb0d9128ab22a52691aa1ba,common_voice_ca_32406081.mp3,e445301aa44f61f58daed8e9d38e23de4eb1da16a5d9f25efc2584bd0311cb74,El vint-i-tres de maig na Laia i na Nàdia aniran a Pujalt.,,2,0,fifties,male_masculine,,Balear,ca,,balearic,common_voice_26_ca,train.tsv,cv-corpus-26.0-2026-06-12/ca/clips/common_voice_ca_32406081.mp3
ddf3b686cfaee3f93c749843a39bc3c2a48664c1ccc58e29dfa8eab6ab03fed9249db2ed4031f0449c0fcbdc3acf01551b03e54846c80b7928aa74f94ba3b9c7,common_voice_ca_37603121.mp3,5ae695fcf234f93ee7b0d5b93678d90f3bc86a80d264441ca813f875861fbab1,Quedar-se amb la camisa a l'esquena.,,2,0,,,valencià,,ca,,valencian,common_voice_26_ca,train.tsv,cv-corpus-26.0-2026-06-12/ca/clips/common_voice_ca_37603121.mp3
06536280608691585bf202322200a1b1c7dd8b628de7528985b283da6f5b67a72219ea3ea35bb34f63106e91a17c8357afe388672b75ef3d21f32dbb2b8ec693,common_voice_ca_38641168.mp3,bd306e491e5925ec9dfd5e0f9757c3e0273d4f4e8a3ae518280dce62215fef60,Aquesta forma de parlar posteriorment va considerar-se totalment apropiada per als oficials militars.,,2,0,,,"aprenent (recent, des del castellà)",Alacantí,ca,,valencian,common_voice_26_ca,train.tsv,cv-corpus-26.0-2026-06-12/ca/clips/common_voice_ca_38641168.mp3
4e2f29951f3d98704eab76ca83035440ed454b7828fa598da2d911cd272a606a78ed8a50a5c22e1d1b0365670a9fd3b621df7ba8adc00ecfc97f80ed2538598f,common_voice_ca_31470546.mp3,1fb55a006c2593d95920102eba31732047694794bf7dee79b979b2d0ebb57958,La pell i la polpa que hi està a prop és amargant.,,2,0,,,,Central,ca,,central,common_voice_26_ca,train.tsv,cv-corpus-26.0-2026-06-12/ca/clips/common_voice_ca_31470546.mp3
3723bd65a05afc7411c2bfca904742062b7b0c081ba126e68c65d28eaa6122f69196f4959fc1795fe03f8e49ec7364863911f9b659684a06b3a126c6f1729551,common_voice_ca_19445506.mp3,05be57f615929061947a3dc8e673a5e3e8194fe7628f4cb20505fa46b4e6e6e1,"Per certs valors de l'índex politròpic, el procés pot ser sinònim d'altres processos comuns.",,3,0,sixties,male_masculine,,Septentrional,ca,,northern,common_voice_26_ca,train.tsv,cv-corpus-26.0-2026-06-12/ca/clips/common_voice_ca_19445506.mp3
acc7d8b4ac6aa3eb4374fa93b8039e9309d8a4276999a944a23a6fc93ef974b2852288f5a4c9e2736cc5b983916f93e974391a4223cdbd86717d707409e03a80,common_voice_ca_17507393.mp3,fa0e1571f82418959d6b8dfdbec28f7b40f71aa67ccc57a72927bb2b14390159,Qui hauria de satisfer aquestes demandes?,,3,0,fourties,female_feminine,,Central,ca,,central,common_voice_26_ca,train.tsv,cv-corpus-26.0-2026-06-12/ca/clips/common_voice_ca_17507393.mp3
c1a9158cfa967457976230cebd211d3e55cb3e7ee3648c1d4655f4d6a82f234c15a54f869eee010b8215d5ad33f855df2d138e99bd9d1fc0142552b3df5021f9,common_voice_ca_37573596.mp3,fc445bf0b66e590352ec7ee0137be43481c6240a2fee275a68ea857c0e1d0d19,Per amor de.,,2,0,,,,Balear,ca,,balearic,common_voice_26_ca,train.tsv,cv-corpus-26.0-2026-06-12/ca/clips/common_voice_ca_37573596.mp3
b417e6f75cf439ad5d0f46ce6a70ccc5195e2c5575b0312627de26660d2e3804030d662ca1eb51ebf4d8f2586f4a6d6f6bca4c843a16d376500ab6c8ba1ee37d,common_voice_ca_37846422.mp3,85c693d5c8ab2d553e9cf26e2ff02d49ebf7bbda6bf08ef1305c183b4860acc7,Devia el seu nom a l'empresa gelatera Avidesa.,,2,0,,,,Balear,ca,,balearic,common_voice_26_ca,train.tsv,cv-corpus-26.0-2026-06-12/ca/clips/common_voice_ca_37846422.mp3
6b406af410854c9a8bb052a0ca3af42370d0b842081a4cfcefcb05c30af6c86eabc85a0fc6ee79edacbcaad7a6c685968dd08c8b98137f0eab28f8e225247041,common_voice_ca_30914656.mp3,aedddf06b9db218e4b4f2f1bd6948858f587141926ecf76909f7c387600dfa55,L'escola compta ara amb poc més d'un centenar d'alumnes.,,4,1,,,,Nord-Occidental,ca,,northwestern,common_voice_26_ca,train.tsv,cv-corpus-26.0-2026-06-12/ca/clips/common_voice_ca_30914656.mp3
f30766821d1b495bb6f9c9ca5a802bcaffb4ab03beb9a7ae6cb9d1554d97bff529ccff7f549559b21c46fde9ffd8dd0cd64344e99882aee09f19dc77f1d2975c,common_voice_ca_37637215.mp3,78fe8a1fb1a39fdd4a4d418f90ff650c0c5b1780107de1b1f9e1a8eda6fa9103,Per Cap d'Any en Guiu irà a la Granja de la Costera.,,2,0,,,,Central,ca,,central,common_voice_26_ca,train.tsv,cv-corpus-26.0-2026-06-12/ca/clips/common_voice_ca_37637215.mp3
78c598ab1383d31ef99c340688e8fe5042f5989618ba1010a9d41c7de6038827d60fb12c137f1304e266157e64f12dba080e920ad0276d7a6a843986462e9b52,common_voice_ca_38753912.mp3,c1a8d186c3427180ad06872ad8100eb09651d0eff8331d02e08f13241ac1b450,Un elefant crida l'atenció en creuar un poble acompanyat de dos homes.,,2,0,,,Lleidatà havent viscut a Barcelona 20 anys. ,Septentrional,ca,,northern,common_voice_26_ca,train.tsv,cv-corpus-26.0-2026-06-12/ca/clips/common_voice_ca_38753912.mp3
56e4f1dc91f8196b8b85fa56b9cb6dcf0054f2f177102699143c6ef2cea2ddf34a422487c0b54bf1a649c18bb1dcfff5e153569a160846894131ce391b9ae776,common_voice_ca_31800543.mp3,22a346e7f241f1d176cb5bf34abf3fa31a08fee3c08fb1217ce2bd05a437e032,"Exprofessora, viu al Regne Unit.",,6,0,,,valencià,,ca,,valencian,common_voice_26_ca,train.tsv,cv-corpus-26.0-2026-06-12/ca/clips/common_voice_ca_31800543.mp3
b3480025157f80b54a8ec0282b27baa14ebcf849e06354bb7c4caeed9b00ccd98e433465316ee7a8e92edd7131d002754dff0b7ed8a5a9cefd8452bceaf78696,common_voice_ca_30920484.mp3,b1af22fca0360d1e3f5f5f141fa29547a5986d3d410a49606dbe6bf8c02f03e6,He d'anar a la Palma de Cervelló amb bicicleta demà a tres quarts de dotze.,,2,0,,,,Nord-Occidental,ca,,northwestern,common_voice_26_ca,train.tsv,cv-corpus-26.0-2026-06-12/ca/clips/common_voice_ca_30920484.mp3
518e58a4f0a5b66120d2443edfa57078192a07bde1fdf9b4d4c10247089d9acca79fff09bbff9ec3a7892261b34375eb71f33f5b9123a729afd0789f3de803e6,common_voice_ca_38844212.mp3,c469734bac3ddf8abd6e6476c6f9c231240ed44ef5176db739eae61ddd958299,Galè va mantenir vigents les teories d'Hipòcrates durant tota l'època medieval convertint-les en dogmes.,,2,0,,,septentrional,Septentrional,ca,,northern,common_voice_26_ca,train.tsv,cv-corpus-26.0-2026-06-12/ca/clips/common_voice_ca_38844212.mp3
f054e49b9ac18d489188d00c6af8301b0c11e12434699689ac389d07e124af149b6d015b6d131d30a5fbe57a2d90ad520435204b4f26bb59eaa322be5203e8b0,common_voice_ca_33504931.mp3,2305bc85f5b033b4966d5d945de4dd3ad30af357fc0bde4746cc14d359eaa3e7,"Aquesta voluntat, però, topa amb una dificultat pressupostària.",,4,3,,,,Balear,ca,,balearic,common_voice_26_ca,train.tsv,cv-corpus-26.0-2026-06-12/ca/clips/common_voice_ca_33504931.mp3
5e45fdb2d771efe60f62a2c69dcfaecfe3229304653cd95da4944f997c7b36d88c5b95e7e4325b1c8667b2717b7112c532915bca7d9ef002368129c0501bad35,common_voice_ca_30751984.mp3,7605e34db05a4d750fecfccacb7ae078a312a9a7f77f9e75249569155bcf1424,Quina és la millor manera d'anar a Sant Antoni de Portmany a peu?,,4,0,,,,Nord-Occidental,ca,,northwestern,common_voice_26_ca,train.tsv,cv-corpus-26.0-2026-06-12/ca/clips/common_voice_ca_30751984.mp3
1dd709e05b199abe85552f66966863d5cbb374dfad3ddcab72b0d8954988816e1e64d984915fd0318f9f736a6b5f2d18edeedca9e1ccf3287e793c7ea836e2df,common_voice_ca_30766307.mp3,7b3dc1ebc2d53c089c30a0b391d3ef1eef317b0a47c7c385a32dd13b715504f6,No es podia treure de sobre tants empallegaments.,,2,0,fourties,female_feminine,,Central,ca,,central,common_voice_26_ca,train.tsv,cv-corpus-26.0-2026-06-12/ca/clips/common_voice_ca_30766307.mp3
6ca0bfdd26a8eff504600a9e7309600a25e24976ecd3263fa237255c9715fcbce40a575ea0c98f7e230a9e9c2f57c066d7be8cbd9d75f75d118cbd298cd91e9a,common_voice_ca_38061293.mp3,960e6151a67c05b78672009d85c54465575c951b1496f7585f381c2e48c53eb1,«C'est l'enfer qui m'a créé».,,4,2,,,"nord-occidental|Lleida, el Segrià ",Nord-Occidental,ca,,northwestern,common_voice_26_ca,train.tsv,cv-corpus-26.0-2026-06-12/ca/clips/common_voice_ca_38061293.mp3
ef31f1bb79b0d333a81a0bca686332bbaf8d490ab812b4477c62df0137004874e5883e50b7ddaa7131079d0adb0a7f9cf37e79906f97ca3dcf91732b5fb88c8d,common_voice_ca_37864053.mp3,8776e6eb7a32214a13dec2c99a041474434c21d6b87bee5b9e2a6a523ac7d906,Dimecres n'Hug i en Martí aniran a Geldo.,,2,0,,,,Nord-Occidental,ca,,northwestern,common_voice_26_ca,train.tsv,cv-corpus-26.0-2026-06-12/ca/clips/common_voice_ca_37864053.mp3
98ea0f2756db65292f2e21b88a18a0ddb28febe3979509a4be61bbc9a2be55054c73090ec67c081e1f54a5d188d4b5e4f102f607af7238a17d501cc6d2c28024,common_voice_ca_32117635.mp3,75ff2b27752131dd7ce46412947beacb173b08e11b9f67eb2fa291cbacfbb2c0,Dijous en Mateu va a Betxí.,,3,0,fifties,male_masculine,,Balear,ca,,balearic,common_voice_26_ca,train.tsv,cv-corpus-26.0-2026-06-12/ca/clips/common_voice_ca_32117635.mp3
c72082f1de7847fa337c3f66caff86f941ee074cc9a97de88437c05c2f57133f714d21f8c41c91d9971aad2bba47a5f729cbb9acb27cb60b0d6fd80e2840b5e5,common_voice_ca_30909884.mp3,ad8fce48614d37155e2b4ccde74a64017ed65b51900a53d4b1527aa8932a886c,El president no vota excepte en cas d'empat.,,6,0,thirties,female_feminine,valencià,,ca,,valencian,common_voice_26_ca,train.tsv,cv-corpus-26.0-2026-06-12/ca/clips/common_voice_ca_30909884.mp3
fb8236490e5b09f186fc5ecdc582d5eed5dd8f8e9e985bd2a5156c48a9dcaa8c9f1c7c6066e26b17250e0e5d7221715599639c09e23067b3983baa995dc48c4f,common_voice_ca_30872654.mp3,9fde0dfa55ff3731799f345c739acbc9439a4c44c63d811d5cb24cbed262c771,Està de gras que rebenta.,,2,0,twenties,male_masculine,,Nord-Occidental,ca,,northwestern,common_voice_26_ca,train.tsv,cv-corpus-26.0-2026-06-12/ca/clips/common_voice_ca_30872654.mp3
b70cc9a95db0ff57221bb71b0a7ca94bea9814a37be1845d89902d8835a7fe8aa079f5626fec1410ae54be27efa6fc21666e7200819bdcaff9aed74fa2c64660,common_voice_ca_36886466.mp3,600ef20688d6b49cca6ee657d5a98a0feddeed8d28c202b270cb635e266ba3cd,Qui és el batlle de Sabadell?,,3,0,thirties,,,Nord-Occidental,ca,,northwestern,common_voice_26_ca,train.tsv,cv-corpus-26.0-2026-06-12/ca/clips/common_voice_ca_36886466.mp3
961009951f5b3ced4085f9178286b82a4796f2d02a4e3cb1032b4018132e09531aff391ab002d37e6bf4ae7724fc8828fef972ca932fed3542c97b05e2eb3792,common_voice_ca_30861418.mp3,9c29e98fe0c34c66a66d22b1c44d22ee5d998f39a21c6846b6842907224e5b5f,"Les accions penals són de naturalesa civil i no eren part del ""common law"" anglosaxó.",,4,0,fifties,male_masculine,valencià,,ca,,valencian,common_voice_26_ca,train.tsv,cv-corpus-26.0-2026-06-12/ca/clips/common_voice_ca_30861418.mp3
57fa79b868c0c413fa2429624a8e33321018004e077191aef26c5fb373243ce7b06acf48a1732e0692ee1f8e9b71bddc9683cb35ba8a3852cc19f7bbae568c00,common_voice_ca_32061779.mp3,5d70f578b80483f08c781c4b989189d61c59586046796f0925501116700b2f32,Divendres en Quim vol anar a Oliola.,,3,0,twenties,male_masculine,,Balear,ca,,balearic,common_voice_26_ca,train.tsv,cv-corpus-26.0-2026-06-12/ca/clips/common_voice_ca_32061779.mp3
255961c6734b06ff527f84e2165bbb6f8ae77ef0accc77b2b74f671655cfb01ef8b7d5e8f764dd2de80f41605da395b58bee7749aadbbc0a7824550ed8c7052d,common_voice_ca_19044332.mp3,5851ce8c98070de22ebab1a7a255eb2a348161ff343425bf7725b9fc1ce29d5b,"Pel que fa a la recollida selectiva a la resta d'ubicacions, s'ha de prestar el vint-i-cinc per cent del servei habitual.",,3,0,twenties,male_masculine,,Nord-Occidental,ca,,northwestern,common_voice_26_ca,train.tsv,cv-corpus-26.0-2026-06-12/ca/clips/common_voice_ca_19044332.mp3
499f45ab0b375c2a2b15dcb609719c4d8decb7b32115d8d5982e8aa3f8446f192c53e322e62361161d9726b390ff59e4800efbfdcaa82240602d703efbc0ce21,common_voice_ca_30846499.mp3,96652ba5925215c7b5d67be131e46dad52ce3dd129db0a8b68406324952344d0,En aquest cas hi ha un reflux a la xemeneia.,,4,0,,,,Septentrional,ca,,northern,common_voice_26_ca,train.tsv,cv-corpus-26.0-2026-06-12/ca/clips/common_voice_ca_30846499.mp3
0b436ee8ed7ec3f70b0ba472845a08a34e59a75fad556ab39cc54a2a1738b7cbef3eec316463d70b928597696d9c93eb9d05e03f127552800d5989e7b582a2be,common_voice_ca_17522624.mp3,13493dd1a8ba34e6a66d7efde109f7c90248d07ff5f18c01c124bb63fff57d45,"S'hi aprecien encara restes de la séquia que, des de les fonts, conduïa l'aigua fins a l'aqüeducte.",,2,0,fourties,female_feminine,,Central,ca,,central,common_voice_26_ca,train.tsv,cv-corpus-26.0-2026-06-12/ca/clips/common_voice_ca_17522624.mp3
f7f95b9762677410588d8a7a8e9fc7fdf73cb6b5aee299256772e9b15cba772f7410ed3ad4414241f799a645563a0cccb6191e15eb786f340b1e7fa6e997942f,common_voice_ca_38067612.mp3,973a86020589d3acec04efaec57f7f6540f0fc41256b2fb242f330f5a97b268e,Divendres na Beth anirà a Famorca.,,2,0,,,valencià,Valencià central,ca,,valencian,common_voice_26_ca,train.tsv,cv-corpus-26.0-2026-06-12/ca/clips/common_voice_ca_38067612.mp3
80e4dd97bf491ce96d95b1cd7d8a7fb5e9f3274500d9c75ebb36a6518062361baea99c949bbeb70d0110bdbc971079e3ac03e900870433d13c43d52df3a6baab,common_voice_ca_36821201.mp3,5c0867d017071eb9c0808e00bfeb0a86321b8b91465af09f4ed570b7522e2e83,Demà vol anar a la platja.,,2,1,,,,Nord-Occidental,ca,,northwestern,common_voice_26_ca,train.tsv,cv-corpus-26.0-2026-06-12/ca/clips/common_voice_ca_36821201.mp3
545527b2113d6e6aae1daa9bac6f627cce14db8cf130174dfa8089891e87c8f9485a69de6a4a3ff15ef0bb105fdec6b5fd5f818b4f5224cf94c35214d25239b4,common_voice_ca_31373226.mp3,10496b48c1260c0f75ac33a398ca660e0cc80467df7324c627ca754a9d4acb6b,"Quan necessito escoltar un nou àlbum, en faig un.",,3,0,,,,Nord-Occidental,ca,,northwestern,common_voice_26_ca,train.tsv,cv-corpus-26.0-2026-06-12/ca/clips/common_voice_ca_31373226.mp3
dce3816806e42f73f8b90fdafc150799466400c5737e2e306baa35db599d089fe2c89cc9ed3793328c8cf4dcd13ef0abdc51392c0e54e792e21cff4a584b6d94,common_voice_ca_20171383.mp3,20adf0c85d30c13691a9e8b5a66ec868b8b4331afb2c2af2c3b8baa81d476ea6,"Es tracta d'una cova natural amb restes de l'Edat del Bronze, sense estructures d'habitacions.",,3,0,sixties,male_masculine,,Central,ca,,central,common_voice_26_ca,train.tsv,cv-corpus-26.0-2026-06-12/ca/clips/common_voice_ca_20171383.mp3
886c6c4cfecae45d73a2e96ce4b9c4337e820106834638cbb5be67de65f973ce7e09e29fdbecb5c175fc896c7db8b9605431d01b855a6a270b5413c0428f2efb,common_voice_ca_38060051.mp3,969a75161518f392ddf85e83e4b319348e2dd71f19abb17fe390b85dec54aab6,"El meu pare es diu Theo Deza: de, e, zeta, a.",,3,0,,,nord-occidental,Nord-Occidental,ca,,northwestern,common_voice_26_ca,train.tsv,cv-corpus-26.0-2026-06-12/ca/clips/common_voice_ca_38060051.mp3
e3764c738c1c1fa6c063aecd70e041588a2a0762fb4be037f7fd5bac92482ed7ccc166f166ae166637df0ec05244c00c8fba7e726872247adb9b8f2c85cc5aff,common_voice_ca_32130275.mp3,7e6051e3441f3dc51d9399d595336f9e8e85b173918d54a31ead9343d1dc0d7e,El nou d'octubre n'Eulàlia i en Gaël volen anar d'excursió.,,3,0,thirties,male_masculine,,Balear,ca,,balearic,common_voice_26_ca,train.tsv,cv-corpus-26.0-2026-06-12/ca/clips/common_voice_ca_32130275.mp3
972b8acae1d502748ea9ca19488b8dd7fef817780e500b093ade8423be685e9bc3e7a47d3346e000819342bd8a8ae3bcb082513fa6fbd99e86995d514e81fb6e,common_voice_ca_32120563.mp3,76a83ace794c62f76f827c28905872e54a7b06380fd79d8cfc12b445121ed51e,El vint-i-tres de maig en Gil i na Frida aniran a la platja.,,3,0,,,,Septentrional,ca,,northern,common_voice_26_ca,train.tsv,cv-corpus-26.0-2026-06-12/ca/clips/common_voice_ca_32120563.mp3
4969761e9ef54127a52172287d7603a8eef11445eed5fff664444be28682633ecd597d8b37b6c032dbec392ac7c956f52f194aff605f413a2a8ed4edc9be33c7,common_voice_ca_37605982.mp3,5d83a8e4d991dc7a02adf67a451ed22d9b9847582afe629f6ddf7c58f0d8d981,La Gala de Campdevànol és representativa d'antigues danses cerimonials.,,2,0,,,valencià,,ca,,valencian,common_voice_26_ca,train.tsv,cv-corpus-26.0-2026-06-12/ca/clips/common_voice_ca_37605982.mp3
0909f5639e00191983e4434a00cc236dd2f746aa98e89228592611c36e41052a3517df0d34e4744fc82d00cf12713945754b19f6a354a3e531f6d730072f1707,common_voice_ca_30974220.mp3,c7be1f2cc996809f6692dd7e21b94b1b142ddc9f555b1568ae0417fcd9c1b2b4,Sembla que a la coberta de la superfície exterior hi ha líquid.,,3,0,,,,Nord-Occidental,ca,,northwestern,common_voice_26_ca,train.tsv,cv-corpus-26.0-2026-06-12/ca/clips/common_voice_ca_30974220.mp3
b643ab389c91de1a78a289cf13d0ad1b83ef91237f0e4788b04ab493ee8fa17033a947573fdf7baf8cf6ff046906cded77a7be0927721496eecc9707aed3ad35,common_voice_ca_31312268.mp3,0620a27d86d5f34db02e565384fc1370177ad66b6479742cb15401f86ef4f9af,"En lloc d'això, Amadeu va ratificar l'ordre del govern de dissoldre l'arma d'artilleria.",,2,0,,,,Nord-Occidental,ca,,northwestern,common_voice_26_ca,train.tsv,cv-corpus-26.0-2026-06-12/ca/clips/common_voice_ca_31312268.mp3
b7fc6c36d8fb8d799a53b2157da00ae1aa34e3c0eeaa96154da4f287479bb7ef2d0ba725382ebe5941e66e16765eeef6becd705c750d1ea279a4cf1ef43215a2,common_voice_ca_30809212.mp3,89fd9eb6d2cb2636d6a37d0571045a51e9bbcb809d3d6375448a409f51b13432,La finalització de la compra va ser anunciada fa un mes,,3,1,,,,Central,ca,,central,common_voice_26_ca,train.tsv,cv-corpus-26.0-2026-06-12/ca/clips/common_voice_ca_30809212.mp3
59c83aa5b91477ee56ee8ceb9217341a22d77d24b58c33923138e94db46122e0f90624d63a4bbba4cd9b9c92e99673ab7aee5b752e96c354ec0138be5c14c856,common_voice_ca_36984201.mp3,652da4704c9abaed59669ee59de1d5f7d0f04357c6d28e517891400d921df95e,"Porcí, oví i aviram.",,2,0,,,,Balear,ca,,balearic,common_voice_26_ca,train.tsv,cv-corpus-26.0-2026-06-12/ca/clips/common_voice_ca_36984201.mp3
669ec5130c9716a15e967d6c1484e03fcc764cbd57f90cc6047edb8592e7358c510c1451c93c1c75d19f004ab313cbfff1c94e7967e7cacae2ca95536ae356fd,common_voice_ca_37807051.mp3,81fffd882c1238e291aad8be97521111a401daa2acbe964d3c8f61eac668673e,Són nombroses les seves publicacions en aquest camp i no només publicacions.,,8,0,fifties,male_masculine,valencià,,ca,,valencian,common_voice_26_ca,train.tsv,cv-corpus-26.0-2026-06-12/ca/clips/common_voice_ca_37807051.mp3
b8e36549b339f8d7a0beb29824976c3c1bcc764bd0e8155ebe1e0ea0fa17f2137cf0c3e6d3de47a4ef9b62c34ceaee3660cab406eebfa8b910cde4e73c44e687,common_voice_ca_27554053.mp3,44cf16ead7edcd88a5adee8bd5b54cf410d6f4a200ed00f88b9b3b321ed5a9d5,El més important és que estructuro la meva gramàtica per poder dictar sense parar.,,2,0,twenties,male_masculine,,Septentrional,ca,,northern,common_voice_26_ca,train.tsv,cv-corpus-26.0-2026-06-12/ca/clips/common_voice_ca_27554053.mp3
6e3a1eee9a9a1bb77df022a5c8371e2284082b4d7c8e3712843fd217fee7bb980f6bc944830b8853056c76b40982371c00e8cb7dee1bccc0973b461c4ccb7ec1,common_voice_ca_37636919.mp3,791d95f290202c842b8e58d1a576e80fe8e44d6280861f970468a723a0ec1398,El títol presenta un protagonista a qui Norman Reedus representa i posa veu.,,2,0,,,,Septentrional,ca,,northern,common_voice_26_ca,train.tsv,cv-corpus-26.0-2026-06-12/ca/clips/common_voice_ca_37636919.mp3
255961c6734b06ff527f84e2165bbb6f8ae77ef0accc77b2b74f671655cfb01ef8b7d5e8f764dd2de80f41605da395b58bee7749aadbbc0a7824550ed8c7052d,common_voice_ca_19044358.mp3,5ed638c2e31482048abbdf63d0d11e7c77925c6c5149448055de21fbea37830d,"Inventari, catalogació i digitalització dels béns culturals que integren els museus catalans.",,3,0,twenties,male_masculine,,Nord-Occidental,ca,,northwestern,common_voice_26_ca,train.tsv,cv-corpus-26.0-2026-06-12/ca/clips/common_voice_ca_19044358.mp3
90c4220a38cf7d051de9f023c4e83e81f38bf56f5a86fa8ec4e13bb6afebaed8c4f0453136d12103ac78df260a7598dbbe27c0e750353ac27b24e168b38ab24d,common_voice_ca_37643404.mp3,79f11a3d8ec969689966e20c1fc68b1cf26e1b726df371046592b01794a065fd,Però fins ara cap representant del govern espanyol no ho havia verbalitzat obertament.,,4,0,fourties,male_masculine,valencià,,ca,,valencian,common_voice_26_ca,train.tsv,cv-corpus-26.0-2026-06-12/ca/clips/common_voice_ca_37643404.mp3
1fdcc13301bd85753da065f098dc612f373e5febd749b51392139f484a21d55ebdaf34d3ba5d8d5dc65c2e7798c8968d42f2ca5e51cce8b25ad5b93514b40fd8,common_voice_ca_32303583.mp3,c1fc8a2b441bacd2c964c5b6342e98e061ffeffd295df7a1b259abff502d76a7,El vint-i-nou de febrer en Quel i na Mariona volen anar al teatre.,,3,0,thirties,female_feminine,,Nord-Occidental,ca,,northwestern,common_voice_26_ca,train.tsv,cv-corpus-26.0-2026-06-12/ca/clips/common_voice_ca_32303583.mp3
e83cd01faeaa155f07ab3101d48f8ba66e84b92a37aebcb143a794f3f256f364069a7540f74ac69f7905e3437ad4ad430c2a5dc26774121249a263c13ed6ab2d,common_voice_ca_31478333.mp3,2106606bc06c3a68b284435daf128a5dce6bb329c0410190a52ec1fb73b1c164,"El seu cognom és Heredia: hac, e, erra, e, de, i, a.",,2,1,,,,Nord-Occidental,ca,,northwestern,common_voice_26_ca,train.tsv,cv-corpus-26.0-2026-06-12/ca/clips/common_voice_ca_31478333.mp3
fdac48a8d8372a1939fa79d38a6daec1a1560e70874d2f08e8af6dcb7c964d9c25b0bfe4623a195ef7abb93aa0025f9dd354e18c518f54618269ffb746f45260,common_voice_ca_17992231.mp3,664a0fb3434e46b5953425f9a2cff9731b2cfe5800b10e9270f75c6bc073d14d,Venim de Sant Jordi Desvalls.,,2,0,fourties,female_feminine,,Central,ca,,central,common_voice_26_ca,train.tsv,cv-corpus-26.0-2026-06-12/ca/clips/common_voice_ca_17992231.mp3
4e66e6d7309797451ca6d6fdfec7412be95c4f61d767b08e5caab988725b3a84375da8338c1719196302445cea8e4a7d22c5ba4238b01422981d14da4678d53a,common_voice_ca_36879758.mp3,5fa44463bb2254394d076b302bcee69658ff67be9201b985998bb448de040ddc,"Per a revistes, consulteu la llista de revistes de probabilitats.",,2,0,,,valencià,,ca,,valencian,common_voice_26_ca,train.tsv,cv-corpus-26.0-2026-06-12/ca/clips/common_voice_ca_36879758.mp3
518e58a4f0a5b66120d2443edfa57078192a07bde1fdf9b4d4c10247089d9acca79fff09bbff9ec3a7892261b34375eb71f33f5b9123a729afd0789f3de803e6,common_voice_ca_38844211.mp3,c4716dc77d8be0136cb59f9c31971fe2a40e80324cb2f03c35a83a219afe65fa,"L'ex-alcalde d'Almaty i ministre del govern, Nurkadilov, va unir-se a l'oposició.",,2,1,,,septentrional,Septentrional,ca,,northern,common_voice_26_ca,train.tsv,cv-corpus-26.0-2026-06-12/ca/clips/common_voice_ca_38844211.mp3
1be5f58ac7d1201ed6ff1267108729c8b9c74d3a28aeed8515fa262de2793ee2cd89b19064e50b08d6d86be0c211e6e36375144e53fe43d3222b74f5df0c4443,common_voice_ca_30774825.mp3,7e7db445a850cb548b1639f81dc8943b13c950a72dfe814b7a55acca6e4d3cc0,"Estant Constança prenyada, la senyora, una vesprada, sentí com lladrava un gos.",,3,0,thirties,,,Septentrional,ca,,northern,common_voice_26_ca,train.tsv,cv-corpus-26.0-2026-06-12/ca/clips/common_voice_ca_30774825.mp3
207a9a9c475397b80eb13e02c6d366de9ac8710330cc4ccb5109d74e0a09320d0ac66c081692a7055afa7b508ab80527c5f16ffa3bd15aca4115c02cc64f76f1,common_voice_ca_17515921.mp3,104145f7a61050334a172adf4ec21f025be4a67998624ca20afad7709246add0,"Per a gaudir d'aquest plat heu de triar faves petites i, si pot ser, de la mateixa mida, cosa difícil.",,2,0,sixties,female_feminine,,Central,ca,,central,common_voice_26_ca,train.tsv,cv-corpus-26.0-2026-06-12/ca/clips/common_voice_ca_17515921.mp3
e007e715f4f01ed91e12fe6ff78457f699c2cd23838e47bff363f25f88da667dac6f15d1c0b74e67f882728bbd5a572f84f18e848b6c2e09a6981d9166bc175f,common_voice_ca_34047909.mp3,33c60a87bf27b36e790d01ef59c4dfd8e7f8bb3d59f7f2a59949b94945116ade,Per Cap d'Any na Carla anirà al metge.,,2,0,,,,Balear,ca,,balearic,common_voice_26_ca,train.tsv,cv-corpus-26.0-2026-06-12/ca/clips/common_voice_ca_34047909.mp3
b15280ab1cd085208970d2471b15bb5718d3df6f1f737edaaa89374960fc00681edc55c14bf837ba1b66eef022dc1d004aafce32391f9cc296716c28d07980a8,common_voice_ca_38844967.mp3,c46f7ffe1cdcd1b3a33b736e774dcf1a3003042b45660ad43a5950d5639809ea,La data de la seva mort no es coneix.,,2,0,,,,Septentrional,ca,,northern,common_voice_26_ca,train.tsv,cv-corpus-26.0-2026-06-12/ca/clips/common_voice_ca_38844967.mp3
90aacb6e5884a88c78cf93e77ad46f5b2c643042e24cf33f6fc3edf4c4ae9fbb76517000acd023ec4d19fa1854d7bbf4c21839576ed6cc0661f6533339f50bee,common_voice_ca_25961047.mp3,2d3e28ce5b66455cef3509eda05f2057c44c016c6c826bfed946562ab941db6c,A la zona hi vivien originàriament indis nadius americans.,,3,0,,,,Central,ca,,central,common_voice_26_ca,train.tsv,cv-corpus-26.0-2026-06-12/ca/clips/common_voice_ca_25961047.mp3
b7169b52dc13731d9883ca559cb63f76c178924e0daa9f46009c5dcc68c8366185e38223bbcdaf3dece83970196455f4b12d24897bd34b886bfedc50597d6541,common_voice_ca_33395017.mp3,dd2c39db93eb74bad78f15b8e7d945374ec4f9204ad8a77559b774a7d0a2a5fa,"Si m’ho demanen, compliré el meu deure.",,3,0,,,valencià,,ca,,valencian,common_voice_26_ca,train.tsv,cv-corpus-26.0-2026-06-12/ca/clips/common_voice_ca_33395017.mp3
be3e326da717a6cf7cf21997ba19639f72403ae6da49cff888f55cedd7c60919b2d262eebb5e7d5095f8462cfff23631f6ab04a58d3af71e097535b24ee3ba5d,common_voice_ca_30807569.mp3,88a45e530bd16780c382b280118a5e9dbd62aa501ca304a9f0be1063fb4623da,"És obvi que degué existir algun tipus de confusió pel que fa a la bandera en forma de corneta, ""Splitflag"".",,4,2,,,Lleidatà,Septentrional,ca,,northern,common_voice_26_ca,train.tsv,cv-corpus-26.0-2026-06-12/ca/clips/common_voice_ca_30807569.mp3
509eaec425ffefddc79703e5f4e6f88812bee9cc5b723dd6516018852b3c3c96548204025d1a1552fc6ef3e535e1efe7baaae53cabb3262e531ddd487d97e72f,common_voice_ca_37632938.mp3,78843fc0d0f5a4c03eb90e82f46424f4b8e6b0a880348f0a240c8f10f4169ea2,Carles Planas Antolínez és un futbolista nascut a Sant Celoni.,,3,0,,,valencià,,ca,,valencian,common_voice_26_ca,train.tsv,cv-corpus-26.0-2026-06-12/ca/clips/common_voice_ca_37632938.mp3
a2b503bc78bd0b68fcdc3e3b68e3c68cf3da8d2d48d91f09313c7cdc11b43dd4d4de3a8a2c4b526809adf9879427c4818db72cffdbc2f0015a9fa5ade83bd400,common_voice_ca_24753875.mp3,e1da076a99f109ee8d5570a35a2675852606a4b8c525960def788c4dc2a03751,Els seus papers són molt populars.,,3,0,thirties,male_masculine,valencià,,ca,,valencian,common_voice_26_ca,train.tsv,cv-corpus-26.0-2026-06-12/ca/clips/common_voice_ca_24753875.mp3
e83cd01faeaa155f07ab3101d48f8ba66e84b92a37aebcb143a794f3f256f364069a7540f74ac69f7905e3437ad4ad430c2a5dc26774121249a263c13ed6ab2d,common_voice_ca_31478857.mp3,212345d240013d4be97c1ee1e43eeefa094bd6790738769d2175b05ee107c5a1,He d'anar de la plaça d'Isidre Nonell al passatge de l'Estació.,,2,0,,,,Nord-Occidental,ca,,northwestern,common_voice_26_ca,train.tsv,cv-corpus-26.0-2026-06-12/ca/clips/common_voice_ca_31478857.mp3
6c622505d7f68249563c8f5e3c0987651cc0ac31d0c37dae05e89fbcfc729d2953fd6169fb15dbe9e51954270b86af71ae5a8772ef4cecb9c70958c75d4c1dbe,common_voice_ca_37883384.mp3,88c9f85a7c4a4acf6ed4e4e456583eefb698e8814de8682c42493d154fd4eb0c,"En un comunicat, manifesta la seva ‘repugnància i indignació’ pels fets.",,2,0,,,,Septentrional,ca,,northern,common_voice_26_ca,train.tsv,cv-corpus-26.0-2026-06-12/ca/clips/common_voice_ca_37883384.mp3
5bbe43236d226c4ad5ffa7b8852e5547b23448c7898523bc2396f4c3596468baa04c2236ef9188a50415e3118045fcf1aa3d69361780433de591937654cc75c5,common_voice_ca_30902180.mp3,aabcc70782eaac95f8d620151db9db1022ea73d99f96740b143f41e30c22cf98,Alguns llocs web ofereixen informació sobre les ofertes del dia d'acció de gràcies amb un mes d'antelació.,,2,0,,,,Nord-Occidental,ca,,northwestern,common_voice_26_ca,train.tsv,cv-corpus-26.0-2026-06-12/ca/clips/common_voice_ca_30902180.mp3
b5419f6ea89dc32431a7671df1ebf934647bba5b27db54235fb1e47d691b70c3160bf8019653d5faad616b169adfea5d8e7077e9820d9294144354133d45ee16,common_voice_ca_19125075.mp3,fb6db1f7deada0f64fed24bc04f24bdb1013bc1569b99ec05f9ecf7f13a62ff2,S'entendrà aprovat definitivament si no hi ha reclamacions en el període d'exposició pública.,,2,0,twenties,male_masculine,valencià,,ca,,valencian,common_voice_26_ca,train.tsv,cv-corpus-26.0-2026-06-12/ca/clips/common_voice_ca_19125075.mp3
e279eecdd6e99a03e55130e2201a5f0b61ad97e4998ba7a345fdf00e8f2ff5726ef8187f45d0e6bd9938f39c30a06d52da91fd58100223043ba5b0654a0adcc4,common_voice_ca_17513282.mp3,b450ea5faeb38e7126c6b7c51e8d4aa5959289ad735023dd3c7513c38bf5f8c7,"Suspenem la sessió, que reprendrem demà a les deu del matí.",,2,0,twenties,male_masculine,,Central,ca,,central,common_voice_26_ca,train.tsv,cv-corpus-26.0-2026-06-12/ca/clips/common_voice_ca_17513282.mp3
444f0f5422d6d8df65a071c2737181a0110368ac69baff0b6e879d5b24c6893399d79e81817299d2ab941cc5c6fa0ce0b39852ddf355f8c3546adf054a739c97,common_voice_ca_35921245.mp3,4e6e4377bf2f0241af526d565d493e20584838dbfd10b11066b1bb7fa2642c14,La direcció escènica va anar a càrrec d'Esteve Polls.,,2,0,,,,Septentrional,ca,,northern,common_voice_26_ca,train.tsv,cv-corpus-26.0-2026-06-12/ca/clips/common_voice_ca_35921245.mp3
f68e09280076997e63edff7d22d1147538e45423a2efc0e3f75b3ca1b26a35f94bb50469768bdf58200688279ff4191ff9e4662313fee6fffa46a1c69af429bd,common_voice_ca_37603200.mp3,5ba8cec2a54d2b50c30fb3658306e1ac6631ec5a64beb002ab8ac6114cf54530,Venir-li a boca.,,2,0,,,,Septentrional,ca,,northern,common_voice_26_ca,train.tsv,cv-corpus-26.0-2026-06-12/ca/clips/common_voice_ca_37603200.mp3
25fd6b4ee846c6175a4b9aca430ea9c027648c5208c19e58af6219626b6e73418c62cb5ad9fb418620b0ee37b5c9cfb8219a8273cacbebb46009165848567757,common_voice_ca_31176291.mp3,bf71e95b6add36f76d8545cc06e78e199d0ac88ad93ae236e1f41e9af1f58e29,Víctor Martínez-Gil és un catedràtic nascut a Barcelona.,,2,1,sixties,male_masculine,,Central,ca,,central,common_voice_26_ca,train.tsv,cv-corpus-26.0-2026-06-12/ca/clips/common_voice_ca_31176291.mp3
98c0b8ebec2e2ce3bd87e8b347810ba6a48688de1d95b46894fd91724959bdb2911a1b4c77fdce4f5a32aaea6a515dc40c508f71b485b69ac91d7ed287644d3b,common_voice_ca_37855376.mp3,86992384c4459c7729a45964d45f185e37e33ef58bbc7408c656c65482a71a3c,"Després dels soldats, hi arribaren els colons.",,5,0,,,,Central,ca,,central,common_voice_26_ca,train.tsv,cv-corpus-26.0-2026-06-12/ca/clips/common_voice_ca_37855376.mp3
1fdcc13301bd85753da065f098dc612f373e5febd749b51392139f484a21d55ebdaf34d3ba5d8d5dc65c2e7798c8968d42f2ca5e51cce8b25ad5b93514b40fd8,common_voice_ca_32297831.mp3,c05971b1ee6e47c1641eae65da91bc5915a047f64134169a322f51607d901670,El vint-i-nou de febrer en Max va a Castellfollit de la Roca.,,3,0,,,,Nord-Occidental,ca,,northwestern,common_voice_26_ca,train.tsv,cv-corpus-26.0-2026-06-12/ca/clips/common_voice_ca_32297831.mp3
a8b8319bdccca67edac317b794b5c906110d6230f97f3c89228979d366aa4fe0325ea8041adfc9392c14c46675e0ef7d9af4115ac60f5de1462cd992db9a4d95,common_voice_ca_38375653.mp3,ada7255ee14fe575d00b2b3f1af0575ad8006fac8bb4f411824e6bc269ae5314,Amb les novel·les passa el mateix.,,2,0,,,,Septentrional,ca,,northern,common_voice_26_ca,train.tsv,cv-corpus-26.0-2026-06-12/ca/clips/common_voice_ca_38375653.mp3
2b9839c535c184baa87bdeaeb090094e3097ac600fa0acdae80e2783607bc6562cd925ca490568ecc1cb39bf7c48a66847f18529853ccaacd5907a4215f66bce,common_voice_ca_25994557.mp3,2e586954ae3636d4614075ab7eb45f0476c5be14f5f7a01281fea8f774dd630b,"Et diré una cosa, mai més.",,3,0,,,,Septentrional,ca,,northern,common_voice_26_ca,train.tsv,cv-corpus-26.0-2026-06-12/ca/clips/common_voice_ca_25994557.mp3
4e9425dfeef8c0fc5fc72aaedd2cd68479ca2fbbd23d8a1860a9c080e4b84a18331e1d5f1ac77422b3770935ada5a75243fe3e8514ddfa50e6f33626b65da902,common_voice_ca_30884581.mp3,a3e4aaee0f52ff15ce93f8e06a2e5180199a469432e981787043cf4535be4ca0,El servei es proporciona diàriament des de primera hora del matí fins última hora de la tarda.,,8,0,fifties,male_masculine,De Reus,Central,ca,,central,common_voice_26_ca,train.tsv,cv-corpus-26.0-2026-06-12/ca/clips/common_voice_ca_30884581.mp3
9f31767b51f6a5e248a28c2b0589d2f511b44e3ece6c75b045ae87f772fdd67e1f3a7086041e136bbce4f5a906f254bb92a8bd93e73d76d8bb9380b59d48d8d8,common_voice_ca_30866430.mp3,9d983594729fa86795f8fefc3d8efbbfe8fd7bb7abf771ab5ff5e846ba78bde6,He d'anar a Santa Coloma de Farners sense agafar el cotxe dilluns a la nit.,,3,0,twenties,female_feminine,,Central,ca,,central,common_voice_26_ca,train.tsv,cv-corpus-26.0-2026-06-12/ca/clips/common_voice_ca_30866430.mp3
bc69fd0205ea95e14c0a2752aa3fa5047042741c612c426fb830693b31d68179ffb9d3870efd5092b8a43a451912eb9b3dd6ebcb0320d5affcd4e99642704257,common_voice_ca_37817494.mp3,830b1a9363efceedd3c00c551d36d7216f7b5f0b893c601cb2f45cb6024018a9,De la mateixa fusta.,,3,2,,,,Balear,ca,,balearic,common_voice_26_ca,train.tsv,cv-corpus-26.0-2026-06-12/ca/clips/common_voice_ca_37817494.mp3
82595dac2a0e737a2a5a6e5bc0e80975c4d512eb81cdee87b274816eb03db0e05dbd57786bd3e6e01f8947e4382062e906577abdc2c33749bdb1f619cdd8f32a,common_voice_ca_38318722.mp3,a95578b6fdcd97739c97d6044338b0bd7d55c4858a71e4aa32525ed64d223da4,La seua actitud és ressenyable tant en labors ofensives com defensives.,,2,0,,,valencià,Valencià septentrional,ca,,valencian,common_voice_26_ca,train.tsv,cv-corpus-26.0-2026-06-12/ca/clips/common_voice_ca_38318722.mp3
68e5c1e2b5909f71bf20a581dcae64f9764420ec24d53ae26e945bf2e3575f8cc0b881fac0a1153f164d1699942b87d64d2a6eac7f94edfadfc8c8d915193c52,common_voice_ca_37903779.mp3,8aa86578ff72cbdb300f948c8c6028d3cb6a3b4aadbf175a9f1a53d9cec9971f,Ambdues estaven acompanyades de la seva corresponent tapadora i mostren decoració geomètrica pintada.,,2,0,,,,Balear,ca,,balearic,common_voice_26_ca,train.tsv,cv-corpus-26.0-2026-06-12/ca/clips/common_voice_ca_37903779.mp3
082fe97c1a4f1d56270d873d7070459536ff8b978cc59d58540b16793566bca11b22bbe8928d6f9d17decc7608636aa0988aeb7e131afdd4702d5c8279ac29e8,common_voice_ca_37255052.mp3,6ef8ba0d2a6be0e627944985bd426c3c1880a25dca5ced85b7b0cbce9c565aa5,Totes les estructures i solucions utilitzades són senzilles i populars.,,2,0,,,,Septentrional,ca,,northern,common_voice_26_ca,train.tsv,cv-corpus-26.0-2026-06-12/ca/clips/common_voice_ca_37255052.mp3
0336780475a5c299071b7ee8249d4d4f348cfd9cf41651af74abde09d3b98a702ef33c7b0f7aa6e7ccb3bb0f198c604cd5dfdcb5bdf01bbbe5bad0b699b434ff,common_voice_ca_30847140.mp3,96dfa5656a2858539b94fd7f494a551b09e3aaef8d7fd72af6d0ed1be2f1aaa6,Un home amb samarreta blava i gorra de beisbol està lligat a un pal.,,3,0,,,,Septentrional,ca,,northern,common_voice_26_ca,train.tsv,cv-corpus-26.0-2026-06-12/ca/clips/common_voice_ca_30847140.mp3
96a20fd33c05a6777e1611b65b12ac2ec2060662e68c003d533fc477dcef30aa29ea77ad76451009a68a8e932584152cf34aaaa76c5db2b8af871ede8fc0aa1c,common_voice_ca_37762070.mp3,7f26c2258ce47398013be7de2d0cf1612925d3d9031bdd85024dc8fe8455cfba,És una torre de planta rectangular voltada de jardí.,,2,0,,,,Balear,ca,,balearic,common_voice_26_ca,train.tsv,cv-corpus-26.0-2026-06-12/ca/clips/common_voice_ca_37762070.mp3
5ec60a4cfb19d7d4119f0efe0b1c13d2b8634e2e97ebf418b4fadf3159cf5c2e16f53bfa27cdca433dffe433714a82ee6f9bca8b5bcbdc1c8338da0268d1ffa0,common_voice_ca_37603835.mp3,5e3b13a2a7bd31ed112a1c6439ecfecec28d99f6d687b965b3052518799f5996,Inclou els projectes que impulsa cada universitat.,,3,0,,,,Septentrional,ca,,northern,common_voice_26_ca,train.tsv,cv-corpus-26.0-2026-06-12/ca/clips/common_voice_ca_37603835.mp3
b3a2f03bcd91e71f6a5ade93ef8689348bc85a9df60c5bdedf03231317ab858ca6b7fd0d801d20c196292de6939c4827ee9c7b44ade97edb96c43392482fdc51,common_voice_ca_37768533.mp3,7fbb6160be64add69847367b1b97244c344662cc28782d267f519973e37a8690,"Finalment, els alls, els tomacons, l’oli i el vinagre.",,6,0,twenties,male_masculine,Central amb influències de la parla tortosina,,ca,,northwestern,common_voice_26_ca,train.tsv,cv-corpus-26.0-2026-06-12/ca/clips/common_voice_ca_37768533.mp3
4f62b986b8dad6adac45e946de94fa27c1ae041574712e576ec5a27d2349ff859b73fa6f228705d560d25a1f227d6563be1779d5e54bc4a7aca5a1b2814dcc24,common_voice_ca_37631529.mp3,783454205a4dd45851219890eecf8c3e3c2d5cced538960ad74dbbd277c6e283,"Alemanya, amb noranta-vuit mil set-cents setanta-dos casos i mil cinc-cents vint-i-set morts.",,2,0,,,,Nord-Occidental,ca,,northwestern,common_voice_26_ca,train.tsv,cv-corpus-26.0-2026-06-12/ca/clips/common_voice_ca_37631529.mp3
c8039cce170534e4dabd8a34cb9c8959342f588b7d737351d2ef24ca2be9f18cd19a5ab843c890729233226942d6a9ef8fcffc1e8ee6566f337eebb06a56a612,common_voice_ca_32113749.mp3,7560987a19e3291cd42a35c012ba31e8c339e22384d7c11a98189ffd8b5ca413,Sense aquesta tumescència paradoxal no hi hauria novella.,,3,0,,,,Balear,ca,,balearic,common_voice_26_ca,train.tsv,cv-corpus-26.0-2026-06-12/ca/clips/common_voice_ca_32113749.mp3
fe753134f697e49b5a132123c0b6b4c5ff486e237638e2f2760abb3fb264daf1b413b984b2b78c7cab2a10677a6f8a6c8fdcc89a2b5c875b30c99a9f1347f0bc,common_voice_ca_30708318.mp3,362442583377adb97f43e5fd4a09645ba1ffacf84261d439cd9b17f8ce2ce706,Un poema de sabor clàssic.,,3,0,,,,Septentrional,ca,,northern,common_voice_26_ca,train.tsv,cv-corpus-26.0-2026-06-12/ca/clips/common_voice_ca_30708318.mp3
518e58a4f0a5b66120d2443edfa57078192a07bde1fdf9b4d4c10247089d9acca79fff09bbff9ec3a7892261b34375eb71f33f5b9123a729afd0789f3de803e6,common_voice_ca_38844459.mp3,c4ad66bbebe4cf67217397e754a85595ca7feda83dfc12917cdf470d67cb8b5a,De debò et creus legitimat per a donar-nos lliçons?,,2,0,,,septentrional,Septentrional,ca,,northern,common_voice_26_ca,train.tsv,cv-corpus-26.0-2026-06-12/ca/clips/common_voice_ca_38844459.mp3
46513e8760ea724153fcd1accce8325e3b59d50bd1d37082276b35dfdff1caaa22b09f49d85010a21accc25bcbbf01d587efebf7b011ac8226f4c1750e1bbcbc,common_voice_ca_37601865.mp3,5719663771936159a02dbd5a3223666705609fdc2690f5ef16dda4410a787273,Estar al plat i a les tallades.,,2,0,,,,Septentrional,ca,,northern,common_voice_26_ca,train.tsv,cv-corpus-26.0-2026-06-12/ca/clips/common_voice_ca_37601865.mp3
8f78b4eaeb9dd44b6459e50a615ad298d58b8b059192a3d84a6ab9f3ee31995fc5f2d9a5cc53f04ec3367fd662bc566bde33cc614cf65f9a71acafdade0e3d3a,common_voice_ca_20499809.mp3,2ec152d39f2dc26d121dd230d1ff358a4deb03b1719884fc92506e5d2e412da9,"Consta de tres pisos, coberts amb voltes, i golfes.",,2,0,thirties,female_feminine,,Central,ca,,central,common_voice_26_ca,train.tsv,cv-corpus-26.0-2026-06-12/ca/clips/common_voice_ca_20499809.mp3
a8be29239309ec46a2d45aeae724bc7e86552a95837aa5364266a0b99a1413174b0b5fb4882078df8986562307e2451d3b150d49260fbf1b1d14f994a95ddb82,common_voice_ca_34987746.mp3,3e4515108ba8f06e7350572f85604d0ce2af5b64d03e0f74f7a67d28d9a6daff,"El meu número es el sis, zero, vuit, noranta-sis, vuitanta-cinc, quaranta.",,2,0,,,,Central,ca,,central,common_voice_26_ca,train.tsv,cv-corpus-26.0-2026-06-12/ca/clips/common_voice_ca_34987746.mp3
da0cd7d06644ad70485d16242032e69cc0efb4389edd0c6f89e12ea57ca0d2e7ae2523b2048bb4a417cd01fe485097e3bb24e7f8db188fba19c4447d42e095c7,common_voice_ca_30937053.mp3,b83efb506566f772050e2333160580d8019090853cbfc5a5cfe49642ff3e9574,No no ja està tot.,,4,0,,,valencià,,ca,,valencian,common_voice_26_ca,train.tsv,cv-corpus-26.0-2026-06-12/ca/clips/common_voice_ca_30937053.mp3
7e8c9544511be24f5b2aa55699eca25c5de8964daa75a82e9c88770e268f7d45b0fe33b6c25e6ea527c138336bd88b3d1fd53503c9aa966c8d2c2cd9554e6b25,common_voice_ca_37920541.mp3,8c3b8eaa5de19663fd1fa59e64e3fa915fb6b167ea95dbf02c3946a0203a026e,"Durant molt van ser un privilegi per als nobles xinesos, essent-ne prohibida l'exportació.",,2,0,,,valencià,,ca,,valencian,common_voice_26_ca,train.tsv,cv-corpus-26.0-2026-06-12/ca/clips/common_voice_ca_37920541.mp3
458cc9429f1fe740f093f20c3a11dd9e995942d274a3c16e4982acd88d3323aa05ddcc884aca24676a4cea186146989123fe0092ecdb08e9d4855fe27c8eb59b,common_voice_ca_31117651.mp3,eddab40c1e1ea7bed9014e92ecfd72a43bbae2029d49883dc7ab5e2130dccb8c,També va actuar en algunes pel·lícules índies.,,4,0,sixties,male_masculine,,Septentrional,ca,,northern,common_voice_26_ca,train.tsv,cv-corpus-26.0-2026-06-12/ca/clips/common_voice_ca_31117651.mp3
959498c61f1ef87bfd3be06445a34d61bf8c781d546a9fbc74ec836d09fb01cd9b82b2ff46bf416c66ffa35575940ee0a14332418c8fee83943986d234ff84c8,common_voice_ca_36844427.mp3,5dac4f2fd62b145258a9e366e7e2811a079a8b464afb3e916206062fba74d8ad,Per Cap d'Any na Nina i en Rauric iran a Sogorb.,,3,1,,,valencià,,ca,,valencian,common_voice_26_ca,train.tsv,cv-corpus-26.0-2026-06-12/ca/clips/common_voice_ca_36844427.mp3
c72082f1de7847fa337c3f66caff86f941ee074cc9a97de88437c05c2f57133f714d21f8c41c91d9971aad2bba47a5f729cbb9acb27cb60b0d6fd80e2840b5e5,common_voice_ca_30854368.mp3,996ca31d1f52b104c004e9b5897ab836cc2214dc9b56b5d8cacf4f4cfa003c5e,"Al contrari, pensa que no es pot fer cap millora.",,6,0,thirties,female_feminine,valencià,,ca,,valencian,common_voice_26_ca,train.tsv,cv-corpus-26.0-2026-06-12/ca/clips/common_voice_ca_30854368.mp3
23679a8a0a672b2cd1859f5c8634463964b1245ccdd4882f2c7b50d4fcbcec324de1406968d9852f443c2d36b382e8af414e7e10301568e2dc698659357abf87,common_voice_ca_40480224.mp3,e7946b1789dab8bfbffb4489da31cff122bbb359157d822f1ef8f12d982ee50e,Dimarts na Dolça i en Drac iran a Sant Isidre.,,2,0,fifties,male_masculine,valencià,Valencià central,ca,,valencian,common_voice_26_ca,train.tsv,cv-corpus-26.0-2026-06-12/ca/clips/common_voice_ca_40480224.mp3
d5cf4a445832eb02090db3814726cc4f75f3145a75d214725048f55c3c40414cd4d451f9a2a2831ca7253b688940fa5e976bb9893f6c58b1a5b79de54df022a9,common_voice_ca_32540096.mp3,1042bd9e24f718c0221b0fe342145fa4f941878004ee4eab9ada9eeb0058066a,El nou d'octubre na Júlia irà a Guixers.,,3,0,,,,Septentrional,ca,,northern,common_voice_26_ca,train.tsv,cv-corpus-26.0-2026-06-12/ca/clips/common_voice_ca_32540096.mp3
458cc9429f1fe740f093f20c3a11dd9e995942d274a3c16e4982acd88d3323aa05ddcc884aca24676a4cea186146989123fe0092ecdb08e9d4855fe27c8eb59b,common_voice_ca_31118171.mp3,edf97226a0a16bc275259cde2805ccd2e8f12d5c6af5e503a85ad5cbe848e4a1,Aquesta xifra és una estimació d'Estadístiques de Noruega.,,4,0,sixties,male_masculine,,Septentrional,ca,,northern,common_voice_26_ca,train.tsv,cv-corpus-26.0-2026-06-12/ca/clips/common_voice_ca_31118171.mp3
f6bae72608235f2079672dcf4ecbd58c84873978bb4015fa751a9d82a6f73d949e98cb1e92969cf93a95c37d4042899f72c8dc1973aa7873a86bf44bf75782f1,common_voice_ca_30809714.mp3,89f6b82e528f658830e2b5748bd3c0142cb499eb29c4fafb5e088f9ed3b233b3,"Mansoor Ijaz va ser un dels principals protagonistes de la controvèrsia ""Memogate"" del Pakistan.",,4,0,,,valencià,,ca,,valencian,common_voice_26_ca,train.tsv,cv-corpus-26.0-2026-06-12/ca/clips/common_voice_ca_30809714.mp3
96c4d1dc872b9e5b1fc500686bbd73f6348b56ecca9fb7d942c11447ee468ee226fde504251282725d99a732f7d082aa45c43726ba68e31bbc85a881b0af48c1,common_voice_ca_30969691.mp3,c58236e6c76ae84c56c35a6d643688fe87e67efdeaec9b398cff3a2625f6eb00,"El seu cognom és Gorriz: ge, o, erra, erra, i, zeta.",,2,0,,,,Septentrional,ca,,northern,common_voice_26_ca,train.tsv,cv-corpus-26.0-2026-06-12/ca/clips/common_voice_ca_30969691.mp3
430858a4e8f1edf1598fb0ec994b619f37e78cbf576a431c639ed23645f21652933036cf45763d96115e25e5cca883fce7e324c03232d67b2afe9c1c9743cd41,common_voice_ca_33348037.mp3,c0bdbd8cf786b88fe82bf5163094c7ff7ef14ce40b61384c94ffd7e05dbde797,En cada accés es permetrà l’entrada de cent vint-i-cinc persones.,,3,0,fifties,male_masculine,,Central,ca,,central,common_voice_26_ca,train.tsv,cv-corpus-26.0-2026-06-12/ca/clips/common_voice_ca_33348037.mp3
729ac774d26f520f8c985eaa2f4a4d610e7064dbbb4b6504c5304b1f1f6b94b21b19a0302e12f7a9bddc32765b82787bfab279fc90772394441780b6f689e2b9,common_voice_ca_31959722.mp3,55a655463f285a0b4bce136037c892543ee018bad63f02b147432e5b7b7e4ea9,El vint-i-tres de maig en Mirt i en Quim iran a Rubí.,,2,1,,,,Central,ca,,central,common_voice_26_ca,train.tsv,cv-corpus-26.0-2026-06-12/ca/clips/common_voice_ca_31959722.mp3
862539a33ebcdd7b133410e28f64a12a0b90a61da84f6b18fed21e9001f4ed7dbd0c7092551ea36179a88a663b56853a68b83051adc439981cee6933b5fa115c,common_voice_ca_23889020.mp3,bd3d284f72725404d0be71c7e8cb189ef9796556852a23c20579622bba770e98,"Cal no confondre'l amb la gandalla, una altra peça tradicional per a lligar els cabells.",,3,0,twenties,female_feminine,valencià,,ca,,valencian,common_voice_26_ca,train.tsv,cv-corpus-26.0-2026-06-12/ca/clips/common_voice_ca_23889020.mp3
107839c0a57701a2cb8b87344d30ac8f93828c76afde5d281264928a93715f923e4ec713b727979c85c6f6f4024eff43a326b31723e343c6cb5ce2055b8351b5,common_voice_ca_30898603.mp3,a94e820079046d189ab0a3b0135283522db8db403c7df98298a4b832d452bd72,"Les locions d'afaitat consisteixen habitualment en una emulsió d'olis, sabons o surfactants, i aigua.",,2,0,fourties,female_feminine,,Septentrional,ca,,northern,common_voice_26_ca,train.tsv,cv-corpus-26.0-2026-06-12/ca/clips/common_voice_ca_30898603.mp3
f4876ef39bda4d5be1bce2491b5a33de77df6c2b0c2ef119b3ae07aac9e00f83325606fdf925f154c44eda0a27d6c4d5248828e427cf4ee37d0180592d4000c0,common_voice_ca_37699517.mp3,7d6095928862cf8f1bcc7f1682d3ff381848682d615c7903078332634bf7047e,Hi figuren inscripcions i un escut semblant al de l'altre sarcòfag.,,2,0,,,eivissenc ,,ca,,balearic,common_voice_26_ca,train.tsv,cv-corpus-26.0-2026-06-12/ca/clips/common_voice_ca_37699517.mp3
5e19fb22705cc43f5bec307c7c85ebe5e436379074f119e2ca86c6718949cbb53beefcfc70bb350675c40155c0b5673d4d68966330c9516029e96d5b77d78e3c,common_voice_ca_33834866.mp3,3078aedf2abfe470f3984636c2c149ddd297d2487f66de97496070672af388cd,"Apunta el sis, quaranta-nou, seixanta-tres, trenta-u, noranta-set com a telèfon de l'Aaron Cotillas.",,2,1,twenties,female_feminine,,Balear,ca,,balearic,common_voice_26_ca,train.tsv,cv-corpus-26.0-2026-06-12/ca/clips/common_voice_ca_33834866.mp3
8de170a9e19406656db4500be58eee1826d78b036fcc3c4da3f7fe17bcd8e528b7750e28fe1527b8752b41b25e3910e4b7469ab3c9572e1a69d670d0e9e7a252,common_voice_ca_38687669.mp3,2f6c4e34513f34d4169344644c40515a58027c943b0879b425b4e68c372b0d33,"Un dubte continu, arrossegador.",,4,0,fifties,male_masculine,valencià,Valencià meridional,ca,,valencian,common_voice_26_ca,train.tsv,cv-corpus-26.0-2026-06-12/ca/clips/common_voice_ca_38687669.mp3
7f24896be12622e563222917ae8a855fc6f151b7a5e627055e95a83b1d0736d3bb85328a34d9ba38258b5f655ddbb8be027144871388d2390a98d0a870f8c672,common_voice_ca_37659021.mp3,7b343a4f6f4a9d2013a6b8cee79ce3b8fd389a01592644b9eaf0731cdb92a496,"L'estació també proporciona una anàlisi addicional del joc de l'antic entrenador dels Saints, Jim E. Mora.",,2,0,teens,female_feminine,,Balear,ca,,balearic,common_voice_26_ca,train.tsv,cv-corpus-26.0-2026-06-12/ca/clips/common_voice_ca_37659021.mp3
94e35257b313c65bf8a4be9eb63b11e988ebbc244ef1fdcbe1e2cd71d0af95ac8017134ae4a7c3b255d20d4a703fb4b2333508ecfba56a0b602e23dd2cb4fe7d,common_voice_ca_36875993.mp3,5f1ec7dbc5da8ae0cd244ea2c693400a51c13ac00941a7ebe8e5feb785ecf7f9,Les proves de verificació i el desenvolupament del programari de sistema s'estan duent a terme a la Universitat de Delaware.,,2,0,,,,Balear,ca,,balearic,common_voice_26_ca,train.tsv,cv-corpus-26.0-2026-06-12/ca/clips/common_voice_ca_36875993.mp3
e76ff954ef022ed306093a7f5d107c8ae9c0e476b9ca2a099125125f29a81e22cf196346c3fa51be5e5a3596cdd700dbd1fd12ad6b4d47cf76159efee7d1c0ed,common_voice_ca_25141353.mp3,133ccbd471519e7ce728aaa15f7e0fc66d6a9353407adb81bf11cfbad0f1eed4,"""T'he esperat tota la tarda i el vespre"", va dir.",,2,0,,,,Nord-Occidental,ca,,northwestern,common_voice_26_ca,train.tsv,cv-corpus-26.0-2026-06-12/ca/clips/common_voice_ca_25141353.mp3
95c2c4433dd41d7dced5df4673508fb07bc2214f67c327f08a4d666a489c863acd883e9fd72c01070c3b828c8531394363d706e2943439d655d8156aca1e3451,common_voice_ca_30784887.mp3,808aef1103eec74058679fe364987c425b057d21a200b1538dd4350897f2e4f9,A quina hora passa el primer autobús per Montmeló el cinc d'agost?,,3,0,fourties,male_masculine,,Central,ca,,central,common_voice_26_ca,train.tsv,cv-corpus-26.0-2026-06-12/ca/clips/common_voice_ca_30784887.mp3
18b25ce04b9c8b057c14ec884e3a1a4b9ecafceeccf3155ace6b616a18d4570b9be6a007b9927f49e86afd9623c19586776899a78f735de93cb769a858f5709c,common_voice_ca_20560400.mp3,31f7818b23ccc2bb27c279ae448cd7581bfc8f160e0e6ee44e820e2aa4985aa6,Aquests estels binaris on les components són una geganta vermella i normalment una nana blanca.,,2,0,thirties,female_feminine,valencià,,ca,,valencian,common_voice_26_ca,train.tsv,cv-corpus-26.0-2026-06-12/ca/clips/common_voice_ca_20560400.mp3
6b4287c9eb8e7e9f84cec31d1c3bcf425639abea050b2605fc0b941de15907254cfa1d001edadadbf506a74d90871ebb488073d2e89d4acc3e542f0d5fd4616c,common_voice_ca_31397689.mp3,14ac67f95269609fa665743b101f85b3e2bc41a7e79f058a346ba82c540f2e2a,Un nen petit està pintant un plat.,,2,0,thirties,female_feminine,,Nord-Occidental,ca,,northwestern,common_voice_26_ca,train.tsv,cv-corpus-26.0-2026-06-12/ca/clips/common_voice_ca_31397689.mp3
77cd12af0a3d1d8cb64dd577bd2d50ac057d816694e8bc04089a6adb90e53ad6cbe9fe6aaf52596450e0c8178d8f9b88a545b27adcbc89bddf4d7c4bc4dd31fd,common_voice_ca_20495956.mp3,2f185b78430e2ddde4ae3d544e89c473d990425449e14136b701c3dac12dba60,"Organitza nombrosos esdeveniments cada any amb la presència de destacades personalitats polítiques, econòmiques o empresarials.",,4,0,thirties,male_masculine,mallorquí|Inca,Balear,ca,,balearic,common_voice_26_ca,train.tsv,cv-corpus-26.0-2026-06-12/ca/clips/common_voice_ca_20495956.mp3
f33dfff706b6ca4bb4225d8d462a5a8df8a39177bebc71fe3b1b967557223f7608989d6a8c2992bcb4a36c846e977fa379425753b880690ae2120e888bbb01b2,common_voice_ca_30840758.mp3,94a55463c3da8703efaedeb4add8fca474dd12d74b6342b0b5534b866da54453,"La pel·lícula no conté títols intermedis, el que la fa difícil de seguir.",,6,1,,,,Septentrional,ca,,northern,common_voice_26_ca,train.tsv,cv-corpus-26.0-2026-06-12/ca/clips/common_voice_ca_30840758.mp3
bc69fd0205ea95e14c0a2752aa3fa5047042741c612c426fb830693b31d68179ffb9d3870efd5092b8a43a451912eb9b3dd6ebcb0320d5affcd4e99642704257,common_voice_ca_37817492.mp3,82e7d5b731fee65da532edf8f2a0f48daf618d1418909b77b9d6093ee6dde3f6,Després fou nomenat director general d'impostos i rendes.,,2,0,,,,Balear,ca,,balearic,common_voice_26_ca,train.tsv,cv-corpus-26.0-2026-06-12/ca/clips/common_voice_ca_37817492.mp3
7dc80454edecce4862042fde068b9c67e9f70785f9aa87481a9ac117b43c3e0453c7f545b873dc5fb06e1af2029db067cab40a7ae8517a4570643a9d76e6c2d2,common_voice_ca_30802846.mp3,8789bc7e117c007a10e5f0bf0117dccb62aeefa3587daa2ec936b6ab4342c3bc,"Al començament de la segona meitat, Gorica va prendre la davantera.",,3,0,,,,Balear,ca,,balearic,common_voice_26_ca,train.tsv,cv-corpus-26.0-2026-06-12/ca/clips/common_voice_ca_30802846.mp3
2f5536ba6dc7d8e76ec8a5246235aed684faac48f165350b5a44652704514d7aedca474fbba37786bd502025a29c98c100b326711bf109af66b555c3a916e020,common_voice_ca_36153929.mp3,4f65b7fce2c70c91d74fa8dcf5864f56f613850d85ce341b7dda3903657ee25c,Potser por de morir.,,3,0,fifties,female_feminine,,Central,ca,,central,common_voice_26_ca,train.tsv,cv-corpus-26.0-2026-06-12/ca/clips/common_voice_ca_36153929.mp3
9066801d6ea9e4a7fb62b7b0a77e7d35a0c15420776e63356c290df33f1c5e005bd711a408a0443f0b5b08608488dd9934fbabe22b7d1948e3bdfc5f0e91e07c,common_voice_ca_31336801.mp3,09c43ec73a6e46a2bfc570354b7d4073f6b40a5ab3d9c96301af0fed768fe014,El turisme es va convertir en una font important d'ingressos des de mitjan anys noranta.,,4,0,,,Tarraconí,Septentrional,ca,,northern,common_voice_26_ca,train.tsv,cv-corpus-26.0-2026-06-12/ca/clips/common_voice_ca_31336801.mp3
0336780475a5c299071b7ee8249d4d4f348cfd9cf41651af74abde09d3b98a702ef33c7b0f7aa6e7ccb3bb0f198c604cd5dfdcb5bdf01bbbe5bad0b699b434ff,common_voice_ca_30846507.mp3,96d21ac9a9ae4bc48895017b7a848f6d1fa2341cb5119c20f3763f93c718bdc3,Luther Wilson era estimat i respectat per tothom.,,3,0,,,,Septentrional,ca,,northern,common_voice_26_ca,train.tsv,cv-corpus-26.0-2026-06-12/ca/clips/common_voice_ca_30846507.mp3
3dfec312f790c985434c214abdf9e2c44cb02530a7f55b1be99aae1a96b594b1f172794845f5697147e2ee03e0c11d6abe92331f976a86efeaee9772452bbf06,common_voice_ca_32150500.mp3,898459a64230e2ed5cf1b39ec9163312a8be18a8aaf46e9804e5152d5872ce4a,El nou d'octubre en Peris i na Cloè iran a la platja.,,2,1,sixties,male_masculine,,Balear,ca,,balearic,common_voice_26_ca,train.tsv,cv-corpus-26.0-2026-06-12/ca/clips/common_voice_ca_32150500.mp3
95c2c4433dd41d7dced5df4673508fb07bc2214f67c327f08a4d666a489c863acd883e9fd72c01070c3b828c8531394363d706e2943439d655d8156aca1e3451,common_voice_ca_30785040.mp3,806cb9fd8731547cd79f0b0021604d00a07fa4577c4f48f1a8713e3b916a0a20,"Encara està dempeus, en gran part intacte.",,3,0,fourties,male_masculine,,Central,ca,,central,common_voice_26_ca,train.tsv,cv-corpus-26.0-2026-06-12/ca/clips/common_voice_ca_30785040.mp3
aa8eb38159cf771b1f6f3778e2f6f9b66588dbfbc2345e28e11406514a6dc77f241aab0f341bee52d361132bdbaa9f02aa0411e87d47733b18a6d8eba443d2ba,common_voice_ca_37651212.mp3,7aa79512e6e67f0d80cd69cf9e35a24c4f2c82e7ba21d5eb45fff61b03dc1334,"Aquests diputats formen el ple de la corporació, màxim òrgan de govern de l'administració provincial.",,2,0,,,,Septentrional,ca,,northern,common_voice_26_ca,train.tsv,cv-corpus-26.0-2026-06-12/ca/clips/common_voice_ca_37651212.mp3
10ecc1c21897445b632068bef3e6340aaaea0162ada888a98bf7a41f42147601cec94bfc6ddd2d2467356559e16b4550292e5c59729ffb061b0063d96cbbddae,common_voice_ca_17464724.mp3,a223c7eb9e8fdacd0cae0e15c1fa1e1708baed8f56894868585c2f46185400da,Els seus membres són sempre poc nombrosos.,,3,0,fifties,male_masculine,,Central,ca,,central,common_voice_26_ca,train.tsv,cv-corpus-26.0-2026-06-12/ca/clips/common_voice_ca_17464724.mp3
476d864483b18cda82a7bce11a5aeb5930fa4f37ee6e6062052b7e19362dc7a43e9fffefad082290e1a58da413adeeb3a9998a90a14013727bb07c26bbc36a3a,common_voice_ca_25899080.mp3,2c230020eef98d2eaf2073c884a511618f976fa67b63e7d866ccde722f3b6c1d,Les seves aparicions a la televisió el van portar a fer carrera en el món del cinema.,,2,0,twenties,male_masculine,valencià,,ca,,valencian,common_voice_26_ca,train.tsv,cv-corpus-26.0-2026-06-12/ca/clips/common_voice_ca_25899080.mp3
35a724bdfe9ca06b6552bc1ac54da0f15ef5f4032790149316ecf1c195c8501ef5ea1a23760a8e4ad4ee39d8c9f065f9a8af6886a3794d91e72acbac4344e627,common_voice_ca_31340148.mp3,0a6237778321589e56df47b8b279088215eec401f151468e2599d6aaa37bcda0,M'agradaria anar al passatge de Vicent Martín amb trasport públic.,,2,0,,,,Septentrional,ca,,northern,common_voice_26_ca,train.tsv,cv-corpus-26.0-2026-06-12/ca/clips/common_voice_ca_31340148.mp3
5373d9b5ddba5b3c9b74f66afc69eb5e2c2be533b6326125a45ecf198b498a83017c558851b0513fa1a120cd78155a5033b794b59dc88997622f1ac06db2f570,common_voice_ca_31929943.mp3,4cf453759291583be0095c54120ccc8d893b014cd5b27e5da50de58628eae452,Demà passat na Cira i en Drac aniran a Quesa.,,4,0,,,,Septentrional,ca,,northern,common_voice_26_ca,train.tsv,cv-corpus-26.0-2026-06-12/ca/clips/common_voice_ca_31929943.mp3
179b966bc24ebe7594424d4c74a4145e89cc914b28f35bd759f8a892d2780eed4a149609d9b4ab9b5b9d776e44f7f819a3513a24a5b38600c1cb1b9b3b402784,common_voice_ca_37765346.mp3,7f781438d1d2b4b02a57dbe643729cb232efcc6e6e6532a4cc3e5fa67094abc6,El club és propietat de l'ajuntament d'Istanbul.,,2,0,fourties,male_masculine,,Nord-Occidental,ca,,northwestern,common_voice_26_ca,train.tsv,cv-corpus-26.0-2026-06-12/ca/clips/common_voice_ca_37765346.mp3
e923bc62a2f8eb6dea618c7fd46a74ff7f42a592ccba2c936c2d38a50d443bb015e35fea1bab4b5a2e79b41fd6d2ea5ba3eaaa918f234e548da200688ec69016,common_voice_ca_37602947.mp3,593d5fa0f5823dd76723dff19f10c770ede2c194112258b0b58271f8c35497c3,De cara a l'exterior.,,3,0,,,,Nord-Occidental,ca,,northwestern,common_voice_26_ca,train.tsv,cv-corpus-26.0-2026-06-12/ca/clips/common_voice_ca_37602947.mp3
2b9839c535c184baa87bdeaeb090094e3097ac600fa0acdae80e2783607bc6562cd925ca490568ecc1cb39bf7c48a66847f18529853ccaacd5907a4215f66bce,common_voice_ca_25994555.mp3,2e2639c4f2f32edc5320559438192eb998cfa8da1e104659c780ca3540448100,L'exèrcit no tenia prou homes per resistir l'embat soviètic.,,3,0,,,,Septentrional,ca,,northern,common_voice_26_ca,train.tsv,cv-corpus-26.0-2026-06-12/ca/clips/common_voice_ca_25994555.mp3
0b436ee8ed7ec3f70b0ba472845a08a34e59a75fad556ab39cc54a2a1738b7cbef3eec316463d70b928597696d9c93eb9d05e03f127552800d5989e7b582a2be,common_voice_ca_17522691.mp3,4dcdad412fe16cffcbcfd67aa6bb9fffc83e20a42dcdcbc33ba61dbef79ba04e,"Apa, som-hi!",,3,0,fourties,female_feminine,,Central,ca,,central,common_voice_26_ca,train.tsv,cv-corpus-26.0-2026-06-12/ca/clips/common_voice_ca_17522691.mp3
85f920615366f0cf8a52ea6d4c7dd9127fdae1e57064be03ecd5656fb9cfe8ac9c60c3a7dc455b01e2fac2235c3287da74ec407cb77b48728af2d7f7f09011b4,common_voice_ca_30746704.mp3,74284ad17d55821389f445891a95e1103a135fffd71c54272c4107e15b573526,Hauria d'anar al carrer del Doctor Valls número setanta-cinc.,,6,0,,,Tortosí|Ebrenc,,ca,,northwestern,common_voice_26_ca,train.tsv,cv-corpus-26.0-2026-06-12/ca/clips/common_voice_ca_30746704.mp3
b7fc6c36d8fb8d799a53b2157da00ae1aa34e3c0eeaa96154da4f287479bb7ef2d0ba725382ebe5941e66e16765eeef6becd705c750d1ea279a4cf1ef43215a2,common_voice_ca_30810154.mp3,8a16c2829573ee73198e3fbc10120fc9d0329b6c7988bea76d32b8387b6a74e2,També té filtres contra els làsers per protegir l'operador dels làsers cegadors del camp de batalla.,,3,0,,,,Central,ca,,central,common_voice_26_ca,train.tsv,cv-corpus-26.0-2026-06-12/ca/clips/common_voice_ca_30810154.mp3
c8bdd35efab331ce8fa9437c57b1768007db3cc093faf0da5f6a3e4b89cdc1690203dbe29207dd2b7fce62eda7a1746720cc01f757550657ad82eca1d714011f,common_voice_ca_28689922.mp3,5b99512a7997b19b57e7235ee6b8874433722bed4f63bfd0a08cea530cb1e05a,Aquest contracte preveia l'establiment de Freeport Tortuga.,,2,0,twenties,male_masculine,valencià,,ca,,valencian,common_voice_26_ca,train.tsv,cv-corpus-26.0-2026-06-12/ca/clips/common_voice_ca_28689922.mp3
7242fa8b72a095444836cdc86ba71dae2c5905028b81a753ca46a42622649a0dcd6fa29c50a2033ca4a38b868820cd810bc02ecc161bab33d89cbab5a9ef09c8,common_voice_ca_17630330.mp3,f33b9fe6f936653799cd35076f2b4eb4301d52f89611352475d5fbd87e246f2e,Es van mirar.,,3,0,fifties,male_masculine,,Central,ca,,central,common_voice_26_ca,train.tsv,cv-corpus-26.0-2026-06-12/ca/clips/common_voice_ca_17630330.mp3
1bd807fe70963a622b924a58d4569ff95c8046941a479ff0d6f398b3ccadadcff39100ecddd73fd7c26e158ccc3264367d0021cf56a15317af8c076852f09764,common_voice_ca_30934163.mp3,b73b56ea3f61c06fc19b46d73e7fa82b26b4cc3c97cf676a6a00a5dec144fc55,Anirem a la Canyada a peu.,,6,0,,,valencià,,ca,,valencian,common_voice_26_ca,train.tsv,cv-corpus-26.0-2026-06-12/ca/clips/common_voice_ca_30934163.mp3
f33dfff706b6ca4bb4225d8d462a5a8df8a39177bebc71fe3b1b967557223f7608989d6a8c2992bcb4a36c846e977fa379425753b880690ae2120e888bbb01b2,common_voice_ca_30839868.mp3,94786b7e156524e73ace6a76a583a86fc32ee85358f635e54b9fa0e5044d11be,"Els pilots eren els capitans Armbruster i Ansermier, tots dos suïssos.",,2,0,,,,Septentrional,ca,,northern,common_voice_26_ca,train.tsv,cv-corpus-26.0-2026-06-12/ca/clips/common_voice_ca_30839868.mp3
1a6371c91b1751a2ff7f9ef9632f45d838168f6a6bb4366eac74f068db2152e6624c118cc68b31c1d8e48c3427022437fee465f4cbadbb38fe235fb33083296d,common_voice_ca_36751922.mp3,5a43e61b42ed0e4d9d5a93482cf0aecd911c14a1491242a6f8a91099e6adfc12,Va combinar la literatura amb l'exercici de farmacèutic.,,2,0,,,,Nord-Occidental,ca,,northwestern,common_voice_26_ca,train.tsv,cv-corpus-26.0-2026-06-12/ca/clips/common_voice_ca_36751922.mp3
aa1e72e9d0ae447314f69ec78fab304c4301e7cb188e777635f393a52beef901e1ff6b935b3a8820ad017109f1002cfd16469f4c2f15e228768e17abafa2e1e9,common_voice_ca_32236670.mp3,a5e73bac292febaedac86ead19aa7f780608c2f4f37f02d57813021d9ad864b4,Diumenge na Cira irà a Palmera.,,6,0,thirties,female_feminine,Neutre,Central,ca,,central,common_voice_26_ca,train.tsv,cv-corpus-26.0-2026-06-12/ca/clips/common_voice_ca_32236670.mp3
510790c5f6aafac8a398ef3ca0627eb095cbe5b7d1b1009e90ca468ffaa2fa674f00e0e0b96ab3e0efb94d0b87914b0bd6dc9b95d53d8c0dcad28942e0ff701e,common_voice_ca_37206112.mp3,6cd4b08c23a8f036d0c46adacc78ccdbd1b2100b577a5f512ed795fa9bffbc94,Dimarts na Neida i na Queralt volen anar a Olost.,,2,0,,,,Central,ca,,central,common_voice_26_ca,train.tsv,cv-corpus-26.0-2026-06-12/ca/clips/common_voice_ca_37206112.mp3
b289042e049810e9cd0bf2294bb591b124ddf0427c3d23f65fe2166a42cf0594299239d247e76f9399965bf93226228520ffdc624ec528438584b73ede50994a,common_voice_ca_40006036.mp3,d96358b6720f1776521256455c2238324ab5f2c42f7411cdf400eff5fdee2420,Costart va anar a l'escola pública de Calonge.,,4,0,,,valencià,Valencià septentrional,ca,,valencian,common_voice_26_ca,train.tsv,cv-corpus-26.0-2026-06-12/ca/clips/common_voice_ca_40006036.mp3
9a37648f8ecc2dc0310ad8f83aac36643460912de4983f2e3eb0ee05227d5e38e135df74728a827941dc6d2cc893323fe005f514caeb50947a0a28374ab459b3,common_voice_ca_30790250.mp3,8397561861b0c012caef90e50d167e23b27425456f50f3b7b7f65c08590378ad,"El shell del sistema era extensible, la qual cosa permetia definir nous comandaments.",,2,0,,,,Nord-Occidental,ca,,northwestern,common_voice_26_ca,train.tsv,cv-corpus-26.0-2026-06-12/ca/clips/common_voice_ca_30790250.mp3
7e8c9544511be24f5b2aa55699eca25c5de8964daa75a82e9c88770e268f7d45b0fe33b6c25e6ea527c138336bd88b3d1fd53503c9aa966c8d2c2cd9554e6b25,common_voice_ca_37920544.mp3,8c12359b3feea6e55765730d828ebd5c3b896fa53d5e4bf1ee094d7767e1a3ac,El nou d'octubre na Lara irà al teatre.,,2,0,,,valencià,,ca,,valencian,common_voice_26_ca,train.tsv,cv-corpus-26.0-2026-06-12/ca/clips/common_voice_ca_37920544.mp3
5e45fdb2d771efe60f62a2c69dcfaecfe3229304653cd95da4944f997c7b36d88c5b95e7e4325b1c8667b2717b7112c532915bca7d9ef002368129c0501bad35,common_voice_ca_30751982.mp3,75f61ad8d8c5ce6d58f7fd2471cb23e1375937223a4ef46f6a8d8d690d1c7b00,Cridà a tothom que entrés,,6,1,,,,Nord-Occidental,ca,,northwestern,common_voice_26_ca,train.tsv,cv-corpus-26.0-2026-06-12/ca/clips/common_voice_ca_30751982.mp3
e3764c738c1c1fa6c063aecd70e041588a2a0762fb4be037f7fd5bac92482ed7ccc166f166ae166637df0ec05244c00c8fba7e726872247adb9b8f2c85cc5aff,common_voice_ca_31954864.mp3,543dac184517503f7cf1a9990942c4b0391a8031e98c17a6679e1d21ac9299bd,Dijous na Greta i en Marc aniran a Montblanc.,,2,0,thirties,male_masculine,,Balear,ca,,balearic,common_voice_26_ca,train.tsv,cv-corpus-26.0-2026-06-12/ca/clips/common_voice_ca_31954864.mp3
bd24eb79a3f6592892711a17449820fd1f0e0f428fa3e8a78bb1e5a415fd5271741dd197dc18561eff0a19451709221c5ac4aaf0ff91d5523b887a2d71ac2b49,common_voice_ca_37560254.mp3,d231f1efbe8f115c1f34f3b39c4c83820cd4e5ae0bb4db45705e5a70d9a34706,Clavar o donar una perruca.,,2,0,,,,Balear,ca,,balearic,common_voice_26_ca,train.tsv,cv-corpus-26.0-2026-06-12/ca/clips/common_voice_ca_37560254.mp3
8605a4de41c0ea53dcc412a06e2f9f8efdae397b555b30f59ccfdbeb168eff60119542c019930c4bbee3c0a4f503280823d93a812d91d7853093e8ad2973eb04,common_voice_ca_37633414.mp3,788f1cb1edc7532cbcf3a2056bfd2c0a323b67a50bcb489664094dc8c0f5fe66,Pedro Bertran Monistrol va ser un dibuixant de còmics nascut a Barcelona.,,2,0,,,,Septentrional,ca,,northern,common_voice_26_ca,train.tsv,cv-corpus-26.0-2026-06-12/ca/clips/common_voice_ca_37633414.mp3
0b436ee8ed7ec3f70b0ba472845a08a34e59a75fad556ab39cc54a2a1738b7cbef3eec316463d70b928597696d9c93eb9d05e03f127552800d5989e7b582a2be,common_voice_ca_17522600.mp3,7337fe7ced8e852edb751a41824b037607f2a1abe1524f18068b2eee6a749530,El no-compliment del pla empresarial implicarà la revocació de l'ajut i reintegrament dels imports abonats.,,2,0,fourties,female_feminine,,Central,ca,,central,common_voice_26_ca,train.tsv,cv-corpus-26.0-2026-06-12/ca/clips/common_voice_ca_17522600.mp3
2b59e9f830e5ea00c500b63eff4e72553e0c2608f5741d35c226e733400412014d7697bd6efb67bc61b19fd61e40f9ed70fde2589fe0b5498915eebc1c8b5d93,common_voice_ca_37678787.mp3,7c98519d002e78251fd11308a5d84ae9be328a9f876d10f68ed4d7fd0340f886,En Galícia la seva presència és constant en tota activitat cultural.,,6,0,fourties,male_masculine,nord-occidental|Tortosí,Tortosí,ca,,northwestern,common_voice_26_ca,train.tsv,cv-corpus-26.0-2026-06-12/ca/clips/common_voice_ca_37678787.mp3
f4876ef39bda4d5be1bce2491b5a33de77df6c2b0c2ef119b3ae07aac9e00f83325606fdf925f154c44eda0a27d6c4d5248828e427cf4ee37d0180592d4000c0,common_voice_ca_37699523.mp3,7d3797a9a5fe29e017788b94e886fbf9877f7bb4810b688ca0a0436a321c9601,Dilluns na Berta i na Mariona aniran a la platja.,,2,0,,,eivissenc ,,ca,,balearic,common_voice_26_ca,train.tsv,cv-corpus-26.0-2026-06-12/ca/clips/common_voice_ca_37699523.mp3
334a22b087deba901f092b7835ada59d675413fb647611369a78769a6d2b0ae79b8fca82124e95c82f05d675a4253cdaa9191cb463662a35848cf7434ef2af31,common_voice_ca_35147535.mp3,43b952b0f23dea3f63ae2c8c919a30e561ef8fe524a66cd1bf503de4bd88e558,Hi ha algun lampista al carrer de Sant Bernabé?,,9,3,,,nord-occidental|Lleida,Nord-Occidental,ca,,northwestern,common_voice_26_ca,train.tsv,cv-corpus-26.0-2026-06-12/ca/clips/common_voice_ca_35147535.mp3
41d91ae366570db01db183417f711ac53925d9ae1307c481f5e99a9f5e53aaa8c0e0b8b682b1ecf042d0c55c1f26050767cd245caebb0cce8cad4616950deac3,common_voice_ca_20346517.mp3,29f51bfa5ff7c8bbeb744827a26e34ac138bdb73b09a9c5dc72e32e721a6bc68,"D'altra banda, va permetre introduir novetats al mercat, com per exemple el cafè torrefacte.",,2,0,thirties,male_masculine,valencià,,ca,,valencian,common_voice_26_ca,train.tsv,cv-corpus-26.0-2026-06-12/ca/clips/common_voice_ca_20346517.mp3
c6d5583019e9e0b98276e10adbb27249fdedb360eb40333ae87b623b085db10f32ee3e5b5f3a953ffbba442aa082941cce3bfff998af37b280b3fbfaff29aca5,common_voice_ca_30929850.mp3,b5bfb81fd80968d65d6a2d7bef95fa1a1640a3ef22edbfcd37db5f571a860115,El malestar de la Celia es va convertir en por.,,3,0,twenties,female_feminine,,Central,ca,,central,common_voice_26_ca,train.tsv,cv-corpus-26.0-2026-06-12/ca/clips/common_voice_ca_30929850.mp3
be5e09666c575354a91b884004f953daf5712f98700feacb5dc516c006f2956b3400fc7c33aaca7d3ae43d0c787911b565ef4100d2f29e2e387bfb6a6a653848,common_voice_ca_17696469.mp3,f7a9745801c85016b61094e235f14755840ac66802d33078e534c176132c8d75,Es va ajupir.,,3,0,fifties,male_masculine,,Nord-Occidental,ca,,northwestern,common_voice_26_ca,train.tsv,cv-corpus-26.0-2026-06-12/ca/clips/common_voice_ca_17696469.mp3
46513e8760ea724153fcd1accce8325e3b59d50bd1d37082276b35dfdff1caaa22b09f49d85010a21accc25bcbbf01d587efebf7b011ac8226f4c1750e1bbcbc,common_voice_ca_37601866.mp3,541e1ef66b1cc17b6a8774aaeb1cbc304ea5374e12114348879a46b96dfa6edb,Fer riure a les pedres.,,2,0,,,,Septentrional,ca,,northern,common_voice_26_ca,train.tsv,cv-corpus-26.0-2026-06-12/ca/clips/common_voice_ca_37601866.mp3
8d0085a66d64058fd3c49768bf6703bcd43abe57c1fc40539c08dc790714319b63a6c413a5b92655d6785231e18a3b93b7e831ca098f8554d9c106b571e7e3ed,common_voice_ca_37385269.mp3,74d3f1b90b3bb6ac5abb6e4acf08ceb0aa045a98353c3300ae68ca41e8cf5a5b,Va córrer tant en pista com en carretera.,,2,0,sixties,male_masculine,,Balear,ca,,balearic,common_voice_26_ca,train.tsv,cv-corpus-26.0-2026-06-12/ca/clips/common_voice_ca_37385269.mp3
905c6228ee908a3fa1aa46cf051812fde060aba13cee71540d4467db5faa0c12b9c2cbbb26e764f7c3ad7969480a7736f8374333eb0509b970606df1958c1add,common_voice_ca_38762191.mp3,c1d5947e6429016b29a3d58d36177d37a310d99870317c53647bf81160f80023,Un segon assalt turc va ser frenat per l'artilleria.,,4,0,sixties,male_masculine,valencià,Valencià meridional,ca,,valencian,common_voice_26_ca,train.tsv,cv-corpus-26.0-2026-06-12/ca/clips/common_voice_ca_38762191.mp3
acd5b51bfbbfc3f51a532af01991b0ddf31fa9fc4c2de146d6e73eb4b067f53ecde2cc35b5d1f0033c5b04da6182dc4f73cb216445ebb124d35b2393e10cddde,common_voice_ca_30745315.mp3,734eb4bb7e8af02f17e4aee23d3d5d8a069c6117551b118abe38c0b919ecbe8e,Què hi ha al carrer Romeu cantonada García-Mariño?,,2,0,,,,Balear,ca,,balearic,common_voice_26_ca,train.tsv,cv-corpus-26.0-2026-06-12/ca/clips/common_voice_ca_30745315.mp3
974b5ddd7809db7af95f3ba217120eaadeb222515d7525c383cc7e8fc3e1fbc99b3f666c01577638b1d00edef3cc52c1bcadc249e97ab5f203be0f727a73c5fc,common_voice_ca_37562888.mp3,e64d5bdc0aeb7cb25f0872be724b5e7e3a42c28c7025d3ab4e1d4104724ce580,"El que planta una noguera, la mort l'espera.",,3,0,,,,Balear,ca,,balearic,common_voice_26_ca,train.tsv,cv-corpus-26.0-2026-06-12/ca/clips/common_voice_ca_37562888.mp3
da0cd7d06644ad70485d16242032e69cc0efb4389edd0c6f89e12ea57ca0d2e7ae2523b2048bb4a417cd01fe485097e3bb24e7f8db188fba19c4447d42e095c7,common_voice_ca_30937051.mp3,b8b7424874245c80a7a904e1b8e2f64d917f874e07c643d31f7075083ef5e8f2,"Guarda el sis, seixanta-nou, quaranta-sis, noranta-set, vuitanta-dos com a telèfon de l'Aixa Arvelo.",,4,0,,,valencià,,ca,,valencian,common_voice_26_ca,train.tsv,cv-corpus-26.0-2026-06-12/ca/clips/common_voice_ca_30937051.mp3
872c70c8e020dbc2b83e883096316d7378e567905778dc1ccaa8e30d2f373496d7ee0d9b73aeaef6465a87afa54b15ffd29992b8b4d7c8476238168df51a456c,common_voice_ca_33418021.mp3,e896172c4a2a39d5c8efe3ffd706d5beed6139becdb46b09da597453863bb702,Es fa del vuit al vint-i-quatre de febrer amb actes de tota mena.,,3,2,,,,Balear,ca,,balearic,common_voice_26_ca,train.tsv,cv-corpus-26.0-2026-06-12/ca/clips/common_voice_ca_33418021.mp3
aa8eb38159cf771b1f6f3778e2f6f9b66588dbfbc2345e28e11406514a6dc77f241aab0f341bee52d361132bdbaa9f02aa0411e87d47733b18a6d8eba443d2ba,common_voice_ca_37651206.mp3,7aa788f4aeab37a7069ea2a99cac935ccb5717d3d37a841151d822f0a3d43f6a,Serví principalment a l'interior de la ciutat dels Joventuts d'Addis Abeba.,,2,0,,,,Septentrional,ca,,northern,common_voice_26_ca,train.tsv,cv-corpus-26.0-2026-06-12/ca/clips/common_voice_ca_37651206.mp3
26a17767655ca9374bf1dd1b7f2ea342670b428ade7cc351aad9e409fa3820ca742f5babeee28e49679961fe1031ca629c5edf1be266f862511c856086514c36,common_voice_ca_32176579.mp3,579aece72492da86e04ac05a7fd33e46105068a1661acbb5a9611102e412ea43,Pot ser secret o d'assegurances.,,3,0,fourties,female_feminine,,Balear,ca,,balearic,common_voice_26_ca,train.tsv,cv-corpus-26.0-2026-06-12/ca/clips/common_voice_ca_32176579.mp3
98ea0f2756db65292f2e21b88a18a0ddb28febe3979509a4be61bbc9a2be55054c73090ec67c081e1f54a5d188d4b5e4f102f607af7238a17d501cc6d2c28024,common_voice_ca_32140494.mp3,83349d89febeefa0248721c5102c4668b422404697f6ed1dafd47c54101287bf,Demà passat en Roc i na Txell aniran a Nules.,,3,0,fifties,male_masculine,,Balear,ca,,balearic,common_voice_26_ca,train.tsv,cv-corpus-26.0-2026-06-12/ca/clips/common_voice_ca_32140494.mp3
5373d9b5ddba5b3c9b74f66afc69eb5e2c2be533b6326125a45ecf198b498a83017c558851b0513fa1a120cd78155a5033b794b59dc88997622f1ac06db2f570,common_voice_ca_31929934.mp3,4b183c4ffd3d50a95c7cd57ef7680c30edcc9677902f4b0d26d69dcdd5b78b32,Divendres na Nina i en Rauric volen anar a Folgueroles.,,4,0,,,,Septentrional,ca,,northern,common_voice_26_ca,train.tsv,cv-corpus-26.0-2026-06-12/ca/clips/common_voice_ca_31929934.mp3
50362a6ec44d908b28a697d600df5d9d254a9248f6ff69976d35c83f9970b0d6936e0c6f18aa94ee09d735a588eae87f19165ae1d84c797a9ccf2091ffb1ed97,common_voice_ca_31340311.mp3,0a6a9af4c72c3c06eb11321629e6e4496ed47fd032550aeff3814c2c6a6b927c,"Vola des de finals de març fins a juny, depenent del clima de la regió.",,2,0,fourties,male_masculine,valencià,,ca,,valencian,common_voice_26_ca,train.tsv,cv-corpus-26.0-2026-06-12/ca/clips/common_voice_ca_31340311.mp3
ae7fc163935f49205e1751378026226f6e1f13d3eea467872297abe2dfe37082ff66ce4cdadebb6ee4b80c85ff06626e67621abde9e06811bd2dd31eb7699bc2,common_voice_ca_30953646.mp3,bea126167388a5afbd46d0ae8db80bab1a76905d7da8a42a98418ea5f899b01b,Tots els satèl·lits geoestacionaris han d'estar ubicats en aquest anell.,,3,0,,,,Septentrional,ca,,northern,common_voice_26_ca,train.tsv,cv-corpus-26.0-2026-06-12/ca/clips/common_voice_ca_30953646.mp3
905c6228ee908a3fa1aa46cf051812fde060aba13cee71540d4467db5faa0c12b9c2cbbb26e764f7c3ad7969480a7736f8374333eb0509b970606df1958c1add,common_voice_ca_38737594.mp3,c107148333805c8416458c587e6ac6b62176d6e72a09981f65dd5b99e884cc60,És una de les torres més ben conservades de l'Empordà.,,4,0,sixties,male_masculine,valencià,Valencià meridional,ca,,valencian,common_voice_26_ca,train.tsv,cv-corpus-26.0-2026-06-12/ca/clips/common_voice_ca_38737594.mp3
6f108595766a81723439ea3206439af964707132aab7ec8ac6007dbc364c6fa2f409351576bf5a236da2d1ecdbf577b73c09fca85d9543a8069bad36e74c7fdd,common_voice_ca_30904030.mp3,ab1843e153507c73e84f0aebe7c8b4d5de27ab868f788a9c295be803ed71343e,Va ser la primera revista pop gal·lesa.,,3,1,,,,Septentrional,ca,,northern,common_voice_26_ca,train.tsv,cv-corpus-26.0-2026-06-12/ca/clips/common_voice_ca_30904030.mp3
4e6157e12682d5026015894e16d15c67e09b5417ad6f2e128c4e466185d37a23d234108eb8e4e3981dd695709b618aa6699a6e0f07b8ce269220997118278bb3,common_voice_ca_31012267.mp3,d36c33127871ff1af6e3996ffa319f72e7f36c9f66abf2686bf73f322db1df38,"En aquell temps, era un teixidor de seda de Cheshire.",,6,4,,,valencià,,ca,,valencian,common_voice_26_ca,train.tsv,cv-corpus-26.0-2026-06-12/ca/clips/common_voice_ca_31012267.mp3
f1d5c9e02521af8910821aba0cf9117bdb3905dff12e962365c9c90045df70d95613bacf692a84de2e9f99b39de556a44b2c953d57f05b4eae2d0e74ef93600a,common_voice_ca_40130044.mp3,dd47d391be05d0ada0c8075bd074edb17499c3ef255806bc61a65616f6c12089,Els amants del senderisme hi trobaran un autèntic paradís.,,2,0,,,,Valencià meridional,ca,,valencian,common_voice_26_ca,train.tsv,cv-corpus-26.0-2026-06-12/ca/clips/common_voice_ca_40130044.mp3
ed93605cebfae6424e059e7a7e575d73f608e522f0ec357659a7f179e01593c0e1a656547c0f40b0e420d3029f93eefa0ef1749ffd654519c89ab2d7f290786f,common_voice_ca_31019062.mp3,d5a5303694c7a9ca22e77b2d41d1188653bf0353fdf9722ab4982a6e6670f304,Les receptes solen incloure també altres espècies; sobretot és freqüent l'anís.,,3,0,,,,Nord-Occidental,ca,,northwestern,common_voice_26_ca,train.tsv,cv-corpus-26.0-2026-06-12/ca/clips/common_voice_ca_31019062.mp3
d647b73602a3a0c1b06f282a612c29eefc6a7e372bc8af212a41f481843c23a975b41ca402f06ecb7dc660d4dd22a814f7659b48da7dfd28c02a319032394da1,common_voice_ca_19450461.mp3,06445f8fefdf7f175664440647c6122ded771a72bc750f80429b18cbd8eecfdd,En aquells temps hi havia interès nacional en mesmerisme.,,3,0,thirties,male_masculine,valencià,,ca,,valencian,common_voice_26_ca,train.tsv,cv-corpus-26.0-2026-06-12/ca/clips/common_voice_ca_19450461.mp3
8e8f74c8c28909256f92e896a1777630f0338f3e1c1887d07e6e4d7393c6b32515193494d2e5e36a8b2610145ac7695369bcb405f1dca71edc2b5f99699a73f7,common_voice_ca_30903455.mp3,ab534c5907ee402fd5d28c292cda3153ec998a130f420170f3bd7f5ae7fee40e,Els diputats reiteren la seva confiança en Trump,,3,0,,,,Central,ca,,central,common_voice_26_ca,train.tsv,cv-corpus-26.0-2026-06-12/ca/clips/common_voice_ca_30903455.mp3
23679a8a0a672b2cd1859f5c8634463964b1245ccdd4882f2c7b50d4fcbcec324de1406968d9852f443c2d36b382e8af414e7e10301568e2dc698659357abf87,common_voice_ca_40480254.mp3,e799af2c720231894f316f7d4e38a94d71e4186dbe4507d30366ac35cc25620c,El nou d'octubre na Sira i en Martí volen anar al metge.,,4,0,fifties,male_masculine,valencià,Valencià central,ca,,valencian,common_voice_26_ca,train.tsv,cv-corpus-26.0-2026-06-12/ca/clips/common_voice_ca_40480254.mp3
c777d3358a0aff067b64f254ac462fa223a1650af20ce2af341de610eebbb55a128a1dc43c91da7a1844848b5920b7dd5c5e0a1e8651d6442a2418709dad8c87,common_voice_ca_22757192.mp3,92a26ed77b77dd4b564a02e0bbdbe695ed6e5b55d1581554d9f16c7c1d6e5777,Mas format per tres cossos aïllats delimitats per una tanca.,,2,0,fourties,male_masculine,valencià,,ca,,valencian,common_voice_26_ca,train.tsv,cv-corpus-26.0-2026-06-12/ca/clips/common_voice_ca_22757192.mp3
7a9ee951fea4635e427f3cb984bdc80e221d1aa5ca77cf9acf6f45c3560c57d1c40a7f910d7ef175204a923efb2b155548612eb5ff2c0783ce667020efca67b2,common_voice_ca_32176366.mp3,549682cbfad126b3e7b39efb76a675fb26d524477ccb64f9fa4a44f06651c450,Tira menjar en un indret del mar per mirar d'atreure-hi els peixos.,,4,0,fourties,female_feminine,,Central,ca,,central,common_voice_26_ca,train.tsv,cv-corpus-26.0-2026-06-12/ca/clips/common_voice_ca_32176366.mp3
a48837a1863a4707371459047c33af5623104d75c06fc7a0cd2693501a3563a70c11fe2f3a65561600dab0e39e4ee35a511a51515cef148e8febde8b767124df,common_voice_ca_33404943.mp3,e6f081b717ccbea37cdffdac2c3761f6a1795170bf36e4b647412fe05af7ac00,Això significa un augment de la desocupació del dos punt sis per cent.,,6,0,twenties,male_masculine,valencià,,ca,,valencian,common_voice_26_ca,train.tsv,cv-corpus-26.0-2026-06-12/ca/clips/common_voice_ca_33404943.mp3
946e48221165eebfad8f2d37915272b8b380feda6affd1c01f5cf7162702c61c6bf6080a5600981da49cc0827835c46c897f009bd8c78365ee4c59f38f121f2e,common_voice_ca_30853462.mp3,98fd0c0d4b35b13c96f174f79ba4e96db46fa4694e537e1e162431b2100e64d8,Com ho puc fer per anar al carrer Doctor Salvador Cardenal cantonada Colomines?,,3,0,,,,Central,ca,,central,common_voice_26_ca,train.tsv,cv-corpus-26.0-2026-06-12/ca/clips/common_voice_ca_30853462.mp3
c047538c727dfe0d9ece19b8cfb4cc842876eb092de5cdce09ab3df9f65324f96db960cc2fc52be9147f25140c80e64e4f4dbebc5b9e2ac3be58086b539feacd,common_voice_ca_36349245.mp3,513e0218cbafa48fccc458dc583b184a40751b22ceeccbbc23fd7444791e863d,Està construïda amb carreus escairats.,,2,0,,,,Balear,ca,,balearic,common_voice_26_ca,train.tsv,cv-corpus-26.0-2026-06-12/ca/clips/common_voice_ca_36349245.mp3
2f5536ba6dc7d8e76ec8a5246235aed684faac48f165350b5a44652704514d7aedca474fbba37786bd502025a29c98c100b326711bf109af66b555c3a916e020,common_voice_ca_23763097.mp3,afcc6ef82fc4a7ffbc04fff8873f9bcd69dfd7a2e81b1db3f2013e2494543d60,"L’edifici destaca per la forma i el colorisme, inspirats en l’arquitectura mudèjar.",,2,0,fifties,female_feminine,,Central,ca,,central,common_voice_26_ca,train.tsv,cv-corpus-26.0-2026-06-12/ca/clips/common_voice_ca_23763097.mp3
5d2ff0fe49bb35783381063aa086ce674487e7aa588e122f12366d7c861335538d3f40025d7db5b7bab6ad1926aefda6b049690d940baccfbaaabdb5d709d39f,common_voice_ca_31507727.mp3,2591f873ee3d2eb3f28c8b6c723785fa1058d3254aab88e4e54d7a11b1df84da,"Durant la Guerra de Successió espanyola, va prendre partit per la causa borbònica.",,2,0,,,,Septentrional,ca,,northern,common_voice_26_ca,train.tsv,cv-corpus-26.0-2026-06-12/ca/clips/common_voice_ca_31507727.mp3
5b78eeb212179631e404608b0b240f7692156f51a0ddbe77fe305335565b54c64128e65094ac112101d88f6ab4a554b27ee6af4fadd6e2d5be91e3c9ec37197b,common_voice_ca_31041238.mp3,dcc9e21b838a34ef1b0586908382c5775ee8e1dd6cbaba89f023321abc20e1b4,"S'ha parlat de qui, si és que hi ha hagut algú, ha estat la inspiració per a ""Annabel Lee"".",,2,0,fourties,female_feminine,,Nord-Occidental,ca,,northwestern,common_voice_26_ca,train.tsv,cv-corpus-26.0-2026-06-12/ca/clips/common_voice_ca_31041238.mp3
31f514f5aac74b6ffd1c48c8729a18e5bf53b7e09ecb2f06f29ac2d4708e73b1f4df61e2ca0a24916d2897268456dd598f2a1f5fcb8fec471082f4f1fb304f86,common_voice_ca_31151249.mp3,105c2cf6816c3e330956e8f0d897a96bbf09b707e5ba52696511d566abbcacdb,Andreu Audet i Puig va ser un arquitecte nascut a Barcelona.,,3,0,,,,Septentrional,ca,,northern,common_voice_26_ca,train.tsv,cv-corpus-26.0-2026-06-12/ca/clips/common_voice_ca_31151249.mp3
2aa75a6e963c05667675f27208926711d3473f11c6554928520938b7a0c693918229fc2d09179841d46a52c6752f9eab8468c55821a2ac828d02365c3f6e0295,common_voice_ca_35169118.mp3,441c9e744458aed15408175fec5529b90d859e8699f7d824ccfdbcf585932364,Allò que contempla el reglament és el vot telemàtic.,,2,0,fourties,male_masculine,central,Central,ca,,central,common_voice_26_ca,train.tsv,cv-corpus-26.0-2026-06-12/ca/clips/common_voice_ca_35169118.mp3
f03485e5b50b1dd19b420017940c7c6300f3104ef2dbf97bf3f413ad339df91d21ddfcecb3360bcf50a3130f8ca8d661995bb856c0d3b65a524e964d1914c2cd,common_voice_ca_37560968.mp3,dbfa06c62856f8ba266af1de6ba0a5bf33ada5d965b55bbff1f50322aa6b636b,No hi ha millor agutzil que el que és estat bandejat.,,2,0,,,,Balear,ca,,balearic,common_voice_26_ca,train.tsv,cv-corpus-26.0-2026-06-12/ca/clips/common_voice_ca_37560968.mp3
02fcb452e2d09f4a5738a400755fce8f17a6d245d2b19bc777462950b0a4cec53e1f56daf483e2d7198b9cdfc3fc60252027d2ccd6c5b8bd966682a4da0d1086,common_voice_ca_41485104.mp3,fb2cfbc992c13425e0caca8b61ec14c04847e5172b049cd5d0c9af7d51e4eb5d,On va estar el filòsof els seus últims anys?,,2,0,thirties,male_masculine,nord-occidental,Nord-Occidental,ca,,northwestern,common_voice_26_ca,train.tsv,cv-corpus-26.0-2026-06-12/ca/clips/common_voice_ca_41485104.mp3
ce0c2c8369822ea2e9a663dd1c4ba60a300d683f3e1e7456d4f4d985b14d39be52e4cea8fe75d1595fc06b61771ed9e37dd9ce428f0dea73ab9c990dbd0cd9f8,common_voice_ca_36957680.mp3,63d9e3c16613914b8735b1bb7916078e16cc2ded9c6f88b9c8c8587ee30a2fa5,Es troba al territori peninsular de Malàisia.,,4,0,fifties,male_masculine,Barceloní,,ca,,central,common_voice_26_ca,train.tsv,cv-corpus-26.0-2026-06-12/ca/clips/common_voice_ca_36957680.mp3
295b9d23f4ce88761422019614c38eca7ec403efa41aaadc32190522cc1d19e73c4fe27fbc020822634c317f4432c19a12f2fd598170df0d5cf993d0542a56f2,common_voice_ca_34354546.mp3,370b756b4650df9ef8978ed31ed0d377d1848abcf6ae58b622e16e39afd8b162,Aquest culte va agafar força i es va estendre a totes les classes socials.,,2,0,,,,Balear,ca,,balearic,common_voice_26_ca,train.tsv,cv-corpus-26.0-2026-06-12/ca/clips/common_voice_ca_34354546.mp3
90caf94afc26445479324f2f89e12556f0d8092d86765d8f17594f70bd754ea7a4e0630596e5691f2d9514d6211032e436672dc8a3f8d198c63fce970c065b19,common_voice_ca_36928907.mp3,6228072881d00eb594a35691b606f7078b7172506c1315b028116742027e1a1f,El Servei Forestal va decidir no recórrer i els dics desapareixeran gradualment.,,2,0,,,valencià,,ca,,valencian,common_voice_26_ca,train.tsv,cv-corpus-26.0-2026-06-12/ca/clips/common_voice_ca_36928907.mp3
7242fa8b72a095444836cdc86ba71dae2c5905028b81a753ca46a42622649a0dcd6fa29c50a2033ca4a38b868820cd810bc02ecc161bab33d89cbab5a9ef09c8,common_voice_ca_17630348.mp3,087249a66be0463c9f4cbb5671ba6e8c4d7ae3db08cee1f52a651072b5fcbe1b,Només era qüestió de temps.,,3,0,fifties,male_masculine,,Central,ca,,central,common_voice_26_ca,train.tsv,cv-corpus-26.0-2026-06-12/ca/clips/common_voice_ca_17630348.mp3
41d91ae366570db01db183417f711ac53925d9ae1307c481f5e99a9f5e53aaa8c0e0b8b682b1ecf042d0c55c1f26050767cd245caebb0cce8cad4616950deac3,common_voice_ca_20346567.mp3,29898820a83725b9750cf5302e6ef6441820aedbb7f494f8f3c626a8b021b9d9,"És molt expressiva, plena de vida, austera i plena de tragèdia.",,3,0,thirties,male_masculine,valencià,,ca,,valencian,common_voice_26_ca,train.tsv,cv-corpus-26.0-2026-06-12/ca/clips/common_voice_ca_20346567.mp3
5e45fdb2d771efe60f62a2c69dcfaecfe3229304653cd95da4944f997c7b36d88c5b95e7e4325b1c8667b2717b7112c532915bca7d9ef002368129c0501bad35,common_voice_ca_30751981.mp3,75cf32d575bd67bc82ffa5b8ce5844f153dd1afc54bdda36d5b51dea03b436ec,Parella gran amb bosses de la compra davant d'un aparador.,,4,1,,,,Nord-Occidental,ca,,northwestern,common_voice_26_ca,train.tsv,cv-corpus-26.0-2026-06-12/ca/clips/common_voice_ca_30751981.mp3
96e5be9db1ca6071f87dca480940437463d1e867cc16f955eb51ead5807df649d4b71cc74f4730ac339432d4d1049240ff8b04291eaeced0c067d5ec6bb4de4e,common_voice_ca_21993555.mp3,74e01893f6d7c76a2d3dcf340e6e2058ea45c0d02c1e2b52ccd5480b50eb022d,"Fracassat un nou intent de trasllat, les autoritats van decidir d'edificar-hi una capella.",,2,0,thirties,,,Nord-Occidental,ca,,northwestern,common_voice_26_ca,train.tsv,cv-corpus-26.0-2026-06-12/ca/clips/common_voice_ca_21993555.mp3
014c9ed0978dcef50cf5a19a19fc7b5e02d096a504a3cf793db1189301eea83b60e7611df3912a0163dd2db3afb85003b4f9f9c848eef88c2728488ca699543f,common_voice_ca_30961798.mp3,c2c3248fae0b2af3fb70a07d814921ef556535053018e93ca476200c4646903d,L'acetat de zinc també es pot utilitzar per tractar les deficiències de zinc.,,3,0,,,,Central,ca,,central,common_voice_26_ca,train.tsv,cv-corpus-26.0-2026-06-12/ca/clips/common_voice_ca_30961798.mp3
c6d5583019e9e0b98276e10adbb27249fdedb360eb40333ae87b623b085db10f32ee3e5b5f3a953ffbba442aa082941cce3bfff998af37b280b3fbfaff29aca5,common_voice_ca_30929685.mp3,b564e98b646b7e97aad05ecd0f438f996541ffbdacf6eb045cef3ea9abc0f358,Quin és el camí més curt per anar al jardí de Sobreroca i Ferrer número noranta-set?,,2,0,twenties,female_feminine,,Central,ca,,central,common_voice_26_ca,train.tsv,cv-corpus-26.0-2026-06-12/ca/clips/common_voice_ca_30929685.mp3
ef31f1bb79b0d333a81a0bca686332bbaf8d490ab812b4477c62df0137004874e5883e50b7ddaa7131079d0adb0a7f9cf37e79906f97ca3dcf91732b5fb88c8d,common_voice_ca_37864050.mp3,874a39d642c85786dda0b7d3174d9979dcacb0bd6c0abd81c5f05fec585978e4,Els capgrossos en aquesta família presenten un desenvolupament particularment ràpid.,,2,0,,,,Nord-Occidental,ca,,northwestern,common_voice_26_ca,train.tsv,cv-corpus-26.0-2026-06-12/ca/clips/common_voice_ca_37864050.mp3
5f97d8f65a3e3666ea465030b24201882aa89fd967feadc60cd67e642cb95f868a74d9ccc8af9ed14de64ca4972c162e58a679ec99b1cc88344af1b09e49e01f,common_voice_ca_37351012.mp3,73798992f66dadd4980b77ae87a9ea8741936b6665ed1bdd92b4e2c73924aeb6,Des d'on arriba la calor per conducció a l'estratosfera d'Urà?,,2,0,fifties,male_masculine,,Central,ca,,central,common_voice_26_ca,train.tsv,cv-corpus-26.0-2026-06-12/ca/clips/common_voice_ca_37351012.mp3
946e5ec4f472d910217a86a8033666d9a7154dcee9209d8ef1987e765deceaa8a3646943323dba34dcc46fc6ea7de82923878387f4e6ce042805cdab9de66d1b,common_voice_ca_32157024.mp3,8ecd6af9d5f978a2f17d58016256d463bb1d4cfbe21928e233de997b80eeea10,Dissabte en Quixot irà a visitar mon oncle.,,3,0,twenties,female_feminine,,Central,ca,,central,common_voice_26_ca,train.tsv,cv-corpus-26.0-2026-06-12/ca/clips/common_voice_ca_32157024.mp3
a9916e1baed2c9fe37a8dd970da6cccb0504d3bf3968c8332606f80903efe1fdfc3eb4d9ab712b0ddaaa324270efcd4852894b0c055c56fba3b6d3b8aef3a84f,common_voice_ca_38675120.mp3,532014942d44ab9899a49b773a78860152aacd9e35c35db4c1930d2443a1370c,No va caldre esperar la seua telefonada.,,2,0,,,valencià,Valencià central,ca,,valencian,common_voice_26_ca,train.tsv,cv-corpus-26.0-2026-06-12/ca/clips/common_voice_ca_38675120.mp3
69c2af9c5c4e925b32506edc6b7a9e1369ffa57c18169120ecb67c6a832d0f3562aa26e322a3333c5210006768051688a47f27e78986c32cd6d5104bee2ca6a8,common_voice_ca_20822895.mp3,38b4e677e5b0ccd9a7d7523ac7a34d29a49060606984e65c302735f9b3fd54af,"Una col·lecció que, amb el temps, s'ha anat ampliant amb noves adquisicions.",,3,0,thirties,female_feminine,,Central,ca,,central,common_voice_26_ca,train.tsv,cv-corpus-26.0-2026-06-12/ca/clips/common_voice_ca_20822895.mp3
295b9d23f4ce88761422019614c38eca7ec403efa41aaadc32190522cc1d19e73c4fe27fbc020822634c317f4432c19a12f2fd598170df0d5cf993d0542a56f2,common_voice_ca_34355339.mp3,372b0275eb83fe958f2bf9a61ccc3fd66fb3ffe4d8c9cef39b3cf671c8d7f92f,"Aquest any, la Societat estarà representada en més de trenta esdeveniments i cursos.",,2,0,fifties,male_masculine,,Balear,ca,,balearic,common_voice_26_ca,train.tsv,cv-corpus-26.0-2026-06-12/ca/clips/common_voice_ca_34355339.mp3
58c4e873b35789765a76fbbf93e54806647674c65db82dc573c3fff11abda41ffc0539ff8879a9d768aa22f236a99d21bb892b248face102e13c200e82f6b465,common_voice_ca_25147994.mp3,135e9adee90b830170b61abe3684600a7fa55ac3af08fb17f19613fec60cabe5,El primer Marquess va ser primer ministre de Gran Bretanya.,,2,0,twenties,male_masculine,valencià,,ca,,valencian,common_voice_26_ca,train.tsv,cv-corpus-26.0-2026-06-12/ca/clips/common_voice_ca_25147994.mp3
3723bd65a05afc7411c2bfca904742062b7b0c081ba126e68c65d28eaa6122f69196f4959fc1795fe03f8e49ec7364863911f9b659684a06b3a126c6f1729551,common_voice_ca_19386873.mp3,00941c69e70e7ea72ea606648c304752614d8b94deb170ccd1ade804d4fd7ca8,"Aquest es va veure obligat a enretirar-se, patint grans baixes i amb l'exèrcit completament desorganitzat.",,2,0,sixties,male_masculine,,Septentrional,ca,,northern,common_voice_26_ca,train.tsv,cv-corpus-26.0-2026-06-12/ca/clips/common_voice_ca_19386873.mp3
b3a2f03bcd91e71f6a5ade93ef8689348bc85a9df60c5bdedf03231317ab858ca6b7fd0d801d20c196292de6939c4827ee9c7b44ade97edb96c43392482fdc51,common_voice_ca_37768622.mp3,7f1f609831d7fbf5fa95f70cfaf77a2fa4a1cc8a41646886cdcad021626d0874,Els arvicolins són el grup de rosegadors més poblat de l'hemisferi nord.,,4,0,twenties,male_masculine,Central amb influències de la parla tortosina,,ca,,northwestern,common_voice_26_ca,train.tsv,cv-corpus-26.0-2026-06-12/ca/clips/common_voice_ca_37768622.mp3
e91f347285d7df0914671a39165495e381c0a40205875c8e75d9fbd2e45c647945a025f8ae0fcfe89ecb215a9911ab43d9c39a894bf6d9f1f0e9b1522926107f,common_voice_ca_17533246.mp3,baeb0c092e41bdae098677166b681f7d3cbe401f68dac938169bf2f498c9d2de,Què hi ha de dolent en la retenció de dades?,,3,0,fourties,female_feminine,,Central,ca,,central,common_voice_26_ca,train.tsv,cv-corpus-26.0-2026-06-12/ca/clips/common_voice_ca_17533246.mp3
6b5abe7b5676724b1091ef0916c09d04403ac5dcaaa1ab4fb46b0ab60769d12167067495f9cbe1aa7c5ca2cfb8a7e22e3a7174167b78432fa4533b80a738a4e0,common_voice_ca_36826350.mp3,5c8d9b4321177944f5a7186c4e793e18d324af4b52bb63f69383ab0ebd24d9c1,És freqüent que es mostrin escenes de la cacera col·lectiva d'aquests animals.,,2,0,,,,Balear,ca,,balearic,common_voice_26_ca,train.tsv,cv-corpus-26.0-2026-06-12/ca/clips/common_voice_ca_36826350.mp3
88ec4ff5a1b0ffdabfe62d068286c851ee64c428883e56f32af14b59756d5846be9d46e5a777c4c22f2dec9596a1a44ed3aa75f1fb0231923cbd4ab59f1f9c47,common_voice_ca_31111008.mp3,ecf16753f3143e0674c8831b51ae635e633883bc5fbafa3d0b166e6ac759ff4c,Vull reservar un pati de menjars etíops a Montenegro.,,2,1,fifties,male_masculine,,Central,ca,,central,common_voice_26_ca,train.tsv,cv-corpus-26.0-2026-06-12/ca/clips/common_voice_ca_31111008.mp3
75a354c28ae167668d3ba6dfc83b1f9e59c0d1a1d29aeef1d28b28f598c047f4c03b07c480ee7862fd09759a8c3ece9009f90d29c7d20ea79b0c85e00b8b0960,common_voice_ca_37576877.mp3,ff127b4b56ea7650a4c0118429017648140767200df1b6b6594459f8958cdc82,"Festa sense masclets, dolçaina i tabalet, no és festa.",,3,0,,,,Balear,ca,,balearic,common_voice_26_ca,train.tsv,cv-corpus-26.0-2026-06-12/ca/clips/common_voice_ca_37576877.mp3
2aa75a6e963c05667675f27208926711d3473f11c6554928520938b7a0c693918229fc2d09179841d46a52c6752f9eab8468c55821a2ac828d02365c3f6e0295,common_voice_ca_35142913.mp3,439853529eb44bed79a08e8c17dcb9dbbb3d2ecbe1dc1d25b41cc03a3c89f6f0,La llinda del balcó està feta amb relleu molt decorat.,,2,0,,,central,Central,ca,,central,common_voice_26_ca,train.tsv,cv-corpus-26.0-2026-06-12/ca/clips/common_voice_ca_35142913.mp3
3b3eec2fed788713caab6247d96e96d8a56eecfbe1d1a91909e6d121e9597bd3f9fa7100e97761e61d9cfe210de1ad6edd1ba05808cb834f568007f7d0cb8e0d,common_voice_ca_36748291.mp3,5a107c2175f64d733112ed0abe6b8a8f4f10e6d53c413481c4ea9040ace2636a,"La seva festivitat és el primer dia de desembre, just quan comença l'any litúrgic.",,2,0,,,,Nord-Occidental,ca,,northwestern,common_voice_26_ca,train.tsv,cv-corpus-26.0-2026-06-12/ca/clips/common_voice_ca_36748291.mp3
3b3eec2fed788713caab6247d96e96d8a56eecfbe1d1a91909e6d121e9597bd3f9fa7100e97761e61d9cfe210de1ad6edd1ba05808cb834f568007f7d0cb8e0d,common_voice_ca_36748181.mp3,5a36b0ee2ccc36ea55eb86630b36db3852fc07ad71e11cab516d28d1dc503599,Torre annexada a l'extrem d'una masia.,,2,0,,,,Nord-Occidental,ca,,northwestern,common_voice_26_ca,train.tsv,cv-corpus-26.0-2026-06-12/ca/clips/common_voice_ca_36748181.mp3
e3f07bdc11e3a50eeb314cdedec47101c684fbdf36ab84b3cecb5233b7de3d0ee435934f614d34fc3014ce38a4428a90f9e780fb1607e51bb5aad1e07913f4d6,common_voice_ca_37565302.mp3,ea7a321ca5cf2a37c99ed23cee977a91235434916b9b3706cf97292222204671,Fa de bon jugar quan es guanya.,,2,0,,,valencià,,ca,,valencian,common_voice_26_ca,train.tsv,cv-corpus-26.0-2026-06-12/ca/clips/common_voice_ca_37565302.mp3
57fa79b868c0c413fa2429624a8e33321018004e077191aef26c5fb373243ce7b06acf48a1732e0692ee1f8e9b71bddc9683cb35ba8a3852cc19f7bbae568c00,common_voice_ca_32061798.mp3,5d9534821dbb6d0bdd16aca8124a072f8175e0ad2fb295e4670b5cb31af565bc,Dimarts na Gina i na Laura volen anar al Prat de Llobregat.,,3,0,twenties,male_masculine,,Balear,ca,,balearic,common_voice_26_ca,train.tsv,cv-corpus-26.0-2026-06-12/ca/clips/common_voice_ca_32061798.mp3
9066801d6ea9e4a7fb62b7b0a77e7d35a0c15420776e63356c290df33f1c5e005bd711a408a0443f0b5b08608488dd9934fbabe22b7d1948e3bdfc5f0e91e07c,common_voice_ca_31336798.mp3,09a69361ca5f07a4c5f3bdb89176f0cc64a2ed8841aa6736645113c34bec82b5,Des d'allí va ajudar a enviar guerrilles absolutistes a Espanya.,,4,0,,,Tarraconí,Septentrional,ca,,northern,common_voice_26_ca,train.tsv,cv-corpus-26.0-2026-06-12/ca/clips/common_voice_ca_31336798.mp3
1be5f58ac7d1201ed6ff1267108729c8b9c74d3a28aeed8515fa262de2793ee2cd89b19064e50b08d6d86be0c211e6e36375144e53fe43d3222b74f5df0c4443,common_voice_ca_31141695.mp3,f24ba5e444bf6c3a69c620dce74dfda87f022124b92d052d5337aad81fddfc27,Mira'm quina és la millor manera d'anar a Sant Jaume dels Domenys amb autobús.,,4,0,thirties,,,Septentrional,ca,,northern,common_voice_26_ca,train.tsv,cv-corpus-26.0-2026-06-12/ca/clips/common_voice_ca_31141695.mp3
8785bd6a0a2827968fb07a4aab4a0247abe47601ff44190a9f2731b560f47b1f9b4760e77ce80316b8e3191e4139aab9acda468dce858acd7c42f1e7a724902b,common_voice_ca_31208879.mp3,f71341c768009deaf31223dfa0604ec0ab76d41383ae58c1dc506a433123df0a,Van distorsionar els fets històrics per separar-se del món oriental.,,6,0,fourties,male_masculine,menorquí,Balear,ca,,balearic,common_voice_26_ca,train.tsv,cv-corpus-26.0-2026-06-12/ca/clips/common_voice_ca_31208879.mp3
0b0b21a3b262b02e67da22a511b969ce9466cc08cc53f10a2c1a349481ea1e60e206538c1e41ff690df1c247ea35ea6704aabe3ab67530f491fc430eab012e3a,common_voice_ca_21356851.mp3,4edea63516eba4bc1e3f1f6f04c19a2f311116475f0a2356c6e205d8fcbd664e,"Després d'Alexandre, la decadència se'n va accentuar i progressivament s'hi van produir destruccions.",,2,0,fifties,female_feminine,,Central,ca,,central,common_voice_26_ca,train.tsv,cv-corpus-26.0-2026-06-12/ca/clips/common_voice_ca_21356851.mp3
8785bd6a0a2827968fb07a4aab4a0247abe47601ff44190a9f2731b560f47b1f9b4760e77ce80316b8e3191e4139aab9acda468dce858acd7c42f1e7a724902b,common_voice_ca_31209005.mp3,f71eb27aa7b4f7f7aa29587cdcb40c21120bfbf6b0a80dd1f9bd7f11b7f6ad0d,Companyies de préstecs de consum tenen molt a veure amb la taxa de suïcidis.,,4,0,fourties,male_masculine,menorquí,Balear,ca,,balearic,common_voice_26_ca,train.tsv,cv-corpus-26.0-2026-06-12/ca/clips/common_voice_ca_31209005.mp3
e0ad16d352572720e8e414af07c5165f19b9a98996db14157a31544f4429da864ab334246f39ca470d72302bb92c98e02cef923d00d1e891d39c6d6cd39bfdb2,common_voice_ca_32230477.mp3,a5065bfd742fb8bb357cbfb1936e05c3b1a3ec8380cd5760f2616b5291121e9d,Per Sant Jordi en Guim i na Frida volen anar a Parets del Vallès.,,3,0,,,,Balear,ca,,balearic,common_voice_26_ca,train.tsv,cv-corpus-26.0-2026-06-12/ca/clips/common_voice_ca_32230477.mp3
5b78eeb212179631e404608b0b240f7692156f51a0ddbe77fe305335565b54c64128e65094ac112101d88f6ab4a554b27ee6af4fadd6e2d5be91e3c9ec37197b,common_voice_ca_31098702.mp3,ea741033db440f32a103682b5a8177dfa19800fd6d85c0debdc5298517ae2165,És un dels empresaris més rics d'Irlanda.,,5,0,fourties,female_feminine,,Nord-Occidental,ca,,northwestern,common_voice_26_ca,train.tsv,cv-corpus-26.0-2026-06-12/ca/clips/common_voice_ca_31098702.mp3
a04e1728605b666a468fa357c67ec2aeaebee22272e468853b2ad18b13d08405c18d6b74da49d831acbb957ca4019f96d09b516190aa8f6086368b9bc5ce0cef,common_voice_ca_30929986.mp3,b5b39510930366eafe6722a4901455fb520074044397a24cf62459c8546a7c92,Khan Krum va sol·licitar que es tornessin a plantar les vinyes.,,2,0,,,,Central,ca,,central,common_voice_26_ca,train.tsv,cv-corpus-26.0-2026-06-12/ca/clips/common_voice_ca_30929986.mp3
44732db2acfc0a73f35e5ec44eb5e9a906cfa92adfb1689619f771e8fb5702e07cd437dc1f96505c525171797093aefb5ead5ae2a86413cbc075cec5466b97af,common_voice_ca_30741318.mp3,69aea2cad9ee4364d9ac07ee34b7d5143afb134180ac0e8aca0bfd30a599b9e4,Quan va ser que vam anar a Vilafranca?,,6,0,fifties,male_masculine,Terres de l'Ebre,Septentrional,ca,,northern,common_voice_26_ca,train.tsv,cv-corpus-26.0-2026-06-12/ca/clips/common_voice_ca_30741318.mp3
fc5d1045328111af178c163d82993cdb8ebe763bc773d6e5c4184721bfde4e2ae331ab658d8395403f714bb704aa6a47946839a93cf30a0ba989ee752329e295,common_voice_ca_37568738.mp3,f1d5f0eba7c88e40f97ca29c20bc92e8e2d1b0a452b61cba3f134fef6b09ece8,"Posa el colomí al colomar, Colomer.",,2,0,,,,Balear,ca,,balearic,common_voice_26_ca,train.tsv,cv-corpus-26.0-2026-06-12/ca/clips/common_voice_ca_37568738.mp3
96c4d1dc872b9e5b1fc500686bbd73f6348b56ecca9fb7d942c11447ee468ee226fde504251282725d99a732f7d082aa45c43726ba68e31bbc85a881b0af48c1,common_voice_ca_30969693.mp3,c53fce5fdecbd5e6b8813cfcef511650e0be83951b4d10557dc2aabac230e523,"El seu nom és un joc de paraules amb ""milles per hora"".",,2,1,,,,Septentrional,ca,,northern,common_voice_26_ca,train.tsv,cv-corpus-26.0-2026-06-12/ca/clips/common_voice_ca_30969693.mp3
b61fad17a5c0f6d01ba3d63a125d545265372b9d4a53e5dafec55f60691c40f8aa35bfb64cfaba5dceb822efb9116b8fb30016baee1d389a8070f55c062cfe11,common_voice_ca_22970576.mp3,9a8aea59d00d089346191ecb76340184e109500a527b57dd96ca6a31bd1f0bf6,Gran part d'això s'ha de considerar com a una llegenda embellida més que el fet.,,2,0,fifties,male_masculine,valencià,,ca,,valencian,common_voice_26_ca,train.tsv,cv-corpus-26.0-2026-06-12/ca/clips/common_voice_ca_22970576.mp3
0bfbdce8cc864eaf2c4849b3fdd53e9f4100d2ff528af94cda97c460cfcd13fd3a7332c8be0bbfdda918b624522ea24b1f21f20a97ebaf9315cca872c3120815,common_voice_ca_22438844.mp3,880db8fd36ac4d3dbf5db9c3f427ade37566e36fc7f53b71c8bd0698728a5ec6,Van posseir en diversos moments els vescomtats de Llemotges i de Turena.,,2,0,teens,male_masculine,valencià,,ca,,valencian,common_voice_26_ca,train.tsv,cv-corpus-26.0-2026-06-12/ca/clips/common_voice_ca_22438844.mp3
13d56c39e733c6e0565d12da0bcc8fc4051c044c96614bfd9640d13c0b48c457ff57615c211c1e65abc6ec548cd423a91fdaa47829636263ad1ef9c07a086d2f,common_voice_ca_31390033.mp3,1393ff29e1754f6c29d88e30efde3617d7910ed79d9d2ef82455f83965614587,Es va originar a Chicago i va adquirir noves qualitats quan va arribar a Europa.,,4,0,sixties,male_masculine,valencià,,ca,,valencian,common_voice_26_ca,train.tsv,cv-corpus-26.0-2026-06-12/ca/clips/common_voice_ca_31390033.mp3
35d47ae14ea5478f3fb4daec30f1b785f0e8dcc117d1a8fae17ac41c1f1da58040c2f0e568d678bead1c1005fd9d0ecd86f5f308f58e18870334ef2d87399dd2,common_voice_ca_37848656.mp3,861bb966a050b29e4ba694239d53e541259ea9812642793afcaf9e8dfb182de4,El deu d'agost en Marcel irà a Caldes de Malavella.,,2,1,,,,Balear,ca,,balearic,common_voice_26_ca,train.tsv,cv-corpus-26.0-2026-06-12/ca/clips/common_voice_ca_37848656.mp3
56e4f1dc91f8196b8b85fa56b9cb6dcf0054f2f177102699143c6ef2cea2ddf34a422487c0b54bf1a649c18bb1dcfff5e153569a160846894131ce391b9ae776,common_voice_ca_31874068.mp3,3de56e77dc0be36def107fa062cc634a7f46c83a87ad0a8d780dc2510b86d46f,Demà passat na Joana i en Gaël aniran a Bellaguarda.,,8,0,fourties,male_masculine,valencià,,ca,,valencian,common_voice_26_ca,train.tsv,cv-corpus-26.0-2026-06-12/ca/clips/common_voice_ca_31874068.mp3
583278de14e1d78babd36b2768421d58d3b2a2a79f014e7b3d98f4b4a11c7a266dedbc7019af6d8c6a8068ce0aaeb5d822f02ef7756fb052675b2d92b4143cdd,common_voice_ca_33434213.mp3,f83eea8676ce8785882d1b0e3a1aa9d8be726c68427c57376bc7db6e9b84d96b,Es manté la unitat del bloc malgrat les provocacions.,,3,0,thirties,female_feminine,,Balear,ca,,balearic,common_voice_26_ca,train.tsv,cv-corpus-26.0-2026-06-12/ca/clips/common_voice_ca_33434213.mp3
66bd67e6893a5a8d1f1c24ddf17636e04d1623c17c11d57a83fc022a43c38796544cdfee368fe8783d48b8f2745d551e57aca0a81fbcf5971fade8516eb02001,common_voice_ca_31241514.mp3,fc56f5db3039fc3c24ff5416bc55b350111066525c8e90ffb2d5ae350875361c,La mida varia en funció de la família de la qual parlem.,,3,0,sixties,male_masculine,,Central,ca,,central,common_voice_26_ca,train.tsv,cv-corpus-26.0-2026-06-12/ca/clips/common_voice_ca_31241514.mp3
ab859fda475c2371f87fb5b38aea7f10f40c55c0f878fc7b03f1ecadd62f780df1d28b803d464ba449b990a362b59824e7fe4b0190be874fe60b12fa785f5643,common_voice_ca_32114347.mp3,75ab06aec70b386bdad727be7874d51089f95d3b86bec512c87657bfcb4e1b3d,Cook és la llum llunyana que ha guiat les seves passes.,,2,0,,,,Septentrional,ca,,northern,common_voice_26_ca,train.tsv,cv-corpus-26.0-2026-06-12/ca/clips/common_voice_ca_32114347.mp3
8605a4de41c0ea53dcc412a06e2f9f8efdae397b555b30f59ccfdbeb168eff60119542c019930c4bbee3c0a4f503280823d93a812d91d7853093e8ad2973eb04,common_voice_ca_37633416.mp3,78780445bb4584469f1f7a91b91de8278d05f87bc86ef3ebd3db9210a4d71f1e,Els adipòcits secreten la leptina com a resposta a la ingesta d'aliments.,,2,1,,,,Septentrional,ca,,northern,common_voice_26_ca,train.tsv,cv-corpus-26.0-2026-06-12/ca/clips/common_voice_ca_37633416.mp3
091c2bf8b5acbdea9e7719829a24ccbe15f756a3485cef6652c5814fcdad91078f6ef53c19048e5ff201c8331dc8bf9fa69a64dbaef160f3da2222c5be93d85b,common_voice_ca_31419453.mp3,18449a0fc76921027bac2f0bd6d5040248c77092ef32402e482531d581093701,"A l'est de Rutherford, el rierol forma el límit occidental del complex esportiu de Meadowlands.",,2,0,sixties,,,Balear,ca,,balearic,common_voice_26_ca,train.tsv,cv-corpus-26.0-2026-06-12/ca/clips/common_voice_ca_31419453.mp3
a04e1728605b666a468fa357c67ec2aeaebee22272e468853b2ad18b13d08405c18d6b74da49d831acbb957ca4019f96d09b516190aa8f6086368b9bc5ce0cef,common_voice_ca_30929984.mp3,b57ed195a47c985f5365f605d28f48721a33f522b2326eeab5ce17db41190111,L'Alex accepta una oferta de feina de reporter.,,4,0,,,,Central,ca,,central,common_voice_26_ca,train.tsv,cv-corpus-26.0-2026-06-12/ca/clips/common_voice_ca_30929984.mp3
6b406af410854c9a8bb052a0ca3af42370d0b842081a4cfcefcb05c30af6c86eabc85a0fc6ee79edacbcaad7a6c685968dd08c8b98137f0eab28f8e225247041,common_voice_ca_30914657.mp3,af850ecd2f5f1878cd40722485e256b22c04bfee2f3c3a2ec6d0fb9402d533fe,Quina és la millor manera d'anar a Sant Mateu de Bages amb autobús?,,4,0,,,,Nord-Occidental,ca,,northwestern,common_voice_26_ca,train.tsv,cv-corpus-26.0-2026-06-12/ca/clips/common_voice_ca_30914657.mp3
59c83aa5b91477ee56ee8ceb9217341a22d77d24b58c33923138e94db46122e0f90624d63a4bbba4cd9b9c92e99673ab7aee5b752e96c354ec0138be5c14c856,common_voice_ca_36984202.mp3,65535b3e8dd27aa2570c99078562a82c804adb47a973a5f2cbb0b84e86fe00db,Cada vocal pot tenir tres llargades diferents i s'escriu repetint la vocal.,,2,0,,,,Balear,ca,,balearic,common_voice_26_ca,train.tsv,cv-corpus-26.0-2026-06-12/ca/clips/common_voice_ca_36984202.mp3
a561cada5ed9410d83cfe1164da0e85238edf6d06df32e81f104e821f9fad4d3841378e73bd255d2d46dc0e24e0d7b0d377f580051206e164e2a971fff80a943,common_voice_ca_31007710.mp3,d1fab34db0cd40705be5f23ffd4fb6eb245b1cb4f76c9a0fcf8368e26a7619f4,Com ho puc fer per anar a Vilanova del Camí amb tren?,,3,0,,,,Nord-Occidental,ca,,northwestern,common_voice_26_ca,train.tsv,cv-corpus-26.0-2026-06-12/ca/clips/common_voice_ca_31007710.mp3
ebdd260d32c844973f080135fff8e1e957874d75c73329c9bf01473084a2a1e1bc54acc2eae46c67634e04ad5a7fe43da60a3423fc922f52c4408b853f0dfd3d,common_voice_ca_39926364.mp3,d62711d3b4a11028a5af4fe67d174076d0a60bed0265b5579208315e2aedf1dd,"A les zones d'aigües més calmades es formen canyissars i sobretot bogars, molt ben constituïts.",,6,3,twenties,female_feminine,vinarossenc|BAIX MAESTRAT,Nord-Occidental,ca,,northwestern,common_voice_26_ca,train.tsv,cv-corpus-26.0-2026-06-12/ca/clips/common_voice_ca_39926364.mp3
97f12240658ae96f64c342e2048018f4348cc5bb87ad4c4ea0bd02b10d0585444ec6e77ff4cf1a144c2f50a4a209fbfe7ba9caed6c6e3ac84177ead4aa2c1b6b,common_voice_ca_35002919.mp3,3ed313878ec639b91141ef01148b3b10813daf282f8ac0e178b3683fb21e3925,Demà passat na Mariona irà a Palafolls.,,3,0,fourties,female_feminine,,Balear,ca,,balearic,common_voice_26_ca,train.tsv,cv-corpus-26.0-2026-06-12/ca/clips/common_voice_ca_35002919.mp3
66a76e532c9da5f6acb2f02c20d3a841bf0852b284c05080ba09624f445d917481aea23be1b9d3844ece7ec6c27e9c367a2ae9e2773b64aacaea9a2603402ae0,common_voice_ca_37576926.mp3,027a410d45dc88e5bb7fec5f3e6456731b58bc7ffa0adacd1a4dcdfed27b4875,Quins són els criteris per concedir les subvencions?,,3,0,,,valencià,,ca,,valencian,common_voice_26_ca,train.tsv,cv-corpus-26.0-2026-06-12/ca/clips/common_voice_ca_37576926.mp3
c8039cce170534e4dabd8a34cb9c8959342f588b7d737351d2ef24ca2be9f18cd19a5ab843c890729233226942d6a9ef8fcffc1e8ee6566f337eebb06a56a612,common_voice_ca_32113752.mp3,757fcff316b6fd892f98c1a1f9cd5f41760155635f7a1156c3a3615e39df41ce,Diumenge na Clara i na Carla iran al teatre.,,2,1,,,,Balear,ca,,balearic,common_voice_26_ca,train.tsv,cv-corpus-26.0-2026-06-12/ca/clips/common_voice_ca_32113752.mp3
e3f07bdc11e3a50eeb314cdedec47101c684fbdf36ab84b3cecb5233b7de3d0ee435934f614d34fc3014ce38a4428a90f9e780fb1607e51bb5aad1e07913f4d6,common_voice_ca_37565305.mp3,e79b57559e9dbc0338903c09cb2273633cecdfdd76f59b468e2c87a3a49d9ca3,"A Lledó, de la merda en fan sabó.",,2,0,,,valencià,,ca,,valencian,common_voice_26_ca,train.tsv,cv-corpus-26.0-2026-06-12/ca/clips/common_voice_ca_37565305.mp3
014c9ed0978dcef50cf5a19a19fc7b5e02d096a504a3cf793db1189301eea83b60e7611df3912a0163dd2db3afb85003b4f9f9c848eef88c2728488ca699543f,common_voice_ca_30961873.mp3,c2a7285f04b2212fad9f702ffb8c7dcedd9dc010a7f9d1c329af30726d46de22,La meva cosina s'ha enamorat d'un arquitecte.,,3,0,fifties,male_masculine,,Central,ca,,central,common_voice_26_ca,train.tsv,cv-corpus-26.0-2026-06-12/ca/clips/common_voice_ca_30961873.mp3
dd67b63c4d68b2490175ec46ce1d55d39f69e8926bf7bc17f983bbcf69b36887e328230c16c3c779a345b63261e2500295015ce2013f81bc5b643029e51af1db,common_voice_ca_21091585.mp3,40143259c780333954ac90e4643b3abfb227ac3f51d793e12b3ead2d42e27588,Actualment la zona és visitada per turistes i esquiadors.,,3,0,fourties,male_masculine,valencià,,ca,,valencian,common_voice_26_ca,train.tsv,cv-corpus-26.0-2026-06-12/ca/clips/common_voice_ca_21091585.mp3
de44c31b2c3b8d65fa6f0e2d4d770bdf7557effd4905cf1057e2e4ff4ea8d762ee44dc776e8843e0af9fc3912044a5647578d07f7846620150b686bd7d3450f1,common_voice_ca_23784090.mp3,b220c872181bd204d01c23335f51338c56514df7d4d2d867841b4fe797d7661a,És un dels màxims exponents de la guitarra catalana que la guerra va estroncar.,,3,0,fifties,male_masculine,,Balear,ca,,balearic,common_voice_26_ca,train.tsv,cv-corpus-26.0-2026-06-12/ca/clips/common_voice_ca_23784090.mp3
c0e57cd5c04ca949f94c3e70728c66a79868aece442c17e29700ce4c6cf24ea2c9ef0f367af86c0a485c6a54101a6699f2fe9cbad9f5a0a3895c44aa61470835,common_voice_ca_39122754.mp3,c9ba5887aff6d7b3dbfde4dcf96bc84e8a345c2e2399022db04ba666b0a01cd6,Procurarien que hi haguera la dolça conformitat que manté contínuament l'honor.,,2,0,fourties,male_masculine,Estàndard i normatiu,Valencià meridional,ca,,valencian,common_voice_26_ca,train.tsv,cv-corpus-26.0-2026-06-12/ca/clips/common_voice_ca_39122754.mp3
7eeb4664f77e4be186bbf6c320c1f0a620361b357aeb5c1d47b4e1f4d3eefd06c1aa581638be86dc127ba72ef47c0f01070b010fb031cb11c6340f56bdf334b3,common_voice_ca_37427690.mp3,04aa7573d8cab0ddf411519bee8684417f842cee2f122295e7dfaadd69b10dff,Dades sobre les biblioteques públiques de Catalunya.,,2,0,twenties,male_masculine,,Septentrional,ca,,northern,common_voice_26_ca,train.tsv,cv-corpus-26.0-2026-06-12/ca/clips/common_voice_ca_37427690.mp3
a2e9f46b50449092c9580fc05c50383e6c00a656c273ef7a0e7f1de9af0612b23eca5137486c50633892130e22a380fd219592af982f8060a32263ee3f037cd4,common_voice_ca_30986884.mp3,cc7a74cca834e49679db220ab38f2dc20067b2ba98522f25ef211a9234875305,Tot ho fa al revés de com jo voldria.,,3,0,sixties,female_feminine,,Nord-Occidental,ca,,northwestern,common_voice_26_ca,train.tsv,cv-corpus-26.0-2026-06-12/ca/clips/common_voice_ca_30986884.mp3
6f108595766a81723439ea3206439af964707132aab7ec8ac6007dbc364c6fa2f409351576bf5a236da2d1ecdbf577b73c09fca85d9543a8069bad36e74c7fdd,common_voice_ca_30904041.mp3,ab8215fb57cb35a339c6ae6c1dc5082567d0abf88d4c3e3c3fc93d61d066ba55,"Apunta el sis, vuitanta-u, setze, trenta, trenta-vuit com a telèfon de la Sia Campillos.",,5,0,,,,Septentrional,ca,,northern,common_voice_26_ca,train.tsv,cv-corpus-26.0-2026-06-12/ca/clips/common_voice_ca_30904041.mp3
525fe6664edbfee1eebafd09ff7a40bdc80679a609761c187f3975cd3b7962df9152af2f8802403012d81359c1a2463634582a7caeb86d12788a117ebe7b1db3,common_voice_ca_39226354.mp3,cc79728b1f7bdca785d59810c6a47358b6841ce2e61635995367dc9d3d2c807d,"Què dimonis he de dir, Bertie?",,6,0,teens,female_feminine,valencià,Alacantí,ca,,valencian,common_voice_26_ca,train.tsv,cv-corpus-26.0-2026-06-12/ca/clips/common_voice_ca_39226354.mp3
4fd18c5239021205df6baff92849480127c6e59a89843eac990e260acbec77d355446a0345945205a76159b51ae3788fa6d1934fc8385a0a09f8224a3c68a2f3,common_voice_ca_18832978.mp3,d0e81f76be18488e5210afc40ce32c89aa183fcd4f2281665bbaca49289173c9,No podrà ser delegada la facultat decisòria derivada de les seues competències.,,2,0,fourties,female_feminine,,Nord-Occidental,ca,,northwestern,common_voice_26_ca,train.tsv,cv-corpus-26.0-2026-06-12/ca/clips/common_voice_ca_18832978.mp3
6396b8df6091ac3a863cc0053f945375fccc04eb4a106d414d2538b9e346ede78ca20d174261e7a8df445a7ef55dc22b5a47adc852167074654321e692903b4c,common_voice_ca_21369064.mp3,4f29e193d90844bb023be3e37f4bb83b9fa5ec3574fbf8cee61f55799e7678da,Nominada a vuit Oscars de l'Acadèmia dels quals no en va rebre cap.,,3,0,fifties,male_masculine,valencià,,ca,,valencian,common_voice_26_ca,train.tsv,cv-corpus-26.0-2026-06-12/ca/clips/common_voice_ca_21369064.mp3
d264909fe380da72d0b34cd257865cfbf6c189aa40f5f9db2d1778d0f84d7bbbf819866191885e9249f8130a348497c3120d982f2340d88a3dc7441f4ed9f8ea,common_voice_ca_37005612.mp3,666098fbc61307469c4f6e1b384de31e0f4d196cdb76721348e1b7c4dfd1d024,A Barkhamsted no hi ha transport públic.,,2,0,,,,Septentrional,ca,,northern,common_voice_26_ca,train.tsv,cv-corpus-26.0-2026-06-12/ca/clips/common_voice_ca_37005612.mp3
d264909fe380da72d0b34cd257865cfbf6c189aa40f5f9db2d1778d0f84d7bbbf819866191885e9249f8130a348497c3120d982f2340d88a3dc7441f4ed9f8ea,common_voice_ca_37005613.mp3,6657e7a2f125658cfb294028c97c1c57bb00cd4a9eb9f380bb4a603a2b2dea5c,L'església està oberta a la reencarnació.,,2,0,,,,Septentrional,ca,,northern,common_voice_26_ca,train.tsv,cv-corpus-26.0-2026-06-12/ca/clips/common_voice_ca_37005613.mp3
8e722ded73031e261cb74373015022b361f54356a79590783369450eaa41bc4f1138aa519f362c33e4d5b4f795aae97c18e9bcb446360d4465a420862e27b4ea,common_voice_ca_31051745.mp3,e081d6f3550d943ed73b35a4c9e3beb4be51f217ff758fc0395dac830f8d86c6,"Més tard, la xarxa va traslladar el programa a la seva xarxa de cable prèmium Showtime copropietària.",,2,0,sixties,male_masculine,,Central,ca,,central,common_voice_26_ca,train.tsv,cv-corpus-26.0-2026-06-12/ca/clips/common_voice_ca_31051745.mp3
c2ebed890f05abf23e7146b9c8378ac5d4a7e5e4669ed0929c59399d65b39b9d294432c425115ec2919b485fe528d91f9d95ff6484ca1705d70de357d4381bc5,common_voice_ca_22438761.mp3,878260a585aef06410e7072cacfb989df8fda8872f36d1d38fd8b0243e7477cb,També el seu nom està dedicat a l'aeroport internacional de Munic.,,3,1,thirties,male_masculine,,Nord-Occidental,ca,,northwestern,common_voice_26_ca,train.tsv,cv-corpus-26.0-2026-06-12/ca/clips/common_voice_ca_22438761.mp3
525fe6664edbfee1eebafd09ff7a40bdc80679a609761c187f3975cd3b7962df9152af2f8802403012d81359c1a2463634582a7caeb86d12788a117ebe7b1db3,common_voice_ca_39223074.mp3,a8947f6c74b9b071d930df0b8a85323e9e98b59a9a4c7e17235514f6483de878,Comèdia disfrutable com poques,,4,0,teens,female_feminine,valencià,Alacantí,ca,,valencian,common_voice_26_ca,train.tsv,cv-corpus-26.0-2026-06-12/ca/clips/common_voice_ca_39223074.mp3
94be9305717424421b29f229d23565bed2bfb8034d679de45bd42eca7eef7817597f09fd8995fcf18d82aa72bcb8045e8d971fdaf7dbf395cedf714462e95aa5,common_voice_ca_38982260.mp3,c8af8282455fa75622c7aecc851a0379317285099351db15648d1cdafbe0442d,Els seus pinyons són comestibles i se'n cullen molts a Xile i Brasil.,,4,0,teens,female_feminine,valencià,Alacantí,ca,,valencian,common_voice_26_ca,train.tsv,cv-corpus-26.0-2026-06-12/ca/clips/common_voice_ca_38982260.mp3
cc97b8b421c6c7d658ad352bc6c268206077f77aae7f626582c236e014698664ae5dd461c28ca0a6dd86526321b3584abae888294e3d87ef838009907ca8cf8b,common_voice_ca_39821052.mp3,d31b84cdc89d0702360fd600ad9d7d5e803d3f02ee600f287ab40647a9b76de8,Només li diu que el vol acompanyar.,,3,0,,,,Central,ca,,central,common_voice_26_ca,train.tsv,cv-corpus-26.0-2026-06-12/ca/clips/common_voice_ca_39821052.mp3
6bbd193a67ec5fe0c6532c4208248cc06e0118a0b6dbb5dc5885f8c05712cab1b187ab7d85f4ff7b23669e22d3fe19bb9d70fa2bf6b4fdd0f50d8e021a62f1ff,common_voice_ca_35059155.mp3,41062efdd5e3d85a03164407e1c26659c9c354a1d001c054890f948e6740bb4d,"Tres persones, dos arrosseguen maletes i una porta una motxilla, caminen per un sender ben il·luminat",,2,0,thirties,female_feminine,,Balear,ca,,balearic,common_voice_26_ca,train.tsv,cv-corpus-26.0-2026-06-12/ca/clips/common_voice_ca_35059155.mp3
c18ab362acd0badd389cda7826ee8bc10a85330920a1a3e46cda23d1340f726c1a5b149c07cc29b472117062692d14e54610c25759059cad6c7fa617f0d942d5,common_voice_ca_37545634.mp3,bcbafb22512dce650242abc483cd1dd20e4ed0f681d8b2d6a6876ce63bd82106,Santa Llúcia treu les fires i les festes de la bústia.,,2,0,,,,Nord-Occidental,ca,,northwestern,common_voice_26_ca,train.tsv,cv-corpus-26.0-2026-06-12/ca/clips/common_voice_ca_37545634.mp3
80d87c89983c43a699faffd0c037dc07f1c39029b96141109bdf8bae1f28653e1bee0a6a468b40e1b231280fc86c427061f0e391a4059db1424a2fa03a5d928d,common_voice_ca_40997801.mp3,903bede4db9afba73c07476730ea7664353be3744c58157bfff4d4bddadc1359,Posar en funcionament l'endoll intel·ligent.,,2,0,,,septentrional,Septentrional,ca,,northern,common_voice_26_ca,train.tsv,cv-corpus-26.0-2026-06-12/ca/clips/common_voice_ca_40997801.mp3
b3480025157f80b54a8ec0282b27baa14ebcf849e06354bb7c4caeed9b00ccd98e433465316ee7a8e92edd7131d002754dff0b7ed8a5a9cefd8452bceaf78696,common_voice_ca_30920482.mp3,b1b417bf0227b5577ee0f43acd437c74ec499d835abaf09addfe4aa33cbf8b71,"Les aspres mans es donen, formant a les espatlles un altre Pirineu.",,4,0,,,,Nord-Occidental,ca,,northwestern,common_voice_26_ca,train.tsv,cv-corpus-26.0-2026-06-12/ca/clips/common_voice_ca_30920482.mp3
a8cb3c1a677762af742e89698547f4b185a9e2b6547738a48d7b2f2fa47c70c147f56669a01b25a9e86082d1b4eb7ababcddef74d0b35370a4448ac79035b129,common_voice_ca_36964855.mp3,647324ec3bf43cb7418068bc6542a7d5f8c093b58a4101c89c3a37a038a7d3a3,Aquesta zona normalment té una estació seca notable.,,2,1,,,,Nord-Occidental,ca,,northwestern,common_voice_26_ca,train.tsv,cv-corpus-26.0-2026-06-12/ca/clips/common_voice_ca_36964855.mp3
aa8eb38159cf771b1f6f3778e2f6f9b66588dbfbc2345e28e11406514a6dc77f241aab0f341bee52d361132bdbaa9f02aa0411e87d47733b18a6d8eba443d2ba,common_voice_ca_37651207.mp3,7aacf659a74cd908647048e02a667756b9e47e5f16ed235d7060514c1f75e445,L'accés és per pista.,,2,0,,,,Septentrional,ca,,northern,common_voice_26_ca,train.tsv,cv-corpus-26.0-2026-06-12/ca/clips/common_voice_ca_37651207.mp3
7cd26b91a7d186e02ce9f93f0d3853cde57eb78b3590bdbf07b4ecc31d0e8470431f85a11c77db96a59b133cc01c7d554bee294cfb27bf753760268a84a31c66,common_voice_ca_36827390.mp3,5ca296d21d8ec5cb6f9b14042b025f83f2820e469b4d63b108e3aab75bdbadd9,El cementiri.,,3,0,,,Tortosí,,ca,,northwestern,common_voice_26_ca,train.tsv,cv-corpus-26.0-2026-06-12/ca/clips/common_voice_ca_36827390.mp3
0b224145a7f6ba416e9cdb5c53891cb5fc9cd424b4fa0b091e578a5828c53d2257a59b7242c205820c79fc9c32277f79d40d1a6941ff7a0a71cb75ef35ad7c1b,common_voice_ca_37230953.mp3,6db160f6ab6cb641a87ddcc84fa37f0d8f8dda31e340e74f12bce78e2771b8f4,El poble de Wiconisco està situat al nord del comptat de Dauphin.,,3,1,,,,Balear,ca,,balearic,common_voice_26_ca,train.tsv,cv-corpus-26.0-2026-06-12/ca/clips/common_voice_ca_37230953.mp3
e7e48b7cf195e517e6a62aa81ba4a79916852fc39fbcbcd8862c3fc81872818f2f1512c173e0c2679e04689d9847ce515c1c2f7309984b5035694d2f731c9020,common_voice_ca_31086387.mp3,e834b069dd101f1f38baac65ee8660e5dcb475340209899f8871e2221b4d48cc,"Truca al sis, seixanta-set, zero, dos, trenta-set, seixanta-vuit.",,3,0,,,,Septentrional,ca,,northern,common_voice_26_ca,train.tsv,cv-corpus-26.0-2026-06-12/ca/clips/common_voice_ca_31086387.mp3
e2e95741e5a2cefda6d6bc3b7700fda1032a19a4471ebc939f537c0a8b184092f5591ca94d8c36a9c41f78e68bac93b5c6924b35e3ff362615440376ce92e657,common_voice_ca_30716891.mp3,46c2a7859a303996ef4904daa31282efa56cb3d58bc9521a865f4c05ff694661,Ens negà el pas per la propietat.,,5,0,,,,Balear,ca,,balearic,common_voice_26_ca,train.tsv,cv-corpus-26.0-2026-06-12/ca/clips/common_voice_ca_30716891.mp3
e4a791496341a07bd6f3a4eb166af8ddbf537ad054b36e5c6e095c9cfdb47a472bdc51d8cc0a91d5bdaf8fb3bb00f3e733bf12e9045e7f8afea5232bab17100c,common_voice_ca_38101724.mp3,990040b15cbbb824fef07ee16c0f5eb9ab328c298bf8b78db267fd1edbc45381,Els professors i professores eren les ànimes de l'escola.,,2,0,,,balear,Balear,ca,,balearic,common_voice_26_ca,train.tsv,cv-corpus-26.0-2026-06-12/ca/clips/common_voice_ca_38101724.mp3
de16763b08989247481ab95b1f9cc0271e5f1b346f96a2ddbb632774948f060329ed8b46b84a37e79fde815aedc66ef709a883809b5922a3c2d0951ff46785b8,common_voice_ca_17510616.mp3,b8b8c032a971d002d13328d4fe65603b0f0cb4d0ae3084c131baf427852f4933,Ningú no es va moure.,,4,0,twenties,male_masculine,,Central,ca,,central,common_voice_26_ca,train.tsv,cv-corpus-26.0-2026-06-12/ca/clips/common_voice_ca_17510616.mp3
9f1afd79e6aecbb20b862331a21b66e410f9a340405059ce47663e9da68b4463cf2de7b9fc3af6909c1ab800b9a0b883ec1877f557c64e753101f3a1497644bc,common_voice_ca_30819045.mp3,8d25e354ce0f3ddc00c1fb29dede06c5706ae8b870530e7863a0bbb5f620cd34,Tots es van dissoldre un cop van estrenar el darrer disc.,,3,0,,,,Septentrional,ca,,northern,common_voice_26_ca,train.tsv,cv-corpus-26.0-2026-06-12/ca/clips/common_voice_ca_30819045.mp3
e279eecdd6e99a03e55130e2201a5f0b61ad97e4998ba7a345fdf00e8f2ff5726ef8187f45d0e6bd9938f39c30a06d52da91fd58100223043ba5b0654a0adcc4,common_voice_ca_17513321.mp3,cee94e1d1411a2d4e2a19d534b9f72910ac73b845cb9b109f24d7c1888b68cec,"I, paradoxalment, molta gent n'és usuària sense assabentar-se'n.",,2,1,twenties,male_masculine,,Central,ca,,central,common_voice_26_ca,train.tsv,cv-corpus-26.0-2026-06-12/ca/clips/common_voice_ca_17513321.mp3
1dd709e05b199abe85552f66966863d5cbb374dfad3ddcab72b0d8954988816e1e64d984915fd0318f9f736a6b5f2d18edeedca9e1ccf3287e793c7ea836e2df,common_voice_ca_30882899.mp3,a32f2681207fb7c2433cc0490840c360888f19c7784057cbc14adab29611605a,Els vius i els morts.,,2,0,fourties,female_feminine,,Central,ca,,central,common_voice_26_ca,train.tsv,cv-corpus-26.0-2026-06-12/ca/clips/common_voice_ca_30882899.mp3
8dccfb605c83df1076d2b14598d15a614081a0b1972a28d62e99ee3a373c071e0fb17a28245681a76f481385197a59e44afc8f5e36636ce77a81b4c2a7adae6f,common_voice_ca_32293394.mp3,be7a298a1ddd9b140d8930c591dd2ff00139f0cad576eb1545ca17a00cb9c631,Va resultar que tenien set fills i s'havien separat cinc vegades.,,3,0,fourties,male_masculine,,Balear,ca,,balearic,common_voice_26_ca,train.tsv,cv-corpus-26.0-2026-06-12/ca/clips/common_voice_ca_32293394.mp3
b7cabeeebd327e20e86dc7f329044ef1e505a8b5b06ec8730b35ec796179398d343c4612c462987483a552461ceb8746d845b5304f90a1ef4bae8f961c061f22,common_voice_ca_30834107.mp3,92494f03f1918f359dbb3f3aed4f5decaf0dd704d65edacf6137f922efdf7f36,La majoria de persones i mercaderies que entren o surten passaven per la duana de Verkhoturye.,,3,0,,,,Central,ca,,central,common_voice_26_ca,train.tsv,cv-corpus-26.0-2026-06-12/ca/clips/common_voice_ca_30834107.mp3
68eb1f2c559fced575a78518ab0b267a60f1877dbe6d27410d56a1d8b178f1d16e428e59044ccc5aec49404a487c82ff27d848a06453ebdb52b24222513ba302,common_voice_ca_31313013.mp3,063f7bbad7ac42473bbcec41bc91ba3f651a961ab2ee122166a6ba826be15b16,Long Eddy és la llar de la Basket Historical Society.,,2,0,,,,Balear,ca,,balearic,common_voice_26_ca,train.tsv,cv-corpus-26.0-2026-06-12/ca/clips/common_voice_ca_31313013.mp3
e8ebb1a7077837d668a0d217ec51b26816a06d43b206b1fffa2150fa9a37365405a1532b7ef60fe14f656c3d6e1c56b739fd12b039bb37ac4830511907a000c6,common_voice_ca_37621221.mp3,777b0df9fb38d1aef563a70d92be8c18c59ce94c1999c25517dbbe85893a9b48,Mar gris.,,2,0,,,valencià,,ca,,valencian,common_voice_26_ca,train.tsv,cv-corpus-26.0-2026-06-12/ca/clips/common_voice_ca_37621221.mp3
29d0ad8813a04a306a0897e0145fb80f76a8b38360e27097433d6dfdb810933503ad669492752e5a1fe2407a94f8088c4414be3edd97a8e7e71264671ccfbbed,common_voice_ca_37604796.mp3,608f9dcc2e62b8bfc29c2053d07471248d593db5597612d159efcee536461888,"Any de bixest, any de faves.",,2,1,,,,Nord-Occidental,ca,,northwestern,common_voice_26_ca,train.tsv,cv-corpus-26.0-2026-06-12/ca/clips/common_voice_ca_37604796.mp3
0111c49e745e4d0df4a25f60fab585b26cd118675d44d8d0ae4d372fce1a6e7d0cf91e95efacee7f9a5c427bebbe626b6cd5827d562a916970ff4a5b8ad7c0cf,common_voice_ca_39959785.mp3,d73f287ce887466d8b44c1e854cbf8390d8799cd0b9e320819258c7ef242cb4f,A vegades els pollins neixen amb una pell més clara que s'enfosqueix amb els anys.,,2,0,,,,Septentrional,ca,,northern,common_voice_26_ca,train.tsv,cv-corpus-26.0-2026-06-12/ca/clips/common_voice_ca_39959785.mp3
ce2f6426c281a5efc81454bc765a9132416052477f5c1aca99e3d27fbc14994827164a1b714121e97c78ca058a1f1c30f59ff29d72ef0a00b9bcd51b7469bc17,common_voice_ca_31298374.mp3,0430df1eaa8d2b5b738e4172ccfcac107e0bc3c359839684eb67eb1f702eb203,Va ser un alcalde de la quarta república de Veneçuela.,,2,1,,,,Nord-Occidental,ca,,northwestern,common_voice_26_ca,train.tsv,cv-corpus-26.0-2026-06-12/ca/clips/common_voice_ca_31298374.mp3
26527c84247bb0804a7c264edb42b23f55e96abd5d4b2981ee1808c4ae4978feaca988dd9645afc1b6e6dc65dfb5563b3b5eb47656a4d97feb5b289d74c287eb,common_voice_ca_31458249.mp3,1dddc66077a00add83fd043c661b8eb36441c5b9895e58398585f2a5bc036e1f,"Després d'escapar amb prou feines amb vida, Arslan es reuneix amb el seu lleial servent, Daryun.",,2,0,fifties,female_feminine,,Balear,ca,,balearic,common_voice_26_ca,train.tsv,cv-corpus-26.0-2026-06-12/ca/clips/common_voice_ca_31458249.mp3
c536f3b58305c481143610b22734bb81507648bae40b011730fdc9026431887747ab4aead8a1726e35ce61258ecff0d92dc757d75e1368bf89c7167e72985e9e,common_voice_ca_37597268.mp3,48b6fbd7c2468ba83fca6db7fd115f1d020ddc137de99c9cd5e15ef995dcd682,Moltes comoditats són enemigues de la salut.,,2,0,fourties,male_masculine,valencià,,ca,,valencian,common_voice_26_ca,train.tsv,cv-corpus-26.0-2026-06-12/ca/clips/common_voice_ca_37597268.mp3
cc69090f1f4fe27135992102671f6d8a93793d68bdb2719f295f52385192845cab544b6ae27f74e4540e25cb3d3c06e200db332cb5332bb6a06fbc6d25a1fb45,common_voice_ca_37634647.mp3,78caaf2b18ff4fc59dea17284087aac2a398a646ab39d35637a1d751542a596e,"L'actual església, sense culte i mig enderrocada, havia estat sufragània de la parroquial de Peramea.",,2,0,,,,Central,ca,,central,common_voice_26_ca,train.tsv,cv-corpus-26.0-2026-06-12/ca/clips/common_voice_ca_37634647.mp3
22958f42a50ef3a5c2ec4d3fb30bec33a55c1d1a6a85d5bea86ba8c8107415837c8494ff7dbdea01385859ebf381c231be0ebc45dc26f0129c228e4cc3ea4586,common_voice_ca_33387128.mp3,d3d864daa2e3101615858d1acd2b877416811558098e6cd6251f7a1be68986b5,"Per això, el govern francès els facilita les proves de franc a les farmàcies.",,5,0,,,,Balear,ca,,balearic,common_voice_26_ca,train.tsv,cv-corpus-26.0-2026-06-12/ca/clips/common_voice_ca_33387128.mp3
a8cb3c1a677762af742e89698547f4b185a9e2b6547738a48d7b2f2fa47c70c147f56669a01b25a9e86082d1b4eb7ababcddef74d0b35370a4448ac79035b129,common_voice_ca_36969187.mp3,6492138d132a004aa8b5d4ddc00b76f688e309d0c7312c9305de7a2d0387910a,Avui a les nou no engeguis el microones.,,2,1,,,,Nord-Occidental,ca,,northwestern,common_voice_26_ca,train.tsv,cv-corpus-26.0-2026-06-12/ca/clips/common_voice_ca_36969187.mp3
0909f5639e00191983e4434a00cc236dd2f746aa98e89228592611c36e41052a3517df0d34e4744fc82d00cf12713945754b19f6a354a3e531f6d730072f1707,common_voice_ca_23903006.mp3,be998d4bc9dc782a2a2ebc3c53a7e738349e87f4d92fc1a1ef44ae16bec72d01,S'estructura en planta baixa i dos pisos superiors i un tercer en les torres.,,2,0,,,,Nord-Occidental,ca,,northwestern,common_voice_26_ca,train.tsv,cv-corpus-26.0-2026-06-12/ca/clips/common_voice_ca_23903006.mp3
4e2f29951f3d98704eab76ca83035440ed454b7828fa598da2d911cd272a606a78ed8a50a5c22e1d1b0365670a9fd3b621df7ba8adc00ecfc97f80ed2538598f,common_voice_ca_31470545.mp3,1fa8238ad4a2b2ad7002ae5f64b716700141dc37ef0e48569a3c84c72ddb8dd2,Les marques restants solen escurçar una nota.,,2,0,,,,Central,ca,,central,common_voice_26_ca,train.tsv,cv-corpus-26.0-2026-06-12/ca/clips/common_voice_ca_31470545.mp3
de579dfbe41bf9280a13029d6db50f07ff8411c424642aacbe36f9564cd11aed4fcc091003284b4d3bc232f79ebad16a60afdef6b2e46b8c8daed7a7bd42c979,common_voice_ca_31202187.mp3,f686ab5b4d593a2db9c5df5b2ffbfe9acdf4c03d06dadb87e5c7d74663a059fd,"Mizrachi va néixer a Miami, Florida.",,2,0,,,,Septentrional,ca,,northern,common_voice_26_ca,train.tsv,cv-corpus-26.0-2026-06-12/ca/clips/common_voice_ca_31202187.mp3
b6e7a52d88b2d3dfe74e4860b3dc554acfbc70d20d01e18f90b83cf5b0b23672accb83e6e3913526035b09abd554e0a11021d1dcf1d8cc3a5046582fbdb52e9a,common_voice_ca_36957828.mp3,63dbaa147eebac1f876b034ba1e90a593071cda3b2198171858fe76f460b6bae,Óscar Ferrer Cañadas és un cantant membre del grup Parchís nascut a Barcelona.,,2,0,,,,Nord-Occidental,ca,,northwestern,common_voice_26_ca,train.tsv,cv-corpus-26.0-2026-06-12/ca/clips/common_voice_ca_36957828.mp3
c18ab362acd0badd389cda7826ee8bc10a85330920a1a3e46cda23d1340f726c1a5b149c07cc29b472117062692d14e54610c25759059cad6c7fa617f0d942d5,common_voice_ca_37545635.mp3,b57360e405628e9cad245ac5b9a2f9af127e62ef0c56997cc7b271a30d9fa39f,L'occità és una llengua romànica occidental.,,2,1,,,,Nord-Occidental,ca,,northwestern,common_voice_26_ca,train.tsv,cv-corpus-26.0-2026-06-12/ca/clips/common_voice_ca_37545635.mp3
082fe97c1a4f1d56270d873d7070459536ff8b978cc59d58540b16793566bca11b22bbe8928d6f9d17decc7608636aa0988aeb7e131afdd4702d5c8279ac29e8,common_voice_ca_37255051.mp3,6ee9e433984c6c3aa0f64b8e512760bbea132220de4cf8e3845599d4f590dbc7,Les seves fotografies mostren emocions naturals.,,3,0,,,,Septentrional,ca,,northern,common_voice_26_ca,train.tsv,cv-corpus-26.0-2026-06-12/ca/clips/common_voice_ca_37255051.mp3
b5419f6ea89dc32431a7671df1ebf934647bba5b27db54235fb1e47d691b70c3160bf8019653d5faad616b169adfea5d8e7077e9820d9294144354133d45ee16,common_voice_ca_19124453.mp3,fb6bf75e25d9cffa3793466f2cac32b6f94b46f6b7165393ed4370bd927d6d7e,La primera estrofa de l'himne regional ho recull perfectament: «ofrenar noves glòries a Espanya».,,2,0,twenties,male_masculine,valencià,,ca,,valencian,common_voice_26_ca,train.tsv,cv-corpus-26.0-2026-06-12/ca/clips/common_voice_ca_19124453.mp3
dd27f147194f8bd2f9ea5f38f118c36aaf72ebe55acc85241203baa77f54ef2eb3598bde1676be6ec7c598c6108980f621d2abf02ca7fff2eb91719027959881,common_voice_ca_19898143.mp3,126e08a5a86767d49405f05fe6cbf0c40d637fe7793739f00521e240c89e4fd5,Constava de propietaris agrícoles terratinents que podien viure completament de les seves rendes.,,3,0,fourties,female_feminine,,Nord-Occidental,ca,,northwestern,common_voice_26_ca,train.tsv,cv-corpus-26.0-2026-06-12/ca/clips/common_voice_ca_19898143.mp3
e51f1d569be21b5623e8e7d070c980640191077c83591856f9b176ddcf4ce3e39cdd27fb26e74c36965a6a6bcc2f0c1a80503f5f6e7b7c969c5f0c8516a45c3b,common_voice_ca_31707082.mp3,01772a0b3cdf7554f84ffd608d350d46caa6f8b25eaad7db04735b860df6f298,Per Cap d'Any na Carlota irà a Confrides.,,8,0,,,valencià,,ca,,valencian,common_voice_26_ca,train.tsv,cv-corpus-26.0-2026-06-12/ca/clips/common_voice_ca_31707082.mp3
58c4e873b35789765a76fbbf93e54806647674c65db82dc573c3fff11abda41ffc0539ff8879a9d768aa22f236a99d21bb892b248face102e13c200e82f6b465,common_voice_ca_25147958.mp3,134af6f290efb405a4d53c9a97e8dd1a0c037c060d5c796f488e67a628d38855,Aquesta temporada els Cobras van acabar cinquens d'entre onze equips.,,2,0,twenties,male_masculine,valencià,,ca,,valencian,common_voice_26_ca,train.tsv,cv-corpus-26.0-2026-06-12/ca/clips/common_voice_ca_25147958.mp3
6ce00893a833a23002c74168368d73320c5a98e22518a8a7b88b2b66ff2b274e8bb39eac6e4e86786a63d350667c461b5b5c5ebd814bdea8edf74bab3624f53d,common_voice_ca_30814592.mp3,8bb2039c58c3026cde55d2364a48bc239601a39d93f19ccc5add8f3cd723ade7,També s'han trobat restes d'animals a les egagròpiles dels mussols.,,2,0,,,,Nord-Occidental,ca,,northwestern,common_voice_26_ca,train.tsv,cv-corpus-26.0-2026-06-12/ca/clips/common_voice_ca_30814592.mp3
ae7fc163935f49205e1751378026226f6e1f13d3eea467872297abe2dfe37082ff66ce4cdadebb6ee4b80c85ff06626e67621abde9e06811bd2dd31eb7699bc2,common_voice_ca_31208710.mp3,f6f57bab5ad98023e506f646796ee7cbe66d43e68cb04c559b0de934c99c8dc6,Piccolo va passar tota la seva infància a Buenos Aires.,,3,1,,,,Septentrional,ca,,northern,common_voice_26_ca,train.tsv,cv-corpus-26.0-2026-06-12/ca/clips/common_voice_ca_31208710.mp3
a4b8fb205426522c83da0168badd4ea631f206801d3359ddb24b12c4ba4ede036836c0280bad4be95c791bf42761f08d1c65615bd22589ad9c73bdb5be23ff32,common_voice_ca_23432367.mp3,a1612b240283ff06b18c414aa947a87e319a83dc87971ae89dd56fec1f3f7ea0,És a l'entrada del poble des del nord-oest.,,3,0,sixties,male_masculine,,Central,ca,,central,common_voice_26_ca,train.tsv,cv-corpus-26.0-2026-06-12/ca/clips/common_voice_ca_23432367.mp3
c2be4f7a8e3952aecc0488ca451560ffab4199d88486c3c26fec5e00f11e9724ce012b2f76ee61c223acf5503a9d90422085f68366d995a31d586558dda7a2ef,common_voice_ca_37603154.mp3,53b00caf9726ed20c3753b703f468128a3570c8379c5594fcd36723480a96bc9,Callar és consell de savi.,,3,2,,,valencià,,ca,,valencian,common_voice_26_ca,train.tsv,cv-corpus-26.0-2026-06-12/ca/clips/common_voice_ca_37603154.mp3
d94e845c302f5cfda75e5de597260c7e33bb52b8056a0b8a5cb388f134e0f0fe2d565b9dd386903961790b8d0de1d59788a122fc7971fd5913e758839b55b167,common_voice_ca_31364531.mp3,0ec9f674684b68fdc4759b8b79d0ceb81e4dc08538d1257a21217f7f6ef7c846,Com puc anar a Ribera d'Ondara dijous a les nou?,,3,0,twenties,female_feminine,,Central,ca,,central,common_voice_26_ca,train.tsv,cv-corpus-26.0-2026-06-12/ca/clips/common_voice_ca_31364531.mp3
b3b8a4852020a2dd126818021e9aba97d6089bed49314847dc5fae15354fbf971daf64866fe4bb885c9b6b9d36ed20ece4438b5cc89c8fd181ff59cedb70f325,common_voice_ca_20580536.mp3,32b177a8b85f072fde325c11911fa1c9af08e9bbae9557b70d307dcd29aabcb9,Les transicions de color es donen moltes vegades al llarg de línies rectes.,,2,0,fourties,male_masculine,valencià,,ca,,valencian,common_voice_26_ca,train.tsv,cv-corpus-26.0-2026-06-12/ca/clips/common_voice_ca_20580536.mp3
98c0b8ebec2e2ce3bd87e8b347810ba6a48688de1d95b46894fd91724959bdb2911a1b4c77fdce4f5a32aaea6a515dc40c508f71b485b69ac91d7ed287644d3b,common_voice_ca_37855368.mp3,86db1f9fa2d24d2966d6979fc3213ab7762e2a1643e34ca69461c534dcd01b16,El nou d'octubre en Quintí irà a Mieres.,,2,0,,,,Central,ca,,central,common_voice_26_ca,train.tsv,cv-corpus-26.0-2026-06-12/ca/clips/common_voice_ca_37855368.mp3
d6e066325d407aef9743f94335a75f6b2efd577791082b52b5df5033c543b84774a0204eae3762dd3e2536307a26a49ab4bcebdb7154f504e369fe6a41f88118,common_voice_ca_40670526.mp3,0d6a2946a7f11c70dd10753495a4e8dbbb3871b00573d0d38fca629f82b8e29c,On va viure fins a la seva majoria d'edat?,,4,0,twenties,female_feminine,valencià,Valencià meridional,ca,,valencian,common_voice_26_ca,train.tsv,cv-corpus-26.0-2026-06-12/ca/clips/common_voice_ca_40670526.mp3
02eecc0d9bc8c8f492ad62ab7a0b057cb83436e2c6f39921188156409e1a08f618374745b21907cab4e51172f39c47460c4be466ae62b13d7b3fbfdd54b99486,common_voice_ca_37589923.mp3,2df9e9356151f885a625bb2eddf012ccc74f8b8563640d3779c5bda260b3389e,Hi ha més ingrats que escarabats.,,2,0,,,,Central,ca,,central,common_voice_26_ca,train.tsv,cv-corpus-26.0-2026-06-12/ca/clips/common_voice_ca_37589923.mp3
3723bd65a05afc7411c2bfca904742062b7b0c081ba126e68c65d28eaa6122f69196f4959fc1795fe03f8e49ec7364863911f9b659684a06b3a126c6f1729551,common_voice_ca_19452119.mp3,06570b4d7b2a2fe0bee969ecda6b5a430f1dadd144b49dec27288bcd05a29c9e,Ara està sepultat a la basílica de la Santíssima Anunciada de Florència.,,2,0,sixties,male_masculine,,Septentrional,ca,,northern,common_voice_26_ca,train.tsv,cv-corpus-26.0-2026-06-12/ca/clips/common_voice_ca_19452119.mp3
4f62b986b8dad6adac45e946de94fa27c1ae041574712e576ec5a27d2349ff859b73fa6f228705d560d25a1f227d6563be1779d5e54bc4a7aca5a1b2814dcc24,common_voice_ca_37631495.mp3,029a014bdb853e935667ee011ac8548f9c74bf10b9bd7fac9733a3ee83715212,Dema aniré a La Llacuna,,3,1,,,,Nord-Occidental,ca,,northwestern,common_voice_26_ca,train.tsv,cv-corpus-26.0-2026-06-12/ca/clips/common_voice_ca_37631495.mp3
ebdd260d32c844973f080135fff8e1e957874d75c73329c9bf01473084a2a1e1bc54acc2eae46c67634e04ad5a7fe43da60a3423fc922f52c4408b853f0dfd3d,common_voice_ca_39926361.mp3,d636f61efe16b7d45e8e5e0e042f14f65654e60c85d99eee5db60c9947033087,Acceleracions verticals i horitzontals van aixecar estructures dels seus fonaments.,,9,3,twenties,female_feminine,vinarossenc|BAIX MAESTRAT,Nord-Occidental,ca,,northwestern,common_voice_26_ca,train.tsv,cv-corpus-26.0-2026-06-12/ca/clips/common_voice_ca_39926361.mp3
31f514f5aac74b6ffd1c48c8729a18e5bf53b7e09ecb2f06f29ac2d4708e73b1f4df61e2ca0a24916d2897268456dd598f2a1f5fcb8fec471082f4f1fb304f86,common_voice_ca_31151335.mp3,11d5f0ced4bca5130476a15cfb6589197ab98843590b4f33fc3706905a4864a1,KRS-One és un músic estatunidenc nascut a Sant Celoni.,,2,0,,,,Septentrional,ca,,northern,common_voice_26_ca,train.tsv,cv-corpus-26.0-2026-06-12/ca/clips/common_voice_ca_31151335.mp3
dd861f9c59e6769502fcd330a174bb26308379a5a95cc8416bbf338aded7ca4ee103b04df5deb014e1a41ef4e672a0f4ba9c583af8e6c4536f86ee6d9e8f6c4a,common_voice_ca_30806723.mp3,891666e4d6e80724523eea85aa4649ebf03be9e1179fb929915d7d3890f2a8cb,Dos jugadors de futbol topen durant un partit.,,3,0,,,,Septentrional,ca,,northern,common_voice_26_ca,train.tsv,cv-corpus-26.0-2026-06-12/ca/clips/common_voice_ca_30806723.mp3
8b600dc4cb8f4a6c8bc2666b13de0a0d4c1a87724becccc80cb9e9f4f6d16b6b6d5eb8bd1f637d421979ff0af04cd3faa55a9b18b8adce58e604dc021b646934,common_voice_ca_31380810.mp3,11a6a7ba9f21c7bd33776de8dadc9f1c7e1ccd32f02f5e8b600b01f7f0ddac85,Respecte d'aquest terme és al sud.,,4,2,,,Nord oriental,,ca,,northern,common_voice_26_ca,train.tsv,cv-corpus-26.0-2026-06-12/ca/clips/common_voice_ca_31380810.mp3
1be6c773da6334cc73e23312689bc8a5915529c905e1d5289dbfe00332a7dcb9ae97efe209635e2e5040783777409155926d231a5a5f76357494671512d2b1a4,common_voice_ca_30895893.mp3,a86593d792a7a6882e2c78155077e84991b171e5f682b5d6a77cfdb818125a59,El director era una persona ignominiosa.,,3,0,fourties,,,Nord-Occidental,ca,,northwestern,common_voice_26_ca,train.tsv,cv-corpus-26.0-2026-06-12/ca/clips/common_voice_ca_30895893.mp3
e83cd01faeaa155f07ab3101d48f8ba66e84b92a37aebcb143a794f3f256f364069a7540f74ac69f7905e3437ad4ad430c2a5dc26774121249a263c13ed6ab2d,common_voice_ca_31478339.mp3,20c48bccb32858f60a39e1ebb1596f208194919d49bed85982f1bc5e39e6859a,Almenys no hi ha Happy Meals de Lemony Snicket.,,2,0,,,,Nord-Occidental,ca,,northwestern,common_voice_26_ca,train.tsv,cv-corpus-26.0-2026-06-12/ca/clips/common_voice_ca_31478339.mp3
92891fa5d0252d8925f414cfb9c70d26d072552ab50e1e8b28467311c9b40e9d77aadedf5a09bd922e660758b12c084927a84d4e81072d8f763af20b7427764d,common_voice_ca_25092516.mp3,0fd2faa29ba164f7385aa31954992fd49c214496fd737edd304fceb40090d39c,"La carretera, sortint de Clines Corners cap al nord, continua cap a la capital de l'estat.",,2,0,,,,Septentrional,ca,,northern,common_voice_26_ca,train.tsv,cv-corpus-26.0-2026-06-12/ca/clips/common_voice_ca_25092516.mp3
91f88f43f58cfab40476d5cf53fd90071a136bd7cb6600bfafa6c3c617ab78750c0de3f341d8c68e8de7767930a2417e36ff8efc17c21074a6637769e07f624a,common_voice_ca_33388181.mp3,cf7cba4bf79f81eaec7486d0eddf90099c564f22f9505a0ab2b19a2098274cb8,"A més, els troians terrestres són candidats ideals per a possibles missions espacials futures.",,2,0,,,,Balear,ca,,balearic,common_voice_26_ca,train.tsv,cv-corpus-26.0-2026-06-12/ca/clips/common_voice_ca_33388181.mp3
ea9d1d3725dbca61f5cfc9e78b3a0ba898b6d188bebe4ba379ed42add0958cf59ffe1a2b73e2e2f9085b1d232036a97422e46b6b19fa90b7609a9a64e218748a,common_voice_ca_43519894.mp3,ea78f58221bb8d022d1e81f4088a48d585b9bf578862948b1e9d03ddfff33bfa,Llocs propers són Kingston a Soar i Trentlock.,,3,0,thirties,,central|Garrotxi,Central,ca,,central,common_voice_26_ca,train.tsv,cv-corpus-26.0-2026-06-12/ca/clips/common_voice_ca_43519894.mp3
9a37648f8ecc2dc0310ad8f83aac36643460912de4983f2e3eb0ee05227d5e38e135df74728a827941dc6d2cc893323fe005f514caeb50947a0a28374ab459b3,common_voice_ca_30790158.mp3,83a09c2b58abc7b4cee706815feb7a71ecd2eaeb46e0532ef30ce14f9a072b56,Una de les característiques del model Reference és que utilitza altaveus de baixos de la marca Cerametallic.,,2,0,,,,Nord-Occidental,ca,,northwestern,common_voice_26_ca,train.tsv,cv-corpus-26.0-2026-06-12/ca/clips/common_voice_ca_30790158.mp3
4dafd3b98609177f1469270b4fa9646197ec854606af7afdf8d3f84f2af72c8f33a6e568e547e3039ee5dab2185aac4d318a5f416ec15a3bf40ec96bd92ef137,common_voice_ca_22064116.mp3,75ed3ac9c2d30d0be061b976cde9516aea322b7c5d4bd40c6b411531735bbfba,"A pesar de la sentència judicial, les disputes no s'han acabat.",,2,1,teens,male_masculine,valencià,,ca,,valencian,common_voice_26_ca,train.tsv,cv-corpus-26.0-2026-06-12/ca/clips/common_voice_ca_22064116.mp3
e70e62d6ed6985015e987da40391de410088f0825dfdbbee04963da4ae6be33b9ca19f2b77267b1457e26eee22db639cdce7587435c764d9fede1c005b17561f,common_voice_ca_37574312.mp3,f5f4f113b0084741d2973460ce24c323470852507f9033ff95ddbb1f464b7786,"Si plou per Sant Pere Regalat, plou quaranta dies de comptat.",,2,0,,,,Septentrional,ca,,northern,common_voice_26_ca,train.tsv,cv-corpus-26.0-2026-06-12/ca/clips/common_voice_ca_37574312.mp3
98c0b8ebec2e2ce3bd87e8b347810ba6a48688de1d95b46894fd91724959bdb2911a1b4c77fdce4f5a32aaea6a515dc40c508f71b485b69ac91d7ed287644d3b,common_voice_ca_37855371.mp3,86a7b2037b341bb8d6daab2ecea74ab039d27ff262f089a59d07f454f2c5c0ed,Castanyada i concert de sardanes.,,2,0,,,,Central,ca,,central,common_voice_26_ca,train.tsv,cv-corpus-26.0-2026-06-12/ca/clips/common_voice_ca_37855371.mp3
90aacb6e5884a88c78cf93e77ad46f5b2c643042e24cf33f6fc3edf4c4ae9fbb76517000acd023ec4d19fa1854d7bbf4c21839576ed6cc0661f6533339f50bee,common_voice_ca_26012153.mp3,2e531a7d93eb27b62c10055be563d6cb1dedd8728b090a8823a02b8de9c7a013,"La mascota de l'institut de Quartz Hill és el Rebel, un soldat confederat.",,2,1,thirties,male_masculine,,Central,ca,,central,common_voice_26_ca,train.tsv,cv-corpus-26.0-2026-06-12/ca/clips/common_voice_ca_26012153.mp3
e61be99a559888ef720068ed3f728d98f5b1ae923840b230dbe2c76093d60b38e24ce836e06b699e17cb8c2f442d5b3e01e6f1a04392f1507dccab942dfd3aae,common_voice_ca_37577908.mp3,fce0bc50dd534033bcef8d6cf9aef39f9c064f5eed241e7ed3ef5a5eec956a81,Val més tamboret comprat que no pas sofà llogat.,,3,0,,,valencià,,ca,,valencian,common_voice_26_ca,train.tsv,cv-corpus-26.0-2026-06-12/ca/clips/common_voice_ca_37577908.mp3
aa8d56848569c88eec9d265620d514cd7df53bbaba013716b7a1794e29b40520e6a6c36f0abb54331b5a0e34abb8484eceda9cc3668f8e3df6dca44d99d8c6e6,common_voice_ca_37427654.mp3,03dcd6b51cb8db81f61f4b39ccdc6bdccadbb0daa972303c261c749a7b16e40a,Morir al llit.,,3,0,,,,Septentrional,ca,,northern,common_voice_26_ca,train.tsv,cv-corpus-26.0-2026-06-12/ca/clips/common_voice_ca_37427654.mp3
dce3816806e42f73f8b90fdafc150799466400c5737e2e306baa35db599d089fe2c89cc9ed3793328c8cf4dcd13ef0abdc51392c0e54e792e21cff4a584b6d94,common_voice_ca_20171376.mp3,21003f7fcf3eba010fcd2450d2e9040b27c0174723e4a6e706d1cdae0e1a8337,Aquest el va encoratjar a estudiar medicina.,,3,0,sixties,male_masculine,,Central,ca,,central,common_voice_26_ca,train.tsv,cv-corpus-26.0-2026-06-12/ca/clips/common_voice_ca_20171376.mp3
96211c1c0403461f8683b949d77e542522915fac18da3f719cac351f9bcd8e541236f253c081b6e26d312d4c16bf72a398b39cb4685d60df419cfa4846cd3dd2,common_voice_ca_30819715.mp3,8cf3088b4b2a4474a055256462eb8d37a5661e8eb53be2e50e9b32e8e0fb70e1,Es va formar a la Reial Acadèmia Escocesa de Música i Teatre.,,2,1,,,,Balear,ca,,balearic,common_voice_26_ca,train.tsv,cv-corpus-26.0-2026-06-12/ca/clips/common_voice_ca_30819715.mp3
cf9e531fd1b8412ab463a3a549151b04ee7686b7489a6400a5aa5d26cd4928f83b7bb6ae7485fd9d38aa26b7e9a9b459a294fab56dd5338ff2e0188a253a3116,common_voice_ca_38994182.mp3,c8aa0b93555107a391470ddb2af1a3155eec4b6f962a62164e74fedc54b7a0de,"Vista la gàbia, vist el pardalet.",,2,0,,,,Nord-Occidental,ca,,northwestern,common_voice_26_ca,train.tsv,cv-corpus-26.0-2026-06-12/ca/clips/common_voice_ca_38994182.mp3
bb46e50398bf1b0dbc50c497b4db5be0900860bf36bcc718b76e3483f8e5c6a87e66c8df1e6873665d5aff1b797ae746fa83faaeb7787a160d43593ea7bdc7b2,common_voice_ca_30748930.mp3,74911b88f8e20289b5c19b687faf053ba0183da7b159aa60154cc338baf990b2,Cal que això estigui llest avui.,,4,0,,,,Septentrional,ca,,northern,common_voice_26_ca,train.tsv,cv-corpus-26.0-2026-06-12/ca/clips/common_voice_ca_30748930.mp3
7c52495e7a861f3fa2d1b1e730acff92ad70827c1c43f57ae14db13c8c84a42b0379ee0c54a18500cac89137f07e1b3f78ca4d1afe92bdfadb71c1328bf3f91f,common_voice_ca_31388215.mp3,12b6a714eca45683708cd12dfc43a555db59d872eb28e851a819bff333dca883,Elaborat a partir de les llàgrimes de Robert Smith.,,2,0,,,,Nord-Occidental,ca,,northwestern,common_voice_26_ca,train.tsv,cv-corpus-26.0-2026-06-12/ca/clips/common_voice_ca_31388215.mp3
34e14c1e6f0b370854700b00ece3bf204c21e125ecff8aa555683a01c67b064657aee2187f2950943725d1eecb069a3a1ba1c77b3069e60df685f63c32444a02,common_voice_ca_21689840.mp3,5ff331db8b938154a9b5ed55c83bdab9d5f2a99606319c1ec19e5456f5b21029,Les façanes laterals contenen dues finestres per pis.,,3,0,fourties,male_masculine,,Septentrional,ca,,northern,common_voice_26_ca,train.tsv,cv-corpus-26.0-2026-06-12/ca/clips/common_voice_ca_21689840.mp3
dd27f147194f8bd2f9ea5f38f118c36aaf72ebe55acc85241203baa77f54ef2eb3598bde1676be6ec7c598c6108980f621d2abf02ca7fff2eb91719027959881,common_voice_ca_36332585.mp3,51343f84a15145b5e837c20f7bfb914eb7845d23f97929968fc4fb6d61236c98,Està enterrat en el cementiri de Vézelay.,,3,0,,,,Nord-Occidental,ca,,northwestern,common_voice_26_ca,train.tsv,cv-corpus-26.0-2026-06-12/ca/clips/common_voice_ca_36332585.mp3
7b3f396ce45f636911e5773ca93561a308ac52527bb13478476d1827a0579395e13659fb138e067c77f3e6e1631b5a4069e54c449e75d79e90dddc8e6e3c7b0a,common_voice_ca_31127793.mp3,efb88949d08813bb40ad946cd44504b7ceaa6295c4615aea27b87504246dede3,La porta actual és un arc rebaixat i té tot el marc arrebossat.,,2,0,fourties,male_masculine,,Septentrional,ca,,northern,common_voice_26_ca,train.tsv,cv-corpus-26.0-2026-06-12/ca/clips/common_voice_ca_31127793.mp3
9a554627d25f4babb9f2b60b979bbb05b9c375d9eb89a88daf697806b0998eac964d0ca78b0c764c28b3bbc90618819db3f05f02842a609f5469168b47eee127,common_voice_ca_37175060.mp3,6bc7c336be64714bb2101ef9e5d3079afc06c40ba866b209f7c2c7a2ae4f95b1,També fou un traductor distingit.,,2,0,,,,Nord-Occidental,ca,,northwestern,common_voice_26_ca,train.tsv,cv-corpus-26.0-2026-06-12/ca/clips/common_voice_ca_37175060.mp3
c0f253613a9e4ee63818a9cd4aa7a7f4e91526b887640ad26dd23d57311e7b26545b72dc8de3ed1fb41bf7cdd9fcc4d0c60c16890bca334891a915cc34d25c1f,common_voice_ca_38080894.mp3,97e6f3f1ea2d3fde42f89258674539f42307783b7e58eadb5e684e71c0cf3219,Es va debatre molt àmpliament l'existència de l'èrbia.,,3,0,,,,Nord-Occidental,ca,,northwestern,common_voice_26_ca,train.tsv,cv-corpus-26.0-2026-06-12/ca/clips/common_voice_ca_38080894.mp3
71201ba6ca28a1d8388f0b1d6147c2551b686dd42aa8ded23d0147a3bcb184322747fab9cb80dc2b10fbe1c7c20e6c8a341d304996544b52cd118fc186e3ccf5,common_voice_ca_41526159.mp3,c25c17515f1a5f0dab97e915680c512783a229766d9b462c651379312e234928,Eliana Thibaut i Comalada fou una cuinera nord-catalana historiadora de la gastronomia i divulgadora,history_law_government,4,0,teens,,nord-occidental|cerverí|segarrenc,Nord-Occidental,ca,,northwestern,common_voice_26_ca,train.tsv,cv-corpus-26.0-2026-06-12/ca/clips/common_voice_ca_41526159.mp3
091c2bf8b5acbdea9e7719829a24ccbe15f756a3485cef6652c5814fcdad91078f6ef53c19048e5ff201c8331dc8bf9fa69a64dbaef160f3da2222c5be93d85b,common_voice_ca_31419451.mp3,184de2bdae5e1b2f1a4be327b942504942f0511d1fb9aa99c9af69cb0bb34385,Totes varen desfer-se de les mans,,2,0,sixties,,,Balear,ca,,balearic,common_voice_26_ca,train.tsv,cv-corpus-26.0-2026-06-12/ca/clips/common_voice_ca_31419451.mp3
e626544d7c439d3223003a808432b1ad599f0d4aca5ced0697f8898c654d149353722c18f336d0a7c94132cccb626f9d609b28a056bfab95fc23c3d15d37fe0f,common_voice_ca_32078551.mp3,63e684990c340eecb81f89c46305fd617a92f52b5c827a124f7e6ea72c8be522,No pensava gastar saliva per discutir-s'hi.,,4,0,fifties,female_feminine,nord-oriental,,ca,,northern,common_voice_26_ca,train.tsv,cv-corpus-26.0-2026-06-12/ca/clips/common_voice_ca_32078551.mp3
bbb66a66e7f74b028ae63e72b99097e296f9792d1cb02bf5b6a7d1d6925b47d50a34bf492a899ba50c0ee665c59db387950f0146b3c0a2eb1159b37131290a28,common_voice_ca_37602335.mp3,53fab6aef7aacab5eba26d11747c38fc5dde1ef2f755b041bc67135fb83885ee,"Coneixes la comarca del Baix Ebre i la seva capital, Tortosa?",,2,0,,,,Septentrional,ca,,northern,common_voice_26_ca,train.tsv,cv-corpus-26.0-2026-06-12/ca/clips/common_voice_ca_37602335.mp3
67b67cfc054332945b878e7a2b10afbb309ed9f6b2cbd66436f6ef82d08e7c704219062671cd1b8dcd185225adb750d2e6edf4467dffda5702642950836350d0,common_voice_ca_36846931.mp3,5daa60ddde7fce5ca5bb413277d953aa9d0fada39f4c0f6699adaac8513bd407,El trimarà també ha servit d'inspiració per a moderns vaixells de guerra.,,2,1,,,,Balear,ca,,balearic,common_voice_26_ca,train.tsv,cv-corpus-26.0-2026-06-12/ca/clips/common_voice_ca_36846931.mp3
0b224145a7f6ba416e9cdb5c53891cb5fc9cd424b4fa0b091e578a5828c53d2257a59b7242c205820c79fc9c32277f79d40d1a6941ff7a0a71cb75ef35ad7c1b,common_voice_ca_37230955.mp3,6d8cf2e0100987fcb4e04809cbeceb7bbe4c79104ff78a1cb9732b65cac9a5d0,Com ho puc fer per anar al carrer Pollancre cantonada Bassella?,,2,0,,,,Balear,ca,,balearic,common_voice_26_ca,train.tsv,cv-corpus-26.0-2026-06-12/ca/clips/common_voice_ca_37230955.mp3
85f920615366f0cf8a52ea6d4c7dd9127fdae1e57064be03ecd5656fb9cfe8ac9c60c3a7dc455b01e2fac2235c3287da74ec407cb77b48728af2d7f7f09011b4,common_voice_ca_30746705.mp3,741a7f302073cead84e8a2d6c45114e26956d7b994de48bbda0741d256e8bf6d,A les protestes contra la sentència hi va haver detinguts,,12,0,,,Tortosí|Ebrenc,,ca,,northwestern,common_voice_26_ca,train.tsv,cv-corpus-26.0-2026-06-12/ca/clips/common_voice_ca_30746705.mp3
7b3f396ce45f636911e5773ca93561a308ac52527bb13478476d1827a0579395e13659fb138e067c77f3e6e1631b5a4069e54c449e75d79e90dddc8e6e3c7b0a,common_voice_ca_31125959.mp3,ef37fe61f53d6f83f5b2cf5176bca488f3e2a60ce725c19d547f981e6be686b3,És l'origen de la paraula conca.,,3,0,fourties,male_masculine,,Septentrional,ca,,northern,common_voice_26_ca,train.tsv,cv-corpus-26.0-2026-06-12/ca/clips/common_voice_ca_31125959.mp3
207a9a9c475397b80eb13e02c6d366de9ac8710330cc4ccb5109d74e0a09320d0ac66c081692a7055afa7b508ab80527c5f16ffa3bd15aca4115c02cc64f76f1,common_voice_ca_17515917.mp3,ed0718055b2bebbd0775958d9e9b82e0eb0ecc6e84cd5f0aa834c22a58196962,"Al setembre, carabasses.",,3,1,sixties,female_feminine,,Central,ca,,central,common_voice_26_ca,train.tsv,cv-corpus-26.0-2026-06-12/ca/clips/common_voice_ca_17515917.mp3
667df0e36c2ac7fcafff72ed1df2720cc85c6e8aa97fa38acd697bae4f6951869d1a89fe46fdf0cb63745797ee525b51ba23dd0b75b23c47bd64fb95612e2736,common_voice_ca_37633562.mp3,78581d5b3d742b35a045a8165bf45f72bde5751ebe6c8e48022278305cbea1a9,"Junts van pensar a crear un millor món, unint les llegendàries Relíquies de la Mort.",,2,0,,,,Septentrional,ca,,northern,common_voice_26_ca,train.tsv,cv-corpus-26.0-2026-06-12/ca/clips/common_voice_ca_37633562.mp3
595d8759551d105915fd5579f0745dc5ac5081830e767eb7ae1227d57adf348b5eba17ca618717e97278c5441043f4e3b72c98b46c0e001d31ed70edcbf1551c,common_voice_ca_30696482.mp3,2831b009fe41b7871f0876e835dc21d3e20c5488ca38947eacaa255ad73c0d52,Volen abalisar la zona d'immersió.,,4,0,fourties,male_masculine,valencià,,ca,,valencian,common_voice_26_ca,train.tsv,cv-corpus-26.0-2026-06-12/ca/clips/common_voice_ca_30696482.mp3
dce3816806e42f73f8b90fdafc150799466400c5737e2e306baa35db599d089fe2c89cc9ed3793328c8cf4dcd13ef0abdc51392c0e54e792e21cff4a584b6d94,common_voice_ca_20171380.mp3,210921d2a801ae8f9ea7c0ec948e05afa03251fc57078919f92d6cc5c65515b7,Es van planejar nous embassaments construïts els següents anys.,,3,0,sixties,male_masculine,,Central,ca,,central,common_voice_26_ca,train.tsv,cv-corpus-26.0-2026-06-12/ca/clips/common_voice_ca_20171380.mp3
c89358651a32fcccea4f2f3435fd81631e51906ef85e146e824f309c577e7b8eb4005c229cb6652391be003691c91d0515675f7a272e6894afe2f641d262d6b6,common_voice_ca_31070700.mp3,e4f4e4b442509d95e650b3627ed2d8af3a54727aa00e874e9744e9684818fc84,"El comandant Perkins del tallador de la Guàrdia Costera Seneca, que va ordenar que la tripulació callés.",,2,0,thirties,male_masculine,,Nord-Occidental,ca,,northwestern,common_voice_26_ca,train.tsv,cv-corpus-26.0-2026-06-12/ca/clips/common_voice_ca_31070700.mp3
399bd6b2bb47fe6dbf290ff7fb85ab566cd9d508a45e7a44aec10fe1f96bff46b2285335b00b16fc3a1c35c75202a5a592037097593814d5df65d550c009bfd2,common_voice_ca_33358442.mp3,c23a39703873f2577574d28ed5d515be7ca39cb257c4688317da53e4b431fb07,Un home s’ha plantat davant els manifestants i ha cantat ‘Els Segadors’.,,2,0,,,,Central,ca,,central,common_voice_26_ca,train.tsv,cv-corpus-26.0-2026-06-12/ca/clips/common_voice_ca_33358442.mp3
472b46a52376dd631c36aeefe66cfb0a1fa215ce4af15651f3a8957141373b6c79dff02a98c35d090e49cd09caac2b007550a97d7b47a7854d6128d1a581d2ac,common_voice_ca_27923242.mp3,4ee5a8e64433ce082ee4920c52bf029b44a1fbb0a93cde544fbd79b3475c08eb,"En aquell temps, la majoria de la minoria russa que quedava ja havia fugit.",,3,0,thirties,female_feminine,,Central,ca,,central,common_voice_26_ca,train.tsv,cv-corpus-26.0-2026-06-12/ca/clips/common_voice_ca_27923242.mp3
c47358e0d40032af19f3989d668c715a7750977cc769bbcdd29833f98e929ebcd907e1956ed3d095297cbf582141dc2cd29b57e49baedbf0447bc9c9f5d85e5f,common_voice_ca_37940620.mp3,8e133d07874ba4041fa9c697f6667ef81bd6641d8283832a676e6d8fbe20674a,Avui a la una no engeguis la tele.,,2,0,,,valencià,,ca,,valencian,common_voice_26_ca,train.tsv,cv-corpus-26.0-2026-06-12/ca/clips/common_voice_ca_37940620.mp3
499f45ab0b375c2a2b15dcb609719c4d8decb7b32115d8d5982e8aa3f8446f192c53e322e62361161d9726b390ff59e4800efbfdcaa82240602d703efbc0ce21,common_voice_ca_30846503.mp3,96dbda67eb119dfcd7199303563e1dacfa596578b166a2256e08be28850d0a69,Aquest cap de setmana m'agradaria anar a Museros.,,4,0,,,,Septentrional,ca,,northern,common_voice_26_ca,train.tsv,cv-corpus-26.0-2026-06-12/ca/clips/common_voice_ca_30846503.mp3
9460bcd422ae7bd8f1ab521b77c9ca101d9207c3bfb9efd2649705fd4c9fad08a1b175b1fa3f0036d514989834bb742b5951970d69530259825b384af6ebfcb3,common_voice_ca_31417774.mp3,1824986e6f2537bc66adc231dc0268e1429105969bd6ea30e26d06d5a65d0e06,L'heurística d'alguns antivirus és capaç d'analitzar el codi font dels programes sospitosos.,,2,0,fourties,male_masculine,,Central,ca,,central,common_voice_26_ca,train.tsv,cv-corpus-26.0-2026-06-12/ca/clips/common_voice_ca_31417774.mp3
255961c6734b06ff527f84e2165bbb6f8ae77ef0accc77b2b74f671655cfb01ef8b7d5e8f764dd2de80f41605da395b58bee7749aadbbc0a7824550ed8c7052d,common_voice_ca_19044301.mp3,5ecc36653c0979b228993d857345ebda35b01f4ec69f10cff0aeaf2666307a09,Ratlleu-hi una mica de nou moscada i afegiu-hi la mantega abans de treure-ho del foc.,,2,0,twenties,male_masculine,,Nord-Occidental,ca,,northwestern,common_voice_26_ca,train.tsv,cv-corpus-26.0-2026-06-12/ca/clips/common_voice_ca_19044301.mp3
886c6c4cfecae45d73a2e96ce4b9c4337e820106834638cbb5be67de65f973ce7e09e29fdbecb5c175fc896c7db8b9605431d01b855a6a270b5413c0428f2efb,common_voice_ca_38059977.mp3,96222425257485775ab4be054833677c1773bbe676b79195df2dfa7b8d9eb99f,La capital és Tiraspol.,,2,0,,,nord-occidental,Nord-Occidental,ca,,northwestern,common_voice_26_ca,train.tsv,cv-corpus-26.0-2026-06-12/ca/clips/common_voice_ca_38059977.mp3
520010282c4e84dd09ca69c72c15aaaebd4e37314fce59fc18cb30245e66587456632513e74c295916f3aed090a11980011fd1520309e57d162f508e5bc93a70,common_voice_ca_31340981.mp3,04a10179231eb8c8c9863601fd04b7a730721913c7b3c65e46681cadfd3291bc,"""Marge"" es la versió curta de ""margarina"".",,2,0,fourties,female_feminine,,Nord-Occidental,ca,,northwestern,common_voice_26_ca,train.tsv,cv-corpus-26.0-2026-06-12/ca/clips/common_voice_ca_31340981.mp3
c224d6fb4384436358293608eef6efb493753643fc9ca612f000f084f2dd40d06e79972d0d5b4d7c194ddda0358620811eb34e6917bb8da25e6260d46ad3b9e0,common_voice_ca_40602592.mp3,01d2e8597a0af515244d6eee398374681e1c7205af61632996afeb0431ece661,"Què més ha declarat, Vilalta?",,2,0,,,valencià,Valencià meridional,ca,,valencian,common_voice_26_ca,train.tsv,cv-corpus-26.0-2026-06-12/ca/clips/common_voice_ca_40602592.mp3
1dd709e05b199abe85552f66966863d5cbb374dfad3ddcab72b0d8954988816e1e64d984915fd0318f9f736a6b5f2d18edeedca9e1ccf3287e793c7ea836e2df,common_voice_ca_30882719.mp3,a3ba3e38c06ae9bf65b025db4015e604747e23531204a3d730244030d43ae920,El sistema de so de Sesotho és poc habitual en molts aspectes.,,2,1,fourties,female_feminine,,Central,ca,,central,common_voice_26_ca,train.tsv,cv-corpus-26.0-2026-06-12/ca/clips/common_voice_ca_30882719.mp3
c30baab0f45d64158eceb94662862189a34f385abac72c907099d6e5aad093ade707de758214d4061ce58cbadadbf8f7dca14103772ca05dac2e8fb24a8fd161,common_voice_ca_36826465.mp3,5c93a22aca8b36518abeb8b73faf9a33c4c26a646857f377d3dd5aed194ffa34,"Apunta el sis, setanta-nou, quaranta-set, setanta-dos, quaranta-quatre com a telèfon de la Gianna Paulino.",,2,0,,,,Balear,ca,,balearic,common_voice_26_ca,train.tsv,cv-corpus-26.0-2026-06-12/ca/clips/common_voice_ca_36826465.mp3
c8039cce170534e4dabd8a34cb9c8959342f588b7d737351d2ef24ca2be9f18cd19a5ab843c890729233226942d6a9ef8fcffc1e8ee6566f337eebb06a56a612,common_voice_ca_32113750.mp3,75beb444dbc148cb264312838d8b7966903ef0d9574ed4638e31077931b7ea85,Demà passat na Cel i en Guim aniran al cinema.,,4,0,,,,Balear,ca,,balearic,common_voice_26_ca,train.tsv,cv-corpus-26.0-2026-06-12/ca/clips/common_voice_ca_32113750.mp3
f4baed514d9bd30bd7ba8d4cbfb26bbb5e1d30f7cdd9454172ed3392cd3f15d6086d543f1bffea920144b4525788305c786f93c1ede14752e60eb5f153524788,common_voice_ca_31088030.mp3,e8942f8588a8ae78caa2e79061fc7f5d03cc5a852afd9b7f754c0dcac9bd52b4,Pocs dels membres superiors del Comitè Central veien l'ambició que s'amagava dins seu.,,2,1,,,,Nord-Occidental,ca,,northwestern,common_voice_26_ca,train.tsv,cv-corpus-26.0-2026-06-12/ca/clips/common_voice_ca_31088030.mp3
525fe6664edbfee1eebafd09ff7a40bdc80679a609761c187f3975cd3b7962df9152af2f8802403012d81359c1a2463634582a7caeb86d12788a117ebe7b1db3,common_voice_ca_39272025.mp3,cca71992c773af2af6f11e36f9b641ad8358769d73e89fff3ef670e252d11e72,"Quan va ser acusada, encara vivia a Perpinyà, a casa de la seva germana.",,4,0,teens,female_feminine,valencià,Alacantí,ca,,valencian,common_voice_26_ca,train.tsv,cv-corpus-26.0-2026-06-12/ca/clips/common_voice_ca_39272025.mp3
ebdd260d32c844973f080135fff8e1e957874d75c73329c9bf01473084a2a1e1bc54acc2eae46c67634e04ad5a7fe43da60a3423fc922f52c4408b853f0dfd3d,common_voice_ca_39926369.mp3,d632501f419132f762918f0cbb891dc4da88901f2b8be648091ebd2d72f2ca2e,Telefona a la Jimena Sall.,,6,0,twenties,female_feminine,vinarossenc|BAIX MAESTRAT,Nord-Occidental,ca,,northwestern,common_voice_26_ca,train.tsv,cv-corpus-26.0-2026-06-12/ca/clips/common_voice_ca_39926369.mp3
69c2af9c5c4e925b32506edc6b7a9e1369ffa57c18169120ecb67c6a832d0f3562aa26e322a3333c5210006768051688a47f27e78986c32cd6d5104bee2ca6a8,common_voice_ca_20822874.mp3,387a08111843603616930d1ab3404aa0d2df84bf0f6c6fb7cf9cc2ba29ffee78,"Simultàniament, s’ha plantejat que això explica el llarg període de desenvolupament dels infants.",,2,1,thirties,female_feminine,,Central,ca,,central,common_voice_26_ca,train.tsv,cv-corpus-26.0-2026-06-12/ca/clips/common_voice_ca_20822874.mp3
8b9cea1a985f62e985f28a0af9cbe8dbc4a1629fba038a4e0e4257151537b42825ea8be440fbab03e9eeb30fe86378ea15c26d93326f9b13abb74cef3dcde4aa,common_voice_ca_37568646.mp3,eedced5c5d08626b5c14f5835cecb962fb627037def2701ccb79ffe5e3aa2515,"Si no ho fas de grat, ho hauràs de fer per força.",,4,0,twenties,female_feminine,menorquí|mahones,Balear,ca,,balearic,common_voice_26_ca,train.tsv,cv-corpus-26.0-2026-06-12/ca/clips/common_voice_ca_37568646.mp3
c224d6fb4384436358293608eef6efb493753643fc9ca612f000f084f2dd40d06e79972d0d5b4d7c194ddda0358620811eb34e6917bb8da25e6260d46ad3b9e0,common_voice_ca_40602580.mp3,01d14e33ca9b1eef1b29fca5ef8fcd7fe174b1108523c3351961371adc26865c,Van tornar a atacar la ciutat de Siracusa?,,2,0,,,valencià,Valencià meridional,ca,,valencian,common_voice_26_ca,train.tsv,cv-corpus-26.0-2026-06-12/ca/clips/common_voice_ca_40602580.mp3
7a652127591f6d6ce5e58d95ea09a8ea5886f562e1d79e1756574cbc527f6d6813d21f9cd67038d6cfd7bd6683f7115419e46546ba154cabf309f6baf9800a43,common_voice_ca_32125086.mp3,7b2245f38d4a4c3d5179dcdf2792e8d84c513d7faf9aecdffb1a2299008fd914,Dilluns na Noa vol anar a Sant Rafel del Riu.,,3,0,,,,Central,ca,,central,common_voice_26_ca,train.tsv,cv-corpus-26.0-2026-06-12/ca/clips/common_voice_ca_32125086.mp3
97f12240658ae96f64c342e2048018f4348cc5bb87ad4c4ea0bd02b10d0585444ec6e77ff4cf1a144c2f50a4a209fbfe7ba9caed6c6e3ac84177ead4aa2c1b6b,common_voice_ca_35002883.mp3,3ec3fdda8c3f4ea88aeecee8fa7619b019b9eb95ed993dc3f1acc09d7fad8429,La seua infància transcorregué majoritàriament a la capital andalusa.,,2,0,fourties,female_feminine,,Balear,ca,,balearic,common_voice_26_ca,train.tsv,cv-corpus-26.0-2026-06-12/ca/clips/common_voice_ca_35002883.mp3
a4b8fb205426522c83da0168badd4ea631f206801d3359ddb24b12c4ba4ede036836c0280bad4be95c791bf42761f08d1c65615bd22589ad9c73bdb5be23ff32,common_voice_ca_23432279.mp3,a182b5f166350c0b57984d1e8e8760c6404440d8808707cc3f39a1c70042bb50,"Considerat com un heroi de guerra per la seva ciutat, tothom li ofereix molts regals.",,2,0,sixties,male_masculine,,Central,ca,,central,common_voice_26_ca,train.tsv,cv-corpus-26.0-2026-06-12/ca/clips/common_voice_ca_23432279.mp3
7c52495e7a861f3fa2d1b1e730acff92ad70827c1c43f57ae14db13c8c84a42b0379ee0c54a18500cac89137f07e1b3f78ca4d1afe92bdfadb71c1328bf3f91f,common_voice_ca_31388239.mp3,12ee406a8aa9e5e2e5aeacdef01c56fd24d4c0392e59d7f5f404e66b17c4fc0f,Dos gossos corren per un camí d'un bosc.,,2,0,,,,Nord-Occidental,ca,,northwestern,common_voice_26_ca,train.tsv,cv-corpus-26.0-2026-06-12/ca/clips/common_voice_ca_31388239.mp3
0b0b21a3b262b02e67da22a511b969ce9466cc08cc53f10a2c1a349481ea1e60e206538c1e41ff690df1c247ea35ea6704aabe3ab67530f491fc430eab012e3a,common_voice_ca_21357161.mp3,4ed2ede572ef830df1abf5480a9c680e0fc38572f0b9a661cd7657dfec708890,"A la llarga de la costa de Texas, fins a la Península de Yucatán.",,3,0,fifties,female_feminine,,Central,ca,,central,common_voice_26_ca,train.tsv,cv-corpus-26.0-2026-06-12/ca/clips/common_voice_ca_21357161.mp3
a9d13612a619ba94b2e0e3d7804b7d2e482db94e2a03949b6e0f9955d386ee0519f77296f7496a107eac39b0a6b56718cdb127a43384241a5ef932fd04619247,common_voice_ca_19237599.mp3,6499ca88d2f41bc6da1110943c1af84203fe0ebcf6dfc0b8661938659ed2bb0a,"Peix de calada, peix de tallada.",,3,0,fifties,female_feminine,,Central,ca,,central,common_voice_26_ca,train.tsv,cv-corpus-26.0-2026-06-12/ca/clips/common_voice_ca_19237599.mp3
96e5be9db1ca6071f87dca480940437463d1e867cc16f955eb51ead5807df649d4b71cc74f4730ac339432d4d1049240ff8b04291eaeced0c067d5ec6bb4de4e,common_voice_ca_21993750.mp3,74d99b08e8299021ef8e37c45695734d1b48fd19b748f1759c66414724aad99d,El ràfec de forma esglaonada amb maons i teules àrabs.,,3,0,thirties,,,Nord-Occidental,ca,,northwestern,common_voice_26_ca,train.tsv,cv-corpus-26.0-2026-06-12/ca/clips/common_voice_ca_21993750.mp3
6bc377b7e95c94a750885fb3982cc69b4e98b35af5a224932eaba44c89dd9cc1a219024b20932dd28b92a27900a8e20a7469d132dde3bda9a1d71055c39aee27,common_voice_ca_30882806.mp3,a3977c4e80b9ec4940421e77442f87d81737fdc565355bdf1de27dcee126c1f2,"Afegeix a l'agenda el número de l'Ibrahima Llopis: sis, quaranta-tres, vint-i-quatre, vint-i-sis, seixanta-vuit.",,2,0,,,,Septentrional,ca,,northern,common_voice_26_ca,train.tsv,cv-corpus-26.0-2026-06-12/ca/clips/common_voice_ca_30882806.mp3
f590db6d3953b5851ca6644c1d231bfb0361ac377c68c73734d5acbcfef27990d5b1b5fed59201bf613f70cf9df0e104061459b5f0da0f4a2bf68eabafa7e143,common_voice_ca_37629885.mp3,035142c51c4338b90e29cd26c1bf197407ad814a312e25e9ab76e9e27145315c,Dema aniré a Olius,,2,0,,,,Balear,ca,,balearic,common_voice_26_ca,train.tsv,cv-corpus-26.0-2026-06-12/ca/clips/common_voice_ca_37629885.mp3
b417e6f75cf439ad5d0f46ce6a70ccc5195e2c5575b0312627de26660d2e3804030d662ca1eb51ebf4d8f2586f4a6d6f6bca4c843a16d376500ab6c8ba1ee37d,common_voice_ca_37846420.mp3,85aad27bba97630a8bb600f9a4201989148e9d6fcf6434bfa748ee567d3957c1,La llei no sotmet el més feble enfront del més fort.,,2,0,,,,Balear,ca,,balearic,common_voice_26_ca,train.tsv,cv-corpus-26.0-2026-06-12/ca/clips/common_voice_ca_37846420.mp3
e59ec9d6d0874dc4ccf7f8b6a840167e2b462b860c79cd541582a38112bbb3a04e9b123c280ce03a89a17be85d50889e61f6a3d22a9d2f6937b33b4db55173f4,common_voice_ca_24680761.mp3,dcf42974e104679cc182ca43984af797ae0cce185de45d7ba22bad05ec65617c,Actualment la mateixa deu alimenta d'aigua el safareig de la font.,,2,1,,,,Balear,ca,,balearic,common_voice_26_ca,train.tsv,cv-corpus-26.0-2026-06-12/ca/clips/common_voice_ca_24680761.mp3
44c3d306c2a4113da6c7efe9dcfb76d1c2bfd8cbf5d54d7d83df4f4dc803e67c9704f7d54a570a57c79b07b75ba276dfa3d8480544e70fb683d61a9591fe1e15,common_voice_ca_38095444.mp3,989def3dcc7324881ab32e04f6754a884e04c132bf651c27474bbeadd7f380cc,"És una preciosa i històrica població d'aspecte medieval, a la vora del riu Leie.",,4,0,,,balear|mallorquí,Balear,ca,,balearic,common_voice_26_ca,train.tsv,cv-corpus-26.0-2026-06-12/ca/clips/common_voice_ca_38095444.mp3
94be9305717424421b29f229d23565bed2bfb8034d679de45bd42eca7eef7817597f09fd8995fcf18d82aa72bcb8045e8d971fdaf7dbf395cedf714462e95aa5,common_voice_ca_39153751.mp3,caa8af88c31678a637a3428abf4ebb5681541ed5ff09738b1ad1d0a36a6f2f2d,Es classifica com a ornitisqui basant-se en la mandíbula.,,4,0,teens,female_feminine,valencià,Alacantí,ca,,valencian,common_voice_26_ca,train.tsv,cv-corpus-26.0-2026-06-12/ca/clips/common_voice_ca_39153751.mp3
0e712fb95a5a5ef9c3a9f2a4d157a540a1a0f805ea7718c827a052b9db0536d7fa79d6cddc542e6958f1ab1da5a8c69f115173db79cad4e4f95e12458077bf66,common_voice_ca_30918961.mp3,b0ad9cb7d8ea4851bb13e9b82c3022914e3208b59bbbf2ba241b8589e32620a9,També va perdre la seva feina com a assistent parlamentari.,,3,0,fifties,male_masculine,,Nord-Occidental,ca,,northwestern,common_voice_26_ca,train.tsv,cv-corpus-26.0-2026-06-12/ca/clips/common_voice_ca_30918961.mp3
5c25fdf0e86f1fa2bb40c2027c7c51eade651fb97256bc8e3d5b3095788c186cc451b08531943b02c0cf9ebcded6a574de31b9420aa8b92abe9153705dda7e8b,common_voice_ca_24686210.mp3,ddb08f10314973482f6f1e659dadbb022dbafe6b9275585cbb2ea6496a49b07c,"Es troba a la Xina, Corea i a la conca del riu Amur.",,3,0,thirties,male_masculine,,Nord-Occidental,ca,,northwestern,common_voice_26_ca,train.tsv,cv-corpus-26.0-2026-06-12/ca/clips/common_voice_ca_24686210.mp3
cc97b8b421c6c7d658ad352bc6c268206077f77aae7f626582c236e014698664ae5dd461c28ca0a6dd86526321b3584abae888294e3d87ef838009907ca8cf8b,common_voice_ca_39808381.mp3,d2c9b495f6adae8fab7175054264d0902781ab3486d967a475ed06b38e7475d0,Fonts no oficials han filtrat a la premsa el nom del nou ministre d'economia.,,2,0,,,,Central,ca,,central,common_voice_26_ca,train.tsv,cv-corpus-26.0-2026-06-12/ca/clips/common_voice_ca_39808381.mp3
e2e95741e5a2cefda6d6bc3b7700fda1032a19a4471ebc939f537c0a8b184092f5591ca94d8c36a9c41f78e68bac93b5c6924b35e3ff362615440376ce92e657,common_voice_ca_30716825.mp3,47027adf53bc46c91c3f2461d394c52672b69f735050f0e59b2a09f62b2ee4d6,Mira'm quina és la millor manera d'anar a Casinos amb tren.,,5,3,,,,Balear,ca,,balearic,common_voice_26_ca,train.tsv,cv-corpus-26.0-2026-06-12/ca/clips/common_voice_ca_30716825.mp3
baaef719a9f021b9d6a47963e315d4dd9c4f9c4a9549c76bf77702830ae2537563f45a53a92dce43dbadecd958e6257e0f20e3df3f3ed0f6d94c9c7e8b2b8fbb,common_voice_ca_30761879.mp3,79489e2733cdb192389c03b6d161939def9a44057c7f4d411aa5fd792c8142bd,divendres hauria d'anar a Vilallonga del Camp.,,3,0,twenties,male_masculine,,Nord-Occidental,ca,,northwestern,common_voice_26_ca,train.tsv,cv-corpus-26.0-2026-06-12/ca/clips/common_voice_ca_30761879.mp3
baaef719a9f021b9d6a47963e315d4dd9c4f9c4a9549c76bf77702830ae2537563f45a53a92dce43dbadecd958e6257e0f20e3df3f3ed0f6d94c9c7e8b2b8fbb,common_voice_ca_30762774.mp3,7901a3a18c4a5dc2ba40926e692b8dd9e9ec3f8c797678dea9406dbe235d9b63,Les restes d'estegosaure van ser identificades per primer cop durant les Guerres dels Ossos per Othniel Charles Marsh.,,4,0,twenties,male_masculine,,Nord-Occidental,ca,,northwestern,common_voice_26_ca,train.tsv,cv-corpus-26.0-2026-06-12/ca/clips/common_voice_ca_30762774.mp3
cc044cbd66343acb7e4da20c0ee891c7723aa2a8a499515b6b9beec39d02072ee1378e017d134fc25067fa93bf6dce4ec5f5b135a6694ef14dccc8835f46d45d,common_voice_ca_31915955.mp3,4740685fb8f745b6e82af5b75298ef341fe3ccb1cc2a02597e9a88941f857f53,Per Sant Jordi en Xavi vol anar a Ribes de Freser.,,3,0,sixties,male_masculine,,Central,ca,,central,common_voice_26_ca,train.tsv,cv-corpus-26.0-2026-06-12/ca/clips/common_voice_ca_31915955.mp3
10ecc1c21897445b632068bef3e6340aaaea0162ada888a98bf7a41f42147601cec94bfc6ddd2d2467356559e16b4550292e5c59729ffb061b0063d96cbbddae,common_voice_ca_17464073.mp3,9df2f5fa8971eb6d826b0aedb81b1ae18ebe5d0fb565bd60394828f6520e8734,"Afortunadament, una té el que necessita per a passar-ho bé i no es veu obligada a buscar l'auxili d'eixe avar.",,2,0,fifties,male_masculine,,Central,ca,,central,common_voice_26_ca,train.tsv,cv-corpus-26.0-2026-06-12/ca/clips/common_voice_ca_17464073.mp3
67b67cfc054332945b878e7a2b10afbb309ed9f6b2cbd66436f6ef82d08e7c704219062671cd1b8dcd185225adb750d2e6edf4467dffda5702642950836350d0,common_voice_ca_36846724.mp3,e23ed1e51ef8040ef53b835e8e77def39ccb8fde01a09535bd2e5e9a1644ca29,Era típic de la situació general,,2,0,,,,Balear,ca,,balearic,common_voice_26_ca,train.tsv,cv-corpus-26.0-2026-06-12/ca/clips/common_voice_ca_36846724.mp3
02eecc0d9bc8c8f492ad62ab7a0b057cb83436e2c6f39921188156409e1a08f618374745b21907cab4e51172f39c47460c4be466ae62b13d7b3fbfdd54b99486,common_voice_ca_37589981.mp3,2fd2aa7985d4a2b74a521f126aa74f29a5b838f9cc2d5c8fc94120d6fe6b7494,La camisa d'en Cotna: pitrera bona i faldars de Liorna.,,2,0,,,,Central,ca,,central,common_voice_26_ca,train.tsv,cv-corpus-26.0-2026-06-12/ca/clips/common_voice_ca_37589981.mp3
d6e066325d407aef9743f94335a75f6b2efd577791082b52b5df5033c543b84774a0204eae3762dd3e2536307a26a49ab4bcebdb7154f504e369fe6a41f88118,common_voice_ca_40670528.mp3,0d54b491aa46e69b91969aa15b6cc70a4c074e06c59756c808e1f6baa3c1ba5f,Per a qui serien les dues versions que va fer la junta electoral?,,2,0,twenties,female_feminine,valencià,Valencià meridional,ca,,valencian,common_voice_26_ca,train.tsv,cv-corpus-26.0-2026-06-12/ca/clips/common_voice_ca_40670528.mp3
4a87bfe5b1cabbf803a5552c36ad5cf7e2c289fa05d3fd48e4b6d1c596243c0e5b8fec06d9924fb42f58f3b392ba086d32952cf6b16115de8a89a561bb343426,common_voice_ca_40479622.mp3,e79808b60b8afda7a99b551a33194f15b6cebccd4ef942650a0b43b833b5f105,Quina botiga hi ha a la plaça del Xiprer número setanta-cinc?,,4,0,twenties,female_feminine,valencià,Valencià meridional,ca,,valencian,common_voice_26_ca,train.tsv,cv-corpus-26.0-2026-06-12/ca/clips/common_voice_ca_40479622.mp3
669ec5130c9716a15e967d6c1484e03fcc764cbd57f90cc6047edb8592e7358c510c1451c93c1c75d19f004ab313cbfff1c94e7967e7cacae2ca95536ae356fd,common_voice_ca_37807041.mp3,820cd27418b3053f136f957e595d14cc33529e06a13e6e75270dc896476369f3,Dimarts na Thaís anirà a Almedíxer.,,4,2,fifties,male_masculine,valencià,,ca,,valencian,common_voice_26_ca,train.tsv,cv-corpus-26.0-2026-06-12/ca/clips/common_voice_ca_37807041.mp3
4eb53b5e305922d10190a90d4785be6906bf83a72a9d38edcbb4b4f72a9a2aebfca4ea0753eac69e68ee4b555c072d1eee5dcfd209c4abf619102265ba914c9f,common_voice_ca_33901642.mp3,31b3da6cbf36f861af83a76ca96d7381b36df6515862f765c8f3b4bd942e9e18,Es va publicar a Anticon.,,2,0,,,,Balear,ca,,balearic,common_voice_26_ca,train.tsv,cv-corpus-26.0-2026-06-12/ca/clips/common_voice_ca_33901642.mp3
5e91fd3828ef5826b0d1282e3ac9c229d7ae96e39ee5515b39b68e63f0c0f52f204e74b1a05351fb7d9aecbbe82be05d419e4290d3813f1d4a3e1fda070d2d5d,common_voice_ca_26230498.mp3,32830f9bc4e9da1ebb5731c51f8a342a0c5f1d058f1a5b941e96092d0f417928,"Va estudiar a la Hutchesons' Grammar School, Glasgow, abans d'estudiar per a ser comptable col·legiat.",,2,0,,,valencià,,ca,,valencian,common_voice_26_ca,train.tsv,cv-corpus-26.0-2026-06-12/ca/clips/common_voice_ca_26230498.mp3
eb2a7468b5886c3d76b1aeddadf5b3a8a9bf95f6c3a48258e09df8de55fcdab94537928b76969f69e693675e1b9351949c3057a4d03cb2c5a9a42c7601cd625a,common_voice_ca_38068804.mp3,97423c5ceeb1f41e7247cf00518ed343977cd1cf732b619d5e05e3d960501d5e,El vint-i-nou de febrer en Quirze i en Pep aniran al teatre.,,2,0,,,,Tortosí,ca,,northwestern,common_voice_26_ca,train.tsv,cv-corpus-26.0-2026-06-12/ca/clips/common_voice_ca_38068804.mp3
bccd3fd6850b5dd528db97bf944d96ed32417d2ea7e7a0f0db51887a1177274139887a2fab6acdf4368ad5112d349b08463f33969274f367c2a45d91cdd10854,common_voice_ca_37427117.mp3,01345e6da67b89af6b592e4915fea9079f6ae1d7fd2d11c71606060e04b3f060,"Consta d'inflables, tallers i activitats vàries adreçades als nens i nenes.",,2,0,twenties,male_masculine,valencià,,ca,,valencian,common_voice_26_ca,train.tsv,cv-corpus-26.0-2026-06-12/ca/clips/common_voice_ca_37427117.mp3
ef13a36683437189a3141df74ca8b08e86a2c92a71c4a12e4ffd385d2082a9876739ead2b5d98346307edb87e0672df6a530461f08e55dc92df0d75f1894d485,common_voice_ca_30843142.mp3,9502173a29aea1d73a6320f8226ec14859c3a37725c3e30f2d51b0447cd11420,"El gènere ""thamnocalamus"" està molt relacionat amb el ""fargesia"".",,6,2,fourties,female_feminine,nord-oriental,,ca,,northern,common_voice_26_ca,train.tsv,cv-corpus-26.0-2026-06-12/ca/clips/common_voice_ca_30843142.mp3
520010282c4e84dd09ca69c72c15aaaebd4e37314fce59fc18cb30245e66587456632513e74c295916f3aed090a11980011fd1520309e57d162f508e5bc93a70,common_voice_ca_31340900.mp3,04dcaad79284aba2ff2b594bec9b55b1649268bfce520cf742e7d742bac0d2b9,"Actualment treballa com a investigador científic sènior en Google, on va desenvolupar Google Desktop.",,3,0,fourties,female_feminine,,Nord-Occidental,ca,,northwestern,common_voice_26_ca,train.tsv,cv-corpus-26.0-2026-06-12/ca/clips/common_voice_ca_31340900.mp3
430858a4e8f1edf1598fb0ec994b619f37e78cbf576a431c639ed23645f21652933036cf45763d96115e25e5cca883fce7e324c03232d67b2afe9c1c9743cd41,common_voice_ca_33348119.mp3,c1107cc5f17de5485cec8dd8e43bdf7b974fefb1d2e132d28db31da066fed63e,"No hi ha oferta de diàleg real, de moment.",,3,0,fifties,male_masculine,,Central,ca,,central,common_voice_26_ca,train.tsv,cv-corpus-26.0-2026-06-12/ca/clips/common_voice_ca_33348119.mp3
ae7fc163935f49205e1751378026226f6e1f13d3eea467872297abe2dfe37082ff66ce4cdadebb6ee4b80c85ff06626e67621abde9e06811bd2dd31eb7699bc2,common_voice_ca_31208709.mp3,f6be83bf3a09aa2853c5091afb07c5c61da94a714bc4ac8539e61478ebf07b38,Va ser internacional amb la selecció espanyola en nou partits.,,2,0,,,,Septentrional,ca,,northern,common_voice_26_ca,train.tsv,cv-corpus-26.0-2026-06-12/ca/clips/common_voice_ca_31208709.mp3
265307c336a7589391ded724eeb61b46ddccec87226efeca7b0cd10c0659ab21eb3bbe434831ad4078733a4c780d2ac6a109db42da6858e54ca9ec1e4f2925b9,common_voice_ca_31287277.mp3,027e873418b5fe4a530bf09158abe54abf1613f1a9fa729204ed7282db62ba1c,A quina hora arriba l'autobús de Camprodon?,,2,0,fourties,male_masculine,,Central,ca,,central,common_voice_26_ca,train.tsv,cv-corpus-26.0-2026-06-12/ca/clips/common_voice_ca_31287277.mp3
9a554627d25f4babb9f2b60b979bbb05b9c375d9eb89a88daf697806b0998eac964d0ca78b0c764c28b3bbc90618819db3f05f02842a609f5469168b47eee127,common_voice_ca_37175063.mp3,6bc76893d940f8d876c344fba96ab4ab5956ab6a3fefecbedd9e589b42d7ff36,"Rebentarem les enquestes, ha assegurat.",,2,0,,,,Nord-Occidental,ca,,northwestern,common_voice_26_ca,train.tsv,cv-corpus-26.0-2026-06-12/ca/clips/common_voice_ca_37175063.mp3
68eb1f2c559fced575a78518ab0b267a60f1877dbe6d27410d56a1d8b178f1d16e428e59044ccc5aec49404a487c82ff27d848a06453ebdb52b24222513ba302,common_voice_ca_21339838.mp3,4d4005223626bb784ca63fe55e90fc3a19c1b19f583b5086aa19a244cf459bf1,S'atribueix a una lesió del sistema nerviós central i perifèric.,,2,0,fourties,male_masculine,,Balear,ca,,balearic,common_voice_26_ca,train.tsv,cv-corpus-26.0-2026-06-12/ca/clips/common_voice_ca_21339838.mp3
476d864483b18cda82a7bce11a5aeb5930fa4f37ee6e6062052b7e19362dc7a43e9fffefad082290e1a58da413adeeb3a9998a90a14013727bb07c26bbc36a3a,common_voice_ca_25891894.mp3,2b6aa14150922eb1bf286d73a96e4793751be1a18ddda47cacfe738e2af6a1fe,Tots dormien mentre calaven foc a la casa.,,3,0,twenties,male_masculine,valencià,,ca,,valencian,common_voice_26_ca,train.tsv,cv-corpus-26.0-2026-06-12/ca/clips/common_voice_ca_25891894.mp3
19e69c883010f29aea1b0eccba82df8d5fac1852cb63bae246a074f43a718a7e975de4a6f229fa6f75f050a09abba65bfc265b452e3a49122098ae9eecd12b2c,common_voice_ca_37574327.mp3,fb18cce63065281313969c648bb6699f93548722fa540324b40959d330885669,Totes les mosques tenen tos i els mosquits prenen tabac.,,2,0,,,,Septentrional,ca,,northern,common_voice_26_ca,train.tsv,cv-corpus-26.0-2026-06-12/ca/clips/common_voice_ca_37574327.mp3
360035274e162bced4d642301046971a53f1ffd2c85fa1e2cfdbc381d6c090d5a0cb251a84e65e15ae25c29b01bb35825825dbc95ad147749e01c92506b89ae0,common_voice_ca_31439016.mp3,1b35b61d822acdafe0e531934ac92d9fc11222c0bc0c5aa7369a4652dab8f48d,"Pels soviètics, començava un desastre de dimensions exagerades.",,2,0,fourties,female_feminine,,Nord-Occidental,ca,,northwestern,common_voice_26_ca,train.tsv,cv-corpus-26.0-2026-06-12/ca/clips/common_voice_ca_31439016.mp3
88ec4ff5a1b0ffdabfe62d068286c851ee64c428883e56f32af14b59756d5846be9d46e5a777c4c22f2dec9596a1a44ed3aa75f1fb0231923cbd4ab59f1f9c47,common_voice_ca_31111742.mp3,ed2e4015e28979e2367aa24d7a250c133629c494abdcba22cbb99b19eab464e8,"Les comunitats a prop de la One Arrow First Nation inclouen Batoche, Bellevue i Wakaw.",,2,0,fifties,male_masculine,,Central,ca,,central,common_voice_26_ca,train.tsv,cv-corpus-26.0-2026-06-12/ca/clips/common_voice_ca_31111742.mp3
510790c5f6aafac8a398ef3ca0627eb095cbe5b7d1b1009e90ca468ffaa2fa674f00e0e0b96ab3e0efb94d0b87914b0bd6dc9b95d53d8c0dcad28942e0ff701e,common_voice_ca_37206136.mp3,6cf10024e7b1d785a6ef74fd66d333d5af816305bf2673e24e46550b0fd9fe70,Apel·les Mestres i Oñós va ser un artista polifacètic nascut a Barcelona.,,2,0,,,,Central,ca,,central,common_voice_26_ca,train.tsv,cv-corpus-26.0-2026-06-12/ca/clips/common_voice_ca_37206136.mp3
44c3d306c2a4113da6c7efe9dcfb76d1c2bfd8cbf5d54d7d83df4f4dc803e67c9704f7d54a570a57c79b07b75ba276dfa3d8480544e70fb683d61a9591fe1e15,common_voice_ca_37561648.mp3,e1ecb5d9bdb0196c7c7ca088a3027160a3b39bab8c8bbc146118aa815d19eb7a,"En els altres casos, doncs, és necessari que aporteu la documentació.",,4,0,,,balear|mallorquí,Balear,ca,,balearic,common_voice_26_ca,train.tsv,cv-corpus-26.0-2026-06-12/ca/clips/common_voice_ca_37561648.mp3
d753f303fae59584c74edd9998690cca65d19ee6e92384c53c493c27bc8be19b9e101038c7ad29c453bdf3c16563b04bca82cda7cea4cdda851badb0d60e2be7,common_voice_ca_26232143.mp3,32588ec6a93fe4cc358300aebeed84566733a54292f4aa9591a143ca8a0b337e,Normalment té una mida d'un metre de longitud.,,3,0,,,valencià,,ca,,valencian,common_voice_26_ca,train.tsv,cv-corpus-26.0-2026-06-12/ca/clips/common_voice_ca_26232143.mp3
88dfb9bcdb1b9d85f720b47d3dd6b774656c6a75e0a1f58bd81b81b4efc57c10526195125cfd028442c7deecc56960d480d6e4b5be492a45b76e5262eccbc910,common_voice_ca_31128209.mp3,efc53a3a564dda529bf8dadc4d665e48c9c360bd2822a2566e7887d73a737efd,Curiosament la portada diu molt del concepte del disc.,,3,0,,,,Septentrional,ca,,northern,common_voice_26_ca,train.tsv,cv-corpus-26.0-2026-06-12/ca/clips/common_voice_ca_31128209.mp3
e920526a9cd3bb2efccd31a8f36a1e1e07f03b78e404306d30627ab82264bd0415b0b8f422859a3cea1e7d5212a3d48715805bc4c06a54ea24530feeddb7fffd,common_voice_ca_30051443.mp3,2e3573e26be6eec32de010a765f5f0de748637abd50540a6579bc8ac42c0e9d1,Quina botiga hi ha al carrer de Cabrera número quatre?,,4,0,twenties,,valencià,,ca,,valencian,common_voice_26_ca,train.tsv,cv-corpus-26.0-2026-06-12/ca/clips/common_voice_ca_30051443.mp3
d3198e43f18f817bcbe28ff226a8c2dd2d1521c6980311c26807292ad3d285cf8f08affb22f626ff3b698438db564a94f4a7fdc9f77f77397a8780a74a553499,common_voice_ca_37630436.mp3,78082e31e41f019b0a55c6cd70aa4f86a3c649d64d56f3176cc0c307c62f8ea2,Per Cap d'Any en Roger i na Lara aniran d'excursió.,,2,0,,,valencià,,ca,,valencian,common_voice_26_ca,train.tsv,cv-corpus-26.0-2026-06-12/ca/clips/common_voice_ca_37630436.mp3
f6bae72608235f2079672dcf4ecbd58c84873978bb4015fa751a9d82a6f73d949e98cb1e92969cf93a95c37d4042899f72c8dc1973aa7873a86bf44bf75782f1,common_voice_ca_30810045.mp3,8a459e2e69e74ad3b172a5502485d6c9554519e713cbadaf1d7efbc4073f1210,Les bandúrries originals del període medieval tenien tres cordes.,,12,0,,,valencià,,ca,,valencian,common_voice_26_ca,train.tsv,cv-corpus-26.0-2026-06-12/ca/clips/common_voice_ca_30810045.mp3
aa1e72e9d0ae447314f69ec78fab304c4301e7cb188e777635f393a52beef901e1ff6b935b3a8820ad017109f1002cfd16469f4c2f15e228768e17abafa2e1e9,common_voice_ca_32153193.mp3,8c4129bc839bf49d738c143bc796b20cf3a2b549fc780ff15a6a77db0d70b569,El deu d'agost na Rita va a Susqueda.,,6,0,thirties,female_feminine,Neutre,Central,ca,,central,common_voice_26_ca,train.tsv,cv-corpus-26.0-2026-06-12/ca/clips/common_voice_ca_32153193.mp3
4f8cef110b4f4759b5a99877e92c4c655e922ac2f779ab66deac9693751aadef047931a2105daf5e68bc8199496079bb4b29c2f1e67f566beeef40dd4d062e78,common_voice_ca_37762410.mp3,7eb8662594b77bf0a6f14d87e755e7ef9c357e733e6dcae22ed74cdb2b7038b8,"Si l'oli vols conservar, sovint l'has de trasbalsar.",,4,0,,,valencià,,ca,,valencian,common_voice_26_ca,train.tsv,cv-corpus-26.0-2026-06-12/ca/clips/common_voice_ca_37762410.mp3
cc97b8b421c6c7d658ad352bc6c268206077f77aae7f626582c236e014698664ae5dd461c28ca0a6dd86526321b3584abae888294e3d87ef838009907ca8cf8b,common_voice_ca_39821058.mp3,d32f7534927ec1cbf5e4b586040e1d141755af96a10e6f2b26bbd45836af7950,L'eufòria l'envaeix.,,3,0,,,,Central,ca,,central,common_voice_26_ca,train.tsv,cv-corpus-26.0-2026-06-12/ca/clips/common_voice_ca_39821058.mp3
1be6c773da6334cc73e23312689bc8a5915529c905e1d5289dbfe00332a7dcb9ae97efe209635e2e5040783777409155926d231a5a5f76357494671512d2b1a4,common_voice_ca_30841087.mp3,94a84f1245587cc3bbc5dcfe5ad4dfb5a9c4d92826bac77bd387e90fc6d1a5b2,"A mesura que s'anava ampliant, Conrad va començar a pensar de fer-ne una sèrie.",,2,0,,,,Nord-Occidental,ca,,northwestern,common_voice_26_ca,train.tsv,cv-corpus-26.0-2026-06-12/ca/clips/common_voice_ca_30841087.mp3
b5fc7461c0713292e1a706d6892acce90fd686ddc76af7048579d5721583007682b6916b141e62b566eaca33e0211774f221d1d7e56d7b8c81186a8cdd61309f,common_voice_ca_37567450.mp3,ed7c3eb3b5fa22fb3639a6ef1bbecb8db605d1ef5a32d56ec1617a00a263c3dc,I per tant no podem seguir igual.,,2,0,twenties,male_masculine,"De Binissalem, amb s'è i mallorquí",Balear,ca,,balearic,common_voice_26_ca,train.tsv,cv-corpus-26.0-2026-06-12/ca/clips/common_voice_ca_37567450.mp3
4392cf50c4ff2741cdf129caef43c2aad7c1721a8c325554fc709c7a1494e0e700e29a6b238dd3a76ad70ee2221808f79c7c7ae04334232732a4db23da6d7c50,common_voice_ca_17483215.mp3,83badf40dec3bd8315b39d00d038b2677db9d8e3334b6fe2bac56f8092d157ce,Somric.,,2,0,twenties,female_feminine,,Central,ca,,central,common_voice_26_ca,train.tsv,cv-corpus-26.0-2026-06-12/ca/clips/common_voice_ca_17483215.mp3
b70cc9a95db0ff57221bb71b0a7ca94bea9814a37be1845d89902d8835a7fe8aa079f5626fec1410ae54be27efa6fc21666e7200819bdcaff9aed74fa2c64660,common_voice_ca_36887328.mp3,60136de61d424086a34401ea85762d57532f0f879e560bbea5a8f45869500fd3,L'estructura és la tradicional de murs portants amb forjats unidireccionals de bigues de fusta.,,2,1,thirties,,,Nord-Occidental,ca,,northwestern,common_voice_26_ca,train.tsv,cv-corpus-26.0-2026-06-12/ca/clips/common_voice_ca_36887328.mp3
ce2f6426c281a5efc81454bc765a9132416052477f5c1aca99e3d27fbc14994827164a1b714121e97c78ca058a1f1c30f59ff29d72ef0a00b9bcd51b7469bc17,common_voice_ca_31298384.mp3,040ab175a09426e2c1700700121227970a4129aeaac8b4a1aa0e24c54c96440c,La segregació era legal en aquella regió.,,2,1,,,,Nord-Occidental,ca,,northwestern,common_voice_26_ca,train.tsv,cv-corpus-26.0-2026-06-12/ca/clips/common_voice_ca_31298384.mp3
8785bd6a0a2827968fb07a4aab4a0247abe47601ff44190a9f2731b560f47b1f9b4760e77ce80316b8e3191e4139aab9acda468dce858acd7c42f1e7a724902b,common_voice_ca_31209026.mp3,f726b92457f2e09434b7668ed88a047ba42ff2debb91ae9b0922274659de43bf,Com puc anar al carrer de l'Epir número u?,,4,2,fourties,male_masculine,menorquí,Balear,ca,,balearic,common_voice_26_ca,train.tsv,cv-corpus-26.0-2026-06-12/ca/clips/common_voice_ca_31209026.mp3
7f24896be12622e563222917ae8a855fc6f151b7a5e627055e95a83b1d0736d3bb85328a34d9ba38258b5f655ddbb8be027144871388d2390a98d0a870f8c672,common_voice_ca_37658920.mp3,7b1085c4c5c3e3e261dd78805c5a717b4a72054ca74dffea566f0875ade35931,"Fou membre de les comissions d'Hisenda, d'Instrucció Pública i de la Junta Mixta de Museus.",,2,0,,,,Balear,ca,,balearic,common_voice_26_ca,train.tsv,cv-corpus-26.0-2026-06-12/ca/clips/common_voice_ca_37658920.mp3
fe753134f697e49b5a132123c0b6b4c5ff486e237638e2f2760abb3fb264daf1b413b984b2b78c7cab2a10677a6f8a6c8fdcc89a2b5c875b30c99a9f1347f0bc,common_voice_ca_30708319.mp3,35bc8990f952128b2566db6e4d086dedac3da84005d1ee03bb0d811f5bcfb129,Aquesta fruita no és prenedora: és tota podrida.,,3,2,,,,Septentrional,ca,,northern,common_voice_26_ca,train.tsv,cv-corpus-26.0-2026-06-12/ca/clips/common_voice_ca_30708319.mp3
ed93605cebfae6424e059e7a7e575d73f608e522f0ec357659a7f179e01593c0e1a656547c0f40b0e420d3029f93eefa0ef1749ffd654519c89ab2d7f290786f,common_voice_ca_31019058.mp3,d588f39af1f82c1bdd4282cb2ef4f485c837f958f0ac27051b4d0845cceced0c,"Un avi, un pare i dos fills munten peces de Lego a la taula de la cuina.",,2,0,,,,Nord-Occidental,ca,,northwestern,common_voice_26_ca,train.tsv,cv-corpus-26.0-2026-06-12/ca/clips/common_voice_ca_31019058.mp3
3e322c5030d2ce4bf84ffa741f38c79eed1d9a3ddeb20695b36f8665df21a0da312d76c0e93e78474fccb950cc092b828e59313d2984012d22337ff507183fa0,common_voice_ca_37540238.mp3,b2371725a69a078e1596d061f8e8dc6c8eedeb8875d7c9e365e307b731b8d208,Al migdia es fa el recorregut i la benedicció dels animals.,,2,0,,,valencià,,ca,,valencian,common_voice_26_ca,train.tsv,cv-corpus-26.0-2026-06-12/ca/clips/common_voice_ca_37540238.mp3
e1dcee497b03e9d5e34721a9678b4ee63bfa908344af4a5bb7e44c71f2b7e3a6f83197e29fd9438048147aa1bcbacb26bee61124e7abe58ab410b0f86d37f3d1,common_voice_ca_19895676.mp3,114f1b47da7d6fe89093bb08f21629bb17aa37808c168c16dde3e905732e86c4,Era una motocicleta de baixa cilindrada i que portava el motor just davant del manillar.,,2,1,fourties,male_masculine,,Nord-Occidental,ca,,northwestern,common_voice_26_ca,train.tsv,cv-corpus-26.0-2026-06-12/ca/clips/common_voice_ca_19895676.mp3
3dfec312f790c985434c214abdf9e2c44cb02530a7f55b1be99aae1a96b594b1f172794845f5697147e2ee03e0c11d6abe92331f976a86efeaee9772452bbf06,common_voice_ca_32214886.mp3,9ea5b9fd8c941a38b60b9216cbc78609319420f04490d85887de7c1150245309,El vint-i-tres de maig en Nico irà al metge.,,3,0,sixties,male_masculine,,Balear,ca,,balearic,common_voice_26_ca,train.tsv,cv-corpus-26.0-2026-06-12/ca/clips/common_voice_ca_32214886.mp3
2ffb1e454d4ef28bb1ae6afa6773fa3491612418c19c1666f5c5a2a728bcd95530f54148df529a5216433752552ba590eafdab96b74bb4e2ba907a791b6de220,common_voice_ca_31079316.mp3,e6d59e812da7f1fadd835a20a38ef5db5c4988863f47373d74c55b0d20a444f8,La volta és de mig canó.,,2,0,teens,female_feminine,,Central,ca,,central,common_voice_26_ca,train.tsv,cv-corpus-26.0-2026-06-12/ca/clips/common_voice_ca_31079316.mp3
cb42cb3205438d700affc4fedb7c25ec01d48a900331e50dccce6f59018e141eaf23a4554a9edf8697040ac55584a625ef9adaa65777c53411521a569a853143,common_voice_ca_32517138.mp3,091c948b6dcddef5686d319673bc7de002ca4d1cf1d3a38d8bdd32ac0b8cfff9,És una d'aquelles tardes que semblen fetes per caminar.,,3,0,twenties,male_masculine,,Nord-Occidental,ca,,northwestern,common_voice_26_ca,train.tsv,cv-corpus-26.0-2026-06-12/ca/clips/common_voice_ca_32517138.mp3
9ab24d78f0c15c73109c588c2231856bda07c501d36ade65247c7edb7fe04f135b14107ceec6123fa222ad80ca4f7e20c5fd90bdb882b9114c2ca19c1f6b1f72,common_voice_ca_37030972.mp3,67a12b5a36b3bae7a0f97fde6350f3c998e507ecc4ea4285b93fb184e52120e0,"El meu número es el sis, seixanta-nou, deu, cinquanta-set, seixanta-sis.",,3,0,fourties,male_masculine,valencià,,ca,,valencian,common_voice_26_ca,train.tsv,cv-corpus-26.0-2026-06-12/ca/clips/common_voice_ca_37030972.mp3
1a6371c91b1751a2ff7f9ef9632f45d838168f6a6bb4366eac74f068db2152e6624c118cc68b31c1d8e48c3427022437fee465f4cbadbb38fe235fb33083296d,common_voice_ca_36924527.mp3,61f4434258ba6d0cd826a402435bb6c9b81d74a8cc35def47a646e67e26fa3d1,Viu en boscos humits i està associada a rierols.,,2,0,,,,Nord-Occidental,ca,,northwestern,common_voice_26_ca,train.tsv,cv-corpus-26.0-2026-06-12/ca/clips/common_voice_ca_36924527.mp3
f7f95b9762677410588d8a7a8e9fc7fdf73cb6b5aee299256772e9b15cba772f7410ed3ad4414241f799a645563a0cccb6191e15eb786f340b1e7fa6e997942f,common_voice_ca_38067614.mp3,971c920669d19368d6fd060df6817289a2becf8e4d08e9659e9879410826d806,Almenys mitja dotzena de manifestants van resultar ferits,,2,0,,,valencià,Valencià central,ca,,valencian,common_voice_26_ca,train.tsv,cv-corpus-26.0-2026-06-12/ca/clips/common_voice_ca_38067614.mp3
90c4220a38cf7d051de9f023c4e83e81f38bf56f5a86fa8ec4e13bb6afebaed8c4f0453136d12103ac78df260a7598dbbe27c0e750353ac27b24e168b38ab24d,common_voice_ca_37643408.mp3,79e49bceda2300687d45e7974b9d2718fd573763359a70b7725362c53de67ae3,Els seus pares són Larry Norman Kaye i Mary Elizabeth McLellan.,,4,0,fourties,male_masculine,valencià,,ca,,valencian,common_voice_26_ca,train.tsv,cv-corpus-26.0-2026-06-12/ca/clips/common_voice_ca_37643408.mp3
7eeb4664f77e4be186bbf6c320c1f0a620361b357aeb5c1d47b4e1f4d3eefd06c1aa581638be86dc127ba72ef47c0f01070b010fb031cb11c6340f56bdf334b3,common_voice_ca_36861632.mp3,5e6803540ac4e2268bc9e26b3f9c1f66f1bc7e288dc17c62eeab11294726f190,Langbroek va designar Springborg com el seu ajudant.,,3,0,twenties,male_masculine,,Septentrional,ca,,northern,common_voice_26_ca,train.tsv,cv-corpus-26.0-2026-06-12/ca/clips/common_voice_ca_36861632.mp3
4d2c8a9f25d2db18368831eae4c6c4ea3d493707b9365edcb20b1519bf30635a627edbdfeb041cbbdfdaaeca1f0fb31e0a47713e3457131494c4888e32a697d4,common_voice_ca_34349176.mp3,371cc6495b6d7b88f14cdfa54173e430c44d770417be78c7a808c742445bc5ea,És un edifici de planta rectangular d'una sola nau i orientat al nord.,,2,0,,,,Balear,ca,,balearic,common_voice_26_ca,train.tsv,cv-corpus-26.0-2026-06-12/ca/clips/common_voice_ca_34349176.mp3
c4034d52d21c475bfc0be93cbc9f02368f578817f838c25abd702e39d477a45f551db8b839f00bbe9c9aed5511ce1f083f8cf1add51797e85151bd324a2de6b7,common_voice_ca_32155975.mp3,8d3e674231886f52992462d26cf92d2ffa2a34ad73152464b1db85703560c28d,El vint-i-nou de febrer n'Eulàlia i en Gaël volen anar d'excursió.,,2,0,fifties,female_feminine,,Central,ca,,central,common_voice_26_ca,train.tsv,cv-corpus-26.0-2026-06-12/ca/clips/common_voice_ca_32155975.mp3
b7cabeeebd327e20e86dc7f329044ef1e505a8b5b06ec8730b35ec796179398d343c4612c462987483a552461ceb8746d845b5304f90a1ef4bae8f961c061f22,common_voice_ca_30834108.mp3,92be0b8845ede841beb97e457c0de22980328ad30e2a447c38b9ac6c135706ce,Jo era el porter del Liverpool.,,3,0,,,,Central,ca,,central,common_voice_26_ca,train.tsv,cv-corpus-26.0-2026-06-12/ca/clips/common_voice_ca_30834108.mp3
b8e36549b339f8d7a0beb29824976c3c1bcc764bd0e8155ebe1e0ea0fa17f2137cf0c3e6d3de47a4ef9b62c34ceaee3660cab406eebfa8b910cde4e73c44e687,common_voice_ca_27553907.mp3,44ac1af594361e8dc3339826b9889b8d84651107e1339015105c5f4e81fe699f,"Quan alguns enemics són derrotats, et pots transformar en esperits de formes poderoses.",,3,2,twenties,male_masculine,,Septentrional,ca,,northern,common_voice_26_ca,train.tsv,cv-corpus-26.0-2026-06-12/ca/clips/common_voice_ca_27553907.mp3
d3728ba9c4b430ac8de2cae654e5f82df2f4d0a6dfb848476b737738b7f15bf69c5716a2869c7bec6b1836a4a60d99d479c10bdebd6d1c0153a08371a46c6665,common_voice_ca_33637840.mp3,2cf751a89d2796f00e418984098999e7a36e09aa6dd67ec29b80ecf53e8ad762,Sobre el portal amb impostes hi ha un balcó amb barana de ferro forjat.,,8,0,thirties,,balear|mallorca|Palma,Balear,ca,,balearic,common_voice_26_ca,train.tsv,cv-corpus-26.0-2026-06-12/ca/clips/common_voice_ca_33637840.mp3
b5fc7461c0713292e1a706d6892acce90fd686ddc76af7048579d5721583007682b6916b141e62b566eaca33e0211774f221d1d7e56d7b8c81186a8cdd61309f,common_voice_ca_37567620.mp3,ec09fb6dcfecbc5a3feac75d6e44a6ccc1205318a782dc8bd807285bab8270a7,"Allò més ben guardat, s'ho menja un gat.",,2,0,twenties,male_masculine,"De Binissalem, amb s'è i mallorquí",Balear,ca,,balearic,common_voice_26_ca,train.tsv,cv-corpus-26.0-2026-06-12/ca/clips/common_voice_ca_37567620.mp3
6df06b1d6117b1191647118223c2f54ae0d9b673418e24e3928c8dba76eef9adaf7be82ea7e0c5a5d7a91eab6eda863f8e42761b438b78fdd6e8c32ee044d4e6,common_voice_ca_32458593.mp3,fc5e770e41cacba3fbd9d7d818c8b3a505fd9056023782c2cd28121beacc8fa2,El deu d'agost na Mira va a Sant Gregori.,,4,1,twenties,male_masculine,,Nord-Occidental,ca,,northwestern,common_voice_26_ca,train.tsv,cv-corpus-26.0-2026-06-12/ca/clips/common_voice_ca_32458593.mp3
e59ec9d6d0874dc4ccf7f8b6a840167e2b462b860c79cd541582a38112bbb3a04e9b123c280ce03a89a17be85d50889e61f6a3d22a9d2f6937b33b4db55173f4,common_voice_ca_24680758.mp3,dcd0f1501e8720cea4a01ce65159d6bb7349f68603cd283ae04c04ffdd020e0a,Les violacions entre persones del mateix sexe solen ser penades amb la mort.,,3,0,,,,Balear,ca,,balearic,common_voice_26_ca,train.tsv,cv-corpus-26.0-2026-06-12/ca/clips/common_voice_ca_24680758.mp3
ecec0151aaf0ab33b6bec92086ed7a24976140e74974b47b832b2949d3c33e4cfbcd495935fcd46bdcb70f5753a780d5779cb9c00306f105a894a35d6201dc0f,common_voice_ca_30841070.mp3,936925824792fcb3e4ba6668288ce5437ba4296081cd952e587a7996a3e8f5b2,Mira'm quina és la millor manera d'anar a Susqueda amb tren.,,3,0,,,,Central,ca,,central,common_voice_26_ca,train.tsv,cv-corpus-26.0-2026-06-12/ca/clips/common_voice_ca_30841070.mp3
443366ca1e93db5bae959bfdb93e1afb1963520b8ea6105b2e897c236e5b2ee050a66738e01d46ca2adee31d5fb2ee81cae5b369e7ffb5a7e140791d2aa8c173,common_voice_ca_25472115.mp3,23e7029813cce768a4cef8185520b9a8ce46656de93674bf43dbe1c62383cf3c,Hiwassee College està situat just al nord dels límits de la ciutat de Madisonville.,,2,0,,,,Balear,ca,,balearic,common_voice_26_ca,train.tsv,cv-corpus-26.0-2026-06-12/ca/clips/common_voice_ca_25472115.mp3
6b54f166f92eabe44e260e1224aaef04d96e9a4e026d85be47687cbcb1b9b8442816c5cd91125b7fbcfd1eb23867cd7dbeae682eecc61dd5e65641f66a191c8e,common_voice_ca_37552868.mp3,ce5258197139a0b353877028d9a397b9a52f290634e21d5fe8ebe68eb249ff63,La baixa en el Registre es pot comunicar en qualsevol moment.,,2,0,,,valencià,,ca,,valencian,common_voice_26_ca,train.tsv,cv-corpus-26.0-2026-06-12/ca/clips/common_voice_ca_37552868.mp3
49537af2506ea55124b5031787600dbbecae39722d53d65c1b195f4d96fcb4c5543a280afd0c1df53705c2765733d96de52b30c82aeccbedd8f60a115194b7ab,common_voice_ca_36979197.mp3,651b2ba7abaafb58616edb4b351a87d74d7f4da6c2104081023447369f04a8f2,La canya de sucre i el cafè son productes comuns d'aquesta regió.,,4,0,fourties,female_feminine,,Central,ca,,central,common_voice_26_ca,train.tsv,cv-corpus-26.0-2026-06-12/ca/clips/common_voice_ca_36979197.mp3
b61fad17a5c0f6d01ba3d63a125d545265372b9d4a53e5dafec55f60691c40f8aa35bfb64cfaba5dceb822efb9116b8fb30016baee1d389a8070f55c062cfe11,common_voice_ca_22970614.mp3,9ad332ea775c0fb5ec146cdd39a2e793404cfb322af2c431a70e7694d5a42bab,Va acumular moltes funcions.,,3,0,fifties,male_masculine,valencià,,ca,,valencian,common_voice_26_ca,train.tsv,cv-corpus-26.0-2026-06-12/ca/clips/common_voice_ca_22970614.mp3
4e9425dfeef8c0fc5fc72aaedd2cd68479ca2fbbd23d8a1860a9c080e4b84a18331e1d5f1ac77422b3770935ada5a75243fe3e8514ddfa50e6f33626b65da902,common_voice_ca_30884578.mp3,a42be70704a7c91495461c8b6eefb161f024cf8753b60c68efede6d4c195774c,Va resultar ferida a l'accident que va matar Lawlor.,,4,0,fifties,male_masculine,De Reus,Central,ca,,central,common_voice_26_ca,train.tsv,cv-corpus-26.0-2026-06-12/ca/clips/common_voice_ca_30884578.mp3
207a9a9c475397b80eb13e02c6d366de9ac8710330cc4ccb5109d74e0a09320d0ac66c081692a7055afa7b508ab80527c5f16ffa3bd15aca4115c02cc64f76f1,common_voice_ca_17499158.mp3,fa7a78c4b92f316953e36857ecc556d40dd0e95a1fbe1bc5a8f0c1d457c0f8be,Participants aturats que completin la intervenció subvencionada per la Iniciativa d'Ocupació Juvenil.,,3,0,sixties,female_feminine,,Central,ca,,central,common_voice_26_ca,train.tsv,cv-corpus-26.0-2026-06-12/ca/clips/common_voice_ca_17499158.mp3
6396b8df6091ac3a863cc0053f945375fccc04eb4a106d414d2538b9e346ede78ca20d174261e7a8df445a7ef55dc22b5a47adc852167074654321e692903b4c,common_voice_ca_21277395.mp3,4556668b8686df889934c4a84c49d2dafbf75e7b00e228627f4ee54c47fe0258,D'ací la dimensió infinita.,,2,1,fifties,male_masculine,valencià,,ca,,valencian,common_voice_26_ca,train.tsv,cv-corpus-26.0-2026-06-12/ca/clips/common_voice_ca_21277395.mp3
9dc2eb68e919107399b44bdebc316f261dc232dd36112c12096fc8e4c4f98a38d6b6ba93eec025262a2c9b07789be6587a217fb8e95a9cab89b8efb61bbff8c0,common_voice_ca_31249067.mp3,fd5124003a82b907e45fc28900169cafc7fa04688b4412ee1fda2c89f06d2b28,"Sospitant la veritat, el primer company va a continuació per destruir els taüts.",,3,0,,,,Balear,ca,,balearic,common_voice_26_ca,train.tsv,cv-corpus-26.0-2026-06-12/ca/clips/common_voice_ca_31249067.mp3
acc7d8b4ac6aa3eb4374fa93b8039e9309d8a4276999a944a23a6fc93ef974b2852288f5a4c9e2736cc5b983916f93e974391a4223cdbd86717d707409e03a80,common_voice_ca_17503159.mp3,fbbd339e27af25e55b923b0710716efb1c763611b7eb0ed3e300b1fa1fdf2e4c,És de justícia que els diners dels valencians es queden a casa nostra i es reinvertisquen ací.,,2,0,fourties,female_feminine,,Central,ca,,central,common_voice_26_ca,train.tsv,cv-corpus-26.0-2026-06-12/ca/clips/common_voice_ca_17503159.mp3
66bd67e6893a5a8d1f1c24ddf17636e04d1623c17c11d57a83fc022a43c38796544cdfee368fe8783d48b8f2745d551e57aca0a81fbcf5971fade8516eb02001,common_voice_ca_31241502.mp3,fc5cc6d247543e898da8c0a9747c43d8ef2a5a73ffa16fd5b16cea8af5ec865e,També va ser condecorat amb la Legió d'Honor de França.,,3,0,sixties,male_masculine,,Central,ca,,central,common_voice_26_ca,train.tsv,cv-corpus-26.0-2026-06-12/ca/clips/common_voice_ca_31241502.mp3
8d4ebe5871fbf473937299da1a3e33d61ab35d13cf8cb060a09ecce39e19af69fb5944c96eee1d7e9573960c3c928a16e1395ef8e364e5d27cdf59d294760797,common_voice_ca_30997837.mp3,cf2e2caa465282fcec1a20a692206f93a1f0b1447b094122080759cddc16c269,"El seu cognom és Queipo: cu, u, e, i, pe, o.",,2,0,,,,Central,ca,,central,common_voice_26_ca,train.tsv,cv-corpus-26.0-2026-06-12/ca/clips/common_voice_ca_30997837.mp3
ef13a36683437189a3141df74ca8b08e86a2c92a71c4a12e4ffd385d2082a9876739ead2b5d98346307edb87e0672df6a530461f08e55dc92df0d75f1894d485,common_voice_ca_30843266.mp3,94bc5852416d36a8492cecda283e9e6dbeec52f941d3fdb80114afdd2fdc7294,Els jugadors també poden portar els seus pals de gols Scotty Cameron vells perquè els reparin.,,4,2,fourties,female_feminine,nord-oriental,,ca,,northern,common_voice_26_ca,train.tsv,cv-corpus-26.0-2026-06-12/ca/clips/common_voice_ca_30843266.mp3
a04e1728605b666a468fa357c67ec2aeaebee22272e468853b2ad18b13d08405c18d6b74da49d831acbb957ca4019f96d09b516190aa8f6086368b9bc5ce0cef,common_voice_ca_30930042.mp3,b5b34aa804d6d30cd6ec0935fe67657d6d210a66185bdab30d1992cdb1616be9,Un home jove amb una gorra de beisbol posa davant d'una parada de frankfurts.,,2,0,,,,Central,ca,,central,common_voice_26_ca,train.tsv,cv-corpus-26.0-2026-06-12/ca/clips/common_voice_ca_30930042.mp3
a24f7106f538a7351ebbb651768bf64bf745939685233f0dd885e9480d19e464a3d5a11d404389d60caa16664506dca882e0f4ecdbbd914b637fa6ba1f44f838,common_voice_ca_37210672.mp3,6d297e12669dfde57aabec7d22e33c4122153078da26031c4f3f794057710331,La meravellosa il·luminació d'aquesta escena intima té com a focus la figura del Nen Jesús.,,2,0,,,,Nord-Occidental,ca,,northwestern,common_voice_26_ca,train.tsv,cv-corpus-26.0-2026-06-12/ca/clips/common_voice_ca_37210672.mp3
e37215bdb0c49eca39f2090f4195836247b2f48d02e68693956e9b34214682d5b6ee0d43b8213ad3f1b95df77e12fef2fd1743b84bb07d17e230e32e10993d04,common_voice_ca_37636924.mp3,7927df5d408535473c5b52ef78f69ca14a5cf9f7c15eb3699f3c6836b7dc3e3b,"Es diu que les lletres signifiquen ""On va lluitat l'històric falcó negre"".",,2,1,,,,Septentrional,ca,,northern,common_voice_26_ca,train.tsv,cv-corpus-26.0-2026-06-12/ca/clips/common_voice_ca_37636924.mp3
c47358e0d40032af19f3989d668c715a7750977cc769bbcdd29833f98e929ebcd907e1956ed3d095297cbf582141dc2cd29b57e49baedbf0447bc9c9f5d85e5f,common_voice_ca_37940616.mp3,8e140dca3a7c3e3c46211aebcffc1064b8002655e3ab6406e373e9c3250d0ca9,"Gairebé tots els escriptors, tret de Lawrence Sutin, el consideren el darrer.",,2,0,,,valencià,,ca,,valencian,common_voice_26_ca,train.tsv,cv-corpus-26.0-2026-06-12/ca/clips/common_voice_ca_37940616.mp3
c89358651a32fcccea4f2f3435fd81631e51906ef85e146e824f309c577e7b8eb4005c229cb6652391be003691c91d0515675f7a272e6894afe2f641d262d6b6,common_voice_ca_31071588.mp3,e5484de6f8b07a8a3cff246e50582a132628abf24ce7eeb715cb2076613a251e,Quin és el camí més curt per anar als jardins de Santa Rosalia número vint-i-nou?,,3,0,thirties,male_masculine,,Nord-Occidental,ca,,northwestern,common_voice_26_ca,train.tsv,cv-corpus-26.0-2026-06-12/ca/clips/common_voice_ca_31071588.mp3
36fe013dbca4fa216e65d5462b17ab01ce129aec7cbf31bb0514978c694936625d0d34a741f2def54cda3b075777e3376e6ebf6d5372377ccfe37d9e6f13d067,common_voice_ca_30845326.mp3,9611b8fafdacff37f369deb5f22e2add06d485f37e87fc81ba9be27fbfd2a7bd,S'ha empenyorat fins al coll.,,3,0,sixties,male_masculine,,Nord-Occidental,ca,,northwestern,common_voice_26_ca,train.tsv,cv-corpus-26.0-2026-06-12/ca/clips/common_voice_ca_30845326.mp3
e8ebb1a7077837d668a0d217ec51b26816a06d43b206b1fffa2150fa9a37365405a1532b7ef60fe14f656c3d6e1c56b739fd12b039bb37ac4830511907a000c6,common_voice_ca_37621223.mp3,776d019be5ca3cd108fcdb93ff6475dc7177f2309cc172fc71e96d16a7e1cd97,El vint-i-nou de febrer na Vinyet irà a la platja.,,3,0,,,valencià,,ca,,valencian,common_voice_26_ca,train.tsv,cv-corpus-26.0-2026-06-12/ca/clips/common_voice_ca_37621223.mp3
9460bcd422ae7bd8f1ab521b77c9ca101d9207c3bfb9efd2649705fd4c9fad08a1b175b1fa3f0036d514989834bb742b5951970d69530259825b384af6ebfcb3,common_voice_ca_31390912.mp3,13695032252bdaae9359382b0af182271c32b09ccc5ea6f76721cb7f9aceca01,Als dos pisos hi ha balconeres corregudes sostingudes per permòdols.,,2,0,fourties,male_masculine,,Central,ca,,central,common_voice_26_ca,train.tsv,cv-corpus-26.0-2026-06-12/ca/clips/common_voice_ca_31390912.mp3
b4897fbb47c0ff0027b395498cff80235b5ff3936e43a009c63ca3ac0c224c867cad8497378b5f0cd896ce1dc97fe3b118227b1085c02f8793980acc2251e564,common_voice_ca_37766164.mp3,7f763ec8f72d5afc1a6cf01a3926f41010699b50ca2a9b1d8a3ce5bde4817045,"Avui en dia, segueix portant aquest nom.",,3,2,,,,Septentrional,ca,,northern,common_voice_26_ca,train.tsv,cv-corpus-26.0-2026-06-12/ca/clips/common_voice_ca_37766164.mp3
0ea16212791c523060d5fb6576519e4eb78e7ddda4a27e48d90f976f57ea3d462b27abf10089704cf836649accab77d472b44f5ff96ef0c76877ffc15944f6c8,common_voice_ca_17876158.mp3,4db7c0817268532fecde6b58a9adb410bd63aff2e7b898585d3ba2e232e6d389,Quin món de mones.,,3,0,fourties,male_masculine,,Central,ca,,central,common_voice_26_ca,train.tsv,cv-corpus-26.0-2026-06-12/ca/clips/common_voice_ca_17876158.mp3
3449d56106b37bb27ccceb1ce5b668c40eeaa4e90d389e03f0b1ba3098b2a6159298cd57279140223b8d5969b8e6394be7e497e67a9ac29cdd299152bfcaf17f,common_voice_ca_38153617.mp3,9c5ed158afe4fa1bbea91ca72859306fcbc2678dbdb5f6f8a6c04ddc4e906483,"És un important centre comercial, turístic i administratiu al sud de l'illa.",,4,0,thirties,male_masculine,"balear|aprenent (recent, des del castellà)",Balear,ca,,balearic,common_voice_26_ca,train.tsv,cv-corpus-26.0-2026-06-12/ca/clips/common_voice_ca_38153617.mp3
fc00601a5a2175d6d286f4c91abc27981395c76868612c38757e126f0ff93c654765ba28728996facf2783e75e2f42e72e855bcd25c23726ebb43c7712d9a408,common_voice_ca_36905832.mp3,60b8ae3c797516491fae2ab04829b0635e20967cf21bcac19f08cfa045148ecd,Per això el film trenca amb la continuïtat fílmica convencional.,,2,0,,,,Nord-Occidental,ca,,northwestern,common_voice_26_ca,train.tsv,cv-corpus-26.0-2026-06-12/ca/clips/common_voice_ca_36905832.mp3
853ab85920e3a98810b33cb5eeaaf340a09139ab5dd54c5257f519d37c9a5d84714405b592aa3f17e65e86be219f1a46874947382a7e44e9838cb304da9fe27c,common_voice_ca_20407355.mp3,2c356cd529170fd2cf482237e142d1d1640d31f7c418df711c1018286f5ef193,Ha il·lustrat diversos llibres sobre paisatges.,,3,0,twenties,male_masculine,,Nord-Occidental,ca,,northwestern,common_voice_26_ca,train.tsv,cv-corpus-26.0-2026-06-12/ca/clips/common_voice_ca_20407355.mp3
13d56c39e733c6e0565d12da0bcc8fc4051c044c96614bfd9640d13c0b48c457ff57615c211c1e65abc6ec548cd423a91fdaa47829636263ad1ef9c07a086d2f,common_voice_ca_32250562.mp3,aa9ab1447d0d96ecf4ec00927d8d28a5efdb6ea7cf8f43ebdd6ca0ad86291ece,El nou d'octubre na Marta i en Jan voldrien anar a Castellnou.,,6,0,sixties,male_masculine,valencià,,ca,,valencian,common_voice_26_ca,train.tsv,cv-corpus-26.0-2026-06-12/ca/clips/common_voice_ca_32250562.mp3
96a20fd33c05a6777e1611b65b12ac2ec2060662e68c003d533fc477dcef30aa29ea77ad76451009a68a8e932584152cf34aaaa76c5db2b8af871ede8fc0aa1c,common_voice_ca_37762072.mp3,5b9f75110ee1fcb7bc01349163ef747d8a355d061a6b8541901f6e5670ad9dc3,Aquest diumenge aniré a Folgueroles,,2,0,,,,Balear,ca,,balearic,common_voice_26_ca,train.tsv,cv-corpus-26.0-2026-06-12/ca/clips/common_voice_ca_37762072.mp3
e279eecdd6e99a03e55130e2201a5f0b61ad97e4998ba7a345fdf00e8f2ff5726ef8187f45d0e6bd9938f39c30a06d52da91fd58100223043ba5b0654a0adcc4,common_voice_ca_17513311.mp3,d6636664f3eb8f5f20dc71236d146189401675f8e567a8351845f8ca41973309,La percepció dels valencians respecte als catalans encara és més negativa.,,3,0,twenties,male_masculine,,Central,ca,,central,common_voice_26_ca,train.tsv,cv-corpus-26.0-2026-06-12/ca/clips/common_voice_ca_17513311.mp3
b289042e049810e9cd0bf2294bb591b124ddf0427c3d23f65fe2166a42cf0594299239d247e76f9399965bf93226228520ffdc624ec528438584b73ede50994a,common_voice_ca_40006031.mp3,d9555a915ee5b5506999adcfbea9f8675f2b16d5fc4cde86eb738accb8148072,Per Sant Jordi en Llop i en Ferran van a Riba-roja de Túria.,,4,0,,,valencià,Valencià septentrional,ca,,valencian,common_voice_26_ca,train.tsv,cv-corpus-26.0-2026-06-12/ca/clips/common_voice_ca_40006031.mp3
f4baed514d9bd30bd7ba8d4cbfb26bbb5e1d30f7cdd9454172ed3392cd3f15d6086d543f1bffea920144b4525788305c786f93c1ede14752e60eb5f153524788,common_voice_ca_31088124.mp3,e88e6e22dfe1025a88065813608b4dbb99d997cd226c714a14d61c6516ab69f2,El participant ha d'identificar si hi ha un cercle verd a la finestra.,,2,1,,,,Nord-Occidental,ca,,northwestern,common_voice_26_ca,train.tsv,cv-corpus-26.0-2026-06-12/ca/clips/common_voice_ca_31088124.mp3
eb6387e8db6ff606efa8ac803e1a0dc6f4e21160f5498f71bf11758d7938e9dbcc4be485be5b5b9159b79bd563d18f2e2fa0838f80980993279616a52abb525b,common_voice_ca_38748327.mp3,c16a139bc0217facb0dd656f0e59a146056653dd438a9f265de477a14a8ab4b4,També és lipofílic.,,4,0,thirties,female_feminine,castellonenc,Valencià septentrional,ca,,valencian,common_voice_26_ca,train.tsv,cv-corpus-26.0-2026-06-12/ca/clips/common_voice_ca_38748327.mp3
295c26c6a1db0cfe0d7a41bd219c40e9f54b4f333cc6d4acf6b4002d2c01dbc7c22c96d15f991208f28fc374d1fa20f63cf42a9a6eba5da076a4242e7acbe95e,common_voice_ca_40612571.mp3,038addaf618ddbf1f202ec8f52b25746943c315d9a9f8c55cf58015cad4e787c,A qui anava dirigit?,,3,0,fourties,female_feminine,,Septentrional,ca,,northern,common_voice_26_ca,train.tsv,cv-corpus-26.0-2026-06-12/ca/clips/common_voice_ca_40612571.mp3
0e712fb95a5a5ef9c3a9f2a4d157a540a1a0f805ea7718c827a052b9db0536d7fa79d6cddc542e6958f1ab1da5a8c69f115173db79cad4e4f95e12458077bf66,common_voice_ca_30918957.mp3,b0dd9dbd76ed9ce64d5d91d6830ca26ed9366c7ef7ab619a56198ac80f7ece5a,"Tichy és un explorador espacial les experiències interplanetàries del qual apareixen descrites a ""The Star Diaries"".",,5,0,fifties,male_masculine,,Nord-Occidental,ca,,northwestern,common_voice_26_ca,train.tsv,cv-corpus-26.0-2026-06-12/ca/clips/common_voice_ca_30918957.mp3
f5a157dcc1db9578aa5f53a05a9bf67d2ba43f4e816817b9fa3cded6a599e9aeda835c72f73ddfad962d39abc09c4f63e53a6950905bf0e81023346cf27b8f35,common_voice_ca_38648858.mp3,16aab49648819787b980b7620ec82b6e2a34244b4b678013e05b9b09e1546809,"T'estime també, Riccardo... m'agrades, sempre m'has agradat...",,2,0,,,valencià,Alacantí,ca,,valencian,common_voice_26_ca,train.tsv,cv-corpus-26.0-2026-06-12/ca/clips/common_voice_ca_38648858.mp3
eba6a7c046f237cd813519509049d06fc89a4adfa78315220c39b6a4268583532cc7688eb0c2d55720cac043a6bea69aa58b391f3ee9c617df2659bb248c6c86,common_voice_ca_31341662.mp3,0aaab1a429ef08fec7738e4ab2c2c083cc14cd909a8ac96792c4b487a061d26f,El cap cívic del consell és el prebost d'Angus.,,2,0,sixties,female_feminine,,Central,ca,,central,common_voice_26_ca,train.tsv,cv-corpus-26.0-2026-06-12/ca/clips/common_voice_ca_31341662.mp3
c18ab362acd0badd389cda7826ee8bc10a85330920a1a3e46cda23d1340f726c1a5b149c07cc29b472117062692d14e54610c25759059cad6c7fa617f0d942d5,common_voice_ca_37545632.mp3,bc8324df68dc14fa306ff6c736b8d40297fdbcb654ca72ba35d1d4053adefde0,Abans de Sant Bernat no cullis el melonar.,,2,0,,,,Nord-Occidental,ca,,northwestern,common_voice_26_ca,train.tsv,cv-corpus-26.0-2026-06-12/ca/clips/common_voice_ca_37545632.mp3
d9770fe2b1596832e93ff1c30eff6da2b414d79896be232ac0faa4da55cea015af6bb785aad54f3216662a1978c577919b907143fdee82130a604a256fde07a2,common_voice_ca_38816876.mp3,c3c80f1658f3982bf98ccf1ed90b9ec2e443981d0e73f8d3315ae2dded7baad9,Aquest segon assaig anirà a càrrec de la persona interessada.,,2,0,fifties,male_masculine,valencià,Valencià meridional,ca,,valencian,common_voice_26_ca,train.tsv,cv-corpus-26.0-2026-06-12/ca/clips/common_voice_ca_38816876.mp3
91f88f43f58cfab40476d5cf53fd90071a136bd7cb6600bfafa6c3c617ab78750c0de3f341d8c68e8de7767930a2417e36ff8efc17c21074a6637769e07f624a,common_voice_ca_33388180.mp3,d41dd8a0f1c9f70c7c24ef78411e40b0fed25aedc5a2666fa52b98a3aef1def1,La investigació continua oberta amb l’objectiu d’identificar els altres tres autors.,,3,1,,,,Balear,ca,,balearic,common_voice_26_ca,train.tsv,cv-corpus-26.0-2026-06-12/ca/clips/common_voice_ca_33388180.mp3
94be9305717424421b29f229d23565bed2bfb8034d679de45bd42eca7eef7817597f09fd8995fcf18d82aa72bcb8045e8d971fdaf7dbf395cedf714462e95aa5,common_voice_ca_38989236.mp3,c8c610fb17084b028ed35f7cfc047845c1ee70bf525bcc8f701c1fd334f85f8b,Hi ha un balcó que recorre tota la façana.,,4,0,teens,female_feminine,valencià,Alacantí,ca,,valencian,common_voice_26_ca,train.tsv,cv-corpus-26.0-2026-06-12/ca/clips/common_voice_ca_38989236.mp3
b7169b52dc13731d9883ca559cb63f76c178924e0daa9f46009c5dcc68c8366185e38223bbcdaf3dece83970196455f4b12d24897bd34b886bfedc50597d6541,common_voice_ca_27549400.mp3,4441b17ee71609d032111622eb719ab55bd71309a42977c116785216acd67bd4,I ella no va poder.,,3,0,,,valencià,,ca,,valencian,common_voice_26_ca,train.tsv,cv-corpus-26.0-2026-06-12/ca/clips/common_voice_ca_27549400.mp3
7b3f396ce45f636911e5773ca93561a308ac52527bb13478476d1827a0579395e13659fb138e067c77f3e6e1631b5a4069e54c449e75d79e90dddc8e6e3c7b0a,common_voice_ca_31126462.mp3,ef6efd608776ab675b01b80f26b50c8ae88a6abe8cbd2f73e63474c4c842eec4,Malawi té un clima subtropical.,,3,0,fourties,male_masculine,,Septentrional,ca,,northern,common_voice_26_ca,train.tsv,cv-corpus-26.0-2026-06-12/ca/clips/common_voice_ca_31126462.mp3
2ab3f382b2f4062a978a21abc69439952fa60507c8cfc38803906a1a3ed79aa525e1ad04f32c3d2b12c6666f3090c3f23d1c27cf25c14a9e44a1e9eaf55b157e,common_voice_ca_30679673.mp3,144850445941e011845ade814086373e2426d0c959c6c3c89f2c442bc0df80c2,Ha fet una proposta demencial.,,4,0,,,valencià,,ca,,valencian,common_voice_26_ca,train.tsv,cv-corpus-26.0-2026-06-12/ca/clips/common_voice_ca_30679673.mp3
bbb66a66e7f74b028ae63e72b99097e296f9792d1cb02bf5b6a7d1d6925b47d50a34bf492a899ba50c0ee665c59db387950f0146b3c0a2eb1159b37131290a28,common_voice_ca_37602359.mp3,5846ad67269d4d01893cf55733b30502f13fd4ac63d6ae455d5f63473061ddca,Fa savi parlar de la mar i no entrar-hi.,,3,0,,,,Septentrional,ca,,northern,common_voice_26_ca,train.tsv,cv-corpus-26.0-2026-06-12/ca/clips/common_voice_ca_37602359.mp3
5b78eeb212179631e404608b0b240f7692156f51a0ddbe77fe305335565b54c64128e65094ac112101d88f6ab4a554b27ee6af4fadd6e2d5be91e3c9ec37197b,common_voice_ca_31041116.mp3,dc58b28e6f6c616b501bdcf643e86c53b4faace72445dd6a7b65c3de0f5ee8b3,"Telefona al sis, setanta-cinc, dinou, cinquanta-sis, quaranta.",,3,0,fourties,female_feminine,,Nord-Occidental,ca,,northwestern,common_voice_26_ca,train.tsv,cv-corpus-26.0-2026-06-12/ca/clips/common_voice_ca_31041116.mp3
f213253eb290eb8068851d9d5625cd99a2d9548d5584a70b59e70c7107221ef5177cdd291dbe623d0f1ec45b983f163ec3ab9ade0a3a43c1b309d437dd08068e,common_voice_ca_38491035.mp3,b31ead7edcb83ca2e62deb49507a8ff314583d29b91ffe3ebea9ef01e117f271,Tota la plomeria de la casa es troba en aquesta franja.,,2,0,,,nord-occidental,Balear,ca,,balearic,common_voice_26_ca,train.tsv,cv-corpus-26.0-2026-06-12/ca/clips/common_voice_ca_38491035.mp3
49879eb3db69979eff957258d63e98e9b693fced526a2b9ad68395eb691defb1bb352b5416f4328f67534a7962fe0364c4af8db411be29114a159f4e18bf97c7,common_voice_ca_37567995.mp3,ef5b331cbc1777e699fd3a8b7c7c808673b07a2c449fc55bdd5451bb8ae9b721,Dema aniré a Sant Pere Sallavinera,,2,1,,,,Balear,ca,,balearic,common_voice_26_ca,train.tsv,cv-corpus-26.0-2026-06-12/ca/clips/common_voice_ca_37567995.mp3
1e272b6983c53e36f1dc82fc576631162d08662cbbe2a74238b7a30b342bd44fa2e769bb0d0398afb0cb1a6e228697b2eda803f5cb53bf28cc3f5e9006a8ce34,common_voice_ca_17523828.mp3,f1e58eedc7d76503f618115eb4245bfc2886dc40a6ef131ef1af57fc6aada42d,L'organisme de conca pot revisar aquest condicionat en l'esmentat termini.,,3,0,sixties,female_feminine,,Central,ca,,central,common_voice_26_ca,train.tsv,cv-corpus-26.0-2026-06-12/ca/clips/common_voice_ca_17523828.mp3
a2b06b54679145e65ce10a8356285efcadbacd41be817d2e0858ddba59e638775b79f76cb9e4ac5859627b67ebf227c55b51cc48e6d0d7ef41c9845d96ded68a,common_voice_ca_24103991.mp3,cd0e12ddb56036dfb07d85a82ff43ec344bc9ea7eb84f6597d769b17325bfcf5,"Ha realitzat exposicions a Figueres, Girona i Barcelona.",,3,0,fifties,male_masculine,valencià,,ca,,valencian,common_voice_26_ca,train.tsv,cv-corpus-26.0-2026-06-12/ca/clips/common_voice_ca_24103991.mp3
ecec0151aaf0ab33b6bec92086ed7a24976140e74974b47b832b2949d3c33e4cfbcd495935fcd46bdcb70f5753a780d5779cb9c00306f105a894a35d6201dc0f,common_voice_ca_31795420.mp3,20be16eccb9394712ea650eb2ff0473537b58e15aaca95a68583bbd7ec718df1,El vint-i-tres de maig na Sança anirà al cinema.,,4,1,fourties,male_masculine,,Central,ca,,central,common_voice_26_ca,train.tsv,cv-corpus-26.0-2026-06-12/ca/clips/common_voice_ca_31795420.mp3
4e9425dfeef8c0fc5fc72aaedd2cd68479ca2fbbd23d8a1860a9c080e4b84a18331e1d5f1ac77422b3770935ada5a75243fe3e8514ddfa50e6f33626b65da902,common_voice_ca_30763199.mp3,79bd56fa8f0ad541197066adf7b61eaf51e3eacc75e86f74e5710994d5cfb27f,Com puc anar a la Riba dimarts a tres quarts de dotze?,,4,2,fifties,male_masculine,De Reus,Central,ca,,central,common_voice_26_ca,train.tsv,cv-corpus-26.0-2026-06-12/ca/clips/common_voice_ca_30763199.mp3
5562088adced9c13adbe151f58bdb1531f8098c563fb23dda280a34dd600eb096d253eeeafeb345a830c3c4ea8ceef90268fb84e978d13cba5a2e31c2be5c69d,common_voice_ca_38573583.mp3,b96a09b369840e86ff97071215219a218e8896d369796ae1f25fdabc2b2e2751,La construcció va progressar ràpidament.,,2,0,,,,Balear,ca,,balearic,common_voice_26_ca,train.tsv,cv-corpus-26.0-2026-06-12/ca/clips/common_voice_ca_38573583.mp3
499f45ab0b375c2a2b15dcb609719c4d8decb7b32115d8d5982e8aa3f8446f192c53e322e62361161d9726b390ff59e4800efbfdcaa82240602d703efbc0ce21,common_voice_ca_30846504.mp3,9699b160f4eb4edb8c438717d756c35bae0bda516099c28445a78bd2c95aea25,"Per tant, com es fa perquè tothom tingui la mateixa opinió?",,4,0,,,,Septentrional,ca,,northern,common_voice_26_ca,train.tsv,cv-corpus-26.0-2026-06-12/ca/clips/common_voice_ca_30846504.mp3
510790c5f6aafac8a398ef3ca0627eb095cbe5b7d1b1009e90ca468ffaa2fa674f00e0e0b96ab3e0efb94d0b87914b0bd6dc9b95d53d8c0dcad28942e0ff701e,common_voice_ca_37206167.mp3,6ce05faa6cd0266bcf7f53d09f0c608d9a7ed19ec0815e5f10398dd77afbb523,Estava al càrrec dels hospitals militars confederats durant la guerra civil.,,2,0,,,,Central,ca,,central,common_voice_26_ca,train.tsv,cv-corpus-26.0-2026-06-12/ca/clips/common_voice_ca_37206167.mp3
7820d2a7ac722f86789913f4505024a6085667e02a164f83e92e6c8d82d1b7929e9a9086e1ef3cdbbda00a36f13dd540a8ff166b7e50e2cad929163c8901a35b,common_voice_ca_24455754.mp3,d3e2927e1c3160625b47162c5500e53bc563e0ffc15013aa47ccc0c5ee93469e,Hi havia algunes variants d'aquesta llegenda.,,3,0,sixties,male_masculine,valencià,,ca,,valencian,common_voice_26_ca,train.tsv,cv-corpus-26.0-2026-06-12/ca/clips/common_voice_ca_24455754.mp3
959498c61f1ef87bfd3be06445a34d61bf8c781d546a9fbc74ec836d09fb01cd9b82b2ff46bf416c66ffa35575940ee0a14332418c8fee83943986d234ff84c8,common_voice_ca_36844426.mp3,5da9b3037e94e10490183abf0622a78f705fbea1e2b2fb4a2371244f85b03ad5,No he anat mai a Costur.,,2,0,,,valencià,,ca,,valencian,common_voice_26_ca,train.tsv,cv-corpus-26.0-2026-06-12/ca/clips/common_voice_ca_36844426.mp3
68e5c1e2b5909f71bf20a581dcae64f9764420ec24d53ae26e945bf2e3575f8cc0b881fac0a1153f164d1699942b87d64d2a6eac7f94edfadfc8c8d915193c52,common_voice_ca_37903780.mp3,8ac3897f2265973ab8d66968cc3bfc346358e3cf9fafa7b16255fb44afd917af,"El sagú és, de fet, un cicadofití.",,2,0,,,,Balear,ca,,balearic,common_voice_26_ca,train.tsv,cv-corpus-26.0-2026-06-12/ca/clips/common_voice_ca_37903780.mp3
387cf4c29985846677a2812fd0c226eac7dd965685e38bc35cfd62e476526e0cef749cb81acf4556da2cea03ae5b447f2cb363d59b5c666257e0ee1ecdbac84a,common_voice_ca_30841882.mp3,95215756eefdcaca8daeb2101a71201b17718ece71091a735406bd572a900101,S'anomena Sysoy per retre homenatge al pare fundador de la ciutat.,,4,0,thirties,male_masculine,,Nord-Occidental,ca,,northwestern,common_voice_26_ca,train.tsv,cv-corpus-26.0-2026-06-12/ca/clips/common_voice_ca_30841882.mp3
66a76e532c9da5f6acb2f02c20d3a841bf0852b284c05080ba09624f445d917481aea23be1b9d3844ece7ec6c27e9c367a2ae9e2773b64aacaea9a2603402ae0,common_voice_ca_37576922.mp3,002df3f51128cb406a89006b251aeecb6e5c50348380d84d48144e7f6c8f9fad,Cap de pardals.,,2,0,,,valencià,,ca,,valencian,common_voice_26_ca,train.tsv,cv-corpus-26.0-2026-06-12/ca/clips/common_voice_ca_37576922.mp3
265307c336a7589391ded724eeb61b46ddccec87226efeca7b0cd10c0659ab21eb3bbe434831ad4078733a4c780d2ac6a109db42da6858e54ca9ec1e4f2925b9,common_voice_ca_31287258.mp3,02af2231243f187dc4a622cde072a64f900450d48742a7d5ebd20863c37b1dc4,"Sisplau, tanca el forn.",,4,0,fourties,male_masculine,,Central,ca,,central,common_voice_26_ca,train.tsv,cv-corpus-26.0-2026-06-12/ca/clips/common_voice_ca_31287258.mp3
fdac48a8d8372a1939fa79d38a6daec1a1560e70874d2f08e8af6dcb7c964d9c25b0bfe4623a195ef7abb93aa0025f9dd354e18c518f54618269ffb746f45260,common_voice_ca_17992221.mp3,2151a495a2ae51e84740012b226ddd6750f2631caabf1a3be50308f385faf2ad,Era una concentració de trinxeraires.,,2,1,fourties,female_feminine,,Central,ca,,central,common_voice_26_ca,train.tsv,cv-corpus-26.0-2026-06-12/ca/clips/common_voice_ca_17992221.mp3
1c9de0d86eb73f36f1d4ab9194c221db3236d86bb6950d614e51877638a4a329f5b2eaf5dfb6aa86bcd79c1bae8719e344330b90d1dda6c15fb5e702df31f1b9,common_voice_ca_19562179.mp3,0c59ecadeb8f6a7aecc01df863d443ee8d320e89ed3042efba5d130c4bcad0f9,Va ser lloc de nombroses conteses entre moros i cristians.,,2,0,sixties,male_masculine,,Septentrional,ca,,northern,common_voice_26_ca,train.tsv,cv-corpus-26.0-2026-06-12/ca/clips/common_voice_ca_19562179.mp3
2ab3f382b2f4062a978a21abc69439952fa60507c8cfc38803906a1a3ed79aa525e1ad04f32c3d2b12c6666f3090c3f23d1c27cf25c14a9e44a1e9eaf55b157e,common_voice_ca_30690386.mp3,216a01cb7f65a4db9af20ceeb673dfc28cfa72339b07901c4aed7909575ea915,Digui'm un número de contacte i passarem nota.,,3,1,,,valencià,,ca,,valencian,common_voice_26_ca,train.tsv,cv-corpus-26.0-2026-06-12/ca/clips/common_voice_ca_30690386.mp3
a4b8fb205426522c83da0168badd4ea631f206801d3359ddb24b12c4ba4ede036836c0280bad4be95c791bf42761f08d1c65615bd22589ad9c73bdb5be23ff32,common_voice_ca_23432281.mp3,a17ddb8c9576abe359035eb24a5f8f64cdc1b1169bf2af51c312827454e09182,Era venerat com a sant a Barcelona.,,3,0,sixties,male_masculine,,Central,ca,,central,common_voice_26_ca,train.tsv,cv-corpus-26.0-2026-06-12/ca/clips/common_voice_ca_23432281.mp3
399bd6b2bb47fe6dbf290ff7fb85ab566cd9d508a45e7a44aec10fe1f96bff46b2285335b00b16fc3a1c35c75202a5a592037097593814d5df65d550c009bfd2,common_voice_ca_33358457.mp3,c5913b74a55dd1a807a366735f3e0a287db0e593ddaf4a4145df1ea03638b875,Però el dos mil vint-i-u ha anat pel bon camí.,,2,0,,,,Central,ca,,central,common_voice_26_ca,train.tsv,cv-corpus-26.0-2026-06-12/ca/clips/common_voice_ca_33358457.mp3
66e0e2ef329431be22e19cd64b1d19be77403af059f8dea91f483992ebfe30a6321817685f9f0a44c6ed3f6b2058a2abe6eda80113c30eace492a0975e722332,common_voice_ca_31139387.mp3,f16cc190cd93ee0d68073f3a52fdf612a931e2c0e38ec4036c51f644a1ddf04f,Diverses tradicions intenten explicar el nom.,,8,0,thirties,male_masculine,valencià,,ca,,valencian,common_voice_26_ca,train.tsv,cv-corpus-26.0-2026-06-12/ca/clips/common_voice_ca_31139387.mp3
2aa75a6e963c05667675f27208926711d3473f11c6554928520938b7a0c693918229fc2d09179841d46a52c6752f9eab8468c55821a2ac828d02365c3f6e0295,common_voice_ca_35169097.mp3,440705eb90421f2c004b311cbfab701e898b3f336d83a70b4c00c968060519ed,"El contracte es va assignar a Andrew Young, l'entrenador del qual opera des de Foxton.",,2,0,fourties,male_masculine,central,Central,ca,,central,common_voice_26_ca,train.tsv,cv-corpus-26.0-2026-06-12/ca/clips/common_voice_ca_35169097.mp3
5bbe43236d226c4ad5ffa7b8852e5547b23448c7898523bc2396f4c3596468baa04c2236ef9188a50415e3118045fcf1aa3d69361780433de591937654cc75c5,common_voice_ca_30902250.mp3,aa6d2d139bc2123d64c957163db20ccb25fe9087aebe6bb4a2d126f36f58736b,"Sí, voldríem una noia de pell negra.",,2,0,,,,Nord-Occidental,ca,,northwestern,common_voice_26_ca,train.tsv,cv-corpus-26.0-2026-06-12/ca/clips/common_voice_ca_30902250.mp3
f10a3f5001a44d04d3d69b3492d3cde1dad94b3437b4be2f7ea2c19b3707ca384ad9724cb03a3978fccc939ce4f4ea40fb7937b3476b0517d187ba86f51f28d3,common_voice_ca_39571517.mp3,cfddfec3b648047ce2a4d7c0809a92b71b2b9db325ec241a2c2ed07976ec4721,Demà passat en Telm anirà a Vallfogona de Balaguer.,,4,0,fourties,male_masculine,central,Central,ca,,central,common_voice_26_ca,train.tsv,cv-corpus-26.0-2026-06-12/ca/clips/common_voice_ca_39571517.mp3
a501c3e828f1ffc22d030490dcc16d09f80b0712bc57b554f6d336c347099c6ab5076a57549c140281307d21a350f27ce64912661a81cf0a1c45aea80c3c3a8e,common_voice_ca_27293053.mp3,3f42b1f99d335900e87d70cde647c124602649f8c51b2f156afc76558f21dc89,"Recentment, Weymouth College ha augmentat les provisions més enllà del que ofereix el curs tradicional.",,3,0,thirties,female_feminine,,Central,ca,,central,common_voice_26_ca,train.tsv,cv-corpus-26.0-2026-06-12/ca/clips/common_voice_ca_27293053.mp3
b8edd535430395b2f4455eca8daea243f8cc2f589f0f482c2dc271c0f605362c987738fb1c3dd20d3d4e6e6c33a22af7d6bbd73562227ecc660fc81fce0a53e1,common_voice_ca_37659543.mp3,7b4042b754c78b36edf9395deacc5acb813b9d97842e7ffeb77db94f56204591,Són poques les dades que es tenen d'aquest artista.,,2,1,teens,male_masculine,,Central,ca,,central,common_voice_26_ca,train.tsv,cv-corpus-26.0-2026-06-12/ca/clips/common_voice_ca_37659543.mp3
972b8acae1d502748ea9ca19488b8dd7fef817780e500b093ade8423be685e9bc3e7a47d3346e000819342bd8a8ae3bcb082513fa6fbd99e86995d514e81fb6e,common_voice_ca_32120568.mp3,776b222bc455dec9cc6ebeae2cea66bac79d9a26a9cca5c0126180970f55037c,Divendres en Roc i en Garbí volen anar al metge.,,3,0,,,,Septentrional,ca,,northern,common_voice_26_ca,train.tsv,cv-corpus-26.0-2026-06-12/ca/clips/common_voice_ca_32120568.mp3
9b9a1084659bfa62fb0542b3a8a18acf11698177a09eac7e1f89290cd23748d75aff0e5394f4f307709fb45f19074d83b92fd184ee4ad6c11d6487f82ce8d5cd,common_voice_ca_40559691.mp3,e8bc108de2194f5b29692d79423d0cc131da491ef7ff68095cf6358f606e39fa,El vint-i-nou de febrer en Garbí i na Txell aniran a la biblioteca.,,4,0,,,central|septentrional,Septentrional,ca,,northern,common_voice_26_ca,train.tsv,cv-corpus-26.0-2026-06-12/ca/clips/common_voice_ca_40559691.mp3
eb6387e8db6ff606efa8ac803e1a0dc6f4e21160f5498f71bf11758d7938e9dbcc4be485be5b5b9159b79bd563d18f2e2fa0838f80980993279616a52abb525b,common_voice_ca_38748329.mp3,c16b364fac37cb653f1200fe13aa7d07c17ff49c54b1c85f1c702a77b1fb0457,"Per aquesta raó, la mètrica d'una geometria torçada és sovint anomenada un producte mètric torçat.",,4,0,thirties,female_feminine,castellonenc,Valencià septentrional,ca,,valencian,common_voice_26_ca,train.tsv,cv-corpus-26.0-2026-06-12/ca/clips/common_voice_ca_38748329.mp3
61af903b928d0a482f4e5cf4c597aeb89a22da67efa4c2850b2f473517f789f2e0b6279af49a4f21560ffb7a32bd6495d47a6fcf4b73bf6d80d58b0b3e17b616,common_voice_ca_30789866.mp3,834a7d49432fb211d404adc948d4a1207420c89c5ac42ae5e9ed24a4fd664724,"Trevor puja al poder segrestant a Clavius, el president electe de Bregna.",,2,0,,,,Septentrional,ca,,northern,common_voice_26_ca,train.tsv,cv-corpus-26.0-2026-06-12/ca/clips/common_voice_ca_30789866.mp3
a48837a1863a4707371459047c33af5623104d75c06fc7a0cd2693501a3563a70c11fe2f3a65561600dab0e39e4ee35a511a51515cef148e8febde8b767124df,common_voice_ca_33404931.mp3,e6f30cbd7e6583a69d201d99ae7e2d583d2c3330ed8abebf13d906ae272ff280,El govern ha decidit de reobrir els centres comercials a partir de dilluns.,,4,0,twenties,male_masculine,valencià,,ca,,valencian,common_voice_26_ca,train.tsv,cv-corpus-26.0-2026-06-12/ca/clips/common_voice_ca_33404931.mp3
26527c84247bb0804a7c264edb42b23f55e96abd5d4b2981ee1808c4ae4978feaca988dd9645afc1b6e6dc65dfb5563b3b5eb47656a4d97feb5b289d74c287eb,common_voice_ca_31798766.mp3,20712875c001abbe148d48c70259876f6d958b811f46b18cba2d09241ca3f375,El deu d'agost na Sança va a Sant Llorenç de la Muga.,,3,0,fifties,female_feminine,,Balear,ca,,balearic,common_voice_26_ca,train.tsv,cv-corpus-26.0-2026-06-12/ca/clips/common_voice_ca_31798766.mp3
54fb9f7404b5fdc62c215618683436be38e5640e8e1c1c8042d66d36074dc0a25bc96d9efba718d672b573deedb3031988817f7935737e293e8f8ed9d4961209,common_voice_ca_30829852.mp3,9104f3749d0380e26ba377e5cdab2c90aa029daf5304d3b9ad66e01b01897303,"Com a resposta a una incisió o ferida, es desencadena un període de cicatrització.",,2,1,fourties,male_masculine,,Central,ca,,central,common_voice_26_ca,train.tsv,cv-corpus-26.0-2026-06-12/ca/clips/common_voice_ca_30829852.mp3
57b214ed8679f10b827db6856964137f0d26f50035adb230b437c80ac75865a1c1af17474c45fc7081b3ef934f3c96602f4c905ac3b33f0421b3dd249d10d5db,common_voice_ca_20251748.mp3,2466fd5fb5090e09959cb07c1d442adc192f47c7fca169c0f94060fb3788c322,"Va ser jutjat, declarat culpable de traïció i executat.",,2,0,sixties,male_masculine,valencià,,ca,,valencian,common_voice_26_ca,train.tsv,cv-corpus-26.0-2026-06-12/ca/clips/common_voice_ca_20251748.mp3
44732db2acfc0a73f35e5ec44eb5e9a906cfa92adfb1689619f771e8fb5702e07cd437dc1f96505c525171797093aefb5ead5ae2a86413cbc075cec5466b97af,common_voice_ca_30741217.mp3,68027e7ddb1a8731434e465373282d72e712f7d147a0b01a464aff95e19befbf,Aquest quadre representa la batalla de Lepant.,,8,0,fifties,male_masculine,Terres de l'Ebre,Septentrional,ca,,northern,common_voice_26_ca,train.tsv,cv-corpus-26.0-2026-06-12/ca/clips/common_voice_ca_30741217.mp3
d2d1631ff3b480e01cd27192347281f604e1c28d5db57908ff184199c06e962ce90302a4fb6caa01cc89a9f180fd6e2ba0d5baba4cb0d9128ab22a52691aa1ba,common_voice_ca_33442157.mp3,fe8843d3290db30ac48e03cbcbd15ec51dddc437d15dafebf0bb17bf8029d796,"Que cadascú faci el que cregui que ha de fer, ha conclòs.",,2,0,fifties,male_masculine,,Balear,ca,,balearic,common_voice_26_ca,train.tsv,cv-corpus-26.0-2026-06-12/ca/clips/common_voice_ca_33442157.mp3
c360f75d0300534296dd7403309ee308f91818471d388f6add981043729782dc540e2273238350a81aee19365fb58349bd74008256066e961a1bcbd1fa769bb6,common_voice_ca_31964404.mp3,56ba84a9d5bb0233a9471260b56556d9be6617ab617b7557b80bd664d917ce87,No pot entendre què porta la seva companya a frivolitzar mentre està de servei.,,2,0,thirties,male_masculine,,Balear,ca,,balearic,common_voice_26_ca,train.tsv,cv-corpus-26.0-2026-06-12/ca/clips/common_voice_ca_31964404.mp3
b3a2f03bcd91e71f6a5ade93ef8689348bc85a9df60c5bdedf03231317ab858ca6b7fd0d801d20c196292de6939c4827ee9c7b44ade97edb96c43392482fdc51,common_voice_ca_37768558.mp3,7f8bd73817f6d218995a39e9c6551403e2f41d82d0ed0258a89784e31945c5b8,"Va néixer en el si d'una família acomodada del districte de Brooklyn, Nova York.",,4,0,twenties,male_masculine,Central amb influències de la parla tortosina,,ca,,northwestern,common_voice_26_ca,train.tsv,cv-corpus-26.0-2026-06-12/ca/clips/common_voice_ca_37768558.mp3
a2b06b54679145e65ce10a8356285efcadbacd41be817d2e0858ddba59e638775b79f76cb9e4ac5859627b67ebf227c55b51cc48e6d0d7ef41c9845d96ded68a,common_voice_ca_24583706.mp3,da0a2c104f87580e2d952dcbb63db3c878c5ac4623f2932b149234d8202fb994,Les finestres tenen reixes emergents i decoració d'estructures i trames rectangulars.,,2,0,fifties,male_masculine,valencià,,ca,,valencian,common_voice_26_ca,train.tsv,cv-corpus-26.0-2026-06-12/ca/clips/common_voice_ca_24583706.mp3
c047538c727dfe0d9ece19b8cfb4cc842876eb092de5cdce09ab3df9f65324f96db960cc2fc52be9147f25140c80e64e4f4dbebc5b9e2ac3be58086b539feacd,common_voice_ca_36371888.mp3,515816d625d3cd80d3e62df06c61f24df12a23621293802d6b4de4f0b728d11f,A l'est es troba Moreton Bay.,,2,0,,,,Balear,ca,,balearic,common_voice_26_ca,train.tsv,cv-corpus-26.0-2026-06-12/ca/clips/common_voice_ca_36371888.mp3
533f6b5389c76afae3341f9804195543282d28fb503afd0d810e3f0bb4267ddf5e0c30489003844067f811ce46e1900804c7c2368c3737463b00fc54ed179edc,common_voice_ca_19826402.mp3,0e60a837179ff42fd878af13b1a944db1e1c9791d069df8666e0b197522dc11a,A l'Atlàntic apareix des d'Escandinàvia fins a Angola.,,2,1,thirties,male_masculine,,Nord-Occidental,ca,,northwestern,common_voice_26_ca,train.tsv,cv-corpus-26.0-2026-06-12/ca/clips/common_voice_ca_19826402.mp3
a1785c3451e197b8d09e31c523e0a679737e8c5039a7a6bd637d866701728c491488bbbe8bd91ce5c2fd94ef0e49ebd88042599487b771d5ccc9cd2db5239119,common_voice_ca_23972449.mp3,c638963b2d5d3f0e3a6823de244dca317c514513d770fba9f870c49e7e3bc5e3,És una família de nova creació.,,3,0,thirties,male_masculine,valencià,Valencià meridional,ca,,valencian,common_voice_26_ca,train.tsv,cv-corpus-26.0-2026-06-12/ca/clips/common_voice_ca_23972449.mp3
e70e62d6ed6985015e987da40391de410088f0825dfdbbee04963da4ae6be33b9ca19f2b77267b1457e26eee22db639cdce7587435c764d9fede1c005b17561f,common_voice_ca_37574314.mp3,fe4159f573ccd13df43fb0be92cd06db37e5815e7634e9b654aaca561a26e57d,Un secret li és una purga.,,2,0,,,,Septentrional,ca,,northern,common_voice_26_ca,train.tsv,cv-corpus-26.0-2026-06-12/ca/clips/common_voice_ca_37574314.mp3
61af903b928d0a482f4e5cf4c597aeb89a22da67efa4c2850b2f473517f789f2e0b6279af49a4f21560ffb7a32bd6495d47a6fcf4b73bf6d80d58b0b3e17b616,common_voice_ca_30789857.mp3,8355628a2b3fe027da9d13a9becfa4c7779a14ef24f477f705c05cc479396151,Quatre noies estan dempeus davant d'una tanca de fusta.,,5,0,,,,Septentrional,ca,,northern,common_voice_26_ca,train.tsv,cv-corpus-26.0-2026-06-12/ca/clips/common_voice_ca_30789857.mp3
a6051fd230a2e09f163c8c3a57967e239caaadfb88ba63ea5b74639db75f398553e2f81a1d9fa2a1aea1157bc435c1d81cb1a9343e711e6fcce668d5f89954e3,common_voice_ca_38040187.mp3,94e8eebd1431fd713d3a08293cd4e3037db0e79611455da460070699bc41e2e4,Posteriorment també hi va intervenir Frederic Marès.,,2,0,,,,Balear,ca,,balearic,common_voice_26_ca,train.tsv,cv-corpus-26.0-2026-06-12/ca/clips/common_voice_ca_38040187.mp3
520010282c4e84dd09ca69c72c15aaaebd4e37314fce59fc18cb30245e66587456632513e74c295916f3aed090a11980011fd1520309e57d162f508e5bc93a70,common_voice_ca_31341106.mp3,0ab13fe762e95d8a6e8c3513fc84b1a558eb989e2cecfe1c9d5faf6dba88c7d1,Qui viu al carrer dels Ferrers número noranta-u?,,2,0,fourties,female_feminine,,Nord-Occidental,ca,,northwestern,common_voice_26_ca,train.tsv,cv-corpus-26.0-2026-06-12/ca/clips/common_voice_ca_31341106.mp3
b3f29c709dffc40ad1bb2bc100e0358eaab5a36387427cff9d58aa4af1d5f4e58d409bb31e79fb22d4e9b876e34c4426abb3ec2e2b393253e3f1beede50c6684,common_voice_ca_31196075.mp3,f5172bb83531d1db1323ad9681803329d118868c178d4e4423b96e5f763f0dfe,Es podia triar entre diferents països.,,2,0,,,,Septentrional,ca,,northern,common_voice_26_ca,train.tsv,cv-corpus-26.0-2026-06-12/ca/clips/common_voice_ca_31196075.mp3
7820d2a7ac722f86789913f4505024a6085667e02a164f83e92e6c8d82d1b7929e9a9086e1ef3cdbbda00a36f13dd540a8ff166b7e50e2cad929163c8901a35b,common_voice_ca_24455695.mp3,d510c4e4cc6210d090955491737a80de8dee8fe119877f4b2c410fa7893a5a55,L'òpera va ser revisada significativament abans i possiblement durant la seva representació.,,2,0,sixties,male_masculine,valencià,,ca,,valencian,common_voice_26_ca,train.tsv,cv-corpus-26.0-2026-06-12/ca/clips/common_voice_ca_24455695.mp3
1fdcc13301bd85753da065f098dc612f373e5febd749b51392139f484a21d55ebdaf34d3ba5d8d5dc65c2e7798c8968d42f2ca5e51cce8b25ad5b93514b40fd8,common_voice_ca_32297917.mp3,c034a358dc991d387d9f96f29ac713e71b6978b77f3b6e85ca9c190ec0c43fa5,Divendres na Laura i na Mariona aniran a Sencelles.,,3,0,thirties,female_feminine,,Nord-Occidental,ca,,northwestern,common_voice_26_ca,train.tsv,cv-corpus-26.0-2026-06-12/ca/clips/common_voice_ca_32297917.mp3
6e318308ca39e8509c74441040e4565693b3d39b5889e5132e9c96ddf1d0a183ecd20daa151ade158fcedff11b8ad421ea0d5b7c16fff6202e100518f7f826ff,common_voice_ca_38670827.mp3,be7cac73b2b522e8c7cf7c7999c7eea5038c7c9f8d5c97362098b09f6de239c1,El cos varia de blanc a groguenc o marró.,,2,0,fourties,male_masculine,,Septentrional,ca,,northern,common_voice_26_ca,train.tsv,cv-corpus-26.0-2026-06-12/ca/clips/common_voice_ca_38670827.mp3
59c83aa5b91477ee56ee8ceb9217341a22d77d24b58c33923138e94db46122e0f90624d63a4bbba4cd9b9c92e99673ab7aee5b752e96c354ec0138be5c14c856,common_voice_ca_36984204.mp3,6536d052cc04b7f8480c70fe01525f4f2639271a6c93f81375ce081c20facda0,"Si ambdues peces fan escac, llavors es tracta d'un escac doble.",,2,0,,,,Balear,ca,,balearic,common_voice_26_ca,train.tsv,cv-corpus-26.0-2026-06-12/ca/clips/common_voice_ca_36984204.mp3
2b59e9f830e5ea00c500b63eff4e72553e0c2608f5741d35c226e733400412014d7697bd6efb67bc61b19fd61e40f9ed70fde2589fe0b5498915eebc1c8b5d93,common_voice_ca_38295065.mp3,a7693c568de4b8c489093336b1d3044baaaaae151defd22d8091e0b272da97ab,El principi s'aplica també per crear brolladors a parcs i llocs de divertiment.,,6,0,fourties,male_masculine,nord-occidental|Tortosí,Tortosí,ca,,northwestern,common_voice_26_ca,train.tsv,cv-corpus-26.0-2026-06-12/ca/clips/common_voice_ca_38295065.mp3
082fe97c1a4f1d56270d873d7070459536ff8b978cc59d58540b16793566bca11b22bbe8928d6f9d17decc7608636aa0988aeb7e131afdd4702d5c8279ac29e8,common_voice_ca_37255053.mp3,6ef7f312bdbbede515d7d5ca80f1b7137dfb41a3cde21608f1a9faeae360c2e2,Antoni Llevot Lloret és un polític nascut a Lleida.,,2,0,,,,Septentrional,ca,,northern,common_voice_26_ca,train.tsv,cv-corpus-26.0-2026-06-12/ca/clips/common_voice_ca_37255053.mp3
295b9d23f4ce88761422019614c38eca7ec403efa41aaadc32190522cc1d19e73c4fe27fbc020822634c317f4432c19a12f2fd598170df0d5cf993d0542a56f2,common_voice_ca_34480047.mp3,37f21883a7724ab50ac564795bc84ed6818545262af85b0c5536a371e849a607,Per Sant Jordi en David i na Nit iran a la biblioteca.,,3,1,fifties,male_masculine,,Balear,ca,,balearic,common_voice_26_ca,train.tsv,cv-corpus-26.0-2026-06-12/ca/clips/common_voice_ca_34480047.mp3
44c3d306c2a4113da6c7efe9dcfb76d1c2bfd8cbf5d54d7d83df4f4dc803e67c9704f7d54a570a57c79b07b75ba276dfa3d8480544e70fb683d61a9591fe1e15,common_voice_ca_38095442.mp3,98835c138369deb0a88db4181e1d4077043d26454a54798cafa5dbd73e62922a,"Posteriorment, en el Torneig de Promoció, aconseguiria una de les tres places d'ascens.",,4,0,,,balear|mallorquí,Balear,ca,,balearic,common_voice_26_ca,train.tsv,cv-corpus-26.0-2026-06-12/ca/clips/common_voice_ca_38095442.mp3
30f6a9704c99493898ff346ecd7e689f1187e0f98a450384fad5c883e20d059584a1b3af8239cd9716f55f925ba3a235bc173ddb1bdc6ae7c77f8cd2d71bd8ce,common_voice_ca_41103640.mp3,c33c7e759e0c5c0e11a096fc55b65e9e9052277c7f2dd9732482489549d5bf18,Qui els va atorgar aquest nom?,,2,0,,,central,Central,ca,,central,common_voice_26_ca,train.tsv,cv-corpus-26.0-2026-06-12/ca/clips/common_voice_ca_41103640.mp3
