client_id,path,sentence_id,sentence,sentence_domain,up_votes,down_votes,age,gender,accents,variant,locale,segment,label,source_dataset,source_file,archive_member
58fbbd6f783c9a459ac90a5859b7aeb0519adc1f378752ea4f084b129446a19ec7f454e560eb4c10dce227a0ccd4e18256378b45cf0c9f0e6dc0c8ea8f10acf3,common_voice_ca_23382438.mp3,9f90c7b839dc95cc0bd3036840a8e0c0bc87e92e16ca89c45825765eff1f8413,També es disposa d'un centre de recerca amb biblioteca i hemeroteca.,,3,0,twenties,male_masculine,valencià,,ca,,valencian,common_voice_26_ca,train.tsv,cv-corpus-26.0-2026-06-12/ca/clips/common_voice_ca_23382438.mp3
6f2a457c01530406c595c0ea948c1f137aeaf185653fb6204efd098a107a46ea772f763c59b7f8113640ba53e8cbcba5f90c52720697aad0ebdd81772ab7a0dd,common_voice_ca_30817920.mp3,8cbcd223863022d4a5e30d7c5ddbed84f87752921e3eeeeb7744f5c710bf5b98,"Demano disculpes, digué lentament.",,2,0,,,,Nord-Occidental,ca,,northwestern,common_voice_26_ca,train.tsv,cv-corpus-26.0-2026-06-12/ca/clips/common_voice_ca_30817920.mp3
8d0085a66d64058fd3c49768bf6703bcd43abe57c1fc40539c08dc790714319b63a6c413a5b92655d6785231e18a3b93b7e831ca098f8554d9c106b571e7e3ed,common_voice_ca_38893697.mp3,c65baf961c82fd20b53d455895f6f2a7b26b41a7718c35c5885bffbc431edc53,Dimarts en Nil i na Greta aniran a Senterada.,,2,0,sixties,male_masculine,,Balear,ca,,balearic,common_voice_26_ca,train.tsv,cv-corpus-26.0-2026-06-12/ca/clips/common_voice_ca_38893697.mp3
2b7f00bec847a8eaf6799ce7852ccae8c23d55cfe4db8ab4629d4e55358c111fd5ad3e608f290f21782009adec78485dbc8ba9699d5c39385869d792f593e4ff,common_voice_ca_33759253.mp3,2edb00c471deb49834a93788cdfc1a4a3009b26e845962594c227db374218c46,Però adverteix que ‘la calma és enganyosa’.,,4,0,,,central,Central,ca,,central,common_voice_26_ca,train.tsv,cv-corpus-26.0-2026-06-12/ca/clips/common_voice_ca_33759253.mp3
0afdf4a945307d594bb2ad530b571704937b23d28f413cf189fe1dc64372e0c8fae89254a9c7a7bfda6c75f412c8f506dab11301c4bd179165b9aae460bb5046,common_voice_ca_32111797.mp3,7092d4b08e3beac48ca9fcfb86c13e7b4400fa09ab7529fef1bb7398f8d53a33,Demà passat en Jofre anirà a la platja.,,3,0,fifties,male_masculine,,Balear,ca,,balearic,common_voice_26_ca,train.tsv,cv-corpus-26.0-2026-06-12/ca/clips/common_voice_ca_32111797.mp3
bc69fd0205ea95e14c0a2752aa3fa5047042741c612c426fb830693b31d68179ffb9d3870efd5092b8a43a451912eb9b3dd6ebcb0320d5affcd4e99642704257,common_voice_ca_37817548.mp3,82f5a9f2a9ac9c79ce7fe25499998d3bb0bba7a83352531b8c74688275b983a8,Acoblament i cohesió són termes que ocorren junts molt freqüentment.,,2,0,,,,Balear,ca,,balearic,common_voice_26_ca,train.tsv,cv-corpus-26.0-2026-06-12/ca/clips/common_voice_ca_37817548.mp3
adfc36159adf953cc5b31b1cbc1601d93ffa05ba1825b3d67a481db5100c9a401783b34ae5338b41ce2b57944d720876a16db8faebca850d95408b79eaed3d9b,common_voice_ca_36957348.mp3,63ed39782c717356f5e9759fb9298223164636846194734f5310b02d7e26d9ec,"Al davant, grups antifeixistes s’hi van concentrar per mostrar-hi el rebuig.",,2,0,,,,Nord-Occidental,ca,,northwestern,common_voice_26_ca,train.tsv,cv-corpus-26.0-2026-06-12/ca/clips/common_voice_ca_36957348.mp3
a6051fd230a2e09f163c8c3a57967e239caaadfb88ba63ea5b74639db75f398553e2f81a1d9fa2a1aea1157bc435c1d81cb1a9343e711e6fcce668d5f89954e3,common_voice_ca_38040184.mp3,94f818c227c0fa385ccb0b6e1e7b9fe8643483e768afa1b791c9bb703b1d5b4e,El vint-i-nou de febrer n'Eulàlia anirà a Palau-solità i Plegamans.,,2,0,,,,Balear,ca,,balearic,common_voice_26_ca,train.tsv,cv-corpus-26.0-2026-06-12/ca/clips/common_voice_ca_38040184.mp3
c0f253613a9e4ee63818a9cd4aa7a7f4e91526b887640ad26dd23d57311e7b26545b72dc8de3ed1fb41bf7cdd9fcc4d0c60c16890bca334891a915cc34d25c1f,common_voice_ca_38131715.mp3,9a925cfa3caa69f1ccbe9061c3d0d9b4b81cfba7837e7c84c6fc5ae0182ec389,Estança en la qual es juga a futbol.,,2,0,,,,Nord-Occidental,ca,,northwestern,common_voice_26_ca,train.tsv,cv-corpus-26.0-2026-06-12/ca/clips/common_voice_ca_38131715.mp3
444f0f5422d6d8df65a071c2737181a0110368ac69baff0b6e879d5b24c6893399d79e81817299d2ab941cc5c6fa0ce0b39852ddf355f8c3546adf054a739c97,common_voice_ca_35128751.mp3,432189495760664ed2807c6b22bdaf6178390c5c69d85e479c62d3f0b9935f01,"Li ha dit que sí, ço que li ha plagut molt.",,2,0,,,,Septentrional,ca,,northern,common_voice_26_ca,train.tsv,cv-corpus-26.0-2026-06-12/ca/clips/common_voice_ca_35128751.mp3
44c3d306c2a4113da6c7efe9dcfb76d1c2bfd8cbf5d54d7d83df4f4dc803e67c9704f7d54a570a57c79b07b75ba276dfa3d8480544e70fb683d61a9591fe1e15,common_voice_ca_38095444.mp3,989def3dcc7324881ab32e04f6754a884e04c132bf651c27474bbeadd7f380cc,"És una preciosa i històrica població d'aspecte medieval, a la vora del riu Leie.",,4,0,,,balear|mallorquí,Balear,ca,,balearic,common_voice_26_ca,train.tsv,cv-corpus-26.0-2026-06-12/ca/clips/common_voice_ca_38095444.mp3
a8b8319bdccca67edac317b794b5c906110d6230f97f3c89228979d366aa4fe0325ea8041adfc9392c14c46675e0ef7d9af4115ac60f5de1462cd992db9a4d95,common_voice_ca_38375656.mp3,adb157d8192f87a4876f1714dbec3c4b937240168ae0f264dd3f5a9b27e81426,Un home calb menjant un àpat,,2,0,,,,Septentrional,ca,,northern,common_voice_26_ca,train.tsv,cv-corpus-26.0-2026-06-12/ca/clips/common_voice_ca_38375656.mp3
2f5536ba6dc7d8e76ec8a5246235aed684faac48f165350b5a44652704514d7aedca474fbba37786bd502025a29c98c100b326711bf109af66b555c3a916e020,common_voice_ca_36855489.mp3,5df7dd0fb4b82a2b39f9907ce267fcd1b8cef9d48d1bb15da30d76fb3f6469cd,"Mai abans els monjos de Montalegre no ho havien permès, això.",,2,0,fifties,female_feminine,,Central,ca,,central,common_voice_26_ca,train.tsv,cv-corpus-26.0-2026-06-12/ca/clips/common_voice_ca_36855489.mp3
554c32262a3e3f235aec9f0ac4b6b435f7684abfddded03b67acee1b3eee5b1a82f5c109fc794b974042c8807280a1dd5f2beff5082bfa55d7af845a3b7b768f,common_voice_ca_22796017.mp3,9697b386523226358b5f71205923586afa6b5e272ba753fa503267070ad6a647,"Però l'emperador Tiberi, probable instigador final de la mort de Germànic, el va perdonar.",,3,0,twenties,male_masculine,,Nord-Occidental,ca,,northwestern,common_voice_26_ca,train.tsv,cv-corpus-26.0-2026-06-12/ca/clips/common_voice_ca_22796017.mp3
b63c689e0edc5a7e8142717836bbb5f080ed397233f6d5ca5b4a0dbdb2f413370ce5cf1adb82c11d64781131945a6cd00c0ec95f8281cac28b140b9761452e01,common_voice_ca_31043088.mp3,dd7ee1522c4ca5a6274369a44cf36cddee0a2efefb95d74506d19e9280319859,"Va estudiar gestió científica, però era escèptic i va desenvolupar les seves pròpies teories.",,2,0,fifties,male_masculine,,Nord-Occidental,ca,,northwestern,common_voice_26_ca,train.tsv,cv-corpus-26.0-2026-06-12/ca/clips/common_voice_ca_31043088.mp3
9f1afd79e6aecbb20b862331a21b66e410f9a340405059ce47663e9da68b4463cf2de7b9fc3af6909c1ab800b9a0b883ec1877f557c64e753101f3a1497644bc,common_voice_ca_30818012.mp3,8ce8f7d364aa2d67d326c24ffa87f620faf185df65ee2c678d1da16f569c1980,Hi ha hagut diversos exemples d'opcions de presentació televisiva menys populars entre els espectadors.,,3,0,,,,Septentrional,ca,,northern,common_voice_26_ca,train.tsv,cv-corpus-26.0-2026-06-12/ca/clips/common_voice_ca_30818012.mp3
de9065b5567e882af96d04a4e36fc779321a6cc297356fa4c91c031432b8b9810883508ddc5b234eaa7a7ec5bdff9627bc7511ad67ef2a0c7d97fc3d1c481b78,common_voice_ca_36932057.mp3,628968411bac8a2a4726674e92634022e57a33b353bae11aca13a81e607122e9,El deu d'agost en Lleó vol anar a Lliçà d'Amunt.,,2,0,,,,Septentrional,ca,,northern,common_voice_26_ca,train.tsv,cv-corpus-26.0-2026-06-12/ca/clips/common_voice_ca_36932057.mp3
f61662279e4cf91f2f4df22de9a3e6ec3f732a1341e584651fa5c5a344198df12bf4ed5573667edeaf1c6c7eb6570ccfe476482fe28005b1648196fe1a4c63d1,common_voice_ca_37589448.mp3,212898c7c72be29b6a287bcb82b97834a6c870c5757313a3f24f6cf050c5abc3,"D'altra banda, es rebrà una resposta de l'òrgan tècnic.",,2,0,,,valencià,,ca,,valencian,common_voice_26_ca,train.tsv,cv-corpus-26.0-2026-06-12/ca/clips/common_voice_ca_37589448.mp3
107839c0a57701a2cb8b87344d30ac8f93828c76afde5d281264928a93715f923e4ec713b727979c85c6f6f4024eff43a326b31723e343c6cb5ce2055b8351b5,common_voice_ca_32280427.mp3,b84c79ff5f09a31b0e0502acee4cb8d3860cf6e6538addd425493cdcab63470f,Dijous en Marcel i na Fiona aniran d'excursió.,,2,0,fourties,female_feminine,,Septentrional,ca,,northern,common_voice_26_ca,train.tsv,cv-corpus-26.0-2026-06-12/ca/clips/common_voice_ca_32280427.mp3
b0b31bce6e0543b2e569a1438423f5788d0256e84398aa24d500163918cd1af6765f359c5d9707a6ce5a1d99e69194a7e1e471a05bf34ad14bc5c7f0da951a98,common_voice_ca_30923610.mp3,b31fc39ea587eab941f7cfdc0dab843fbc107946da28c4c9631ba337fea86c6b,"El meu número es el sis, vuitanta-dos, vint-i-set, catorze, seixanta-quatre.",,6,0,fourties,male_masculine,occidental,,ca,,northwestern,common_voice_26_ca,train.tsv,cv-corpus-26.0-2026-06-12/ca/clips/common_voice_ca_30923610.mp3
44c7b3c188d5e8f191c3bb7d51b9302a5ade5a56a1fcf60e92b2fa6c90b046ce674066efe10d3e97a6211b9785d8d5e83e0de5a48336ad6d33a03dc9b64ac2b2,common_voice_ca_38059005.mp3,9668b130898a243b70035d1d24bfc91d04cdef59d9c12676a495d57b2dc86c53,La comunicació s'ha de realitzar abans de la data de la difusió del suport.,,2,0,,,nord-occidental,Nord-Occidental,ca,,northwestern,common_voice_26_ca,train.tsv,cv-corpus-26.0-2026-06-12/ca/clips/common_voice_ca_38059005.mp3
eece1668876f4f2aacca3a18b1e76b4ed4255adfe39495d96636455bca6a4db83073e329181f20c89b0bed9164a241e6597b04346cf5f2bf418a24d6a23d2ef5,common_voice_ca_33566365.mp3,2c5ed203cd0afe40a7a1e9bff0d4b244a4449595c5e452888abdf460f28ea73e,"Si les dades no indiquessin el contrari, us quedaria un bonic relat apocalíptic.",,2,0,,,,Balear,ca,,balearic,common_voice_26_ca,train.tsv,cv-corpus-26.0-2026-06-12/ca/clips/common_voice_ca_33566365.mp3
056223cbc144f14287eedeed46891f64566aead7761b8b139043adcf199ddf85b3f5a7a9c27d3ec818fc2554832bb2c9b298d1b2df54d6ff1733251487295b82,common_voice_ca_37491422.mp3,5971dfd7e8edcb9fea9eddf2e0195c823b648e4b595d11b6b938016deff5752c,"Mentre Roma consulta, es perd Morvedre.",,2,0,fifties,female_feminine,,Septentrional,ca,,northern,common_voice_26_ca,train.tsv,cv-corpus-26.0-2026-06-12/ca/clips/common_voice_ca_37491422.mp3
69c2af9c5c4e925b32506edc6b7a9e1369ffa57c18169120ecb67c6a832d0f3562aa26e322a3333c5210006768051688a47f27e78986c32cd6d5104bee2ca6a8,common_voice_ca_20822864.mp3,38b7638b543b9130bfce91974ee539e202d095aabd479ad19bccfb5059dce889,"Algunes eines bàsiques del ferrer són el mall, el martell, la manxa i l'enclusa.",,2,0,thirties,female_feminine,,Central,ca,,central,common_voice_26_ca,train.tsv,cv-corpus-26.0-2026-06-12/ca/clips/common_voice_ca_20822864.mp3
4c907ac8ef063bb681d6787d2ec0511a7ed131ccecb62396725944889d00d9553bd7964b399f51360bebec005cbae92f3037fa191641654e1f491bb98a559166,common_voice_ca_33448116.mp3,ffbe47453d7b12680f02d4c6830b1dee8b4c828c922611342de0ec1f83d9ac5b,"Primer s’han dirigit al panòptic i, després, han sortit al pati interior.",,2,0,twenties,male_masculine,,Central,ca,,central,common_voice_26_ca,train.tsv,cv-corpus-26.0-2026-06-12/ca/clips/common_voice_ca_33448116.mp3
8c21f22afee554814805c114ae8f98539a1ca14b581abbcd3bc1fffbb2f60c28b8c7eb15843a91a8b2240c4242c0715decc01805f89b25c0b6525f0c5e6c320a,common_voice_ca_30876405.mp3,a1518f111002e4ae5cbfc0436f1c7de5cd9ce517a3bea637cba3ea400c5b0941,"Hola, bon vespre.",,3,0,,,,Septentrional,ca,,northern,common_voice_26_ca,train.tsv,cv-corpus-26.0-2026-06-12/ca/clips/common_voice_ca_30876405.mp3
68eb1f2c559fced575a78518ab0b267a60f1877dbe6d27410d56a1d8b178f1d16e428e59044ccc5aec49404a487c82ff27d848a06453ebdb52b24222513ba302,common_voice_ca_21386009.mp3,5220a032eb118cde19739dfd6580c02b0d8926c575298252aa488875f0ffd9f1,"En fer-ho, les organitzacions són capaços d'identificar els problemes d'una forma més entenedora.",,3,0,fourties,male_masculine,,Balear,ca,,balearic,common_voice_26_ca,train.tsv,cv-corpus-26.0-2026-06-12/ca/clips/common_voice_ca_21386009.mp3
81e09bc7f9dd35013e81277f76bb89aee439b064ef6643904da6120aa3399002056363fd6472adf5cb4c6aaba56d7a54b39a9f10f19bfce853aa77570a2b6348,common_voice_ca_37924564.mp3,8ca91176769af04f228166ff61544ea93dfba223aa38e64bb0bdba1bb5bc7ab8,"Feien voravies, llambordes i lloses de pedra vermella a mà.",,2,0,,,valencià,,ca,,valencian,common_voice_26_ca,train.tsv,cv-corpus-26.0-2026-06-12/ca/clips/common_voice_ca_37924564.mp3
8f78b4eaeb9dd44b6459e50a615ad298d58b8b059192a3d84a6ab9f3ee31995fc5f2d9a5cc53f04ec3367fd662bc566bde33cc614cf65f9a71acafdade0e3d3a,common_voice_ca_20500115.mp3,2e6bccbf12acfeec1db3971d4391acc82e409d37dfb33a0888bc1d15102ee5e4,"Normalment estava oberta per dalt, per on sortien els cabells pels costats.",,2,0,thirties,female_feminine,,Central,ca,,central,common_voice_26_ca,train.tsv,cv-corpus-26.0-2026-06-12/ca/clips/common_voice_ca_20500115.mp3
f30766821d1b495bb6f9c9ca5a802bcaffb4ab03beb9a7ae6cb9d1554d97bff529ccff7f549559b21c46fde9ffd8dd0cd64344e99882aee09f19dc77f1d2975c,common_voice_ca_37637215.mp3,78fe8a1fb1a39fdd4a4d418f90ff650c0c5b1780107de1b1f9e1a8eda6fa9103,Per Cap d'Any en Guiu irà a la Granja de la Costera.,,2,0,,,,Central,ca,,central,common_voice_26_ca,train.tsv,cv-corpus-26.0-2026-06-12/ca/clips/common_voice_ca_37637215.mp3
6e3a1eee9a9a1bb77df022a5c8371e2284082b4d7c8e3712843fd217fee7bb980f6bc944830b8853056c76b40982371c00e8cb7dee1bccc0973b461c4ccb7ec1,common_voice_ca_37636919.mp3,791d95f290202c842b8e58d1a576e80fe8e44d6280861f970468a723a0ec1398,El títol presenta un protagonista a qui Norman Reedus representa i posa veu.,,2,0,,,,Septentrional,ca,,northern,common_voice_26_ca,train.tsv,cv-corpus-26.0-2026-06-12/ca/clips/common_voice_ca_37636919.mp3
b5267f30905da68d805996a53384b578c0388b6a2b8e79c2af3002722be9db8a9f1206e6a3506af257f17e8d363ba056e1542819c481adca98ce8fb915038f06,common_voice_ca_30859455.mp3,9aaf5008b4393f6bbe3eb6b4fd804f0d5185e642967d20ba0b51f18893ae942b,"Aquesta força va ser comandada pel segon al comandament de Mari, Claudi Marcel.",,3,0,,,,Central,ca,,central,common_voice_26_ca,train.tsv,cv-corpus-26.0-2026-06-12/ca/clips/common_voice_ca_30859455.mp3
6aa4de7ba9678657778e958db48f5291f32dc78b375330325a4cd5f7bac22d900ddb6265bf77c41e934fcc801ad6adf30310c0709f3a3002fb6278020cbe474b,common_voice_ca_33746381.mp3,2ec37106716a4baca81af867a8a40edb06556577d515e3f60ea71c6ee964feec,"La capital era Tetuan, capital també del protectorat.",,4,0,,,valencià,,ca,,valencian,common_voice_26_ca,train.tsv,cv-corpus-26.0-2026-06-12/ca/clips/common_voice_ca_33746381.mp3
e3764c738c1c1fa6c063aecd70e041588a2a0762fb4be037f7fd5bac92482ed7ccc166f166ae166637df0ec05244c00c8fba7e726872247adb9b8f2c85cc5aff,common_voice_ca_32131254.mp3,7f0ee18005950d0360b59c46b3cfea14d07399373d62a02aeb8061012500e0ca,El vint-i-nou de febrer en Marc i en Quel volen anar al cinema.,,2,0,thirties,male_masculine,,Balear,ca,,balearic,common_voice_26_ca,train.tsv,cv-corpus-26.0-2026-06-12/ca/clips/common_voice_ca_32131254.mp3
b9a89ca103420d9f17176feb70ffc68cbc5356c57151f98738c35d7a412ffda3813c9396cf450a7b9fdb4bde5d23b0a661d5e7c066b6ca4b4003edb455fae04f,common_voice_ca_32590249.mp3,1d1e48ec093fd42fb1014f48aaec8a5f6a39dea021d4c919e5c629c0abd52413,El deu d'agost na Martina irà a Castellbell i el Vilar.,,2,0,,,,Nord-Occidental,ca,,northwestern,common_voice_26_ca,train.tsv,cv-corpus-26.0-2026-06-12/ca/clips/common_voice_ca_32590249.mp3
0b436ee8ed7ec3f70b0ba472845a08a34e59a75fad556ab39cc54a2a1738b7cbef3eec316463d70b928597696d9c93eb9d05e03f127552800d5989e7b582a2be,common_voice_ca_17522821.mp3,9a8c1b3f35b144e24a557f62e195aad746e2b09f7307d6a3676536c9b11d743b,Nombre de persones formades i serveis i organismes als quals pertanyen.,,3,0,fourties,female_feminine,,Central,ca,,central,common_voice_26_ca,train.tsv,cv-corpus-26.0-2026-06-12/ca/clips/common_voice_ca_17522821.mp3
f3635abb815fff35d1f0a6e5a6b46bfca9548696ffe2820d5aab9749a8ba84b3081e0add973be1252517ddd7e180698c6a53166ad9c501ce37c1b4378ed6245c,common_voice_ca_38059061.mp3,9631706cfcd97616e87d577aeb12acb944838acb100be8e1b8a9a9f366cd59b4,No s'han trobat proves de relacions amb altres famílies de la zona.,,2,0,,,nord-occidental,Nord-Occidental,ca,,northwestern,common_voice_26_ca,train.tsv,cv-corpus-26.0-2026-06-12/ca/clips/common_voice_ca_38059061.mp3
c0f253613a9e4ee63818a9cd4aa7a7f4e91526b887640ad26dd23d57311e7b26545b72dc8de3ed1fb41bf7cdd9fcc4d0c60c16890bca334891a915cc34d25c1f,common_voice_ca_38080894.mp3,97e6f3f1ea2d3fde42f89258674539f42307783b7e58eadb5e684e71c0cf3219,Es va debatre molt àmpliament l'existència de l'èrbia.,,3,0,,,,Nord-Occidental,ca,,northwestern,common_voice_26_ca,train.tsv,cv-corpus-26.0-2026-06-12/ca/clips/common_voice_ca_38080894.mp3
a9d13612a619ba94b2e0e3d7804b7d2e482db94e2a03949b6e0f9955d386ee0519f77296f7496a107eac39b0a6b56718cdb127a43384241a5ef932fd04619247,common_voice_ca_19237599.mp3,6499ca88d2f41bc6da1110943c1af84203fe0ebcf6dfc0b8661938659ed2bb0a,"Peix de calada, peix de tallada.",,3,0,fifties,female_feminine,,Central,ca,,central,common_voice_26_ca,train.tsv,cv-corpus-26.0-2026-06-12/ca/clips/common_voice_ca_19237599.mp3
6c622505d7f68249563c8f5e3c0987651cc0ac31d0c37dae05e89fbcfc729d2953fd6169fb15dbe9e51954270b86af71ae5a8772ef4cecb9c70958c75d4c1dbe,common_voice_ca_37883387.mp3,8917e2c8049cb717f2e2c895dee5398c5a113485fcbd00d84acfead44a9551bc,"L'interior es troba actualment totalment restaurat, amb acabats estucats i pintats de blanc.",,2,0,,,,Septentrional,ca,,northern,common_voice_26_ca,train.tsv,cv-corpus-26.0-2026-06-12/ca/clips/common_voice_ca_37883387.mp3
0336780475a5c299071b7ee8249d4d4f348cfd9cf41651af74abde09d3b98a702ef33c7b0f7aa6e7ccb3bb0f198c604cd5dfdcb5bdf01bbbe5bad0b699b434ff,common_voice_ca_30846851.mp3,96d1bffe06fc4785bf6db9c8679be71a68adcc0bc1acefbde942db87188ea642,"B. S. Haldane, George Orwell i Cyril Connolly.",,2,0,,,,Septentrional,ca,,northern,common_voice_26_ca,train.tsv,cv-corpus-26.0-2026-06-12/ca/clips/common_voice_ca_30846851.mp3
ac65c7953270b4e8ab5356dbb3620504b2ecbdaf7c6153581995dd41e3b4d1fccc5bd345c6ff10c85fe793c4b1e39f9cc72106aa910dd7c62088bf0675f06732,common_voice_ca_38625854.mp3,bc4ed538e00ccbb3f49384ebc555775e71ac96c2a2318c1763534a2da9040acb,"Junt amb Napster, va formar part de la primera ona de programari d'igual a igual.",,6,0,thirties,male_masculine,central|valencià,Valencià meridional,ca,,valencian,common_voice_26_ca,train.tsv,cv-corpus-26.0-2026-06-12/ca/clips/common_voice_ca_38625854.mp3
e872f5a39f4b84ca6cff1a2dce04ad602d3e81555998acdc482540ce21c855eb8f2a1d2c0b9c0bc95b73969a7114917b9f811353606d1da6923e710960a8aa30,common_voice_ca_31046951.mp3,dec4aa0d10b6ccf1ec862c32f304c61406361855baad77e414b37468626d4694,"El meu fill es diu Lian: ela, i, a, ena.",,2,0,,,,Central,ca,,central,common_voice_26_ca,train.tsv,cv-corpus-26.0-2026-06-12/ca/clips/common_voice_ca_31046951.mp3
a04e4ab6908a4e63428a7eebb1c593d6e214e2a966ee6b2f4fb85bfc9a88d70093251b376aca694f9c557fbf695accd709a869439cf774389ea85e2ae0a35aee,common_voice_ca_32150432.mp3,89992b4121e0043f1e3b1be41d66f3848fab04fea3e7e0bd9ee9f4236b903848,Comença la nova cursa ciclista de matines.,,3,0,twenties,male_masculine,,Central,ca,,central,common_voice_26_ca,train.tsv,cv-corpus-26.0-2026-06-12/ca/clips/common_voice_ca_32150432.mp3
b61fad17a5c0f6d01ba3d63a125d545265372b9d4a53e5dafec55f60691c40f8aa35bfb64cfaba5dceb822efb9116b8fb30016baee1d389a8070f55c062cfe11,common_voice_ca_22970579.mp3,9ad2b29bb80502fccd1702121840aa2946747c072c9ce87fdd65d8829fe06b37,"La cumarina es transforma, per l'acció de diversos fongs, en dicumarol que és un anticoagulant.",,2,0,fifties,male_masculine,valencià,,ca,,valencian,common_voice_26_ca,train.tsv,cv-corpus-26.0-2026-06-12/ca/clips/common_voice_ca_22970579.mp3
b71989a7c887e2872082ff8207b77f0fe176eca771534a27229c3b3aee08b8b36746638f984938c98f1ab232b978602f451c1a960f634a833073708a6a33f476,common_voice_ca_20505857.mp3,2fa3cee095e08d37384ae4f49759b8ea66d59fe16d50e26d254e7a6bcfb82f0f,Posteriorment fou nomenat capità general de Castella la Nova i després de les Illes Balears.,,6,0,thirties,male_masculine,central|valencià,Valencià meridional,ca,,valencian,common_voice_26_ca,train.tsv,cv-corpus-26.0-2026-06-12/ca/clips/common_voice_ca_20505857.mp3
c18ab362acd0badd389cda7826ee8bc10a85330920a1a3e46cda23d1340f726c1a5b149c07cc29b472117062692d14e54610c25759059cad6c7fa617f0d942d5,common_voice_ca_37545632.mp3,bc8324df68dc14fa306ff6c736b8d40297fdbcb654ca72ba35d1d4053adefde0,Abans de Sant Bernat no cullis el melonar.,,2,0,,,,Nord-Occidental,ca,,northwestern,common_voice_26_ca,train.tsv,cv-corpus-26.0-2026-06-12/ca/clips/common_voice_ca_37545632.mp3
7a652127591f6d6ce5e58d95ea09a8ea5886f562e1d79e1756574cbc527f6d6813d21f9cd67038d6cfd7bd6683f7115419e46546ba154cabf309f6baf9800a43,common_voice_ca_31497856.mp3,243e27afabd5ba62ed0660d87863136205c836e3537203bb42b82a8a62bd8bc5,Es tracta de dispositius que absorbeixen la calor d’un punt calent.,,5,0,,,,Central,ca,,central,common_voice_26_ca,train.tsv,cv-corpus-26.0-2026-06-12/ca/clips/common_voice_ca_31497856.mp3
acc7d8b4ac6aa3eb4374fa93b8039e9309d8a4276999a944a23a6fc93ef974b2852288f5a4c9e2736cc5b983916f93e974391a4223cdbd86717d707409e03a80,common_voice_ca_17507407.mp3,bee4a10a467c3bff3bb7cd7a4da1fc4d154e7b19a73b242e57deb0d4a058b9da,Poc dura la felicitat en casa del pobre.,,3,0,fourties,female_feminine,,Central,ca,,central,common_voice_26_ca,train.tsv,cv-corpus-26.0-2026-06-12/ca/clips/common_voice_ca_17507407.mp3
3aa4468cd1ad041bbfcd0622a4f34206d8b993ce6a72bd5d0d35b40bbccf057d5f48544db7ea1fc3a7ec886f3373a819a053c8a87251f2c059d5c3ca8effa7bd,common_voice_ca_27559871.mp3,45d10914eb51733a11a42b509622ae19ea51d33465206714d5fdfff423446c9c,Aquesta associació és responsable d'una part considerable dels ingressos de Monster.,,3,0,twenties,female_feminine,valencià,,ca,,valencian,common_voice_26_ca,train.tsv,cv-corpus-26.0-2026-06-12/ca/clips/common_voice_ca_27559871.mp3
25fd6b4ee846c6175a4b9aca430ea9c027648c5208c19e58af6219626b6e73418c62cb5ad9fb418620b0ee37b5c9cfb8219a8273cacbebb46009165848567757,common_voice_ca_31421818.mp3,18aa79410b8c56d98cde4a8f52cbf25f2032b484692ff36721d641e0d9d2ecdd,"Xerren i xerren, però sempre deixen les qüestions fonamentals enlaire.",,2,0,,,,Central,ca,,central,common_voice_26_ca,train.tsv,cv-corpus-26.0-2026-06-12/ca/clips/common_voice_ca_31421818.mp3
7a652127591f6d6ce5e58d95ea09a8ea5886f562e1d79e1756574cbc527f6d6813d21f9cd67038d6cfd7bd6683f7115419e46546ba154cabf309f6baf9800a43,common_voice_ca_32125142.mp3,7ac1832264f43b6a3781fddfc60f682f5de7ecd37602475702055b88eba0b670,Dilluns en Drac va a la Granada.,,3,0,,,,Central,ca,,central,common_voice_26_ca,train.tsv,cv-corpus-26.0-2026-06-12/ca/clips/common_voice_ca_32125142.mp3
60f7955fc2f4217f6713848d6f6490013f6a85c9b0615a47b99d538ae111c310e5970c1b1ce18fd40a230fe0452f0a462576659df246435d856cc4d1df500d4c,common_voice_ca_38173335.mp3,9e157f5fcaf34f0189425c4fa998b11b386f4574312dab236a77a9c43aa05e13,"Amb freqüència, en parlar de leucèmia, es fa servir ""blast"" com a abreviació per a ""limfoblast"".",,2,0,,,Lleidatà,,ca,,northwestern,common_voice_26_ca,train.tsv,cv-corpus-26.0-2026-06-12/ca/clips/common_voice_ca_38173335.mp3
7242fa8b72a095444836cdc86ba71dae2c5905028b81a753ca46a42622649a0dcd6fa29c50a2033ca4a38b868820cd810bc02ecc161bab33d89cbab5a9ef09c8,common_voice_ca_17630330.mp3,f33b9fe6f936653799cd35076f2b4eb4301d52f89611352475d5fbd87e246f2e,Es van mirar.,,3,0,fifties,male_masculine,,Central,ca,,central,common_voice_26_ca,train.tsv,cv-corpus-26.0-2026-06-12/ca/clips/common_voice_ca_17630330.mp3
207a9a9c475397b80eb13e02c6d366de9ac8710330cc4ccb5109d74e0a09320d0ac66c081692a7055afa7b508ab80527c5f16ffa3bd15aca4115c02cc64f76f1,common_voice_ca_17499158.mp3,fa7a78c4b92f316953e36857ecc556d40dd0e95a1fbe1bc5a8f0c1d457c0f8be,Participants aturats que completin la intervenció subvencionada per la Iniciativa d'Ocupació Juvenil.,,3,0,sixties,female_feminine,,Central,ca,,central,common_voice_26_ca,train.tsv,cv-corpus-26.0-2026-06-12/ca/clips/common_voice_ca_17499158.mp3
eb6387e8db6ff606efa8ac803e1a0dc6f4e21160f5498f71bf11758d7938e9dbcc4be485be5b5b9159b79bd563d18f2e2fa0838f80980993279616a52abb525b,common_voice_ca_38748327.mp3,c16a139bc0217facb0dd656f0e59a146056653dd438a9f265de477a14a8ab4b4,També és lipofílic.,,4,0,thirties,female_feminine,castellonenc,Valencià septentrional,ca,,valencian,common_voice_26_ca,train.tsv,cv-corpus-26.0-2026-06-12/ca/clips/common_voice_ca_38748327.mp3
96511fbab2b035b92189c762437480fd2ef049762f7a5eb56c7bf2b682ccc84ce1df1c75ea3613474a08c034a6b84d525f6eceb4eb839858c622f685037abcfa,common_voice_ca_40369002.mp3,e464822d776b21f61fe6113edee36d6b80e8c5866583a025a1e36230f3cd0bcc,El deu d'agost en Drac i en David aniran a Altura.,,2,0,fifties,male_masculine,valencià,Valencià central,ca,,valencian,common_voice_26_ca,train.tsv,cv-corpus-26.0-2026-06-12/ca/clips/common_voice_ca_40369002.mp3
5e19fb22705cc43f5bec307c7c85ebe5e436379074f119e2ca86c6718949cbb53beefcfc70bb350675c40155c0b5673d4d68966330c9516029e96d5b77d78e3c,common_voice_ca_33834979.mp3,306ce1bfd7f77e4d79b28ab1628eed1568b6ba209b5a2f8a532aa56f2e6b90c2,Washington suggereix a la reunió que l'Estat hauria de considerar deixar d'importar productes britànics.,,3,0,twenties,female_feminine,,Balear,ca,,balearic,common_voice_26_ca,train.tsv,cv-corpus-26.0-2026-06-12/ca/clips/common_voice_ca_33834979.mp3
c27ba1da6c1b3fde13c18a77cf0854549633fe18cfeb15ca2ea0d084c57eddfbb941e0b449e04a88a66dc51f5651c43268382498492bc130aeb36f7754bfb323,common_voice_ca_35237395.mp3,45e2abee76654c0ed5afe43610e0b31daa7344b483af902bfa7ea0178e608643,El nom propi Úrsula deriva directament de l'ós.,,2,0,fourties,female_feminine,,Nord-Occidental,ca,,northwestern,common_voice_26_ca,train.tsv,cv-corpus-26.0-2026-06-12/ca/clips/common_voice_ca_35237395.mp3
7c45eb360f329fd20cea4e837dfa769ab653f1f33d2f3ea9967c903621b60b073d8b28da5b1ddf59d5655c3708139003f62e3b00f246cd7325098b84693012aa,common_voice_ca_19917615.mp3,16f60e57056d4d0d4b2930c3caca0a574d5a021169c14137bb5ace9d2849419a,Aquesta es divideix en tres parts.,,2,0,fourties,male_masculine,valencià,,ca,,valencian,common_voice_26_ca,train.tsv,cv-corpus-26.0-2026-06-12/ca/clips/common_voice_ca_19917615.mp3
ddf1db61a8a379c496af7bbc192be2eb6a8690c37028eb8714f3a5481ccec9f85069f4a06175e71c45a7cb530617d790c1b797555fd6a30018484f27ed991095,common_voice_ca_37767589.mp3,7faa6a36623e045ae00918aa87cc0f6e6a3a2889a9bd34805e61c40c5a028c0b,Les dues avançades japoneses decidiren unir-se als costats.,,2,0,,,,Septentrional,ca,,northern,common_voice_26_ca,train.tsv,cv-corpus-26.0-2026-06-12/ca/clips/common_voice_ca_37767589.mp3
518e58a4f0a5b66120d2443edfa57078192a07bde1fdf9b4d4c10247089d9acca79fff09bbff9ec3a7892261b34375eb71f33f5b9123a729afd0789f3de803e6,common_voice_ca_38844683.mp3,c492d8d6f525f8f36c0850e8597e26fb1b40b5c8fc4ca89a61cabef4a97c06f4,"Naturalment, la ciència anagramàtica no podia fallar.",,2,0,,,septentrional,Septentrional,ca,,northern,common_voice_26_ca,train.tsv,cv-corpus-26.0-2026-06-12/ca/clips/common_voice_ca_38844683.mp3
b790059bf179ec292c82de6ba2ffe28bade4c806a2b0e10548f5bfa366e187269b1717e932f6ec64ccc48d27016bfa17bbf824a75871e969df200a2511f0346a,common_voice_ca_32153310.mp3,8c3830778b5a403f2eb1b4650fc8e0b51bdf35aa3cb26bb438e9141f4496fd6a,Demà na Joana irà al teatre.,,2,0,sixties,male_masculine,,Nord-Occidental,ca,,northwestern,common_voice_26_ca,train.tsv,cv-corpus-26.0-2026-06-12/ca/clips/common_voice_ca_32153310.mp3
96c4d1dc872b9e5b1fc500686bbd73f6348b56ecca9fb7d942c11447ee468ee226fde504251282725d99a732f7d082aa45c43726ba68e31bbc85a881b0af48c1,common_voice_ca_30969689.mp3,c54b05df5b0973bb45aa029e3b7351746535207e2364eada741753821674242c,Els plans originals de Lawrence eren ser higienista dental.,,2,0,,,,Septentrional,ca,,northern,common_voice_26_ca,train.tsv,cv-corpus-26.0-2026-06-12/ca/clips/common_voice_ca_30969689.mp3
f545c3e8a223ddc10036a1016dfd224a3f1a6ec09fcb1c4d6c8b3e38f73f9b4dfcb5f19d2564ea0c56c52512c9d79d130459004e89156b5668acd1d48748ac01,common_voice_ca_37590670.mp3,2f92608877184f50d1a363f1d2c980f7fe73899f8c6499cd0c1bc2f26b4cf737,La volta del cel.,,2,0,,,valencià,,ca,,valencian,common_voice_26_ca,train.tsv,cv-corpus-26.0-2026-06-12/ca/clips/common_voice_ca_37590670.mp3
c9c0becfeb78738ae86adfc5d59f3a3d877b6989e1d84562fe73fd55d64784bbc9b2afce3f543c30dac188bf93cc970bd1c779eceb058ece03284c941242fa84,common_voice_ca_29646966.mp3,22df242e33b25abce7414df83e931e832afd64c135b528da41414a03574a0f70,"Afegeix a l'agenda el número de la Júlia Morel: sis, seixanta-quatre, vuitanta-quatre, setanta-sis, cinquanta-vuit.",,2,0,thirties,female_feminine,,Nord-Occidental,ca,,northwestern,common_voice_26_ca,train.tsv,cv-corpus-26.0-2026-06-12/ca/clips/common_voice_ca_29646966.mp3
94acceadbaee99eb2b95d98e5bcb9e86fd612bd337fb86fc65f06261d3906af9638e5b78058a8038b1d28f0d061bebc36dc9dee9772e03171140be32aabfd2bb,common_voice_ca_31121993.mp3,ee97e5660a349ff1aecbb1e43a6f44c29cb19716acf90d5926b8b1152b3195f2,La decisió del jurat va ser unànime.,,3,0,,,valencià,,ca,,valencian,common_voice_26_ca,train.tsv,cv-corpus-26.0-2026-06-12/ca/clips/common_voice_ca_31121993.mp3
951d083c878fa72c30104e5ab547dab19da24d6b1c9c41277976c789f5d6d4ad112f1b61391509eae78a1b65556a73d9f963d9f829ffed3446a045b62d0711df,common_voice_ca_21774903.mp3,65abc8a30ba45f1d0bcee5111f70663ea74968f53db3668589976a686f45876b,Tres autopistes interestatals de dos dígits serveixen a Cleveland directament.,,3,0,fifties,male_masculine,valencià,,ca,,valencian,common_voice_26_ca,train.tsv,cv-corpus-26.0-2026-06-12/ca/clips/common_voice_ca_21774903.mp3
e141f2d0761b2a1f02d36b7df0c0dadb223bc70429a9de281a7cfad663349920bf6db9a1a2387d5326130ee5d19fb6dcce3c898da86e4723343314c7ea6deb17,common_voice_ca_37911237.mp3,8b4e762ee826dd6d3ee66a5f5075145deef9eb22238aaf30a7f32819189ccede,Ja des del primer moment es va distingir com a compositor.,,2,0,,,valencià,,ca,,valencian,common_voice_26_ca,train.tsv,cv-corpus-26.0-2026-06-12/ca/clips/common_voice_ca_37911237.mp3
dd8068a400119e6797c71b945d381d7f4b68c0806e749c8a8df42764541332dd550b4883f688e6aa9f8dbdc0a2abe2845dc0c76163e3bcc3019b27a81e945c8a,common_voice_ca_17536212.mp3,20016d4d93f10a99f23ad3fff9746fbd7fe0c1bc1171b875b6d3be47aa5529c1,"Allà on els ciutadans i organitzacions civils vam poder participar, el català va reeixir amb normalitat.",,2,0,fourties,male_masculine,,Nord-Occidental,ca,,northwestern,common_voice_26_ca,train.tsv,cv-corpus-26.0-2026-06-12/ca/clips/common_voice_ca_17536212.mp3
a6ad74ea6260e8219c45e05c77e755fd37612c2f9de1ab7104fb87a28bf8044e432a88448ef0485800886a333e08ae07b5df37522cdc248ae34b4e77ff386d26,common_voice_ca_30495761.mp3,594b3f1db4a28f4e8e5ca8472201958254db9a25d129e5d702cd3a89eb65da11,Com puc anar al passeig de Verdun número noranta-vuit?,,4,0,,,valencià,,ca,,valencian,common_voice_26_ca,train.tsv,cv-corpus-26.0-2026-06-12/ca/clips/common_voice_ca_30495761.mp3
d2d1631ff3b480e01cd27192347281f604e1c28d5db57908ff184199c06e962ce90302a4fb6caa01cc89a9f180fd6e2ba0d5baba4cb0d9128ab22a52691aa1ba,common_voice_ca_33493484.mp3,1da56a1f3dee7619077dc12261dc5f3ed78dce8c86b4d387fc682639a55fcba0,"Fem moltes festes solidàries, i pengem llaços grocs, cosa que s’ha de fer.",,3,0,fifties,male_masculine,,Balear,ca,,balearic,common_voice_26_ca,train.tsv,cv-corpus-26.0-2026-06-12/ca/clips/common_voice_ca_33493484.mp3
b1cdf65f915e2c32cf4649f2a8420e97034eaa6180c1626efb966b8f3f38d0c656f1a7cc2b571571520fe1b7c6c7e62510f203ac38b60bbc3bc5045d11fabbd1,common_voice_ca_30917239.mp3,b06fb8e10b1192bf75e63c3bc4f54c3f51cd02e9e493ec9020023fa2f413e364,"En els últims anys, la cadena ha patit una caiguda dels beneficis.",,3,0,thirties,male_masculine,,Central,ca,,central,common_voice_26_ca,train.tsv,cv-corpus-26.0-2026-06-12/ca/clips/common_voice_ca_30917239.mp3
de44c31b2c3b8d65fa6f0e2d4d770bdf7557effd4905cf1057e2e4ff4ea8d762ee44dc776e8843e0af9fc3912044a5647578d07f7846620150b686bd7d3450f1,common_voice_ca_31120939.mp3,ee4a971dd61816643944781eeffb6319caf6e975e86a8d3b016367595823bd20,Com ho puc fer per anar al carrer de Sant Ferran?,,4,0,fifties,male_masculine,,Balear,ca,,balearic,common_voice_26_ca,train.tsv,cv-corpus-26.0-2026-06-12/ca/clips/common_voice_ca_31120939.mp3
e87c223c10948df883fde70612dd5775987eef220cc4e30441fea1c3746ee8af14cfc61bc399b7b21de42173d5f40309fb7337f9a7f4012573208636fd0ac379,common_voice_ca_38786704.mp3,c2a71d6246764668894ec026503f32dd61f2a7699f9e9de3be2f679d910e8e34,Tinc un impediment en la parla.,,2,0,,,valencià,Alacantí,ca,,valencian,common_voice_26_ca,train.tsv,cv-corpus-26.0-2026-06-12/ca/clips/common_voice_ca_38786704.mp3
adacb03db06fb0eb8def5bc9900fa93e0712379c5ba92ab4d0aab565ec71889de36f5c88b437ab43878ee67f01837b3f0cc6d488fcbc450d07b21c8bdc0aa8e2,common_voice_ca_33510241.mp3,261a6a4633f5a3041066ec0f0b268c1a14f93fd9415a9af3eb4bb96dec0c262e,La segona equipació serà de color blau cel i la tercera de color granat.,,3,0,,,,Balear,ca,,balearic,common_voice_26_ca,train.tsv,cv-corpus-26.0-2026-06-12/ca/clips/common_voice_ca_33510241.mp3
42943c490a897b062780ac1100d92ecaf320b7008f53ec470febf0487ad33c9882424e81550dff43edfff424a0562ec80f93cbb5d2e347eafe930985c56e31fd,common_voice_ca_38249673.mp3,a42dec861fed9baecb68af054e0d22a6a2e7a66206858fd5c6bceb40f60f56fa,És una qüestió de democràcia.,,2,0,,,balear,Balear,ca,,balearic,common_voice_26_ca,train.tsv,cv-corpus-26.0-2026-06-12/ca/clips/common_voice_ca_38249673.mp3
b536b3b9100f00b4d3d23dfb03c67b85a7795e8f3c37825a40e77b51af1c6259b35aad87c371c119da9034ccd717f3c6fdec3c11731cb9e69ea2360d9fd75a85,common_voice_ca_31448724.mp3,1c23ce23cb65cd4fde1e69c8b24637530fdc67c70ea7adac6cde2f89374860a3,També va compondre l'àlbum musical per al cantant Mujeeb Aalam.,,6,0,twenties,male_masculine,valencià,,ca,,valencian,common_voice_26_ca,train.tsv,cv-corpus-26.0-2026-06-12/ca/clips/common_voice_ca_31448724.mp3
2ffb1e454d4ef28bb1ae6afa6773fa3491612418c19c1666f5c5a2a728bcd95530f54148df529a5216433752552ba590eafdab96b74bb4e2ba907a791b6de220,common_voice_ca_31079317.mp3,e6b14f8205e55b034e1396fd7f38e9456c99aa1155d3cef65219ebc30e5ff5c9,Va anar a Almoines amb autobús.,,3,0,teens,female_feminine,,Central,ca,,central,common_voice_26_ca,train.tsv,cv-corpus-26.0-2026-06-12/ca/clips/common_voice_ca_31079317.mp3
50362a6ec44d908b28a697d600df5d9d254a9248f6ff69976d35c83f9970b0d6936e0c6f18aa94ee09d735a588eae87f19165ae1d84c797a9ccf2091ffb1ed97,common_voice_ca_31340401.mp3,0a851c61cea2da5d78d600be42ce464d023a2fafb0a0b6c9a14ddcf5cd958707,La càmera fotogràfica estava instal·lada en una plataforma mòbil.,,2,0,fourties,male_masculine,valencià,,ca,,valencian,common_voice_26_ca,train.tsv,cv-corpus-26.0-2026-06-12/ca/clips/common_voice_ca_31340401.mp3
e94f91ab2c69e11a764613994237dda6d7c356912a78907205db2cb51306f5be8c4384a3480207cf787444dd07344929a21076bb3790dd8a0868d62be2d4fa57,common_voice_ca_31175006.mp3,bb4a5a579a6a1ff096749bda3696b045287b52be8adfadb5adc4ace7f48446b8,Agustí Prim i Tarragó va ser un historiador i poeta lleidatà nascut a Lleida.,,2,0,,,,Balear,ca,,balearic,common_voice_26_ca,train.tsv,cv-corpus-26.0-2026-06-12/ca/clips/common_voice_ca_31175006.mp3
b417e6f75cf439ad5d0f46ce6a70ccc5195e2c5575b0312627de26660d2e3804030d662ca1eb51ebf4d8f2586f4a6d6f6bca4c843a16d376500ab6c8ba1ee37d,common_voice_ca_37846421.mp3,85ac91adbd1a73cbc372702f7f79851396f7650dd61d1f66ee0351ec5f9a55fa,Com herbicida es pot fer servir el glifosat.,,2,0,,,,Balear,ca,,balearic,common_voice_26_ca,train.tsv,cv-corpus-26.0-2026-06-12/ca/clips/common_voice_ca_37846421.mp3
d2d1631ff3b480e01cd27192347281f604e1c28d5db57908ff184199c06e962ce90302a4fb6caa01cc89a9f180fd6e2ba0d5baba4cb0d9128ab22a52691aa1ba,common_voice_ca_32317866.mp3,c7387a1cda8e063f14ec1a793deefe2c8b5bf905af4e47c4f2d18a67f3c7973c,Per Sant Jordi en Quirze vol anar al metge.,,3,0,fifties,male_masculine,,Balear,ca,,balearic,common_voice_26_ca,train.tsv,cv-corpus-26.0-2026-06-12/ca/clips/common_voice_ca_32317866.mp3
4392cf50c4ff2741cdf129caef43c2aad7c1721a8c325554fc709c7a1494e0e700e29a6b238dd3a76ad70ee2221808f79c7c7ae04334232732a4db23da6d7c50,common_voice_ca_17483216.mp3,5f952ab2645837451d16f83b225168a0b88531477536c5fcc5b4e39ce98fc1a8,"Qui no té pa, que no crie ca.",,3,0,twenties,female_feminine,,Central,ca,,central,common_voice_26_ca,train.tsv,cv-corpus-26.0-2026-06-12/ca/clips/common_voice_ca_17483216.mp3
3de1ec298f76b173db5d690cfe5f623db2137648ba134ecfdfe08ec58e0cf0880e6717f1c92e6ff3bfd3f736390383fabe6cd4f0d0bdef61a3cd523e2b82cce1,common_voice_ca_30802467.mp3,7df9266e7c792a27e9425b16e911f273ef4da89965ef5b976df0f58bd96a955c,Diuen que ara viu a Massalavés.,,2,0,fourties,female_feminine,,Central,ca,,central,common_voice_26_ca,train.tsv,cv-corpus-26.0-2026-06-12/ca/clips/common_voice_ca_30802467.mp3
c0f253613a9e4ee63818a9cd4aa7a7f4e91526b887640ad26dd23d57311e7b26545b72dc8de3ed1fb41bf7cdd9fcc4d0c60c16890bca334891a915cc34d25c1f,common_voice_ca_38131712.mp3,9a722a1004892a1f793c8e416ca29ef99be2fd0b21685651dd71e20cdb975c35,De ben jove milità en el sindicalisme i en el comunisme.,,2,0,,,,Nord-Occidental,ca,,northwestern,common_voice_26_ca,train.tsv,cv-corpus-26.0-2026-06-12/ca/clips/common_voice_ca_38131712.mp3
25f41a5ca387534a4b301325641d3206e7235ffe4e16cf22b992a4f2e9963a0a9961b79a58e453b42559039d7e6d5ca1ea96b00e8e0a1e8ad05f997d68344b10,common_voice_ca_19104089.mp3,e7aecb8088b65adcb78594a659b46e03af7bca103f710551b07afc25f314845d,"Amb la versió tres punt zero, s'ha fet un salt important en el volum i la qualitat dels diccionaris.",,2,0,twenties,male_masculine,,Central,ca,,central,common_voice_26_ca,train.tsv,cv-corpus-26.0-2026-06-12/ca/clips/common_voice_ca_19104089.mp3
dcd77ac177a78865444707460b317b31b0559fdcccd3243ee68d049c34da17836a4e4f875675274bc6562e33b7de2e05a606b38e2b593a11ff7ed5e8ccc11910,common_voice_ca_31064192.mp3,e3c2a1fe70eed0d939071f8254abfdb56a730daca208b9708d5ad68fd7b510b5,Aquesta variant de la teràpia és més acceptada pels pacients i personal sanitari.,,3,0,fourties,male_masculine,,Nord-Occidental,ca,,northwestern,common_voice_26_ca,train.tsv,cv-corpus-26.0-2026-06-12/ca/clips/common_voice_ca_31064192.mp3
f07ea303db05d584a1355f789061116feb322212116d2e2dd559dc358adc2aa03272363d807510b240ce041cd72f3a7cf3d0898f2db77875dc9723fd0b59c7d4,common_voice_ca_32155806.mp3,8db8fcdc3f77077f594d652079f6a14d5dcdbc42b3432d2c11f98ff10eafac57,El nou d'octubre na Carla va al Milà.,,3,0,,,,Central,ca,,central,common_voice_26_ca,train.tsv,cv-corpus-26.0-2026-06-12/ca/clips/common_voice_ca_32155806.mp3
4706ba1de4d328dfef254587d0bcef7f0449a4ef927d38f1fce2259319eb9e2bf4a902631b784e04d3f95762e474ff12bcf3473aeccf478314932de33d0b2d1e,common_voice_ca_30842017.mp3,9548500ed22609aa590bf1bb241f097389ea49842db44fbe849169a16841620a,Quina és la millor manera d'arribar al carrer de Buscarons?,,4,0,,,,Septentrional,ca,,northern,common_voice_26_ca,train.tsv,cv-corpus-26.0-2026-06-12/ca/clips/common_voice_ca_30842017.mp3
206a196a55bf75a878ca807e71342c91d453423aaeaae1f6a398c8d04af2228acb8ce5e2cb31bbbd4c6bbb90c12dd2ce9b31683de574da8e95c5a05e2967bfb6,common_voice_ca_30768522.mp3,7c299ebb9ec4557325ed0c2d02daa93b8e5920a9bf35c508c33f66cd81e27b9c,Ho puc fer per vostè?,,6,0,,,nord-oriental,,ca,,northern,common_voice_26_ca,train.tsv,cv-corpus-26.0-2026-06-12/ca/clips/common_voice_ca_30768522.mp3
ea9d1d3725dbca61f5cfc9e78b3a0ba898b6d188bebe4ba379ed42add0958cf59ffe1a2b73e2e2f9085b1d232036a97422e46b6b19fa90b7609a9a64e218748a,common_voice_ca_43519905.mp3,eb13e280b221baba673ed46bb6b14127e936fdb89d5fe8d72434777e5b2da307,"Serà un altre hivern dur per a Dread Mountain, em temo.",,3,0,thirties,,central|Garrotxi,Central,ca,,central,common_voice_26_ca,train.tsv,cv-corpus-26.0-2026-06-12/ca/clips/common_voice_ca_43519905.mp3
89b76732ce551b69b4f23b6240a9a07123074f33d3fa431cc8362009772649d7c8881a66e7de4b949f758aff4f9db93881206e548f8bfe95b11bef9d3ba7f9f1,common_voice_ca_31248335.mp3,fd7c4356d842c7407112383070f12807a80b3fb941f61e9b05f671defb49f15d,En algun moment es va reconstruir la residència.,,3,0,thirties,male_masculine,,Central,ca,,central,common_voice_26_ca,train.tsv,cv-corpus-26.0-2026-06-12/ca/clips/common_voice_ca_31248335.mp3
44c3d306c2a4113da6c7efe9dcfb76d1c2bfd8cbf5d54d7d83df4f4dc803e67c9704f7d54a570a57c79b07b75ba276dfa3d8480544e70fb683d61a9591fe1e15,common_voice_ca_38095442.mp3,98835c138369deb0a88db4181e1d4077043d26454a54798cafa5dbd73e62922a,"Posteriorment, en el Torneig de Promoció, aconseguiria una de les tres places d'ascens.",,4,0,,,balear|mallorquí,Balear,ca,,balearic,common_voice_26_ca,train.tsv,cv-corpus-26.0-2026-06-12/ca/clips/common_voice_ca_38095442.mp3
e965647b36e94bb5bc37e0e17c61b6a40837aef6d22de84d6747ab79685ea9e9bdec0f1ca9691e17f52fbc6f78b7aab41b953a5002884a69943fe02c5c38fc1b,common_voice_ca_31470010.mp3,1fa68c1d5b757ecb01491098985da94d856cf94f37c60a1068c1429709831ad1,"Va ser produït per Vittorio De Scalzi, membre de la New Trolls band.",,2,0,,male_masculine,,Nord-Occidental,ca,,northwestern,common_voice_26_ca,train.tsv,cv-corpus-26.0-2026-06-12/ca/clips/common_voice_ca_31470010.mp3
ae7fc163935f49205e1751378026226f6e1f13d3eea467872297abe2dfe37082ff66ce4cdadebb6ee4b80c85ff06626e67621abde9e06811bd2dd31eb7699bc2,common_voice_ca_31139552.mp3,f19e73669f71edc904392d0aede0b887f90fb7e3e460a8a1be16fc833dab644a,El que no se sap amb certesa és perquè el poble va rebre aquest nom.,,3,0,,,,Septentrional,ca,,northern,common_voice_26_ca,train.tsv,cv-corpus-26.0-2026-06-12/ca/clips/common_voice_ca_31139552.mp3
61af903b928d0a482f4e5cf4c597aeb89a22da67efa4c2850b2f473517f789f2e0b6279af49a4f21560ffb7a32bd6495d47a6fcf4b73bf6d80d58b0b3e17b616,common_voice_ca_30789859.mp3,8337f4d7f842021808b4937aa2271bf670787bdc993cfe1f14b66540ca1b8d2f,Les sessions de música acústica van tenir lloc en un ambient espontani i creatiu.,,2,0,,,,Septentrional,ca,,northern,common_voice_26_ca,train.tsv,cv-corpus-26.0-2026-06-12/ca/clips/common_voice_ca_30789859.mp3
eafd32cf456c76a87f73ca46ce0f1bfb50d17f5375ca5f002d21f4b3f8121fdddc864c3244382cafedbfd10b9fd1bd35470b680dbdfff6dd0356c7d47486be52,common_voice_ca_17569451.mp3,5d69e87c33fbe136c0972637eb04999614dbde8f99533fe0e04c81fb1aaeed36,"Bon pilot, bon farinot.",,2,0,fourties,male_masculine,,Central,ca,,central,common_voice_26_ca,train.tsv,cv-corpus-26.0-2026-06-12/ca/clips/common_voice_ca_17569451.mp3
fafcedf704b50dd001b3a2c3ae14422e73021415475ee2cbc5b53bf84bcf6109a594e42d5a89bfe2fcee17426ee4911bc513e2120f4b3e6cb0cab95c031af83a,common_voice_ca_37958922.mp3,8f7b01ad8fbfe21cd1b382f1cf5225e5c69973079f0f402fe39fe79d0046b045,Com a sender de gran recorregut està abalisat amb senyals roigs i blancs.,,2,0,,,valencià,,ca,,valencian,common_voice_26_ca,train.tsv,cv-corpus-26.0-2026-06-12/ca/clips/common_voice_ca_37958922.mp3
e7e48b7cf195e517e6a62aa81ba4a79916852fc39fbcbcd8862c3fc81872818f2f1512c173e0c2679e04689d9847ce515c1c2f7309984b5035694d2f731c9020,common_voice_ca_31086383.mp3,e8440222848bc18bb39c34fc0106dfa7f2782ef31e082483d26f8eacee25eff4,Catedràtic d’Hipòcrates.,,4,0,,,,Septentrional,ca,,northern,common_voice_26_ca,train.tsv,cv-corpus-26.0-2026-06-12/ca/clips/common_voice_ca_31086383.mp3
bc302cdfa1ce0c8bf6e59f68f57862e5bfe3541b2bba67ee5038a5c8c708b8ad1825b85d0694331d6e71370ee712503964894446ff176e6fbfb3489dd9b04fc8,common_voice_ca_17442253.mp3,2894cc0325ebdf0775acc318ff08cf3e5e31166d84f21fdb7fc9213205f3b258,No era menys cert que fins ara havia estat sord.,,2,0,fifties,male_masculine,,Central,ca,,central,common_voice_26_ca,train.tsv,cv-corpus-26.0-2026-06-12/ca/clips/common_voice_ca_17442253.mp3
3449d56106b37bb27ccceb1ce5b668c40eeaa4e90d389e03f0b1ba3098b2a6159298cd57279140223b8d5969b8e6394be7e497e67a9ac29cdd299152bfcaf17f,common_voice_ca_38153437.mp3,9c6c4215d72704133374be375eb7492474aa2cf8fa280e0f4af380fc24a56152,Gent amb gent i bossa amb ton argent.,,4,0,,,"balear|aprenent (recent, des del castellà)",Balear,ca,,balearic,common_voice_26_ca,train.tsv,cv-corpus-26.0-2026-06-12/ca/clips/common_voice_ca_38153437.mp3
42943c490a897b062780ac1100d92ecaf320b7008f53ec470febf0487ad33c9882424e81550dff43edfff424a0562ec80f93cbb5d2e347eafe930985c56e31fd,common_voice_ca_38249675.mp3,a3df24244a901e51b3f00b1822ea01693e20a77c63a9a3982a99e191f2bc3139,Tot prové d’una trucada dels veïns.,,2,0,,,balear,Balear,ca,,balearic,common_voice_26_ca,train.tsv,cv-corpus-26.0-2026-06-12/ca/clips/common_voice_ca_38249675.mp3
aaf8de7f63e0e4811214b05cfd0a57c1ece4f251dcee4cdf0966adb8c0f17e262d8f871220b3cb6e766c71f676772f58f0791a178c18e418f831fc65afdad705,common_voice_ca_31278133.mp3,0170b2d7a668ec8f471ccfe5b4eae2cb3b772e406d2fc01f562804303a665c17,"La direcció que segueix és sempre cap a llevant, lleugerament inclinada cap al nord.",,2,0,,,,Central,ca,,central,common_voice_26_ca,train.tsv,cv-corpus-26.0-2026-06-12/ca/clips/common_voice_ca_31278133.mp3
8e5c6f3cc3342a01a9f0ff06a621ebd39a04b92fe240a1b83d41f3fd9cd2fa6e6f40fa1b2bd31e5d8e7b33442e2be4d4823c4595187c36f02e148ef7169e7de4,common_voice_ca_37593669.mp3,3beb269d5c8c27a4198d9459a4308f02d10d27699189e86f447b28943cb06b34,El procediment de concessió d'aquests ajuts es tramita en règim de concurrència no competitiva.,,2,0,fifties,male_masculine,,Nord-Occidental,ca,,northwestern,common_voice_26_ca,train.tsv,cv-corpus-26.0-2026-06-12/ca/clips/common_voice_ca_37593669.mp3
3dfec312f790c985434c214abdf9e2c44cb02530a7f55b1be99aae1a96b594b1f172794845f5697147e2ee03e0c11d6abe92331f976a86efeaee9772452bbf06,common_voice_ca_31925403.mp3,4b13336f03053fea463f72dc4a60907c114153906bc1056599098041dabacbee,Tothom abaixa el cap i es queda quiet.,,2,0,,,,Balear,ca,,balearic,common_voice_26_ca,train.tsv,cv-corpus-26.0-2026-06-12/ca/clips/common_voice_ca_31925403.mp3
a188ea5b8a95372b0772437f22e6edab88fb922355d304d261cf3f042af09b1bfca39e4665f436877654f6bbfdf71f445e1c079d2908c3ddc69eb7e1655da1bb,common_voice_ca_40276708.mp3,e26a776c5f1eea9e8057b28a12eb5f347dc677d01414ceaaa03336c318b63d88,Mira'm quina és la millor manera d'anar del carrer de Francisco Manzano al carrer de Fernán Caballero.,,4,0,fifties,male_masculine,valencià,Valencià meridional,ca,,valencian,common_voice_26_ca,train.tsv,cv-corpus-26.0-2026-06-12/ca/clips/common_voice_ca_40276708.mp3
458cc9429f1fe740f093f20c3a11dd9e995942d274a3c16e4982acd88d3323aa05ddcc884aca24676a4cea186146989123fe0092ecdb08e9d4855fe27c8eb59b,common_voice_ca_31117903.mp3,edc9bf30cb96aa14b1aed44e3812b1709d06f5f6f5f206875783554d0dbf08d5,Molta música de flamenc està en la modalitat de Phrygian.,,6,0,sixties,male_masculine,,Septentrional,ca,,northern,common_voice_26_ca,train.tsv,cv-corpus-26.0-2026-06-12/ca/clips/common_voice_ca_31117903.mp3
bad955503d2f235af9f5bcce55ab22dc5cccdef16acacbb617851090c0c47aff26a88cbd113487274e9b277f8b8e72612c036f9dd9a054d63cd914d797ff2cca,common_voice_ca_37812512.mp3,826fb3da4fd1f510ce32ccdaf55bc18303e48bfb1b964d67a01d6a7b15cb8247,"Malgrat això, s'han mantingut les estretes relacions després del cop, i romanen actives.",,2,0,thirties,female_feminine,,Nord-Occidental,ca,,northwestern,common_voice_26_ca,train.tsv,cv-corpus-26.0-2026-06-12/ca/clips/common_voice_ca_37812512.mp3
4f8cef110b4f4759b5a99877e92c4c655e922ac2f779ab66deac9693751aadef047931a2105daf5e68bc8199496079bb4b29c2f1e67f566beeef40dd4d062e78,common_voice_ca_37762411.mp3,7f31566f843ae7f7d685404c3c847f6ccceb6b8c101df86f29fd947847a18ba7,Són pagans.,,2,0,,,valencià,,ca,,valencian,common_voice_26_ca,train.tsv,cv-corpus-26.0-2026-06-12/ca/clips/common_voice_ca_37762411.mp3
c777d3358a0aff067b64f254ac462fa223a1650af20ce2af341de610eebbb55a128a1dc43c91da7a1844848b5920b7dd5c5e0a1e8651d6442a2418709dad8c87,common_voice_ca_20918997.mp3,3cd0f60846da72c8bff52b4b010d63635270173b639083dc2ba86323ed128eb0,Els eslavòfils veien la necessitat de resoldre una sèrie de problemes socials a Rússia.,,2,0,fourties,male_masculine,valencià,,ca,,valencian,common_voice_26_ca,train.tsv,cv-corpus-26.0-2026-06-12/ca/clips/common_voice_ca_20918997.mp3
70caf79a6b1b8ff3a11969638d9b352df26e20d5e5ce26e7d7fe0dc18e18fa99fa15b180d8b510e4d6ff869eb529226d58eec649467817723bcac344c8059ee4,common_voice_ca_30762587.mp3,79823a6295d35f341af1e0529bc2811fc190434b1e03637647b8feae47aa93b9,Els índexs corresponents en les filials del Grup van planar per sobre dels requeriments establerts pel govern.,,2,0,fifties,female_feminine,,Balear,ca,,balearic,common_voice_26_ca,train.tsv,cv-corpus-26.0-2026-06-12/ca/clips/common_voice_ca_30762587.mp3
bad955503d2f235af9f5bcce55ab22dc5cccdef16acacbb617851090c0c47aff26a88cbd113487274e9b277f8b8e72612c036f9dd9a054d63cd914d797ff2cca,common_voice_ca_37812519.mp3,82b67724d1bcb05aa698a63f02eb66c680245d271c63d7fd6d8f585dd1b6045b,Va sentenciar el jove llicenciat en Història de l'Art—.,,2,0,thirties,female_feminine,,Nord-Occidental,ca,,northwestern,common_voice_26_ca,train.tsv,cv-corpus-26.0-2026-06-12/ca/clips/common_voice_ca_37812519.mp3
472b46a52376dd631c36aeefe66cfb0a1fa215ce4af15651f3a8957141373b6c79dff02a98c35d090e49cd09caac2b007550a97d7b47a7854d6128d1a581d2ac,common_voice_ca_27923244.mp3,4e943653348d235250424fa7d3601d98a8995d5acb24e5c4863ef91da1cdccee,"Si no en té, de ben segur que tindrà una agenda telefònica.",,3,0,thirties,female_feminine,,Central,ca,,central,common_voice_26_ca,train.tsv,cv-corpus-26.0-2026-06-12/ca/clips/common_voice_ca_27923244.mp3
b15dcd21fc434ec5493fbf8478142376d58749a76f497fdf04600f007dc766bd93d1b03bb07e1c1517e85bfd0d7e0e8a70c972f531b7837c66e1a025f3f92442,common_voice_ca_37755369.mp3,7ea6f5aee5847a0c68585cd262c0415339dfcb89f59fe5f0d9696546634eb500,Hi ha plans per a la privatització total de l'empresa.,,2,0,,,valencià,,ca,,valencian,common_voice_26_ca,train.tsv,cv-corpus-26.0-2026-06-12/ca/clips/common_voice_ca_37755369.mp3
1b1692592a8cc06ef9c1f4b2c6b702c7c4ba6b999f141994a092e14456f92d9dbb0f1682a56739f390782edff15018f309dfc7c1732dead8c78606a57a77ff52,common_voice_ca_20655336.mp3,33721fed03a98735cabeb9ee150b7de76677b513327668c589f75329c5da4ed7,Hi ha torricons de guaita i merlets en les coronacions.,,3,0,teens,,valencià,,ca,,valencian,common_voice_26_ca,train.tsv,cv-corpus-26.0-2026-06-12/ca/clips/common_voice_ca_20655336.mp3
4f62b986b8dad6adac45e946de94fa27c1ae041574712e576ec5a27d2349ff859b73fa6f228705d560d25a1f227d6563be1779d5e54bc4a7aca5a1b2814dcc24,common_voice_ca_37631531.mp3,aec759d087361ede6765cf9c7d8a3ddb12a29c13a7c6a0c6b541295d2d32b194,Dema aniré a Salt,,2,0,,,,Nord-Occidental,ca,,northwestern,common_voice_26_ca,train.tsv,cv-corpus-26.0-2026-06-12/ca/clips/common_voice_ca_37631531.mp3
4e9425dfeef8c0fc5fc72aaedd2cd68479ca2fbbd23d8a1860a9c080e4b84a18331e1d5f1ac77422b3770935ada5a75243fe3e8514ddfa50e6f33626b65da902,common_voice_ca_30884581.mp3,a3e4aaee0f52ff15ce93f8e06a2e5180199a469432e981787043cf4535be4ca0,El servei es proporciona diàriament des de primera hora del matí fins última hora de la tarda.,,8,0,fifties,male_masculine,De Reus,Central,ca,,central,common_voice_26_ca,train.tsv,cv-corpus-26.0-2026-06-12/ca/clips/common_voice_ca_30884581.mp3
0336780475a5c299071b7ee8249d4d4f348cfd9cf41651af74abde09d3b98a702ef33c7b0f7aa6e7ccb3bb0f198c604cd5dfdcb5bdf01bbbe5bad0b699b434ff,common_voice_ca_30846988.mp3,96c70452b84d56e2741ea330a753ffb242f4f06f8508968d8e5e3ea7d47fa2fa,Sens dubte està molt allunyat de les altres meravelles tecnològiques dissenyades per a aficionats.,,2,0,,,,Septentrional,ca,,northern,common_voice_26_ca,train.tsv,cv-corpus-26.0-2026-06-12/ca/clips/common_voice_ca_30846988.mp3
c1bafe50eb70a1b65188fac549c6bbe7f641b672fbe9fd08cb64ed1f176efbedeca88f5c295d508e2dbf9b495fe0040bbbfbc4776af0d6cad6576a997db3e4cc,common_voice_ca_22455545.mp3,8a282c1e90a3718c05ee0fe57aa3e30c5615726271084638179f76355b042548,La resta van ser víctimes de l'espoli.,,3,0,thirties,male_masculine,valencià,Valencià meridional,ca,,valencian,common_voice_26_ca,train.tsv,cv-corpus-26.0-2026-06-12/ca/clips/common_voice_ca_22455545.mp3
8e8f74c8c28909256f92e896a1777630f0338f3e1c1887d07e6e4d7393c6b32515193494d2e5e36a8b2610145ac7695369bcb405f1dca71edc2b5f99699a73f7,common_voice_ca_30903694.mp3,ab4a62d5d9595b4811d680d441f7817ce2a01f8cd8d73c7bca0c52bda56539dc,Els subsegüents enregistraments corresponen al gènere del blues amb l'aparició de la London Blues Band.,,3,0,fourties,female_feminine,,Central,ca,,central,common_voice_26_ca,train.tsv,cv-corpus-26.0-2026-06-12/ca/clips/common_voice_ca_30903694.mp3
f6bae72608235f2079672dcf4ecbd58c84873978bb4015fa751a9d82a6f73d949e98cb1e92969cf93a95c37d4042899f72c8dc1973aa7873a86bf44bf75782f1,common_voice_ca_30810045.mp3,8a459e2e69e74ad3b172a5502485d6c9554519e713cbadaf1d7efbc4073f1210,Les bandúrries originals del període medieval tenien tres cordes.,,12,0,,,valencià,,ca,,valencian,common_voice_26_ca,train.tsv,cv-corpus-26.0-2026-06-12/ca/clips/common_voice_ca_30810045.mp3
e349bcd56c513c6871b8fc789114c1d88a37bfac546fccf9683ea18d883c2db3a0464be9d0a313575bbfb94b90071dfd52b86b34a31198e37feea7b46932ccf4,common_voice_ca_17460937.mp3,7cdd80bddf954b1a309bec573b042c0d1edeb47ec38cb8bdae1d7c8efb551644,"En el cas que els aspirants al·leguin publicacions o treballs de recerca, n'han d'adjuntar un exemplar.",,2,0,sixties,male_masculine,,Nord-Occidental,ca,,northwestern,common_voice_26_ca,train.tsv,cv-corpus-26.0-2026-06-12/ca/clips/common_voice_ca_17460937.mp3
014c9ed0978dcef50cf5a19a19fc7b5e02d096a504a3cf793db1189301eea83b60e7611df3912a0163dd2db3afb85003b4f9f9c848eef88c2728488ca699543f,common_voice_ca_30961889.mp3,c2c144a1cbe758c574e1e17dfbd6eb3f375a51205edb3e2f8deef96a68db65df,No som mala gent només perquè actuem fora de la llei.,,3,0,fifties,male_masculine,,Central,ca,,central,common_voice_26_ca,train.tsv,cv-corpus-26.0-2026-06-12/ca/clips/common_voice_ca_30961889.mp3
c6d5583019e9e0b98276e10adbb27249fdedb360eb40333ae87b623b085db10f32ee3e5b5f3a953ffbba442aa082941cce3bfff998af37b280b3fbfaff29aca5,common_voice_ca_30929850.mp3,b5bfb81fd80968d65d6a2d7bef95fa1a1640a3ef22edbfcd37db5f571a860115,El malestar de la Celia es va convertir en por.,,3,0,twenties,female_feminine,,Central,ca,,central,common_voice_26_ca,train.tsv,cv-corpus-26.0-2026-06-12/ca/clips/common_voice_ca_30929850.mp3
be0a2cf6b9cb520177ba3deed94f1a469b3f2f8b625cbbc8c98cd9cf43a60d989f314e18a25cb6aac7e9d944204ec6e1dd99c3caa671018efbe2a204f6b08501,common_voice_ca_38246401.mp3,a3e8fde4cb4ea3f4b2d6435b0bbfc2653465ed448b4709299c52063eba8f7039,Vaig al passatge de Grau.,,2,0,,,Palma,Balear,ca,,balearic,common_voice_26_ca,train.tsv,cv-corpus-26.0-2026-06-12/ca/clips/common_voice_ca_38246401.mp3
96211c1c0403461f8683b949d77e542522915fac18da3f719cac351f9bcd8e541236f253c081b6e26d312d4c16bf72a398b39cb4685d60df419cfa4846cd3dd2,common_voice_ca_30819710.mp3,8cf3219ae11523187b0ca7225a9a1472e82637bcb6865bf5f1f7b3b6f9e52b27,S'informa que l'acord és de tres anys.,,3,0,,,,Balear,ca,,balearic,common_voice_26_ca,train.tsv,cv-corpus-26.0-2026-06-12/ca/clips/common_voice_ca_30819710.mp3
c8093022917792f01f23720f4ad3d78b2b331cecf07de94019070ede86f7af8b819800460501a2af6ba5f22ee41df83e6bcff7bb647012a895ceb3412142b484,common_voice_ca_31797708.mp3,220fbb62212a1aee37112bdd9806dc636e235aee8da48fdae65661a3b70c6e5d,Diumenge na Cira i en Roger iran a Santa Eugènia.,,2,0,fourties,male_masculine,,Nord-Occidental,ca,,northwestern,common_voice_26_ca,train.tsv,cv-corpus-26.0-2026-06-12/ca/clips/common_voice_ca_31797708.mp3
3e25c487e49b73048e3e0e2789fa48c40860bcc11806e742da5a49dcb2e3e6a9abd69604dc773a51a8156c00f5ca56563f1cbe0a0bad6f15fbcbdae7731df5e8,common_voice_ca_37758318.mp3,7ec5202f7bc38ded3c1dde28d29a44a11a2069ff33068d821b75cf7a3df31684,Va defensar la participació dels musulmans en la direcció política de l'Índia.,,2,0,,,valencià,,ca,,valencian,common_voice_26_ca,train.tsv,cv-corpus-26.0-2026-06-12/ca/clips/common_voice_ca_37758318.mp3
360035274e162bced4d642301046971a53f1ffd2c85fa1e2cfdbc381d6c090d5a0cb251a84e65e15ae25c29b01bb35825825dbc95ad147749e01c92506b89ae0,common_voice_ca_31438954.mp3,1b33b5f7a382959fcfbe26c8611b8d1c690fd26a563c5c47192b7249c746151a,"Em farien un molt bon servei, oi?",,2,0,fourties,female_feminine,,Nord-Occidental,ca,,northwestern,common_voice_26_ca,train.tsv,cv-corpus-26.0-2026-06-12/ca/clips/common_voice_ca_31438954.mp3
89b76732ce551b69b4f23b6240a9a07123074f33d3fa431cc8362009772649d7c8881a66e7de4b949f758aff4f9db93881206e548f8bfe95b11bef9d3ba7f9f1,common_voice_ca_31318806.mp3,067e30b43dd8886c744539d162db27488134b9db8d145f3cfe2f575abae58034,"Les cavalcades veïnes són Pierrefonds-Dollard, Dorval-Lachine-LaSalle i Vaudreuil-Soulanges.",,2,0,thirties,male_masculine,,Central,ca,,central,common_voice_26_ca,train.tsv,cv-corpus-26.0-2026-06-12/ca/clips/common_voice_ca_31318806.mp3
f3635abb815fff35d1f0a6e5a6b46bfca9548696ffe2820d5aab9749a8ba84b3081e0add973be1252517ddd7e180698c6a53166ad9c501ce37c1b4378ed6245c,common_voice_ca_38059065.mp3,96892214818ede7ed831e8a9aae06268e53a28002e45eba73ed6f308fc6d0c48,Dijous na Nora irà a la platja.,,2,0,,,nord-occidental,Nord-Occidental,ca,,northwestern,common_voice_26_ca,train.tsv,cv-corpus-26.0-2026-06-12/ca/clips/common_voice_ca_38059065.mp3
2f4aa6d9743b25571ae574de401c9a11753ca6f0dcd8a24a29db556d6452680173f7022198a4d3dc2e30b288a8e37f526f2e938abce7fa8d3474d0c2cd5a17d4,common_voice_ca_39973453.mp3,d82979997aba3c48b5eb0ff6b511cc5aa8fab31978a94c188784d90fa0a92ac4,"Swamy ha guanyat diversos premis, populars i crítics, per les seves pel·lícules.",,4,0,thirties,male_masculine,valencià,Alacantí,ca,,valencian,common_voice_26_ca,train.tsv,cv-corpus-26.0-2026-06-12/ca/clips/common_voice_ca_39973453.mp3
409888c3f772d4bec7d4d973e4582402bee12b0ab7dd57c7e6c359a9a43965b955433eac8d6410b29f0b9ec2667986c97b3c4d279c19e9f53a60478b0bb64ebd,common_voice_ca_30941626.mp3,a106e66bdb45d4e654ebfbb75e0a544db1ae3344092b36edab886a27def4f92a,Tinc prou diners per comprar les ovelles.,,3,0,fifties,male_masculine,,Nord-Occidental,ca,,northwestern,common_voice_26_ca,train.tsv,cv-corpus-26.0-2026-06-12/ca/clips/common_voice_ca_30941626.mp3
78c598ab1383d31ef99c340688e8fe5042f5989618ba1010a9d41c7de6038827d60fb12c137f1304e266157e64f12dba080e920ad0276d7a6a843986462e9b52,common_voice_ca_38762305.mp3,c1c67a1b4c07eea2a6efe64e29ccd3b13e4d6e0ac52883533f530fb598702709,Dóna nom a un barri de Cassà de la Selva denominat Veïnat de Verneda.,,2,0,,,Lleidatà havent viscut a Barcelona 20 anys. ,Septentrional,ca,,northern,common_voice_26_ca,train.tsv,cv-corpus-26.0-2026-06-12/ca/clips/common_voice_ca_38762305.mp3
e923bc62a2f8eb6dea618c7fd46a74ff7f42a592ccba2c936c2d38a50d443bb015e35fea1bab4b5a2e79b41fd6d2ea5ba3eaaa918f234e548da200688ec69016,common_voice_ca_37602948.mp3,5a278d5adb3c5165f89ac8f0702c2f9a3093d9135001de9ccd9ead467861b70c,"Peix d'art, tothom hi té part.",,2,0,,,,Nord-Occidental,ca,,northwestern,common_voice_26_ca,train.tsv,cv-corpus-26.0-2026-06-12/ca/clips/common_voice_ca_37602948.mp3
bbb66a66e7f74b028ae63e72b99097e296f9792d1cb02bf5b6a7d1d6925b47d50a34bf492a899ba50c0ee665c59db387950f0146b3c0a2eb1159b37131290a28,common_voice_ca_37602359.mp3,5846ad67269d4d01893cf55733b30502f13fd4ac63d6ae455d5f63473061ddca,Fa savi parlar de la mar i no entrar-hi.,,3,0,,,,Septentrional,ca,,northern,common_voice_26_ca,train.tsv,cv-corpus-26.0-2026-06-12/ca/clips/common_voice_ca_37602359.mp3
38d00c7f8e340672f35d90524a72667a5bd0aff06c7ca8cac3318eccbb6bf41b07b4e9badcb4fcecfc50c2bb71ac7ba432fdca9a4fdbd4f6a71054da14f06e79,common_voice_ca_39950443.mp3,d6efff302f754da1afab435751b6a2ec4038e36243a645a4eb3cc1cfb6e0751d,"Després de l'eclosió, les cries són alletades durant tres o quatre mesos.",,2,0,,,valencià,Alacantí,ca,,valencian,common_voice_26_ca,train.tsv,cv-corpus-26.0-2026-06-12/ca/clips/common_voice_ca_39950443.mp3
5d2ff0fe49bb35783381063aa086ce674487e7aa588e122f12366d7c861335538d3f40025d7db5b7bab6ad1926aefda6b049690d940baccfbaaabdb5d709d39f,common_voice_ca_31507900.mp3,257e2f6b8591ad03622faf30b41020114d1632b52693edbf41d2eaa5c9d9c81e,No he anat mai a Alfarrasí.,,2,0,,,,Septentrional,ca,,northern,common_voice_26_ca,train.tsv,cv-corpus-26.0-2026-06-12/ca/clips/common_voice_ca_31507900.mp3
3cffdd09d97d220454e68d5faf35030ca19760186f7350d8cf475d6d225fb0c8003db6ce56e588ce7d7cd1a96bd46b19477be722475281b69dc8a67c4f1ec586,common_voice_ca_38100642.mp3,98e3371239175a54732ed122429387dea63695e686791b38fd010d7f44236e96,Els anys següents no va disputar gaires torneigs a causa de les lesions.,,2,0,,,balear,Balear,ca,,balearic,common_voice_26_ca,train.tsv,cv-corpus-26.0-2026-06-12/ca/clips/common_voice_ca_38100642.mp3
f10a3f5001a44d04d3d69b3492d3cde1dad94b3437b4be2f7ea2c19b3707ca384ad9724cb03a3978fccc939ce4f4ea40fb7937b3476b0517d187ba86f51f28d3,common_voice_ca_39571350.mp3,cfccd79973dbbd81bbe8523a9f0b784f39f63025a2e8af2bacc21ef2ca9b2f9e,Què van cremar el dia de la vaga al migdia?,,4,0,fourties,male_masculine,central,Central,ca,,central,common_voice_26_ca,train.tsv,cv-corpus-26.0-2026-06-12/ca/clips/common_voice_ca_39571350.mp3
96511fbab2b035b92189c762437480fd2ef049762f7a5eb56c7bf2b682ccc84ce1df1c75ea3613474a08c034a6b84d525f6eceb4eb839858c622f685037abcfa,common_voice_ca_40369036.mp3,e47db0d3ab302952f343f1b8772133de5dd6359b93af225dff452bf2005bdd1c,És també el lloc d'enterrament dels monarques espanyols.,,2,0,fifties,male_masculine,valencià,Valencià central,ca,,valencian,common_voice_26_ca,train.tsv,cv-corpus-26.0-2026-06-12/ca/clips/common_voice_ca_40369036.mp3
6f2a457c01530406c595c0ea948c1f137aeaf185653fb6204efd098a107a46ea772f763c59b7f8113640ba53e8cbcba5f90c52720697aad0ebdd81772ab7a0dd,common_voice_ca_30817670.mp3,8cde431bf969b6263770ee20e311db948e3854faeea6e9276a0e5a7110ac7ddc,Així els números de la línia corresponen a les línies reals del fotograma.,,2,0,,,,Nord-Occidental,ca,,northwestern,common_voice_26_ca,train.tsv,cv-corpus-26.0-2026-06-12/ca/clips/common_voice_ca_30817670.mp3
8dccfb605c83df1076d2b14598d15a614081a0b1972a28d62e99ee3a373c071e0fb17a28245681a76f481385197a59e44afc8f5e36636ce77a81b4c2a7adae6f,common_voice_ca_32293281.mp3,bdbe6fcc7fc5f04f05ec8cbc033992bec21d58bb362d0b8c82113fbc73f4780b,Per Sant Jordi en Guillem i en Pol iran al teatre.,,2,0,fourties,male_masculine,,Balear,ca,,balearic,common_voice_26_ca,train.tsv,cv-corpus-26.0-2026-06-12/ca/clips/common_voice_ca_32293281.mp3
bf61741297653053896c7246004dfd49ed380ec0f1e2294d4c8c607faeb805dbd016793013ed9142ff24938a2a540f56c1086f826fb4b5c1eece2e7640326d08,common_voice_ca_38060176.mp3,96940249ada4b602867f34c90c6ae88132a45b56b2a5932038b079149f59eebf,Cada territori també compta amb un senador.,,2,0,twenties,female_feminine,central,Nord-Occidental,ca,,northwestern,common_voice_26_ca,train.tsv,cv-corpus-26.0-2026-06-12/ca/clips/common_voice_ca_38060176.mp3
d6e066325d407aef9743f94335a75f6b2efd577791082b52b5df5033c543b84774a0204eae3762dd3e2536307a26a49ab4bcebdb7154f504e369fe6a41f88118,common_voice_ca_40670526.mp3,0d6a2946a7f11c70dd10753495a4e8dbbb3871b00573d0d38fca629f82b8e29c,On va viure fins a la seva majoria d'edat?,,4,0,twenties,female_feminine,valencià,Valencià meridional,ca,,valencian,common_voice_26_ca,train.tsv,cv-corpus-26.0-2026-06-12/ca/clips/common_voice_ca_40670526.mp3
94e35257b313c65bf8a4be9eb63b11e988ebbc244ef1fdcbe1e2cd71d0af95ac8017134ae4a7c3b255d20d4a703fb4b2333508ecfba56a0b602e23dd2cb4fe7d,common_voice_ca_36875992.mp3,5f5c2b1e243888f0dba8e4a2fe854ed4b05666833b82964f3d882bfab225edb8,Van firmar amb Ruby Records.,,2,0,,,,Balear,ca,,balearic,common_voice_26_ca,train.tsv,cv-corpus-26.0-2026-06-12/ca/clips/common_voice_ca_36875992.mp3
118c00708699c6554615ddc94256b8bf8a8545fdf703f2f1e3a5dbdc07706cf7c82be2e6948df7b9f481be3df8bd6d042032703869879a009fb869a7a7060b05,common_voice_ca_19404090.mp3,029ee733469f4f4c4fba311f0b6838b09d52895ce8fd7faf98b193fd9d22e3b4,"El nou temple va passar, després, a tenir com a patró a Sant Joan Evangelista.",,2,0,twenties,male_masculine,,Nord-Occidental,ca,,northwestern,common_voice_26_ca,train.tsv,cv-corpus-26.0-2026-06-12/ca/clips/common_voice_ca_19404090.mp3
946e5ec4f472d910217a86a8033666d9a7154dcee9209d8ef1987e765deceaa8a3646943323dba34dcc46fc6ea7de82923878387f4e6ce042805cdab9de66d1b,common_voice_ca_32157044.mp3,8dd9c652bacc20102d044a2d55afe79a87ad7d4dfd6af08831cea2b9f2a0f8f6,El nou d'octubre en Llop i na Núria iran a Viladecans.,,3,0,twenties,female_feminine,,Central,ca,,central,common_voice_26_ca,train.tsv,cv-corpus-26.0-2026-06-12/ca/clips/common_voice_ca_32157044.mp3
107839c0a57701a2cb8b87344d30ac8f93828c76afde5d281264928a93715f923e4ec713b727979c85c6f6f4024eff43a326b31723e343c6cb5ce2055b8351b5,common_voice_ca_32280374.mp3,b82b3e9b6b83422e779047741249651c2b893c7d43440145b79b30158fea4844,Dilluns na Sol i en Pau iran a Palau de Santa Eulàlia.,,4,0,fourties,female_feminine,,Septentrional,ca,,northern,common_voice_26_ca,train.tsv,cv-corpus-26.0-2026-06-12/ca/clips/common_voice_ca_32280374.mp3
9cac9ad35eb27502a43f8b886db48d56a59e31afe8ec3435986b157306fc70fdc4807c9f04389770279b98a491ffacda0a75b7fa13b166db2634a6e0978771a8,common_voice_ca_39099629.mp3,c9449e0d72ad089ddd8edd1c2735b21d5f0428efbb3930262c22450264f400d1,Teresa Abelló Güell és una historiadora nascuda a Vinaixa.,,2,0,,,Lleidatà,,ca,,northwestern,common_voice_26_ca,train.tsv,cv-corpus-26.0-2026-06-12/ca/clips/common_voice_ca_39099629.mp3
66a76e532c9da5f6acb2f02c20d3a841bf0852b284c05080ba09624f445d917481aea23be1b9d3844ece7ec6c27e9c367a2ae9e2773b64aacaea9a2603402ae0,common_voice_ca_37576922.mp3,002df3f51128cb406a89006b251aeecb6e5c50348380d84d48144e7f6c8f9fad,Cap de pardals.,,2,0,,,valencià,,ca,,valencian,common_voice_26_ca,train.tsv,cv-corpus-26.0-2026-06-12/ca/clips/common_voice_ca_37576922.mp3
a8b8319bdccca67edac317b794b5c906110d6230f97f3c89228979d366aa4fe0325ea8041adfc9392c14c46675e0ef7d9af4115ac60f5de1462cd992db9a4d95,common_voice_ca_38375653.mp3,ada7255ee14fe575d00b2b3f1af0575ad8006fac8bb4f411824e6bc269ae5314,Amb les novel·les passa el mateix.,,2,0,,,,Septentrional,ca,,northern,common_voice_26_ca,train.tsv,cv-corpus-26.0-2026-06-12/ca/clips/common_voice_ca_38375653.mp3
4d2c8a9f25d2db18368831eae4c6c4ea3d493707b9365edcb20b1519bf30635a627edbdfeb041cbbdfdaaeca1f0fb31e0a47713e3457131494c4888e32a697d4,common_voice_ca_34349178.mp3,37140ef98e6fdbf7c2b3bd1d396a7c34b30d2ef2ef9cb54844b3a15a13c3d3de,Actualment es troba al Museu Egipci del Caire.,,3,0,,,,Balear,ca,,balearic,common_voice_26_ca,train.tsv,cv-corpus-26.0-2026-06-12/ca/clips/common_voice_ca_34349178.mp3
946e5ec4f472d910217a86a8033666d9a7154dcee9209d8ef1987e765deceaa8a3646943323dba34dcc46fc6ea7de82923878387f4e6ce042805cdab9de66d1b,common_voice_ca_32156931.mp3,8e404902a29dbcf7bd862bf92fce91d79a9072a91f6ef219e2fcf16570f1980d,Pugen al cotxe en silenci.,,2,0,,,,Central,ca,,central,common_voice_26_ca,train.tsv,cv-corpus-26.0-2026-06-12/ca/clips/common_voice_ca_32156931.mp3
99c2996aed58c3abac77663a3a91503ede747113ba26b034f6caf24715f8d5f6591193023e369af11d77077ce615b1de643403093cf8c4d8dcb7e7c07dfd3ed8,common_voice_ca_17397665.mp3,401a81086853849f333ff6e333b376b0753fe653d4916b7b5073108a352b3c73,Ja sabrà vostè més avant que això no és possible.,,3,0,twenties,male_masculine,valencià,,ca,,valencian,common_voice_26_ca,train.tsv,cv-corpus-26.0-2026-06-12/ca/clips/common_voice_ca_17397665.mp3
091c2bf8b5acbdea9e7719829a24ccbe15f756a3485cef6652c5814fcdad91078f6ef53c19048e5ff201c8331dc8bf9fa69a64dbaef160f3da2222c5be93d85b,common_voice_ca_31183217.mp3,f037369184193e3e1806cc9ab4979c5254421fa814aa82bb05e19a9810ae1c6b,Joan Ramon Casals i Mata és un polític nascut a Molins de Rei.,,4,0,,,,Balear,ca,,balearic,common_voice_26_ca,train.tsv,cv-corpus-26.0-2026-06-12/ca/clips/common_voice_ca_31183217.mp3
aeb5bbf9a006b1b7e84fc0c3e392484cf59308e717f06e25dfad12feef48720416ce210090f5ac29d97042abd91175f8da6d44cee20d18a717b397b1841a2592,common_voice_ca_30752071.mp3,75def413519539cc25ceaa777655e7dabe5e4fd70070cffa77a9f6a67d527b3c,La tecnologia de complements permet als desenvolupadors ampliar el sistema.,,4,0,teens,female_feminine,,Central,ca,,central,common_voice_26_ca,train.tsv,cv-corpus-26.0-2026-06-12/ca/clips/common_voice_ca_30752071.mp3
0990674a80136592cdd3fb52d32945b2972482c134aba7ba54a9e577ba0917ddb2518172c8ffe80d4fc5bd844e6c889e2da6763ae5ea0be655b03b53e9633489,common_voice_ca_30893687.mp3,a7478bcd13d188144b9fd34f17dffc38c17f1d66446a911cdd9a67d8883ca971,"A través d'aquests ferrocarrils, Huaihua té connexions amb gairebé totes les grans ciutats xineses.",,3,0,thirties,female_feminine,,Nord-Occidental,ca,,northwestern,common_voice_26_ca,train.tsv,cv-corpus-26.0-2026-06-12/ca/clips/common_voice_ca_30893687.mp3
a6051fd230a2e09f163c8c3a57967e239caaadfb88ba63ea5b74639db75f398553e2f81a1d9fa2a1aea1157bc435c1d81cb1a9343e711e6fcce668d5f89954e3,common_voice_ca_38040186.mp3,94f6c67a4a0cf7597b5c76d03f51744bacc13a3248b6e206ebd03ceca29036e4,També deixà publicacions sobre la marina del Masnou i sobre les Ordinacions d’En Santacília.,,3,0,,,,Balear,ca,,balearic,common_voice_26_ca,train.tsv,cv-corpus-26.0-2026-06-12/ca/clips/common_voice_ca_38040186.mp3
3cffdd09d97d220454e68d5faf35030ca19760186f7350d8cf475d6d225fb0c8003db6ce56e588ce7d7cd1a96bd46b19477be722475281b69dc8a67c4f1ec586,common_voice_ca_38100644.mp3,98e8b7f065ad8ee3efcad5ee13ce882788d6a21d0c64b5da36ed89a361dbcead,Un home juga a tennis.,,2,0,,,balear,Balear,ca,,balearic,common_voice_26_ca,train.tsv,cv-corpus-26.0-2026-06-12/ca/clips/common_voice_ca_38100644.mp3
b2e46b2e5c7f93883206d1d69d44da1ef8fd85c37ca7cd78848dd4f666e081d0f04daaf9d82b6c261cf54788232a7d43cdb022b15187c9949c9fb0e64edf3cc0,common_voice_ca_19078726.mp3,a80337f56bd749599926d726f6cc1af3d154627899087badbbbc6ca3435ac3cf,No pot dir cap pescador que el mar no li haja estat traïdor.,,3,0,fourties,male_masculine,valencià,,ca,,valencian,common_voice_26_ca,train.tsv,cv-corpus-26.0-2026-06-12/ca/clips/common_voice_ca_19078726.mp3
e923bc62a2f8eb6dea618c7fd46a74ff7f42a592ccba2c936c2d38a50d443bb015e35fea1bab4b5a2e79b41fd6d2ea5ba3eaaa918f234e548da200688ec69016,common_voice_ca_37602945.mp3,5a518911d69f189bcd4d37d02e0246786715626b4e522a5e463103270d8314a7,"Lluc, no llepis el llapis d'en Llopis.",,2,0,,,,Nord-Occidental,ca,,northwestern,common_voice_26_ca,train.tsv,cv-corpus-26.0-2026-06-12/ca/clips/common_voice_ca_37602945.mp3
4eb53b5e305922d10190a90d4785be6906bf83a72a9d38edcbb4b4f72a9a2aebfca4ea0753eac69e68ee4b555c072d1eee5dcfd209c4abf619102265ba914c9f,common_voice_ca_33901638.mp3,31acaab4ac8482a5ec1760ba455fb5ad6571e45a03e01146c3772b8e6c117697,El vint-i-nou de febrer en Pep i en Josep iran a Berga.,,3,0,,,,Balear,ca,,balearic,common_voice_26_ca,train.tsv,cv-corpus-26.0-2026-06-12/ca/clips/common_voice_ca_33901638.mp3
79987c7514fcc2f5b17ad6b3a8871db730610523adefe535099ba0058a534fd3f405814202487ba7aa9c104ac571e837ef666eddf8b23f50bad1cff78693d514,common_voice_ca_37766385.mp3,7f78e12733a102f0a202fa03ff6dc00509d9bfbda41487c0567ed1036d51085c,L'objectiu és difondre els punts de vista i la cultura anglosaxona.,,2,0,,,,Septentrional,ca,,northern,common_voice_26_ca,train.tsv,cv-corpus-26.0-2026-06-12/ca/clips/common_voice_ca_37766385.mp3
84d79206c1e40f83fb8b1bb0ca219fcffdbd794102e79ea05c7dba178935e4606ab6d55a3d203b0d8e7c3e5a6d2bb8224f24b7e94ed16fa81a76e0b136ff3b16,common_voice_ca_17367546.mp3,70d74b627683631c0e99c49e2adf27c56935fb71f98a6b3deac2c574bc170e3f,El meu.,,3,0,thirties,male_masculine,valencià,,ca,,valencian,common_voice_26_ca,train.tsv,cv-corpus-26.0-2026-06-12/ca/clips/common_voice_ca_17367546.mp3
c4034d52d21c475bfc0be93cbc9f02368f578817f838c25abd702e39d477a45f551db8b839f00bbe9c9aed5511ce1f083f8cf1add51797e85151bd324a2de6b7,common_voice_ca_32119771.mp3,781497bf972fc134acd60ba17cb4de3b3b243e165ebb501136e1619096a18f6a,La tiama es renta les mans.,,3,0,fifties,female_feminine,,Central,ca,,central,common_voice_26_ca,train.tsv,cv-corpus-26.0-2026-06-12/ca/clips/common_voice_ca_32119771.mp3
adacb03db06fb0eb8def5bc9900fa93e0712379c5ba92ab4d0aab565ec71889de36f5c88b437ab43878ee67f01837b3f0cc6d488fcbc450d07b21c8bdc0aa8e2,common_voice_ca_33510177.mp3,21c942d0911b0f74d7067330372f05f3c5d29547bf5a88b88f52c1a6c3052d2a,“Ens dolen tots els abusos que s’han produït en les nostres institucions”.,,2,0,,,,Balear,ca,,balearic,common_voice_26_ca,train.tsv,cv-corpus-26.0-2026-06-12/ca/clips/common_voice_ca_33510177.mp3
b8e36549b339f8d7a0beb29824976c3c1bcc764bd0e8155ebe1e0ea0fa17f2137cf0c3e6d3de47a4ef9b62c34ceaee3660cab406eebfa8b910cde4e73c44e687,common_voice_ca_27554085.mp3,43c1555cd06b0acee08ff896463589c7a2378d3d520a2540baeff7ab5980a1a1,MacLane va passar la resta de la seva vida als Estats Units.,,2,0,twenties,male_masculine,,Septentrional,ca,,northern,common_voice_26_ca,train.tsv,cv-corpus-26.0-2026-06-12/ca/clips/common_voice_ca_27554085.mp3
0ea16212791c523060d5fb6576519e4eb78e7ddda4a27e48d90f976f57ea3d462b27abf10089704cf836649accab77d472b44f5ff96ef0c76877ffc15944f6c8,common_voice_ca_31135841.mp3,f13aebbe3d6b03309608d81969778e5a1705f8266685954ff5a513035939c1b3,Clavar una agulla a la roba.,,3,0,,,,Central,ca,,central,common_voice_26_ca,train.tsv,cv-corpus-26.0-2026-06-12/ca/clips/common_voice_ca_31135841.mp3
9066801d6ea9e4a7fb62b7b0a77e7d35a0c15420776e63356c290df33f1c5e005bd711a408a0443f0b5b08608488dd9934fbabe22b7d1948e3bdfc5f0e91e07c,common_voice_ca_31336797.mp3,0988694bf154d143fa30d0ed1f71a98bc0a8b0086e4310eefc152b966236f9cc,També es va crear un banc d'exportació i importació per tal de fomentar el comerç amb la Unió Soviètica.,,4,0,,,Tarraconí,Septentrional,ca,,northern,common_voice_26_ca,train.tsv,cv-corpus-26.0-2026-06-12/ca/clips/common_voice_ca_31336797.mp3
bdd1b47ce29b646516e4a4b340094feab0e8930daf97cd937e184a420467c48bedc28154d825fd129693106087716f82df9b17ffa34e516c4165724dc12cbca3,common_voice_ca_17479129.mp3,155f04b08e75e43281a13d409339018eb1f072c2861c8a829862bf9a3bc02299,A les persones beneficiàries se'ls entregarà divers material divulgatiu relacionat amb el programa.,,3,0,twenties,female_feminine,,Nord-Occidental,ca,,northwestern,common_voice_26_ca,train.tsv,cv-corpus-26.0-2026-06-12/ca/clips/common_voice_ca_17479129.mp3
40075ea7c6e458a19c0c6b8de4bdcc3ec31df4ef3ace231161f19114ca5232a6b505056ac237f8c58275b2e5b539014b86189b1d7cb757b5ff6d7fe3cbcc2506,common_voice_ca_37601871.mp3,547ec18e3470cd7f440b879f6b90a692628f66b2182b8d7306f93160cae83fd1,El rosari s'ha de resar el temps de coure el sopar.,,2,0,,,,Septentrional,ca,,northern,common_voice_26_ca,train.tsv,cv-corpus-26.0-2026-06-12/ca/clips/common_voice_ca_37601871.mp3
265307c336a7589391ded724eeb61b46ddccec87226efeca7b0cd10c0659ab21eb3bbe434831ad4078733a4c780d2ac6a109db42da6858e54ca9ec1e4f2925b9,common_voice_ca_31287095.mp3,02b530c191c30bfe910eaa9706c6d2102ceb41847576b9b51a1978b2e717ea8c,Obertura de la boca força curta.,,2,0,fourties,male_masculine,,Central,ca,,central,common_voice_26_ca,train.tsv,cv-corpus-26.0-2026-06-12/ca/clips/common_voice_ca_31287095.mp3
77cd12af0a3d1d8cb64dd577bd2d50ac057d816694e8bc04089a6adb90e53ad6cbe9fe6aaf52596450e0c8178d8f9b88a545b27adcbc89bddf4d7c4bc4dd31fd,common_voice_ca_33048718.mp3,3c3bbacd3fb04155cd90d2e7e9a42afa93c6a4d3640e68ab129b7bddb4596709,"Quan arriba, descobreix que el seu germà ha desaparegut.",,6,0,fourties,male_masculine,mallorquí|Inca,Balear,ca,,balearic,common_voice_26_ca,train.tsv,cv-corpus-26.0-2026-06-12/ca/clips/common_voice_ca_33048718.mp3
9f1afd79e6aecbb20b862331a21b66e410f9a340405059ce47663e9da68b4463cf2de7b9fc3af6909c1ab800b9a0b883ec1877f557c64e753101f3a1497644bc,common_voice_ca_30819045.mp3,8d25e354ce0f3ddc00c1fb29dede06c5706ae8b870530e7863a0bbb5f620cd34,Tots es van dissoldre un cop van estrenar el darrer disc.,,3,0,,,,Septentrional,ca,,northern,common_voice_26_ca,train.tsv,cv-corpus-26.0-2026-06-12/ca/clips/common_voice_ca_30819045.mp3
4a6bad1e8fd16f2a0f87bc990eb8baed371accabad2d1073dc9cb7738af65d8106acfe99ce957dafba0c6e52c2212fd511b6d1fbd920aa17b08e958e35835c6f,common_voice_ca_17456102.mp3,132455c9ece92c3ea0b7d885e1e23f69dfc0c265343d3a52a70578bd8d87eebb,"Qui menja sardina, que cague l'espina.",,3,0,twenties,male_masculine,valencià,,ca,,valencian,common_voice_26_ca,train.tsv,cv-corpus-26.0-2026-06-12/ca/clips/common_voice_ca_17456102.mp3
b5fc7461c0713292e1a706d6892acce90fd686ddc76af7048579d5721583007682b6916b141e62b566eaca33e0211774f221d1d7e56d7b8c81186a8cdd61309f,common_voice_ca_37567496.mp3,eda069d637d21946aaa77320e00b6082d1e7eaa73e24ad5e6e38141b9b2e6911,Donar una ensopegada.,,2,0,twenties,male_masculine,"De Binissalem, amb s'è i mallorquí",Balear,ca,,balearic,common_voice_26_ca,train.tsv,cv-corpus-26.0-2026-06-12/ca/clips/common_voice_ca_37567496.mp3
f1d5c9e02521af8910821aba0cf9117bdb3905dff12e962365c9c90045df70d95613bacf692a84de2e9f99b39de556a44b2c953d57f05b4eae2d0e74ef93600a,common_voice_ca_40130084.mp3,dd3fddc07dc2ed6e285d0ff3bd165357b7f39a0b5ae7331f381b88a2a6dd97d6,Qualsevol altre retard en el procés de pau seria inacceptable.,,3,0,,,,Valencià meridional,ca,,valencian,common_voice_26_ca,train.tsv,cv-corpus-26.0-2026-06-12/ca/clips/common_voice_ca_40130084.mp3
51c11eccd83cfec93c59dae87eddb5722fc9e5534b09636a3ce36a18e74762f728b3c5cd1046a5f58b646bc8897c3eabcf14fe943b7697f08cc583c72890f012,common_voice_ca_31232775.mp3,faf6425a7cd7563f37bc2c837795069fe9e156799e0cbef692629f8da8eca1ff,Algunes de les vistes són espectaculars.,,3,0,,,valencià,Valencià meridional,ca,,valencian,common_voice_26_ca,train.tsv,cv-corpus-26.0-2026-06-12/ca/clips/common_voice_ca_31232775.mp3
f33dfff706b6ca4bb4225d8d462a5a8df8a39177bebc71fe3b1b967557223f7608989d6a8c2992bcb4a36c846e977fa379425753b880690ae2120e888bbb01b2,common_voice_ca_30840723.mp3,94cde784bfa9bc5b59170cdc89580b7dba832089eed86cb61731b9f5bb7df684,Les rampes de Chandos Street es van traslladar a Brook Street en aquesta època.,,2,0,,,,Septentrional,ca,,northern,common_voice_26_ca,train.tsv,cv-corpus-26.0-2026-06-12/ca/clips/common_voice_ca_30840723.mp3
98c0b8ebec2e2ce3bd87e8b347810ba6a48688de1d95b46894fd91724959bdb2911a1b4c77fdce4f5a32aaea6a515dc40c508f71b485b69ac91d7ed287644d3b,common_voice_ca_37855368.mp3,86db1f9fa2d24d2966d6979fc3213ab7762e2a1643e34ca69461c534dcd01b16,El nou d'octubre en Quintí irà a Mieres.,,2,0,,,,Central,ca,,central,common_voice_26_ca,train.tsv,cv-corpus-26.0-2026-06-12/ca/clips/common_voice_ca_37855368.mp3
26527c84247bb0804a7c264edb42b23f55e96abd5d4b2981ee1808c4ae4978feaca988dd9645afc1b6e6dc65dfb5563b3b5eb47656a4d97feb5b289d74c287eb,common_voice_ca_36839543.mp3,5d29b3e81aa4c52b299cfc367cf8ce47729112c8e3d81daec59c7f890c38ee23,Una dona i un noi que està sostenint raquetes de tennis caminen un per l'altre.,,2,0,fifties,female_feminine,,Balear,ca,,balearic,common_voice_26_ca,train.tsv,cv-corpus-26.0-2026-06-12/ca/clips/common_voice_ca_36839543.mp3
110ca2a81f7cd0de47f6abe2307c142e480b4dfa03aa00f08471ffbb181d416d1ee8b0703af74e45c67ea544c431dca69035d8e8e25aa288b84f41f48dadca3d,common_voice_ca_21333381.mp3,4bd7ee11f2dfed979dd8e8cb69ca712c7be235fe85e979e1ed1ac5e44e2b300c,Ha dirigit diverses òperes al Gran Teatre del Liceu de Barcelona.,,2,0,twenties,female_feminine,valencià,,ca,,valencian,common_voice_26_ca,train.tsv,cv-corpus-26.0-2026-06-12/ca/clips/common_voice_ca_21333381.mp3
7d638df89f15b05180a1ed64c602db1ef79527fd5c532647316c3b5e6f91d6a444aab0bc7bfe158b7fadbda47d571f25b9bd67da4d3db114755d8205d46143bd,common_voice_ca_24923217.mp3,07a90307b8482bbb69e47b3d93eb6930407590a9d3fb686acb610ff03beb2109,Les sospites d'Adele no han de trobar cap verificació.,,2,0,twenties,male_masculine,valencià,,ca,,valencian,common_voice_26_ca,train.tsv,cv-corpus-26.0-2026-06-12/ca/clips/common_voice_ca_24923217.mp3
4f8cef110b4f4759b5a99877e92c4c655e922ac2f779ab66deac9693751aadef047931a2105daf5e68bc8199496079bb4b29c2f1e67f566beeef40dd4d062e78,common_voice_ca_37762410.mp3,7eb8662594b77bf0a6f14d87e755e7ef9c357e733e6dcae22ed74cdb2b7038b8,"Si l'oli vols conservar, sovint l'has de trasbalsar.",,4,0,,,valencià,,ca,,valencian,common_voice_26_ca,train.tsv,cv-corpus-26.0-2026-06-12/ca/clips/common_voice_ca_37762410.mp3
bbb80ba87bd8163e4b4ce4da07395e1059714928987ab213fd81743ed289512841bf79467aa7656f39238258f4ae7b5c6e0a5f57deb92c91398324197b2fa17c,common_voice_ca_31359761.mp3,0e0fe2cb636c7834c6bc2f229196539900ae2044cf05c6d63d8747d26b5127c2,El cordill s'ha embolicat: ajuda'm a desembolicar-lo!,,2,0,fifties,female_feminine,,Nord-Occidental,ca,,northwestern,common_voice_26_ca,train.tsv,cv-corpus-26.0-2026-06-12/ca/clips/common_voice_ca_31359761.mp3
fb9db0ac7f6f7e8e2ae35b47d20d6a0598c53c539ace3cd4f0ce09822d7bc844f4a086652390bb24d7e416de020f199cd945274bb76e635d95fddc26a9b45bfd,common_voice_ca_30845043.mp3,9653ff4c1a31671634a9eea2545e6578694efee7c552369fe7cea2bece01fc06,Per qui està acompanyat Joan Baptista?,,2,0,,,,Nord-Occidental,ca,,northwestern,common_voice_26_ca,train.tsv,cv-corpus-26.0-2026-06-12/ca/clips/common_voice_ca_30845043.mp3
80d87c89983c43a699faffd0c037dc07f1c39029b96141109bdf8bae1f28653e1bee0a6a468b40e1b231280fc86c427061f0e391a4059db1424a2fa03a5d928d,common_voice_ca_40997804.mp3,94abbd6551581e16f1261693f93c8a313e3dcedca0a705cbb3a9a6e1d6a5c676,Amb què lluitava Talos?,,2,0,,,septentrional,Septentrional,ca,,northern,common_voice_26_ca,train.tsv,cv-corpus-26.0-2026-06-12/ca/clips/common_voice_ca_40997804.mp3
459688455ad5a81f0f4619a61b3eb4a0bed7d2cfc61ab7e378d63c8330a965df0b107202edac7bad64b8e3f60364928d7ddc345b929410d7f243953f0ff6b4a9,common_voice_ca_31389282.mp3,136382ee46b25e76184ebedeb21b3eaca0072d8fe55e1efd57a19668ed763594,Com puc anar a Rodonyà dimarts a dos quarts i cinc de set?,,4,0,fifties,male_masculine,balear,Balear,ca,,balearic,common_voice_26_ca,train.tsv,cv-corpus-26.0-2026-06-12/ca/clips/common_voice_ca_31389282.mp3
26a17767655ca9374bf1dd1b7f2ea342670b428ade7cc351aad9e409fa3820ca742f5babeee28e49679961fe1031ca629c5edf1be266f862511c856086514c36,common_voice_ca_32176730.mp3,4e5152d22f520c9245857082f90a8335e9b7d45865a210fdb0f41679aee5e0fb,Feia caure els gegants cervantins.,,2,0,fourties,female_feminine,,Balear,ca,,balearic,common_voice_26_ca,train.tsv,cv-corpus-26.0-2026-06-12/ca/clips/common_voice_ca_32176730.mp3
95c2c4433dd41d7dced5df4673508fb07bc2214f67c327f08a4d666a489c863acd883e9fd72c01070c3b828c8531394363d706e2943439d655d8156aca1e3451,common_voice_ca_30845143.mp3,9632ae9a7ec057ce64bd11fc73c5889ea4ae3a0560d4ad7d5f5e5b418fb943aa,Un jove està tocant una guitarra blava,,3,0,fourties,male_masculine,,Central,ca,,central,common_voice_26_ca,train.tsv,cv-corpus-26.0-2026-06-12/ca/clips/common_voice_ca_30845143.mp3
13d56c39e733c6e0565d12da0bcc8fc4051c044c96614bfd9640d13c0b48c457ff57615c211c1e65abc6ec548cd423a91fdaa47829636263ad1ef9c07a086d2f,common_voice_ca_31854242.mp3,37effea625f1490c78c0be5db6ce55e985261b4280018da901f368167b78843e,Dissabte na Lea i en Marc van a Rojals.,,6,0,sixties,male_masculine,valencià,,ca,,valencian,common_voice_26_ca,train.tsv,cv-corpus-26.0-2026-06-12/ca/clips/common_voice_ca_31854242.mp3
206a196a55bf75a878ca807e71342c91d453423aaeaae1f6a398c8d04af2228acb8ce5e2cb31bbbd4c6bbb90c12dd2ce9b31683de574da8e95c5a05e2967bfb6,common_voice_ca_30768426.mp3,7c0e218802c2eaeec4c8e2b835a1bce122f044feb0761b152ff83d0bf9f6d26c,Com ho puc fer per anar a Vallgorguina sense agafar el metro?,,4,0,,,nord-oriental,,ca,,northern,common_voice_26_ca,train.tsv,cv-corpus-26.0-2026-06-12/ca/clips/common_voice_ca_30768426.mp3
9066801d6ea9e4a7fb62b7b0a77e7d35a0c15420776e63356c290df33f1c5e005bd711a408a0443f0b5b08608488dd9934fbabe22b7d1948e3bdfc5f0e91e07c,common_voice_ca_31336798.mp3,09a69361ca5f07a4c5f3bdb89176f0cc64a2ed8841aa6736645113c34bec82b5,Des d'allí va ajudar a enviar guerrilles absolutistes a Espanya.,,4,0,,,Tarraconí,Septentrional,ca,,northern,common_voice_26_ca,train.tsv,cv-corpus-26.0-2026-06-12/ca/clips/common_voice_ca_31336798.mp3
b0b31bce6e0543b2e569a1438423f5788d0256e84398aa24d500163918cd1af6765f359c5d9707a6ce5a1d99e69194a7e1e471a05bf34ad14bc5c7f0da951a98,common_voice_ca_30923430.mp3,b2b580728c78de0b2ed81b052590d9af3a5553dc54cd969b6c82898444b84db8,"""Maria, reina d'Escòcia"".",,6,0,fourties,male_masculine,occidental,,ca,,northwestern,common_voice_26_ca,train.tsv,cv-corpus-26.0-2026-06-12/ca/clips/common_voice_ca_30923430.mp3
8457984189900b836c262a847910e410608f003d43d78b65b4e6c0ddec58fc63570d90b1ddd8be356855d3d5859194f2743516bcb3a16a842bb330084eaf4990,common_voice_ca_31220433.mp3,f8cd3ddd9c6ff5fb3ea4e3116a9d697c18f23131a7ec32833feb45949c7f23e0,L'editorial del diari va ser impactant.,,4,0,seventies,male_masculine,Lleidatà,Nord-Occidental,ca,,northwestern,common_voice_26_ca,train.tsv,cv-corpus-26.0-2026-06-12/ca/clips/common_voice_ca_31220433.mp3
35c495872d387015eebf1ee53d7237625fd7de7ecb9eedb1accf9bec88d438250bb521c676ad7cc710671ca8c30be16cc4d07ff3bf330b5b990bf968956534a1,common_voice_ca_37838003.mp3,85205d52be1e72991408a1312b917f2d9b031286addad52ba6f7572098d447f6,"Aquesta editorial també va comprar l'edició Més Andorra, també possessió d'un altre grup català.",,3,0,thirties,male_masculine,,Central,ca,,central,common_voice_26_ca,train.tsv,cv-corpus-26.0-2026-06-12/ca/clips/common_voice_ca_37838003.mp3
e446434788701b6ade3495ccb984a820c1ba4cc6de6e7b37501889d2d689e304b00b825fb5eefdfd415b3bd20ad5697fc84f28234f9079ad024766cc3b9b5e4a,common_voice_ca_37591207.mp3,3331c8c53e644b8b40f7492dea1575ad74d31f58769bb9cb487d432564ff1231,No tenir tretze ni catorze.,,2,0,,,valencià,,ca,,valencian,common_voice_26_ca,train.tsv,cv-corpus-26.0-2026-06-12/ca/clips/common_voice_ca_37591207.mp3
c27ba1da6c1b3fde13c18a77cf0854549633fe18cfeb15ca2ea0d084c57eddfbb941e0b449e04a88a66dc51f5651c43268382498492bc130aeb36f7754bfb323,common_voice_ca_35234382.mp3,46081150440501e5ca260e6af53e9b2e7c8b33977d9d78bd24c9d45cabb229f2,Divendres en Joan irà a Cerdanyola del Vallès.,,3,0,,,,Nord-Occidental,ca,,northwestern,common_voice_26_ca,train.tsv,cv-corpus-26.0-2026-06-12/ca/clips/common_voice_ca_35234382.mp3
4946e08edb1db30f98f4ed1cee7f597fd91fad3115e77d63c6fa2b1feaedad8809305dac450f9aa9dcfd11df34ac100a533488c06b020cf567c4c42ffc1572ff,common_voice_ca_33363661.mp3,c749635a51880901ad8f0734e2e2ce57f77db710e2d68ee9769fdc3dddc3ab66,"En aquest primer nivell, els grups serien d’àmbit territorial.",,3,0,thirties,female_feminine,,Central,ca,,central,common_voice_26_ca,train.tsv,cv-corpus-26.0-2026-06-12/ca/clips/common_voice_ca_33363661.mp3
a3d94c2b5d1157297657bd1864d820240e75a59d08f38dff1e5c64fe5b6aa1872728cdb91869d3cd6dae5572f310777c4394bcbbaa8497a9026fe98f830358d6,common_voice_ca_17519593.mp3,36d904bd0f70bf5f9484f5cfba452541392e97635bfe79e222c1c5944903d044,El contracte no estarà subjecte a cap formalitat.,,3,0,fourties,male_masculine,valencià,,ca,,valencian,common_voice_26_ca,train.tsv,cv-corpus-26.0-2026-06-12/ca/clips/common_voice_ca_17519593.mp3
60f6ba00b981bbd8c1dff97f3943fff32f42fb66b2f6e71976e5572f6457f9c5d952d3dfc9c81388d7127d16d6af48cd0464978346ac712ada37a4e4740a42c9,common_voice_ca_38281652.mp3,a62beae4ccc9659c8be492a0fbf8826a2e63ff8ee31558dbc83fe813a41384a3,"En comparació a l'escultura, la seva pintura és un poc inferior en mèrit.",,2,0,,,nord-occidental,Nord-Occidental,ca,,northwestern,common_voice_26_ca,train.tsv,cv-corpus-26.0-2026-06-12/ca/clips/common_voice_ca_38281652.mp3
6bc377b7e95c94a750885fb3982cc69b4e98b35af5a224932eaba44c89dd9cc1a219024b20932dd28b92a27900a8e20a7469d132dde3bda9a1d71055c39aee27,common_voice_ca_30882854.mp3,a3d2d866bf4b4e099da51f0cada60eeb65d297f785dc117fee06a62a1957091a,Volen que aquells ninots parlin el valencià més normatiu.,,7,0,,,,Septentrional,ca,,northern,common_voice_26_ca,train.tsv,cv-corpus-26.0-2026-06-12/ca/clips/common_voice_ca_30882854.mp3
b9a89ca103420d9f17176feb70ffc68cbc5356c57151f98738c35d7a412ffda3813c9396cf450a7b9fdb4bde5d23b0a661d5e7c066b6ca4b4003edb455fae04f,common_voice_ca_31795779.mp3,1f737eb3bfcb24d2600d218b69f88e9e24d1caef6044ddc60e70a09cb6373d44,Demà en Bru vol anar a Castelló.,,3,0,,,,Nord-Occidental,ca,,northwestern,common_voice_26_ca,train.tsv,cv-corpus-26.0-2026-06-12/ca/clips/common_voice_ca_31795779.mp3
60f6ba00b981bbd8c1dff97f3943fff32f42fb66b2f6e71976e5572f6457f9c5d952d3dfc9c81388d7127d16d6af48cd0464978346ac712ada37a4e4740a42c9,common_voice_ca_38281649.mp3,a661bbde340967b71ddd4def5b0ddf548b9674940c07ff9b48bc19f954db97a1,"En general, la construcció està arrebossada i pintada.",,2,0,,,nord-occidental,Nord-Occidental,ca,,northwestern,common_voice_26_ca,train.tsv,cv-corpus-26.0-2026-06-12/ca/clips/common_voice_ca_38281649.mp3
1e272b6983c53e36f1dc82fc576631162d08662cbbe2a74238b7a30b342bd44fa2e769bb0d0398afb0cb1a6e228697b2eda803f5cb53bf28cc3f5e9006a8ce34,common_voice_ca_17523742.mp3,15bfe89b328c25651e068da1e12e9e66ab26bb1d49c7172143330e306516deec,"Lluna nova, vés-hi amb un cove.",,2,0,sixties,female_feminine,,Central,ca,,central,common_voice_26_ca,train.tsv,cv-corpus-26.0-2026-06-12/ca/clips/common_voice_ca_17523742.mp3
70caf79a6b1b8ff3a11969638d9b352df26e20d5e5ce26e7d7fe0dc18e18fa99fa15b180d8b510e4d6ff869eb529226d58eec649467817723bcac344c8059ee4,common_voice_ca_30762384.mp3,790e3f7da7d2da5d00d4d4c9bafb5feccc0a04b6579d349dc8e0510cb24c24d5,Vull passar-me al projecte Movistar Fusión.,,2,0,fifties,female_feminine,,Balear,ca,,balearic,common_voice_26_ca,train.tsv,cv-corpus-26.0-2026-06-12/ca/clips/common_voice_ca_30762384.mp3
b15280ab1cd085208970d2471b15bb5718d3df6f1f737edaaa89374960fc00681edc55c14bf837ba1b66eef022dc1d004aafce32391f9cc296716c28d07980a8,common_voice_ca_38846262.mp3,c473420597ab3885122eabfed69661806104375e872c387ac2109894f2838ab6,Aquesta mena de llei ha sigut aplicada escassament.,,2,0,,,,Septentrional,ca,,northern,common_voice_26_ca,train.tsv,cv-corpus-26.0-2026-06-12/ca/clips/common_voice_ca_38846262.mp3
de16763b08989247481ab95b1f9cc0271e5f1b346f96a2ddbb632774948f060329ed8b46b84a37e79fde815aedc66ef709a883809b5922a3c2d0951ff46785b8,common_voice_ca_17510513.mp3,3342a01219cc4ed3caebbf1209a52f2ca251bdfa540a834caab3560c5759ca1b,Sabia que vindries.,,3,0,twenties,male_masculine,,Central,ca,,central,common_voice_26_ca,train.tsv,cv-corpus-26.0-2026-06-12/ca/clips/common_voice_ca_17510513.mp3
aa8eb38159cf771b1f6f3778e2f6f9b66588dbfbc2345e28e11406514a6dc77f241aab0f341bee52d361132bdbaa9f02aa0411e87d47733b18a6d8eba443d2ba,common_voice_ca_37651206.mp3,7aa788f4aeab37a7069ea2a99cac935ccb5717d3d37a841151d822f0a3d43f6a,Serví principalment a l'interior de la ciutat dels Joventuts d'Addis Abeba.,,2,0,,,,Septentrional,ca,,northern,common_voice_26_ca,train.tsv,cv-corpus-26.0-2026-06-12/ca/clips/common_voice_ca_37651206.mp3
e4a791496341a07bd6f3a4eb166af8ddbf537ad054b36e5c6e095c9cfdb47a472bdc51d8cc0a91d5bdaf8fb3bb00f3e733bf12e9045e7f8afea5232bab17100c,common_voice_ca_38101722.mp3,98beb70d6a7ec46519c9e01c8374c8284cb515bfa4ad9b1e72e9ac12d1e02a78,Es troba des de les Açores fins a les illes del Golf de Guinea.,,2,0,,,balear,Balear,ca,,balearic,common_voice_26_ca,train.tsv,cv-corpus-26.0-2026-06-12/ca/clips/common_voice_ca_38101722.mp3
951d083c878fa72c30104e5ab547dab19da24d6b1c9c41277976c789f5d6d4ad112f1b61391509eae78a1b65556a73d9f963d9f829ffed3446a045b62d0711df,common_voice_ca_21774950.mp3,65c70683ce56641eb051f28f50e38d23a999b64f213ed96a09a90cd31d39ceee,La casa presenta planta baixa i dos pisos.,,3,0,fifties,male_masculine,valencià,,ca,,valencian,common_voice_26_ca,train.tsv,cv-corpus-26.0-2026-06-12/ca/clips/common_voice_ca_21774950.mp3
25f41a5ca387534a4b301325641d3206e7235ffe4e16cf22b992a4f2e9963a0a9961b79a58e453b42559039d7e6d5ca1ea96b00e8e0a1e8ad05f997d68344b10,common_voice_ca_19104102.mp3,e67137f36bfffd835441505667c99baf7a978489129b3d5f0646d62321417cd4,Que t'has tornat boig?,,3,0,twenties,male_masculine,,Central,ca,,central,common_voice_26_ca,train.tsv,cv-corpus-26.0-2026-06-12/ca/clips/common_voice_ca_19104102.mp3
c360f75d0300534296dd7403309ee308f91818471d388f6add981043729782dc540e2273238350a81aee19365fb58349bd74008256066e961a1bcbd1fa769bb6,common_voice_ca_31964497.mp3,571a97d842fa3228493518fb2ce7b1c6bfc9f47b2eecfae75127ed78468da6ea,Demà passat en Miquel i en Quirze aniran a la biblioteca.,,3,0,thirties,male_masculine,,Balear,ca,,balearic,common_voice_26_ca,train.tsv,cv-corpus-26.0-2026-06-12/ca/clips/common_voice_ca_31964497.mp3
e47ba84149ba38207e7afbf7dd42eb2cd9f211ffe9e3f77b0d01f290ce5020039a39fe44b8156c122b41205afe53cb26f200f5d56156e45eb47a8f4f4b5497f0,common_voice_ca_33486327.mp3,15e9e3a02c3bfba15b31e9bd2360b6fd91aecf72c4e383362643870953abe8a1,"Durant aquest any ha crescut molt exponencialment, ha estat un èxit difícil de discutir.",,3,0,thirties,male_masculine,,Nord-Occidental,ca,,northwestern,common_voice_26_ca,train.tsv,cv-corpus-26.0-2026-06-12/ca/clips/common_voice_ca_33486327.mp3
8d51028ac1e2f3eb980daec5cda1dec591001831416afa7ffc0d8c6b6f9e7a18d15f5f8fd47b84de71e6606bffd89f5847d7b20098a5fb8ef526bee9a3127ac5,common_voice_ca_30496280.mp3,597efc1e49a66df75bd1eef66938f10822f1893a813ff38803179f90d2deaab3,Com puc anar al passatge de Morenes número setanta-cinc?,,6,0,fifties,male_masculine,valencià,,ca,,valencian,common_voice_26_ca,train.tsv,cv-corpus-26.0-2026-06-12/ca/clips/common_voice_ca_30496280.mp3
be3e326da717a6cf7cf21997ba19639f72403ae6da49cff888f55cedd7c60919b2d262eebb5e7d5095f8462cfff23631f6ab04a58d3af71e097535b24ee3ba5d,common_voice_ca_30805676.mp3,889e048473e526894a0f8320e08fb1f371652b1ec60034ee57edc749960f6576,"Busca""m el llibre que es diu Suffer.",,4,0,,,Lleidatà,Septentrional,ca,,northern,common_voice_26_ca,train.tsv,cv-corpus-26.0-2026-06-12/ca/clips/common_voice_ca_30805676.mp3
80d87c89983c43a699faffd0c037dc07f1c39029b96141109bdf8bae1f28653e1bee0a6a468b40e1b231280fc86c427061f0e391a4059db1424a2fa03a5d928d,common_voice_ca_40997808.mp3,930a59b191be7b21483b8d043cf629a237b19542af7bffdcfeadb1600b3028ab,Què va anar a fer el dia següent en Melrosada?,,2,0,,,septentrional,Septentrional,ca,,northern,common_voice_26_ca,train.tsv,cv-corpus-26.0-2026-06-12/ca/clips/common_voice_ca_40997808.mp3
27673fc44f7d16cc4aee52fff2cb79cfd1c44cc75cc4c922a4571383503672ab246507df94551e3be78247a7b6d2764a5e065f57fd02ce59e6bb40987a105b4a,common_voice_ca_32587592.mp3,1b2bf7634930a5345528cbb9553ecaa301ce8032a24c8ca037f05589207c81e6,Anagrama de Rupit que causa pruïja ben bé al seu costat.,,2,0,twenties,female_feminine,,Nord-Occidental,ca,,northwestern,common_voice_26_ca,train.tsv,cv-corpus-26.0-2026-06-12/ca/clips/common_voice_ca_32587592.mp3
1610e29603954ee12f408eaeb83a5c99781b5efe5f64fdf2e3c5e0ba9756b5b11bfeefda40a787842f7d5da653135043e3f43e7f786499cb51ad6181ef8acc9d,common_voice_ca_21794249.mp3,66bc62e04a316a0f43880630aecc45d61741219ce0747fb837c7115450e0096b,El seu pare volia que aprengués l'ofici de mecànic.,,3,0,thirties,male_masculine,,Balear,ca,,balearic,common_voice_26_ca,train.tsv,cv-corpus-26.0-2026-06-12/ca/clips/common_voice_ca_21794249.mp3
1ef17e5e0923aa6d1ac07e32b4cfd91b459e33b7b5c4445dd66f088966c91c46ce7e0d7be0917b30fed4fca6cc8c7c72adec6859457d3085dcc9f06ad9633fbd,common_voice_ca_32106402.mp3,70dfc43850b06565779abbf7c2b63a4ff51c2f0c0a0f653d101d75a34d8015c9,Dissabte na Júlia irà a Orpí.,,3,0,fourties,male_masculine,,Nord-Occidental,ca,,northwestern,common_voice_26_ca,train.tsv,cv-corpus-26.0-2026-06-12/ca/clips/common_voice_ca_32106402.mp3
aaf8de7f63e0e4811214b05cfd0a57c1ece4f251dcee4cdf0966adb8c0f17e262d8f871220b3cb6e766c71f676772f58f0791a178c18e418f831fc65afdad705,common_voice_ca_31278257.mp3,015f5a35e4ddf970ef34a7b82e832c127242295a945ba38b90c75f9f4ffc28ac,Subsisteixen encara les mateixes causes de disgust.,,4,0,,,,Central,ca,,central,common_voice_26_ca,train.tsv,cv-corpus-26.0-2026-06-12/ca/clips/common_voice_ca_31278257.mp3
e04cbd4307c7e5ef6d5d138feee440a220d8f45eac00a567b9bd33b6f5687b2b7312e131bd7ba26cfd6a344d0580f4aa0772851a0a30c8296bb542478ba1fce1,common_voice_ca_17478612.mp3,3c6dd43abf1f2f27e17d299967c2e10011880b0d44c53ea9aff2769cfc1a961d,Porten un gra de blat que és més gran que elles.,,3,0,twenties,male_masculine,,Nord-Occidental,ca,,northwestern,common_voice_26_ca,train.tsv,cv-corpus-26.0-2026-06-12/ca/clips/common_voice_ca_17478612.mp3
98c0b8ebec2e2ce3bd87e8b347810ba6a48688de1d95b46894fd91724959bdb2911a1b4c77fdce4f5a32aaea6a515dc40c508f71b485b69ac91d7ed287644d3b,common_voice_ca_37855369.mp3,86cc70deef62116b5de47985f800c212b7bb43350fd5f7488232976e756880fd,No valdre-li coples ni penyores.,,2,0,,,,Central,ca,,central,common_voice_26_ca,train.tsv,cv-corpus-26.0-2026-06-12/ca/clips/common_voice_ca_37855369.mp3
8785bd6a0a2827968fb07a4aab4a0247abe47601ff44190a9f2731b560f47b1f9b4760e77ce80316b8e3191e4139aab9acda468dce858acd7c42f1e7a724902b,common_voice_ca_31207839.mp3,f6c6d25e5bdfaa365c916544ea168a768625825cbb1ee7b5bdd68f91d45a7d83,Albert és natural de Forès,,4,0,fourties,male_masculine,menorquí,Balear,ca,,balearic,common_voice_26_ca,train.tsv,cv-corpus-26.0-2026-06-12/ca/clips/common_voice_ca_31207839.mp3
5373d9b5ddba5b3c9b74f66afc69eb5e2c2be533b6326125a45ecf198b498a83017c558851b0513fa1a120cd78155a5033b794b59dc88997622f1ac06db2f570,common_voice_ca_31929936.mp3,4ce0ffcf3b6522a376b393443f34722e51e104a7696af041df4ef61561b2ec37,El deu d'agost en Guillem i n'Hug volen anar a Titaigües.,,4,0,,,,Septentrional,ca,,northern,common_voice_26_ca,train.tsv,cv-corpus-26.0-2026-06-12/ca/clips/common_voice_ca_31929936.mp3
8f78b4eaeb9dd44b6459e50a615ad298d58b8b059192a3d84a6ab9f3ee31995fc5f2d9a5cc53f04ec3367fd662bc566bde33cc614cf65f9a71acafdade0e3d3a,common_voice_ca_20499810.mp3,2f1c761481f7b8d6932151f520f84d1a6c8d82d5c3c5774073519526cee94355,"Però Nogués aconseguí trucar a les forces franceses properes, evitant així ser la seva captura.",,2,0,thirties,female_feminine,,Central,ca,,central,common_voice_26_ca,train.tsv,cv-corpus-26.0-2026-06-12/ca/clips/common_voice_ca_20499810.mp3
98c0b8ebec2e2ce3bd87e8b347810ba6a48688de1d95b46894fd91724959bdb2911a1b4c77fdce4f5a32aaea6a515dc40c508f71b485b69ac91d7ed287644d3b,common_voice_ca_37855376.mp3,86992384c4459c7729a45964d45f185e37e33ef58bbc7408c656c65482a71a3c,"Després dels soldats, hi arribaren els colons.",,5,0,,,,Central,ca,,central,common_voice_26_ca,train.tsv,cv-corpus-26.0-2026-06-12/ca/clips/common_voice_ca_37855376.mp3
dd8068a400119e6797c71b945d381d7f4b68c0806e749c8a8df42764541332dd550b4883f688e6aa9f8dbdc0a2abe2845dc0c76163e3bcc3019b27a81e945c8a,common_voice_ca_17539378.mp3,391ff4777ccdcab076370a5fe83304d3944bea7532803745c50d3e9224175250,I això les associacions són les úniques que poden fer-ho.,,2,0,fourties,male_masculine,,Nord-Occidental,ca,,northwestern,common_voice_26_ca,train.tsv,cv-corpus-26.0-2026-06-12/ca/clips/common_voice_ca_17539378.mp3
295c26c6a1db0cfe0d7a41bd219c40e9f54b4f333cc6d4acf6b4002d2c01dbc7c22c96d15f991208f28fc374d1fa20f63cf42a9a6eba5da076a4242e7acbe95e,common_voice_ca_40668176.mp3,0ee19ca0f7a1c11f1b8b54c621c74d03bd5a9cf05fb73e15122cbf2ebeec82e1,Les parets són de paredat i estan acabades amb arrebossat.,,2,0,fourties,female_feminine,,Septentrional,ca,,northern,common_voice_26_ca,train.tsv,cv-corpus-26.0-2026-06-12/ca/clips/common_voice_ca_40668176.mp3
e4a791496341a07bd6f3a4eb166af8ddbf537ad054b36e5c6e095c9cfdb47a472bdc51d8cc0a91d5bdaf8fb3bb00f3e733bf12e9045e7f8afea5232bab17100c,common_voice_ca_38101725.mp3,989b9c0dd317636afc7a355cd68ea5c26fd607d5e0c65cdf8ae7bfbe2607ca50,"Rogers és un alumne de la Universitat de Califòrnia, Berkeley.",,2,0,,,balear,Balear,ca,,balearic,common_voice_26_ca,train.tsv,cv-corpus-26.0-2026-06-12/ca/clips/common_voice_ca_38101725.mp3
1b537ba9f00aee8dede17c1a6be09b15fff9ed2a4c466ba3c3dd74059309c9157c3281626d7fc99fd26345776652554c18b4162fb3e3e41bce529f3cedbc33a5,common_voice_ca_30744798.mp3,73766e9cd8f7b68492482d7b18422df7f5a7b1af4ab8be12ec81fdf6bb01cfcb,Altres jutges de l'estat poden trobar-se en la següent subllista dedicada a Altres càrrecs.,,4,0,,,,Nord-Occidental,ca,,northwestern,common_voice_26_ca,train.tsv,cv-corpus-26.0-2026-06-12/ca/clips/common_voice_ca_30744798.mp3
8b600dc4cb8f4a6c8bc2666b13de0a0d4c1a87724becccc80cb9e9f4f6d16b6b6d5eb8bd1f637d421979ff0af04cd3faa55a9b18b8adce58e604dc021b646934,common_voice_ca_31380807.mp3,11cd476e9148ff101a19a5b3cd5b4527e12de88569fa9e12e14ec24ea1dba97e,Michael seu sol al costat del llac al complex familiar.,,8,0,,,Nord oriental,,ca,,northern,common_voice_26_ca,train.tsv,cv-corpus-26.0-2026-06-12/ca/clips/common_voice_ca_31380807.mp3
adfc36159adf953cc5b31b1cbc1601d93ffa05ba1825b3d67a481db5100c9a401783b34ae5338b41ce2b57944d720876a16db8faebca850d95408b79eaed3d9b,common_voice_ca_36957436.mp3,63f1bafe706f2419fdf25e25aab12657e49559e9e099c5f7869924aab9e04f75,"Apunta el sis, seixanta-sis, zero, cinc, vint-i-set, quaranta-vuit com a telèfon del Roger Masa.",,2,0,,,,Nord-Occidental,ca,,northwestern,common_voice_26_ca,train.tsv,cv-corpus-26.0-2026-06-12/ca/clips/common_voice_ca_36957436.mp3
b1cdf65f915e2c32cf4649f2a8420e97034eaa6180c1626efb966b8f3f38d0c656f1a7cc2b571571520fe1b7c6c7e62510f203ac38b60bbc3bc5045d11fabbd1,common_voice_ca_30917116.mp3,b05e582438c5ad5cf17d220daa94e5c0c412d46b1fd474dc63226df9edb1af88,Sam Manekshaw va néixer al Punjab.,,3,0,thirties,male_masculine,,Central,ca,,central,common_voice_26_ca,train.tsv,cv-corpus-26.0-2026-06-12/ca/clips/common_voice_ca_30917116.mp3
8dccfb605c83df1076d2b14598d15a614081a0b1972a28d62e99ee3a373c071e0fb17a28245681a76f481385197a59e44afc8f5e36636ce77a81b4c2a7adae6f,common_voice_ca_32293530.mp3,bf273f29e594e85de8b877e6f75a4e787e00877c462b9404a1c6fc2106bb9388,Per Sant Jordi na Cira va a Figueroles de Domenyo.,,2,0,fourties,male_masculine,,Balear,ca,,balearic,common_voice_26_ca,train.tsv,cv-corpus-26.0-2026-06-12/ca/clips/common_voice_ca_32293530.mp3
8b9cea1a985f62e985f28a0af9cbe8dbc4a1629fba038a4e0e4257151537b42825ea8be440fbab03e9eeb30fe86378ea15c26d93326f9b13abb74cef3dcde4aa,common_voice_ca_37568489.mp3,f0940daf4140a1de06954a6638aaae2adeae5fcb773041001a8c09f71e974be0,"Si a Gerri has anat, te n'hauràs tornat salat.",,4,0,twenties,female_feminine,menorquí|mahones,Balear,ca,,balearic,common_voice_26_ca,train.tsv,cv-corpus-26.0-2026-06-12/ca/clips/common_voice_ca_37568489.mp3
110ca2a81f7cd0de47f6abe2307c142e480b4dfa03aa00f08471ffbb181d416d1ee8b0703af74e45c67ea544c431dca69035d8e8e25aa288b84f41f48dadca3d,common_voice_ca_21333390.mp3,4c4eb6f8f176a7d942a0a882837ae5e10ba0a692fad6d130668783fbfe7769d0,És propietat del marquès de Castellvell.,,2,0,twenties,female_feminine,valencià,,ca,,valencian,common_voice_26_ca,train.tsv,cv-corpus-26.0-2026-06-12/ca/clips/common_voice_ca_21333390.mp3
7b2785d42b6f49f98aab6a1e8bf3425d7d1e54e15b7213b7a72cb6006a5fc7eaa4d318bea3a389046d8c609cf685d0499f98f6e59c7420cef684281362051317,common_voice_ca_31501464.mp3,24ae7895df9b217d3b5d0911c06664e6ab777c22dfb7f046d1500d6532238111,Paul Eber va ser un dels principals oponents philippistes de l'eucaristia.,,2,0,,,,Nord-Occidental,ca,,northwestern,common_voice_26_ca,train.tsv,cv-corpus-26.0-2026-06-12/ca/clips/common_voice_ca_31501464.mp3
b8bde2b8fa282ab90b5f6c7a8af3c36b82d29e71713e454d174c1e9c1eef0873f75a45eda3ed09b0b130d8c1d554b791bdf9f78152f0d906dd7f181f6a5c70a8,common_voice_ca_31247650.mp3,fd2322aa232aaa76bfafdc9d3dd2338969d9ca153ad06ce7946ed139200923f1,Fou immediatament evident.,,3,0,fourties,female_feminine,,Central,ca,,central,common_voice_26_ca,train.tsv,cv-corpus-26.0-2026-06-12/ca/clips/common_voice_ca_31247650.mp3
f30766821d1b495bb6f9c9ca5a802bcaffb4ab03beb9a7ae6cb9d1554d97bff529ccff7f549559b21c46fde9ffd8dd0cd64344e99882aee09f19dc77f1d2975c,common_voice_ca_37637213.mp3,79392f0607185caa8b487552c7f5027b470e80fb7f4874b54af5304a107d3567,Demà en Miquel i en Biel iran a visitar mon oncle.,,2,0,,,,Central,ca,,central,common_voice_26_ca,train.tsv,cv-corpus-26.0-2026-06-12/ca/clips/common_voice_ca_37637213.mp3
2aa75a6e963c05667675f27208926711d3473f11c6554928520938b7a0c693918229fc2d09179841d46a52c6752f9eab8468c55821a2ac828d02365c3f6e0295,common_voice_ca_35142917.mp3,438e435af886496a0308af5621f067c7dd21270bac06bc710d06f33cf6cf56a0,"Això també passa a Taiwan, on la població és aparentment sedentària.",,3,0,,,central,Central,ca,,central,common_voice_26_ca,train.tsv,cv-corpus-26.0-2026-06-12/ca/clips/common_voice_ca_35142917.mp3
294b69b01f9738fc83b6befec1ad328b665f9edc4a6c61370e469b61279df1e519da2faeb6763828abd516da45f4f656a8e2850fedc8fba348df65de8b1c5d0c,common_voice_ca_21089245.mp3,3f066f6cff81f73b9a09ac7661c108470055643bdf394fa2eb2ec9e24ca20e4f,"Està previst afegir a aquest centre; sales d'espera, laboratoris, quiròfans, i sales de recuperació.",,2,0,fourties,male_masculine,,Nord-Occidental,ca,,northwestern,common_voice_26_ca,train.tsv,cv-corpus-26.0-2026-06-12/ca/clips/common_voice_ca_21089245.mp3
d87e98b2c3f59260812443d0a368404de6b874cffd92e77e1dfd6ce6e41d978b86ed5cf5c87f6138076acd9d8cc4d19a59828d9d4945674d83e5f7a7c39a32e0,common_voice_ca_38398131.mp3,afde726bff0b593f1a894d055ad32d1497e850cb09c0ef3a7b701a59e001a333,Capgrossos de Mataró.,,2,0,teens,male_masculine,,Alacantí,ca,,valencian,common_voice_26_ca,train.tsv,cv-corpus-26.0-2026-06-12/ca/clips/common_voice_ca_38398131.mp3
eb4b7c51d4407ab5b1e88529b5c688c9b4a52390978bee845d65e249cedcce08709f7ed1555321ee5ec18a9a333be53a8fd62228ef789e3ca91755b40d5e16c3,common_voice_ca_31862052.mp3,3b44ddc1990312c2c8c700d86d431d7af0d150ca733d9d8191e4cf9ef3726ac3,Divendres na Frida i en Nil aniran a Almoster.,,2,0,twenties,female_feminine,,Nord-Occidental,ca,,northwestern,common_voice_26_ca,train.tsv,cv-corpus-26.0-2026-06-12/ca/clips/common_voice_ca_31862052.mp3
1ef17e5e0923aa6d1ac07e32b4cfd91b459e33b7b5c4445dd66f088966c91c46ce7e0d7be0917b30fed4fca6cc8c7c72adec6859457d3085dcc9f06ad9633fbd,common_voice_ca_32106538.mp3,717e103bb48b517925561fe47688d7d3cbfb28ab505fae4d8324e7a89655e817,Per Cap d'Any na Lea i en Lluc iran a Castellar de n'Hug.,,4,0,fourties,male_masculine,,Nord-Occidental,ca,,northwestern,common_voice_26_ca,train.tsv,cv-corpus-26.0-2026-06-12/ca/clips/common_voice_ca_32106538.mp3
ac65c7953270b4e8ab5356dbb3620504b2ecbdaf7c6153581995dd41e3b4d1fccc5bd345c6ff10c85fe793c4b1e39f9cc72106aa910dd7c62088bf0675f06732,common_voice_ca_38634918.mp3,bcb82afea6a5e347fd4f512661caab7e8c91073628000b56db20f9a84d24b9ca,El seu contingut és controlat pel Ministeri d'Informació d'Egipte.,,6,0,thirties,male_masculine,central|valencià,Valencià meridional,ca,,valencian,common_voice_26_ca,train.tsv,cv-corpus-26.0-2026-06-12/ca/clips/common_voice_ca_38634918.mp3
7ad206da91986f793df17c4f941c13af36cb9328fe788b1aedea57ca4c9160f4e5d047e9e0de94712935ff4f0ce7adb0eb6db3864b299ec6f42f56639958fc3c,common_voice_ca_30858315.mp3,9ad4be8a0cea62a1819eb67cf1ea91de719b112ede33420698124022bcdc8466,Aquesta és la jove.,,3,0,twenties,female_feminine,,Nord-Occidental,ca,,northwestern,common_voice_26_ca,train.tsv,cv-corpus-26.0-2026-06-12/ca/clips/common_voice_ca_30858315.mp3
897c3401b4a35d8fad5966bf8c4dce6d94837c76e46e8131a8bd70527f6e1d8c9f59053d0a56425d7dee71939280ac3c38df14e976f613cb906d7187d6141297,common_voice_ca_23789118.mp3,b289e116b5a3ab083f6dfda840feaeb495202c8626ec50b0a6fb1593e5937ef6,És conegut també pel seu treball modernista a la Torre del Governador d'Alella.,,2,0,seventies,male_masculine,,Central,ca,,central,common_voice_26_ca,train.tsv,cv-corpus-26.0-2026-06-12/ca/clips/common_voice_ca_23789118.mp3
4e9425dfeef8c0fc5fc72aaedd2cd68479ca2fbbd23d8a1860a9c080e4b84a18331e1d5f1ac77422b3770935ada5a75243fe3e8514ddfa50e6f33626b65da902,common_voice_ca_30884580.mp3,a4016bb18906e4142e4ac71d54ea06e418c4cb33d0e70df678cc12ad4ca4b327,Amb quina valentia m'hi vaig enfrontar el primer dia.,,4,0,fifties,male_masculine,De Reus,Central,ca,,central,common_voice_26_ca,train.tsv,cv-corpus-26.0-2026-06-12/ca/clips/common_voice_ca_30884580.mp3
49879eb3db69979eff957258d63e98e9b693fced526a2b9ad68395eb691defb1bb352b5416f4328f67534a7962fe0364c4af8db411be29114a159f4e18bf97c7,common_voice_ca_37567993.mp3,ea98dbbbbcf96b43cbfbcd4cb2f33b3600681e1f4250a0165f76b24be9480b4f,Evolució de les obres de construcció dels edificis i de millores urbanes.,,2,0,,,,Balear,ca,,balearic,common_voice_26_ca,train.tsv,cv-corpus-26.0-2026-06-12/ca/clips/common_voice_ca_37567993.mp3
4cedaa8d96436fd0d2ebdb61d616790a3cb3737d0a93d2ae41d588137c0d3339999d991b7b3c452704be1f5f512ce5a08c0971898fad0ad77f18fd623411cd7f,common_voice_ca_24085540.mp3,cced3ee4eadbc4ddeec5043762a7a0f3e595d2824e87a740259fad804eeb297a,"Es tracta d'un edifici entre mitgeres amb planta baixa, dos pisos i terrat.",,3,0,fifties,female_feminine,,Central,ca,,central,common_voice_26_ca,train.tsv,cv-corpus-26.0-2026-06-12/ca/clips/common_voice_ca_24085540.mp3
8785bd6a0a2827968fb07a4aab4a0247abe47601ff44190a9f2731b560f47b1f9b4760e77ce80316b8e3191e4139aab9acda468dce858acd7c42f1e7a724902b,common_voice_ca_31223211.mp3,f945a75123039f9a933e37b27468b21eb1c0e592a7eceffd2bfb9bbcbd0b993f,Què hi ha al carrer Hortes cantonada Trullols?,,6,0,fourties,male_masculine,menorquí,Balear,ca,,balearic,common_voice_26_ca,train.tsv,cv-corpus-26.0-2026-06-12/ca/clips/common_voice_ca_31223211.mp3
9dc2eb68e919107399b44bdebc316f261dc232dd36112c12096fc8e4c4f98a38d6b6ba93eec025262a2c9b07789be6587a217fb8e95a9cab89b8efb61bbff8c0,common_voice_ca_31249067.mp3,fd5124003a82b907e45fc28900169cafc7fa04688b4412ee1fda2c89f06d2b28,"Sospitant la veritat, el primer company va a continuació per destruir els taüts.",,3,0,,,,Balear,ca,,balearic,common_voice_26_ca,train.tsv,cv-corpus-26.0-2026-06-12/ca/clips/common_voice_ca_31249067.mp3
3e25c487e49b73048e3e0e2789fa48c40860bcc11806e742da5a49dcb2e3e6a9abd69604dc773a51a8156c00f5ca56563f1cbe0a0bad6f15fbcbdae7731df5e8,common_voice_ca_37758353.mp3,7ee38e8e9dcb14d02ec4545eeb5a32d39114d5a5de7a57315652735d9b3365e5,Anna Aguilera i Gassol és una pintora nascuda a Barcelona.,,2,0,,,valencià,,ca,,valencian,common_voice_26_ca,train.tsv,cv-corpus-26.0-2026-06-12/ca/clips/common_voice_ca_37758353.mp3
b9a89ca103420d9f17176feb70ffc68cbc5356c57151f98738c35d7a412ffda3813c9396cf450a7b9fdb4bde5d23b0a661d5e7c066b6ca4b4003edb455fae04f,common_voice_ca_32590251.mp3,1d9525a51403fe6eccf657d90cc7042e2b22ba13bc1490f32ff2379bfad5185a,El deu d'agost en Pol i en Dídac van a l'Espluga de Francolí.,,2,0,,,,Nord-Occidental,ca,,northwestern,common_voice_26_ca,train.tsv,cv-corpus-26.0-2026-06-12/ca/clips/common_voice_ca_32590251.mp3
88dfb9bcdb1b9d85f720b47d3dd6b774656c6a75e0a1f58bd81b81b4efc57c10526195125cfd028442c7deecc56960d480d6e4b5be492a45b76e5262eccbc910,common_voice_ca_31225717.mp3,f953737e9b2652e6558e1469888d19798b03483602a6527dfda4ae8c1f6f99c8,Theo Papaloukas és un altre exemple d'avantguarda de l'Eurolliga.,,3,0,,,,Septentrional,ca,,northern,common_voice_26_ca,train.tsv,cv-corpus-26.0-2026-06-12/ca/clips/common_voice_ca_31225717.mp3
9ee4386eafa52e82cb643e20a6515dee587844d2c4b6c0017bcc561939ed69f0a4b268925838c9be6801cea43e5d970806822d1b9c1d288f20b306078c7bc6fa,common_voice_ca_31456976.mp3,1cf89f23e385b3128745b338a20845dd84e77f328e0bf643135914686cbf7f2b,"Port Royal s'havia anomenat Perrysville, en honor del comodor Oliver Hazard Perry.",,3,0,,,,Nord-Occidental,ca,,northwestern,common_voice_26_ca,train.tsv,cv-corpus-26.0-2026-06-12/ca/clips/common_voice_ca_31456976.mp3
35a724bdfe9ca06b6552bc1ac54da0f15ef5f4032790149316ecf1c195c8501ef5ea1a23760a8e4ad4ee39d8c9f065f9a8af6886a3794d91e72acbac4344e627,common_voice_ca_31340414.mp3,0a7c0fd9722e314cd2fe4fdde2b51cc414ebe516c755204ed0b5d88fa095435a,"El Tribunal Suprem en revisió només decideix punts legals, no assumptes importants.",,2,0,,,,Septentrional,ca,,northern,common_voice_26_ca,train.tsv,cv-corpus-26.0-2026-06-12/ca/clips/common_voice_ca_31340414.mp3
38d00c7f8e340672f35d90524a72667a5bd0aff06c7ca8cac3318eccbb6bf41b07b4e9badcb4fcecfc50c2bb71ac7ba432fdca9a4fdbd4f6a71054da14f06e79,common_voice_ca_39950450.mp3,021a8272ff4cd932533b0d160b144f6e447eb73c185a319213208e2aa278cd99,"A bou vell, esquella nova.",,2,0,,,valencià,Alacantí,ca,,valencian,common_voice_26_ca,train.tsv,cv-corpus-26.0-2026-06-12/ca/clips/common_voice_ca_39950450.mp3
c485c3333dbd05234616bd4b2a8fa96f8861750cb3ffcf4626f45795371e266160af8682cf96eb7ad6b3b35568833cd50bb57b56193a235a564dea1a045dd3f5,common_voice_ca_35120026.mp3,43097e207af839c7f38ce0a15496afd2ea513b37472bae42c5d1f22ac89c1bfd,Es comprovaran tots els treballs enviats per veure si hi ha plagi.,,4,0,twenties,male_masculine,valencià,,ca,,valencian,common_voice_26_ca,train.tsv,cv-corpus-26.0-2026-06-12/ca/clips/common_voice_ca_35120026.mp3
4937e01c9b227da583aa9d4e298b546ef6ace362fff73544364721c76bd9f986d2fc1cde88ed142be30cb4e4f5dd6f5c9809e8f6ef7a42eba678d0648d34c271,common_voice_ca_37910575.mp3,8b46be38cf1c1bfb19dd627adf4d2b51a689b28b0366496b372c1cce2fb6132a,"Va jugar sobretot amb l'equip gallec, on era un dels davanters suplents més habituals.",,3,0,,,valencià,,ca,,valencian,common_voice_26_ca,train.tsv,cv-corpus-26.0-2026-06-12/ca/clips/common_voice_ca_37910575.mp3
f3c811d5547f908c9705854bb11f999c65b1a526bbb5f7c4813df0f9204dc1061c41c2ac825bed6f76415e93b4a78113a25b3c6426b3b7723b89bbde98be1729,common_voice_ca_32196053.mp3,960a8f7504b817647d27c8a8082896de22f744c0fd3a316fe81ad9889a5717eb,El deu d'agost en Jordi anirà a Porrera.,,6,0,thirties,male_masculine,valencià,,ca,,valencian,common_voice_26_ca,train.tsv,cv-corpus-26.0-2026-06-12/ca/clips/common_voice_ca_32196053.mp3
5a97b67f511c43a6181edecf55c4b9fca7cebb7db30405a4cca4c0e5e6f8198288aa774ce0dfd977d1bb8f9cb9c2ecd03f2f9a596e0890fe535048e90f0d5e88,common_voice_ca_37853603.mp3,86a9f2b9ecc15cbc9556fb59817125837d0e0ac4970eabb5083f1ba1366a47bd,Actualment encara compleix les funcions pròpies de cabana.,,2,0,,,,Nord-Occidental,ca,,northwestern,common_voice_26_ca,train.tsv,cv-corpus-26.0-2026-06-12/ca/clips/common_voice_ca_37853603.mp3
7da31de24eb1a13137586d9afb543e66aa6046bd2e9ff53823e16ef9ea368d81e16061f5db878cede34ac9bebc54953f1e327908556f6e9bf5e06a9ac4cf4bf1,common_voice_ca_30847093.mp3,96e2153b0dab40c114f589ee3940eabf4105c5b2a7a5fa4685eb98e93eaea587,Se'ls esquila a finals d'hivern.,,5,0,,,,Nord-Occidental,ca,,northwestern,common_voice_26_ca,train.tsv,cv-corpus-26.0-2026-06-12/ca/clips/common_voice_ca_30847093.mp3
d8909a5b81ba411556609403dc71c366dfae376f6e002c5e43dcaafd6ef53381091afbda6a56f5f9ed536573c6d62258f1339b01a31749253d92a918cb9cfca7,common_voice_ca_30834839.mp3,93073357004e74d7da599c0fbf5bd1ca4c443b31cca2b8ab046eb99d4e45cc03,Eren perplexitats i contradiccions que no podia explicar.,,4,0,,,valencià,,ca,,valencian,common_voice_26_ca,train.tsv,cv-corpus-26.0-2026-06-12/ca/clips/common_voice_ca_30834839.mp3
60f6ba00b981bbd8c1dff97f3943fff32f42fb66b2f6e71976e5572f6457f9c5d952d3dfc9c81388d7127d16d6af48cd0464978346ac712ada37a4e4740a42c9,common_voice_ca_38281651.mp3,a64087a5358dd926bf102302dd8aab777f6be20d524d5ea08c3a598461bd6dee,El vint-i-nou de febrer na Sança anirà a Miravet.,,2,0,,,nord-occidental,Nord-Occidental,ca,,northwestern,common_voice_26_ca,train.tsv,cv-corpus-26.0-2026-06-12/ca/clips/common_voice_ca_38281651.mp3
79dab57f773e28ed929f09aa000de735875cf37cdd8809dbd9e4cdb4474d03c81bc625a7d33d6b5f38f787fd077f0faac4b9c1cedb4541a7f3bc3de86ec99d48,common_voice_ca_31316057.mp3,06b0b040147bf5e05d198db7b7be6fbd5ce26c807294b6fe69ee4a7651640d85,L'existència m'ha obert totes les seves portes.,,3,0,,,,Central,ca,,central,common_voice_26_ca,train.tsv,cv-corpus-26.0-2026-06-12/ca/clips/common_voice_ca_31316057.mp3
c1bafe50eb70a1b65188fac549c6bbe7f641b672fbe9fd08cb64ed1f176efbedeca88f5c295d508e2dbf9b495fe0040bbbfbc4776af0d6cad6576a997db3e4cc,common_voice_ca_23747090.mp3,ae3fed3d71caf057b480578c52232cb31f8b2790f94922d4f67c811d33341b2f,Després va cedir el càrrec al general Quesada.,,3,0,thirties,male_masculine,valencià,Valencià meridional,ca,,valencian,common_voice_26_ca,train.tsv,cv-corpus-26.0-2026-06-12/ca/clips/common_voice_ca_23747090.mp3
f1d5c9e02521af8910821aba0cf9117bdb3905dff12e962365c9c90045df70d95613bacf692a84de2e9f99b39de556a44b2c953d57f05b4eae2d0e74ef93600a,common_voice_ca_40130044.mp3,dd47d391be05d0ada0c8075bd074edb17499c3ef255806bc61a65616f6c12089,Els amants del senderisme hi trobaran un autèntic paradís.,,2,0,,,,Valencià meridional,ca,,valencian,common_voice_26_ca,train.tsv,cv-corpus-26.0-2026-06-12/ca/clips/common_voice_ca_40130044.mp3
4f8cef110b4f4759b5a99877e92c4c655e922ac2f779ab66deac9693751aadef047931a2105daf5e68bc8199496079bb4b29c2f1e67f566beeef40dd4d062e78,common_voice_ca_37762412.mp3,7ecb66b74fb7d00a51548fec4df4c5ac29cca2c3010ec6df147b9ce43cdf7813,Caront no ha estat mai visitat per cap missió espacial.,,2,0,,,valencià,,ca,,valencian,common_voice_26_ca,train.tsv,cv-corpus-26.0-2026-06-12/ca/clips/common_voice_ca_37762412.mp3
e4a791496341a07bd6f3a4eb166af8ddbf537ad054b36e5c6e095c9cfdb47a472bdc51d8cc0a91d5bdaf8fb3bb00f3e733bf12e9045e7f8afea5232bab17100c,common_voice_ca_38101721.mp3,98e925c78ee47b8c65187da7158b44577c8558aacc3f7ca6214d3ae0eb01ae36,"Però tan, tan trist.",,2,0,,,balear,Balear,ca,,balearic,common_voice_26_ca,train.tsv,cv-corpus-26.0-2026-06-12/ca/clips/common_voice_ca_38101721.mp3
5817204189c6965681027eacbcc1548ac8192871f4e4d2a6e11855f4554073fbde5c6d955946da43a95a60575540501aae933a5816c79ca5a4a07f9d29418046,common_voice_ca_37602958.mp3,53ef69e750d92d41a252354490f56d40e738703d7ecce54039d5f9989a061ae5,"Alió, gent de poca devoció. Més s'estimen un plat d'olla, que un sermó.",,2,0,,,valencià,,ca,,valencian,common_voice_26_ca,train.tsv,cv-corpus-26.0-2026-06-12/ca/clips/common_voice_ca_37602958.mp3
533f6b5389c76afae3341f9804195543282d28fb503afd0d810e3f0bb4267ddf5e0c30489003844067f811ce46e1900804c7c2368c3737463b00fc54ed179edc,common_voice_ca_19826431.mp3,0ef0338181b59243b41ca55bed1f13ad52b06c8e354fc824d309107a85252b93,Hi juga com a davanter.,,2,0,thirties,male_masculine,,Nord-Occidental,ca,,northwestern,common_voice_26_ca,train.tsv,cv-corpus-26.0-2026-06-12/ca/clips/common_voice_ca_19826431.mp3
a0af491c763451e72794d696fa2984e66da789fc4a422c93c4710ca5e82ca38b36dfbd0a2638a990cbe838b5e31002e97ef7edb2f80cbcfc3a02c6693b8f3177,common_voice_ca_30759482.mp3,77708b43fae1615815b2f5532f894b6c92ec20ebb6ff1312de24cf65e872c766,"La meva mare es diu Hiba Corchero: ce, o, erra, ce, hac, e, erra, o.",,2,0,fifties,female_feminine,,Central,ca,,central,common_voice_26_ca,train.tsv,cv-corpus-26.0-2026-06-12/ca/clips/common_voice_ca_30759482.mp3
e59ec9d6d0874dc4ccf7f8b6a840167e2b462b860c79cd541582a38112bbb3a04e9b123c280ce03a89a17be85d50889e61f6a3d22a9d2f6937b33b4db55173f4,common_voice_ca_24680758.mp3,dcd0f1501e8720cea4a01ce65159d6bb7349f68603cd283ae04c04ffdd020e0a,Les violacions entre persones del mateix sexe solen ser penades amb la mort.,,3,0,,,,Balear,ca,,balearic,common_voice_26_ca,train.tsv,cv-corpus-26.0-2026-06-12/ca/clips/common_voice_ca_24680758.mp3
e2e95741e5a2cefda6d6bc3b7700fda1032a19a4471ebc939f537c0a8b184092f5591ca94d8c36a9c41f78e68bac93b5c6924b35e3ff362615440376ce92e657,common_voice_ca_30822750.mp3,8ec5cd74e85021e91c084a6b034ffd50f200c55fa7449db132fcdbc76a16446f,L'Església Unida va recolzar fermament l'ala de la Missió Interior o Anti-Grundtvigiana.,,2,0,,,,Balear,ca,,balearic,common_voice_26_ca,train.tsv,cv-corpus-26.0-2026-06-12/ca/clips/common_voice_ca_30822750.mp3
04b7d9f9b93bdefc1177d1f6cf2e51a78bfe741f356035dbb77d1ed46134a8c6534507d4ccf8ebb4e40263655167aecabe6a8c20ffb12fd82559031fc01d6a50,common_voice_ca_30825107.mp3,8f7ce053c2bfb8e7a678e00db68583b7814238dc877be6e1fa97b7c019df0ad2,El seu pare va ser el degà de la Facultat de Dret de la Universitat de Texas durant molts anys.,,3,0,,,,Septentrional,ca,,northern,common_voice_26_ca,train.tsv,cv-corpus-26.0-2026-06-12/ca/clips/common_voice_ca_30825107.mp3
b3480025157f80b54a8ec0282b27baa14ebcf849e06354bb7c4caeed9b00ccd98e433465316ee7a8e92edd7131d002754dff0b7ed8a5a9cefd8452bceaf78696,common_voice_ca_30920482.mp3,b1b417bf0227b5577ee0f43acd437c74ec499d835abaf09addfe4aa33cbf8b71,"Les aspres mans es donen, formant a les espatlles un altre Pirineu.",,4,0,,,,Nord-Occidental,ca,,northwestern,common_voice_26_ca,train.tsv,cv-corpus-26.0-2026-06-12/ca/clips/common_voice_ca_30920482.mp3
8785bd6a0a2827968fb07a4aab4a0247abe47601ff44190a9f2731b560f47b1f9b4760e77ce80316b8e3191e4139aab9acda468dce858acd7c42f1e7a724902b,common_voice_ca_31208878.mp3,f6c4a99b4a6d79d77109360a2d1eb82472fc83aa0c226badf0801c075424f016,Dillon i Stuart viuen actualment a la ciutat de Nova York.,,6,0,fourties,male_masculine,menorquí,Balear,ca,,balearic,common_voice_26_ca,train.tsv,cv-corpus-26.0-2026-06-12/ca/clips/common_voice_ca_31208878.mp3
f03485e5b50b1dd19b420017940c7c6300f3104ef2dbf97bf3f413ad339df91d21ddfcecb3360bcf50a3130f8ca8d661995bb856c0d3b65a524e964d1914c2cd,common_voice_ca_37560967.mp3,dd2b866d8f7d1c531e5f9f2cf21f9a2953b8e444a0ba3cdce5b77057641ca57f,"A Calaceit, bona terra i mala gent.",,2,0,,,,Balear,ca,,balearic,common_voice_26_ca,train.tsv,cv-corpus-26.0-2026-06-12/ca/clips/common_voice_ca_37560967.mp3
206a196a55bf75a878ca807e71342c91d453423aaeaae1f6a398c8d04af2228acb8ce5e2cb31bbbd4c6bbb90c12dd2ce9b31683de574da8e95c5a05e2967bfb6,common_voice_ca_30768676.mp3,7c093a22a1ff3a6800f8933f1b320a5f01f4c16846f62e35470a0887fbb8dad6,"Per la seva mida i ubicació, s'ha convertit en un atractiu turístic.",,6,0,,,nord-oriental,,ca,,northern,common_voice_26_ca,train.tsv,cv-corpus-26.0-2026-06-12/ca/clips/common_voice_ca_30768676.mp3
9721d1bdaf194673098e571ff7989b3653ba564f42efd04695344586f03912d5903d0d07e524c23ac9606f36746163fe84565258439bd96f1027a32e2ef87340,common_voice_ca_32748864.mp3,2543a2e64435ec44db75b68f64623f951e8e2960aca4323887699b1acdc95f1b,Per Sant Jordi na Laura i en Gil aniran a la biblioteca.,,3,0,fifties,male_masculine,,Septentrional,ca,,northern,common_voice_26_ca,train.tsv,cv-corpus-26.0-2026-06-12/ca/clips/common_voice_ca_32748864.mp3
3aa4468cd1ad041bbfcd0622a4f34206d8b993ce6a72bd5d0d35b40bbccf057d5f48544db7ea1fc3a7ec886f3373a819a053c8a87251f2c059d5c3ca8effa7bd,common_voice_ca_27557886.mp3,44dcd0782ab241071d5e8ee04ffb0a8fd1b6de0f1267427696ff0d988295fef4,Les instal·lacions d'Augusto Severo actualment només les fa servir la Base de la Força Aèria de Natal.,,2,0,twenties,female_feminine,valencià,,ca,,valencian,common_voice_26_ca,train.tsv,cv-corpus-26.0-2026-06-12/ca/clips/common_voice_ca_27557886.mp3
472b46a52376dd631c36aeefe66cfb0a1fa215ce4af15651f3a8957141373b6c79dff02a98c35d090e49cd09caac2b007550a97d7b47a7854d6128d1a581d2ac,common_voice_ca_27923177.mp3,4e8033c8ebb65efd7de996a7232a58669b0ad7b4f54fab40670d40f7aad4456f,"No obstant això, ara s'estan introduint elements dinàmics en la gestió del trànsit per carretera.",,3,0,,,,Central,ca,,central,common_voice_26_ca,train.tsv,cv-corpus-26.0-2026-06-12/ca/clips/common_voice_ca_27923177.mp3
e83d48b939323aa85e9711bc1f564200a4f56cd878a124aef2102b89b4dfcf2d6a90b498cf29262c5099373d147c3c8ddb55804476ed7c1ae3e20be12154e59a,common_voice_ca_33417564.mp3,ed65f8f706e6d87ce95d14f1fd90930ef4d76e7aa7f5d37817be8f435808ac45,La pandèmia ens ha ensenyat que o et reinventes o et quedes pel camí,,4,0,,,,Balear,ca,,balearic,common_voice_26_ca,train.tsv,cv-corpus-26.0-2026-06-12/ca/clips/common_voice_ca_33417564.mp3
4f161bf06d5ca9e75c2319699dc02e7a76d950727e6a4dfa09b7222eec4498ccda94d545c6eed7431118e5896e86575355a7e5d4145b11c6d69a93755aa66e1c,common_voice_ca_37638054.mp3,7925e0d67e88a32d29c948fab13cb0f4026bb13024ae937579dafe6180d4e93c,És en aquests anys quan assoleix la major part de les seves victòries.,,2,0,,,,Nord-Occidental,ca,,northwestern,common_voice_26_ca,train.tsv,cv-corpus-26.0-2026-06-12/ca/clips/common_voice_ca_37638054.mp3
26a17767655ca9374bf1dd1b7f2ea342670b428ade7cc351aad9e409fa3820ca742f5babeee28e49679961fe1031ca629c5edf1be266f862511c856086514c36,common_voice_ca_32176583.mp3,53e1661e258948784d87b6a53dd5266c04fd5d7a61be911cbac2ba88fd5245d5,Pal de bandera a la subhasta.,,2,0,fourties,female_feminine,,Balear,ca,,balearic,common_voice_26_ca,train.tsv,cv-corpus-26.0-2026-06-12/ca/clips/common_voice_ca_32176583.mp3
c9c0becfeb78738ae86adfc5d59f3a3d877b6989e1d84562fe73fd55d64784bbc9b2afce3f543c30dac188bf93cc970bd1c779eceb058ece03284c941242fa84,common_voice_ca_24680647.mp3,dcd154e205948af4293d848dd6dfcb940f8e1e609cc4f2d7f9f51860bea65456,"A canvi, li donen uns esclops de fusta.",,3,0,thirties,female_feminine,,Nord-Occidental,ca,,northwestern,common_voice_26_ca,train.tsv,cv-corpus-26.0-2026-06-12/ca/clips/common_voice_ca_24680647.mp3
bc69fd0205ea95e14c0a2752aa3fa5047042741c612c426fb830693b31d68179ffb9d3870efd5092b8a43a451912eb9b3dd6ebcb0320d5affcd4e99642704257,common_voice_ca_37817492.mp3,82e7d5b731fee65da532edf8f2a0f48daf618d1418909b77b9d6093ee6dde3f6,Després fou nomenat director general d'impostos i rendes.,,2,0,,,,Balear,ca,,balearic,common_voice_26_ca,train.tsv,cv-corpus-26.0-2026-06-12/ca/clips/common_voice_ca_37817492.mp3
46513e8760ea724153fcd1accce8325e3b59d50bd1d37082276b35dfdff1caaa22b09f49d85010a21accc25bcbbf01d587efebf7b011ac8226f4c1750e1bbcbc,common_voice_ca_37601864.mp3,57019b73ab1fa87653f1c5f7e1ef6480a2a1952ef042864bcb45d9e4cdd81c20,Guanyar el joc.,,2,0,,,,Septentrional,ca,,northern,common_voice_26_ca,train.tsv,cv-corpus-26.0-2026-06-12/ca/clips/common_voice_ca_37601864.mp3
c1bafe50eb70a1b65188fac549c6bbe7f641b672fbe9fd08cb64ed1f176efbedeca88f5c295d508e2dbf9b495fe0040bbbfbc4776af0d6cad6576a997db3e4cc,common_voice_ca_21702393.mp3,60326f429fbb3ad8ca5fecc087f82bbf820eaf41509e3fe80b938b5abfe43cb9,"Per tant, és ubic a clau menor musical.",,2,0,thirties,male_masculine,valencià,Valencià meridional,ca,,valencian,common_voice_26_ca,train.tsv,cv-corpus-26.0-2026-06-12/ca/clips/common_voice_ca_21702393.mp3
7eeb4664f77e4be186bbf6c320c1f0a620361b357aeb5c1d47b4e1f4d3eefd06c1aa581638be86dc127ba72ef47c0f01070b010fb031cb11c6340f56bdf334b3,common_voice_ca_36861633.mp3,5e620e63dc66df96685a9d7e4633ab2b311dcd4bf8ca07afb73cb57f807a251f,No en quedava gairebé gens.,,2,0,twenties,male_masculine,,Septentrional,ca,,northern,common_voice_26_ca,train.tsv,cv-corpus-26.0-2026-06-12/ca/clips/common_voice_ca_36861633.mp3
49537af2506ea55124b5031787600dbbecae39722d53d65c1b195f4d96fcb4c5543a280afd0c1df53705c2765733d96de52b30c82aeccbedd8f60a115194b7ab,common_voice_ca_36979199.mp3,64dc123883af17749fb09d12828cbe1a81911801344201e2b5274d1f71f82a80,A quina hora passa el primer autobús per Puçol demà?,,2,0,fourties,female_feminine,,Central,ca,,central,common_voice_26_ca,train.tsv,cv-corpus-26.0-2026-06-12/ca/clips/common_voice_ca_36979199.mp3
75a354c28ae167668d3ba6dfc83b1f9e59c0d1a1d29aeef1d28b28f598c047f4c03b07c480ee7862fd09759a8c3ece9009f90d29c7d20ea79b0c85e00b8b0960,common_voice_ca_37576878.mp3,0260b334df8374da7003007db93a64fa977587d170df5f92d262ddbf0d39797f,Tenir bona carnadura.,,2,0,,,,Balear,ca,,balearic,common_voice_26_ca,train.tsv,cv-corpus-26.0-2026-06-12/ca/clips/common_voice_ca_37576878.mp3
4706ba1de4d328dfef254587d0bcef7f0449a4ef927d38f1fce2259319eb9e2bf4a902631b784e04d3f95762e474ff12bcf3473aeccf478314932de33d0b2d1e,common_voice_ca_30842020.mp3,9515e458e90b58a5f1b72d98b5dee64377a648ce019f1ef4aa4ee0bae18c9cd7,Els metges prescriuen moltes receptes per als pacients,,4,0,,,,Septentrional,ca,,northern,common_voice_26_ca,train.tsv,cv-corpus-26.0-2026-06-12/ca/clips/common_voice_ca_30842020.mp3
f10a3f5001a44d04d3d69b3492d3cde1dad94b3437b4be2f7ea2c19b3707ca384ad9724cb03a3978fccc939ce4f4ea40fb7937b3476b0517d187ba86f51f28d3,common_voice_ca_39571514.mp3,cfe5843358dcecfdf7569e75c54e96feffb620c9fda9c84d694496f2631bf080,S'esperava que signés amb la selecció mexicana de futbol.,,4,0,fourties,male_masculine,central,Central,ca,,central,common_voice_26_ca,train.tsv,cv-corpus-26.0-2026-06-12/ca/clips/common_voice_ca_39571514.mp3
441a5b29ade18d0ce68a276cd9b6b999da3b6097962adf5087d6ded038db30a615f4a7ad5388fea32da20a683c5f22ba382af31ec2179ffa1da247178dfe5cf4,common_voice_ca_21847025.mp3,6be71c97161c92437a962f1de477b84fee7482d45612841468e7f04e10c46c34,Van tenir set fills.,,3,0,thirties,male_masculine,valencià,,ca,,valencian,common_voice_26_ca,train.tsv,cv-corpus-26.0-2026-06-12/ca/clips/common_voice_ca_21847025.mp3
667df0e36c2ac7fcafff72ed1df2720cc85c6e8aa97fa38acd697bae4f6951869d1a89fe46fdf0cb63745797ee525b51ba23dd0b75b23c47bd64fb95612e2736,common_voice_ca_37634523.mp3,78c528284fce631c9acf5b6a301f1af4eeb0f827822fae6dee25ebb65f2892ce,Va ser el primer desplegament a l'estranger de l'Exèrcit i l'Armada Imperial japonesa.,,2,0,,,,Septentrional,ca,,northern,common_voice_26_ca,train.tsv,cv-corpus-26.0-2026-06-12/ca/clips/common_voice_ca_37634523.mp3
46098bc705768ba56decc92e627fc907363d2e384241e8df3305944a2a5c707f72d4bf6c029e0352447e7f3a27ee52e1e767a8ed4d1769579e7eb82efb003bbe,common_voice_ca_31317894.mp3,070058358ed0712ba82c552d399524bc81f99c3b1f7f0b439c50d1ecd8fde80b,Fa temps que va darrere aquesta feina.,,4,0,,,valencià,,ca,,valencian,common_voice_26_ca,train.tsv,cv-corpus-26.0-2026-06-12/ca/clips/common_voice_ca_31317894.mp3
091c2bf8b5acbdea9e7719829a24ccbe15f756a3485cef6652c5814fcdad91078f6ef53c19048e5ff201c8331dc8bf9fa69a64dbaef160f3da2222c5be93d85b,common_voice_ca_31183218.mp3,e0065b148ed7be10db9d7e9a830181fdd5fa5408a3a49440fc7e00dbe946b26f,Pere Vidal Sardó és un polític gironí nascut a Girona.,,2,0,,,,Balear,ca,,balearic,common_voice_26_ca,train.tsv,cv-corpus-26.0-2026-06-12/ca/clips/common_voice_ca_31183218.mp3
b3480025157f80b54a8ec0282b27baa14ebcf849e06354bb7c4caeed9b00ccd98e433465316ee7a8e92edd7131d002754dff0b7ed8a5a9cefd8452bceaf78696,common_voice_ca_30921574.mp3,b19674e38e623200570c994298a1d28f6c64b3330ec9571b794c68016cb5b8a0,"El meu número es el sis, quaranta-cinc, cinquanta-cinc, quaranta-quatre, zero, nou.",,3,0,,,,Nord-Occidental,ca,,northwestern,common_voice_26_ca,train.tsv,cv-corpus-26.0-2026-06-12/ca/clips/common_voice_ca_30921574.mp3
5860d0a58f8310ecbb5b21f9ce649a86537eabeae1fdd4fcd7a7d8bca8a16c4c1f18cecd657869574d8993f4f59ef76da750bbab742ced93eda1455d017402c8,common_voice_ca_30973329.mp3,c75f93147502c6c5d26dce3dababbb342349b10c9b98fd2e678f0b4973d6c3c8,El treball dura una hora i mitja.,,3,0,,,,Central,ca,,central,common_voice_26_ca,train.tsv,cv-corpus-26.0-2026-06-12/ca/clips/common_voice_ca_30973329.mp3
96c84c7c66b310b164bb3aa8b0cfa5bde4962f6e040bab0b25c4bfe48ddcdfc268960baec2cfb19a5e7d6c3d72875bfbfc0ac8fdc1b72044a2b9916fee8519d3,common_voice_ca_34972814.mp3,3d4533bbe3a4f3072975f535d5cf9dae33bc0c1b0649a2f9192ced2099857245,Per anar a Benetússer has de fer molta marrada.,,3,0,,,,Balear,ca,,balearic,common_voice_26_ca,train.tsv,cv-corpus-26.0-2026-06-12/ca/clips/common_voice_ca_34972814.mp3
3449d56106b37bb27ccceb1ce5b668c40eeaa4e90d389e03f0b1ba3098b2a6159298cd57279140223b8d5969b8e6394be7e497e67a9ac29cdd299152bfcaf17f,common_voice_ca_38153884.mp3,9c3c75d31350d3237518aa43445cfe28bbb2e8ea931e120a31226359cf39c096,No abans que trobi el que he vingut a buscar.,,4,0,thirties,male_masculine,"balear|aprenent (recent, des del castellà)",Balear,ca,,balearic,common_voice_26_ca,train.tsv,cv-corpus-26.0-2026-06-12/ca/clips/common_voice_ca_38153884.mp3
f6bae72608235f2079672dcf4ecbd58c84873978bb4015fa751a9d82a6f73d949e98cb1e92969cf93a95c37d4042899f72c8dc1973aa7873a86bf44bf75782f1,common_voice_ca_30809843.mp3,8a2296f52f2cabf1e3eccc11e28086254d0b9dd6232a57db41968b389ff4ef78,Quin caràcter té el romànic?,,8,0,,,valencià,,ca,,valencian,common_voice_26_ca,train.tsv,cv-corpus-26.0-2026-06-12/ca/clips/common_voice_ca_30809843.mp3
67cf78b6ac32a0a7d46435961796f65219a42f4e88b51dbcd424a6b164b5d4fca1e63a21d63369854ad4507640c6714aa909ae1d91e21d18fc311a4c82ac72e1,common_voice_ca_37760717.mp3,7ef4362f55ae34c6712413f5944f32740e8d6124f42fd2801242169ca4744925,"Va competir en cinc Olimpíades, fet no massa habitual per a un atleta d'atletisme.",,2,0,twenties,male_masculine,,Nord-Occidental,ca,,northwestern,common_voice_26_ca,train.tsv,cv-corpus-26.0-2026-06-12/ca/clips/common_voice_ca_37760717.mp3
70caf79a6b1b8ff3a11969638d9b352df26e20d5e5ce26e7d7fe0dc18e18fa99fa15b180d8b510e4d6ff869eb529226d58eec649467817723bcac344c8059ee4,common_voice_ca_30760596.mp3,787dceac0639cafca163bb5b46e63a29f206d90e49be3de9cecb042f27efb166,Els Mossos hauran d'investigar els fets que s'han denunciat.,,3,0,,,,Balear,ca,,balearic,common_voice_26_ca,train.tsv,cv-corpus-26.0-2026-06-12/ca/clips/common_voice_ca_30760596.mp3
510790c5f6aafac8a398ef3ca0627eb095cbe5b7d1b1009e90ca468ffaa2fa674f00e0e0b96ab3e0efb94d0b87914b0bd6dc9b95d53d8c0dcad28942e0ff701e,common_voice_ca_37206112.mp3,6cd4b08c23a8f036d0c46adacc78ccdbd1b2100b577a5f512ed795fa9bffbc94,Dimarts na Neida i na Queralt volen anar a Olost.,,2,0,,,,Central,ca,,central,common_voice_26_ca,train.tsv,cv-corpus-26.0-2026-06-12/ca/clips/common_voice_ca_37206112.mp3
5e19fb22705cc43f5bec307c7c85ebe5e436379074f119e2ca86c6718949cbb53beefcfc70bb350675c40155c0b5673d4d68966330c9516029e96d5b77d78e3c,common_voice_ca_33835024.mp3,307ccd55c16430b6c0763f9f110df20c1901873de49faa76513aa8184df159ea,Quina és la millor manera d'anar a Vilademuls amb autobús?,,4,0,twenties,female_feminine,,Balear,ca,,balearic,common_voice_26_ca,train.tsv,cv-corpus-26.0-2026-06-12/ca/clips/common_voice_ca_33835024.mp3
e349bcd56c513c6871b8fc789114c1d88a37bfac546fccf9683ea18d883c2db3a0464be9d0a313575bbfb94b90071dfd52b86b34a31198e37feea7b46932ccf4,common_voice_ca_17460947.mp3,8aefc50f2f02147c21c161d08290519c73a4e2748b3ccab3618ae5bd5bb16c44,"En sisé lloc, destaquem la creixent fidelitat entre l'activitat econòmica i el territori.",,3,0,sixties,male_masculine,,Nord-Occidental,ca,,northwestern,common_voice_26_ca,train.tsv,cv-corpus-26.0-2026-06-12/ca/clips/common_voice_ca_17460947.mp3
8d0085a66d64058fd3c49768bf6703bcd43abe57c1fc40539c08dc790714319b63a6c413a5b92655d6785231e18a3b93b7e831ca098f8554d9c106b571e7e3ed,common_voice_ca_37433715.mp3,11855bbaecf62e6c869764ac3cab063a137bf2da0f10e2e9bc089843c01999f2,Ser cap de caps.,,5,0,,,,Balear,ca,,balearic,common_voice_26_ca,train.tsv,cv-corpus-26.0-2026-06-12/ca/clips/common_voice_ca_37433715.mp3
32e924cad766e548f527602e2ee436b05a7c234a0887f2dc10b0236f4373ee20ce02ff66083b03330f72f7d6396a19abad0de40d4210fe4f2b37057a1541cd73,common_voice_ca_31886777.mp3,4080d2e51431934442bb70f2de413b86a7a678959e28b706bef33397d535cf54,Se li acosta i l'abraça amb la intensitat emocional d'un condol.,,4,0,sixties,male_masculine,,Septentrional,ca,,northern,common_voice_26_ca,train.tsv,cv-corpus-26.0-2026-06-12/ca/clips/common_voice_ca_31886777.mp3
c4034d52d21c475bfc0be93cbc9f02368f578817f838c25abd702e39d477a45f551db8b839f00bbe9c9aed5511ce1f083f8cf1add51797e85151bd324a2de6b7,common_voice_ca_32155972.mp3,8d1bc29fae1d5b82cec2d53672c76473a6d0ef9bcf186c8ea25efd422df7da14,El vint-i-tres de maig na Laura va a Torre-serona.,,3,0,fifties,female_feminine,,Central,ca,,central,common_voice_26_ca,train.tsv,cv-corpus-26.0-2026-06-12/ca/clips/common_voice_ca_32155972.mp3
506a1c258f86da84e3b28e446c4d6393f4900fd7106eecfba1d0ef5252c14e419a19535bc19e525f19d72a1b5aeadeede156f4e923579977d48a4f99db96ab37,common_voice_ca_31048757.mp3,df9cd46b10e2e564590d8d9a4493c8e13ee54f54799f0f5306df89f19f79b67a,Un que roba i dos que ho consenten són tres lladres.,,3,0,fifties,male_masculine,,Nord-Occidental,ca,,northwestern,common_voice_26_ca,train.tsv,cv-corpus-26.0-2026-06-12/ca/clips/common_voice_ca_31048757.mp3
c360f75d0300534296dd7403309ee308f91818471d388f6add981043729782dc540e2273238350a81aee19365fb58349bd74008256066e961a1bcbd1fa769bb6,common_voice_ca_32578260.mp3,1b6eafb93b0132d989829cf805ad4d9ae4f89319af77456bf8df3a96999b4df9,Dissabte na Paula irà a la platja.,,3,0,,,,Balear,ca,,balearic,common_voice_26_ca,train.tsv,cv-corpus-26.0-2026-06-12/ca/clips/common_voice_ca_32578260.mp3
610ee10ef8e19dc7f43f52eb948245a8794548e12e4568214754ced27289e92842b38447a8e8cea5d366e7b939075bcb7795a040f6826079cfc205a7e0066766,common_voice_ca_30916034.mp3,afd2ddf3cd5275c5d1c7edd664e4c6089be4a49e16a16717899c5e9fa14ed43e,A les Fonts d'Aiòder hi ha un castell?,,3,0,,,,Nord-Occidental,ca,,northwestern,common_voice_26_ca,train.tsv,cv-corpus-26.0-2026-06-12/ca/clips/common_voice_ca_30916034.mp3
96211c1c0403461f8683b949d77e542522915fac18da3f719cac351f9bcd8e541236f253c081b6e26d312d4c16bf72a398b39cb4685d60df419cfa4846cd3dd2,common_voice_ca_30819727.mp3,8d0993720201e90c44b210c5545bc52c071a661d476e59ef91688ddcf35327d8,"""""Déu meu, a aquesta hora!"", va exclamar la seva dona mentre ell entrava"".",,2,0,,,,Balear,ca,,balearic,common_voice_26_ca,train.tsv,cv-corpus-26.0-2026-06-12/ca/clips/common_voice_ca_30819727.mp3
075b4a3d089fb0d6efb5b7dfeefd953428f734eb2d4ea26b3be6b03a3a65f71fb98bf2f4852e0db226b0918223f1fc2d386268913ac27a4d761cb44b2e081560,common_voice_ca_37569439.mp3,f3a75d2c333a2431789b82582854adea8b31eb74e4173ff4a9d74863c1f490ca,"Molt camí no fa patir, com fa patir mal camí.",,2,0,,,,Balear,ca,,balearic,common_voice_26_ca,train.tsv,cv-corpus-26.0-2026-06-12/ca/clips/common_voice_ca_37569439.mp3
57fa79b868c0c413fa2429624a8e33321018004e077191aef26c5fb373243ce7b06acf48a1732e0692ee1f8e9b71bddc9683cb35ba8a3852cc19f7bbae568c00,common_voice_ca_32068224.mp3,5eb116a5dc70300dcc0916d128833d8402d503c4b41f97cd1d7c9801cfe8f0a6,Per Cap d'Any na Carlota i na Núria aniran al Pinell de Brai.,,3,0,twenties,male_masculine,,Balear,ca,,balearic,common_voice_26_ca,train.tsv,cv-corpus-26.0-2026-06-12/ca/clips/common_voice_ca_32068224.mp3
2b75eb37645fe01fbf04d53bf1492f003e3e4abfd8282bf74512df42b27a60fccdd6c88fecaee17fabce5fee8d3e004914f95b9aa94b07d06525994127610638,common_voice_ca_22510032.mp3,8d2c842b7524f6605a0e4c0b7db63207ff2d9535365fa814e049d105299089fc,El director fou Joan Linares i va ser editat pel Centre Nacionalista Republicà de Palafrugell.,,3,0,twenties,male_masculine,,Nord-Occidental,ca,,northwestern,common_voice_26_ca,train.tsv,cv-corpus-26.0-2026-06-12/ca/clips/common_voice_ca_22510032.mp3
e7a5137a3789988e334c6c5a6dd383116b40fbb4edc5d240ae55e3a9eb330dc13738502f4712e1d7a3622839ddc9d05bff327c9084d36c6dfeef754ef84a392f,common_voice_ca_30922450.mp3,b2ac9e5b8ba58c3a2fbada8f35e8652c63a906b6203cc1a75872aac26dc4080c,La comunicació humana es basa en intencions cooperatives i compartides.,,4,0,,,,Central,ca,,central,common_voice_26_ca,train.tsv,cv-corpus-26.0-2026-06-12/ca/clips/common_voice_ca_30922450.mp3
9e3c975b3f890ed3322dda9539f0d283083320a5f0e6b822bf339693f2680f288993b3955de33833a2ec4a64a45a3f4f2f4cf1f06ecae044ea1450fece58c394,common_voice_ca_31116756.mp3,ed80e6cad5b6d38da53790e5f1348d9705d4b8e929a34804f7967693bf0c0718,Els problemes olfactius es poden dividir en tipus diferents depenent de la seva afectació.,,3,0,sixties,female_feminine,,Central,ca,,central,common_voice_26_ca,train.tsv,cv-corpus-26.0-2026-06-12/ca/clips/common_voice_ca_31116756.mp3
b5fc7461c0713292e1a706d6892acce90fd686ddc76af7048579d5721583007682b6916b141e62b566eaca33e0211774f221d1d7e56d7b8c81186a8cdd61309f,common_voice_ca_37567499.mp3,edded9361c3ad93c752eae63b6073f4dfe1088e8207ad501294f1d5667dc2052,La pitjor burla és la veritat.,,2,0,twenties,male_masculine,"De Binissalem, amb s'è i mallorquí",Balear,ca,,balearic,common_voice_26_ca,train.tsv,cv-corpus-26.0-2026-06-12/ca/clips/common_voice_ca_37567499.mp3
6e318308ca39e8509c74441040e4565693b3d39b5889e5132e9c96ddf1d0a183ecd20daa151ade158fcedff11b8ad421ea0d5b7c16fff6202e100518f7f826ff,common_voice_ca_38670823.mp3,be7095c593ab678ac97a77c5050d7679b32c6ddaad349ba92e89f6940223ff98,"Tanmateix, això només serà possible entre comptes de la mateixa entitat.",,2,0,fourties,male_masculine,,Septentrional,ca,,northern,common_voice_26_ca,train.tsv,cv-corpus-26.0-2026-06-12/ca/clips/common_voice_ca_38670823.mp3
e626544d7c439d3223003a808432b1ad599f0d4aca5ced0697f8898c654d149353722c18f336d0a7c94132cccb626f9d609b28a056bfab95fc23c3d15d37fe0f,common_voice_ca_32339324.mp3,cead5d0eea55d3578d6acea78d4bd32d832f5daafd0eb6044cbfab214abb7c16,Per Sant Jordi en Pep i na Clàudia aniran a Cabrera de Mar.,,4,0,fifties,female_feminine,nord-oriental,,ca,,northern,common_voice_26_ca,train.tsv,cv-corpus-26.0-2026-06-12/ca/clips/common_voice_ca_32339324.mp3
a9d13612a619ba94b2e0e3d7804b7d2e482db94e2a03949b6e0f9955d386ee0519f77296f7496a107eac39b0a6b56718cdb127a43384241a5ef932fd04619247,common_voice_ca_19237594.mp3,66a189249f33490d3eccc73fa2a9a0a014e2f7390841223e5b5f8218c825f647,Corro tot el matí per sota l'arbre canviant de posició per evitar el sol.,,3,0,fifties,female_feminine,,Central,ca,,central,common_voice_26_ca,train.tsv,cv-corpus-26.0-2026-06-12/ca/clips/common_voice_ca_19237594.mp3
6df06b1d6117b1191647118223c2f54ae0d9b673418e24e3928c8dba76eef9adaf7be82ea7e0c5a5d7a91eab6eda863f8e42761b438b78fdd6e8c32ee044d4e6,common_voice_ca_32372484.mp3,d99c0a623d5fe9a5c2e7c6108bdc97ea5c16b0eff2d09959013be65d91f7998c,El vint-i-tres de maig en Biel irà d'excursió.,,2,0,twenties,male_masculine,,Nord-Occidental,ca,,northwestern,common_voice_26_ca,train.tsv,cv-corpus-26.0-2026-06-12/ca/clips/common_voice_ca_32372484.mp3
e3764c738c1c1fa6c063aecd70e041588a2a0762fb4be037f7fd5bac92482ed7ccc166f166ae166637df0ec05244c00c8fba7e726872247adb9b8f2c85cc5aff,common_voice_ca_32131113.mp3,7f05ec6e6c1a0c26ee8261f697fe6363e5c261e78bc48ac937ea12e1eecfab53,El vint-i-tres de maig na Sara vol anar a Xelva.,,3,0,thirties,male_masculine,,Balear,ca,,balearic,common_voice_26_ca,train.tsv,cv-corpus-26.0-2026-06-12/ca/clips/common_voice_ca_32131113.mp3
4eb53b5e305922d10190a90d4785be6906bf83a72a9d38edcbb4b4f72a9a2aebfca4ea0753eac69e68ee4b555c072d1eee5dcfd209c4abf619102265ba914c9f,common_voice_ca_33901642.mp3,31b3da6cbf36f861af83a76ca96d7381b36df6515862f765c8f3b4bd942e9e18,Es va publicar a Anticon.,,2,0,,,,Balear,ca,,balearic,common_voice_26_ca,train.tsv,cv-corpus-26.0-2026-06-12/ca/clips/common_voice_ca_33901642.mp3
5d2ff0fe49bb35783381063aa086ce674487e7aa588e122f12366d7c861335538d3f40025d7db5b7bab6ad1926aefda6b049690d940baccfbaaabdb5d709d39f,common_voice_ca_31507851.mp3,25829e4e8dbd6e2cac6a5b474cce699410d6b6e15241f8997c13d305e02b2354,Una de les raons és per la demanda d'una alta producció.,,2,0,,,,Septentrional,ca,,northern,common_voice_26_ca,train.tsv,cv-corpus-26.0-2026-06-12/ca/clips/common_voice_ca_31507851.mp3
25fd6b4ee846c6175a4b9aca430ea9c027648c5208c19e58af6219626b6e73418c62cb5ad9fb418620b0ee37b5c9cfb8219a8273cacbebb46009165848567757,common_voice_ca_31421815.mp3,18825532d49f4f1b12666318388ec90398b1f8bc60306d3b51b8b40a839b117b,Ambdues fundacions han sigut creades en diferents moments de la seua activitat pública.,,4,0,,,,Central,ca,,central,common_voice_26_ca,train.tsv,cv-corpus-26.0-2026-06-12/ca/clips/common_voice_ca_31421815.mp3
3723bd65a05afc7411c2bfca904742062b7b0c081ba126e68c65d28eaa6122f69196f4959fc1795fe03f8e49ec7364863911f9b659684a06b3a126c6f1729551,common_voice_ca_19301841.mp3,b76720d4b8b939d850d9764a6009b970a60620cc370d2f0ca5045009dca9bcef,Anem a Colldejou.,,2,0,sixties,male_masculine,,Septentrional,ca,,northern,common_voice_26_ca,train.tsv,cv-corpus-26.0-2026-06-12/ca/clips/common_voice_ca_19301841.mp3
be3e326da717a6cf7cf21997ba19639f72403ae6da49cff888f55cedd7c60919b2d262eebb5e7d5095f8462cfff23631f6ab04a58d3af71e097535b24ee3ba5d,common_voice_ca_30805656.mp3,88f1cce9f3f9c6d3982338da84e8ab757b322c6857a2e45c689bcb1fc3123de9,Vull comprar un ganivet de cuina.,,6,0,,,Lleidatà,Septentrional,ca,,northern,common_voice_26_ca,train.tsv,cv-corpus-26.0-2026-06-12/ca/clips/common_voice_ca_30805656.mp3
b9a89ca103420d9f17176feb70ffc68cbc5356c57151f98738c35d7a412ffda3813c9396cf450a7b9fdb4bde5d23b0a661d5e7c066b6ca4b4003edb455fae04f,common_voice_ca_31795810.mp3,20af502adf01d319c3601d8637fc3657aaa1aedad0f55be550f6414c41d485da,Per Cap d'Any na Dolça i en Guillem aniran a Sant Andreu de la Barca.,,4,0,,,,Nord-Occidental,ca,,northwestern,common_voice_26_ca,train.tsv,cv-corpus-26.0-2026-06-12/ca/clips/common_voice_ca_31795810.mp3
8785bd6a0a2827968fb07a4aab4a0247abe47601ff44190a9f2731b560f47b1f9b4760e77ce80316b8e3191e4139aab9acda468dce858acd7c42f1e7a724902b,common_voice_ca_31207749.mp3,f70093aff8cbb54651aaf1f0b9c1a53c7ec7a682ff58526397f247b5e2954e9a,"El meu fill es diu Habacuc: hac, a, be, a, ce, u, ce.",,4,0,,,menorquí,Balear,ca,,balearic,common_voice_26_ca,train.tsv,cv-corpus-26.0-2026-06-12/ca/clips/common_voice_ca_31207749.mp3
f07ea303db05d584a1355f789061116feb322212116d2e2dd559dc358adc2aa03272363d807510b240ce041cd72f3a7cf3d0898f2db77875dc9723fd0b59c7d4,common_voice_ca_32155671.mp3,8dc69cad3e4d9acb30df22c0c79f79b97b808671f597787a3b51848d0ca78edc,La convida a un còctel del dia.,,2,0,,,,Central,ca,,central,common_voice_26_ca,train.tsv,cv-corpus-26.0-2026-06-12/ca/clips/common_voice_ca_32155671.mp3
e965647b36e94bb5bc37e0e17c61b6a40837aef6d22de84d6747ab79685ea9e9bdec0f1ca9691e17f52fbc6f78b7aab41b953a5002884a69943fe02c5c38fc1b,common_voice_ca_30830470.mp3,91b29f4a779ac16928dcf05e3ad2f3478cbd34bf71e1f834b026caec68193834,Doncs modifiquem hora i taula rodona.,,3,0,,male_masculine,,Nord-Occidental,ca,,northwestern,common_voice_26_ca,train.tsv,cv-corpus-26.0-2026-06-12/ca/clips/common_voice_ca_30830470.mp3
41bdeb7b29261ebf93c9c26d118d48e696a5c5a146bf899edef0e3328f89bc91033cef23d3bd9c17627f396ba8841cf9e4326a78d11d8a33f39301358f229767,common_voice_ca_30742105.mp3,713698eafcfe566543c8b4cd1cd86a1cd50e2cfec005168183c24aafac34ad51,"Entesos, podran fer-te el canvi immediatament.",,4,0,,,Lleidatà,,ca,,northwestern,common_voice_26_ca,train.tsv,cv-corpus-26.0-2026-06-12/ca/clips/common_voice_ca_30742105.mp3
b536b3b9100f00b4d3d23dfb03c67b85a7795e8f3c37825a40e77b51af1c6259b35aad87c371c119da9034ccd717f3c6fdec3c11731cb9e69ea2360d9fd75a85,common_voice_ca_32294905.mp3,bfb0135326dbffa05b6131a45757ff23a7dd7d85859f72b6c9a5779be602d79e,Dissabte na Rita i en Pere iran al Morell.,,6,0,twenties,male_masculine,valencià,,ca,,valencian,common_voice_26_ca,train.tsv,cv-corpus-26.0-2026-06-12/ca/clips/common_voice_ca_32294905.mp3
6bbd193a67ec5fe0c6532c4208248cc06e0118a0b6dbb5dc5885f8c05712cab1b187ab7d85f4ff7b23669e22d3fe19bb9d70fa2bf6b4fdd0f50d8e021a62f1ff,common_voice_ca_35057547.mp3,f5666d4dfcfcbc44b0b0e0b997672623e603fe47ece2217d28dfb5800ac837d8,Acabaven d'ajeure'm a la llitera,,3,0,,,,Balear,ca,,balearic,common_voice_26_ca,train.tsv,cv-corpus-26.0-2026-06-12/ca/clips/common_voice_ca_35057547.mp3
efc9a3c13444af1a75d84479ccd9c4ea35a31e47fa9917d992b2742e0f696388c874719786e52fef27a1ac296726131d8227276490163476128f0b1b2d6ae74b,common_voice_ca_19047533.mp3,63f866caa5e9c29a37bd76fb5cf743fdde685d01ca8c3193eab99cc18513aa32,"Després, l'usuari serà capaç d'entrar en el sistema amb un simple moviment del seu dit.",,3,0,fourties,,,Central,ca,,central,common_voice_26_ca,train.tsv,cv-corpus-26.0-2026-06-12/ca/clips/common_voice_ca_19047533.mp3
6d074637b0f35732f59856ff6e68bbd5fa16269274ddd0d5b7672a7f2a7bd052459d420d2dee3084c67fee51bc31e0ddb4cc772d1f54b49e809fb55f057a936a,common_voice_ca_30766694.mp3,7b6b608ba7668c9d0d7383b915dc0030ce22d8aab4694882faf8bbfc56a97ef4,"Hinds va néixer a Belfast, Irlanda del Nord.",,8,0,,,valencià,,ca,,valencian,common_voice_26_ca,train.tsv,cv-corpus-26.0-2026-06-12/ca/clips/common_voice_ca_30766694.mp3
b9ee561ba7af9d0a67b73f9edacbbe968abed15d206f6cc9e9d18a14cba3583a72cfdac6522cbc899617652554b84cf2ea38405ee04085ea995b838fcdd1cb71,common_voice_ca_37642002.mp3,799639cd3b7f9d6c7c0e7d3a6bf723311ab13a083c4ba1ef7f2404f75f236a84,"Quan es cuinen, tendeixen a perdre el seu color.",,4,0,,,valencià,,ca,,valencian,common_voice_26_ca,train.tsv,cv-corpus-26.0-2026-06-12/ca/clips/common_voice_ca_37642002.mp3
60f7955fc2f4217f6713848d6f6490013f6a85c9b0615a47b99d538ae111c310e5970c1b1ce18fd40a230fe0452f0a462576659df246435d856cc4d1df500d4c,common_voice_ca_38173334.mp3,9e30d7c5a7e7e2769ee46070966ad9ac5177624d893027949ec312635e414a1b,Intenta igualment mantenir l'entesa entre els dos germans.,,2,0,,,Lleidatà,,ca,,northwestern,common_voice_26_ca,train.tsv,cv-corpus-26.0-2026-06-12/ca/clips/common_voice_ca_38173334.mp3
e04cbd4307c7e5ef6d5d138feee440a220d8f45eac00a567b9bd33b6f5687b2b7312e131bd7ba26cfd6a344d0580f4aa0772851a0a30c8296bb542478ba1fce1,common_voice_ca_17478642.mp3,55eb4d96ac1831bbbb7fb66cab411ed506137750b72cefc5e924846e45a45137,"De fet, pot conviure amb altres realitats econòmiques que tenen les seues pròpies dinàmiques.",,3,0,twenties,male_masculine,,Nord-Occidental,ca,,northwestern,common_voice_26_ca,train.tsv,cv-corpus-26.0-2026-06-12/ca/clips/common_voice_ca_17478642.mp3
58fbbd6f783c9a459ac90a5859b7aeb0519adc1f378752ea4f084b129446a19ec7f454e560eb4c10dce227a0ccd4e18256378b45cf0c9f0e6dc0c8ea8f10acf3,common_voice_ca_23382423.mp3,9f40c21c5b57b1ee7ca85f62d4f9eee5b375420e4c5284a21bcc7edc78e9cb9e,Hi ha paraules que s'utilitzen per indicar els canvis graduals en el volum.,,3,0,twenties,male_masculine,valencià,,ca,,valencian,common_voice_26_ca,train.tsv,cv-corpus-26.0-2026-06-12/ca/clips/common_voice_ca_23382423.mp3
542607874964bd9aa801a480fa0df3f2faf69bb84b86518a361d931f90fa24df00307545f19cb81192841a2d67916785eeef0590f39c5cde9c44b01aea861df4,common_voice_ca_32205240.mp3,9a9bf80b706b43f277cf811f4eab7284fc00dd44d62661e3fe33a7593c0ad0d0,El vint-i-nou de febrer n'Eulàlia i en Marcel volen anar al metge.,,3,0,fourties,male_masculine,,Nord-Occidental,ca,,northwestern,common_voice_26_ca,train.tsv,cv-corpus-26.0-2026-06-12/ca/clips/common_voice_ca_32205240.mp3
f590db6d3953b5851ca6644c1d231bfb0361ac377c68c73734d5acbcfef27990d5b1b5fed59201bf613f70cf9df0e104061459b5f0da0f4a2bf68eabafa7e143,common_voice_ca_37629878.mp3,c361034518a8cbd788bcea5ac3fffe0272011b0fa420afaf9bb5cb08ea5ab668,Dema aniré a La Garriga,,3,0,,,,Balear,ca,,balearic,common_voice_26_ca,train.tsv,cv-corpus-26.0-2026-06-12/ca/clips/common_voice_ca_37629878.mp3
5b78eeb212179631e404608b0b240f7692156f51a0ddbe77fe305335565b54c64128e65094ac112101d88f6ab4a554b27ee6af4fadd6e2d5be91e3c9ec37197b,common_voice_ca_31041429.mp3,dc6fcc437e2bcd78f7fec660a6f2e6334bb7262755803a87efffed4679e0a32c,Prendre algú per un altre.,,3,0,fourties,female_feminine,,Nord-Occidental,ca,,northwestern,common_voice_26_ca,train.tsv,cv-corpus-26.0-2026-06-12/ca/clips/common_voice_ca_31041429.mp3
f8bda1ca0ffbe37d583c44149be5f817cb028044ce0dee4fc405cca46180da462c86cbfc654b7b2f5a35eec0ea4d1e527d630fb78268ae27b7b764c9e96565f3,common_voice_ca_30766864.mp3,7ac1e4eedabf774f3e698042022f3a777014e114353dba954933162a8ea5e046,"Era pernil, vaig acabar descobrint més tard.",,4,0,,,"septentrional, Gironí, 10 anys vivint a Barcelona l'han fet menys fort",Septentrional,ca,,northern,common_voice_26_ca,train.tsv,cv-corpus-26.0-2026-06-12/ca/clips/common_voice_ca_30766864.mp3
24f44a02266f7a0b1661d34d11cdb3cb94e46d27704b56b7831797db20af369a8c6ede7cc0e7cfe88dfb36a438d9770aa17af23aa95912aafc59ee566d2f5c11,common_voice_ca_31133073.mp3,f0a6a0df7ca446d7d7ee9c1c79cd062aa3ffcfd3276fca67dcb8a1b465c918bd,Es tracta d'un arxiu d'imatges reconegut com de primer ordre.,,6,0,thirties,,occidental,,ca,,northwestern,common_voice_26_ca,train.tsv,cv-corpus-26.0-2026-06-12/ca/clips/common_voice_ca_31133073.mp3
bb46e50398bf1b0dbc50c497b4db5be0900860bf36bcc718b76e3483f8e5c6a87e66c8df1e6873665d5aff1b797ae746fa83faaeb7787a160d43593ea7bdc7b2,common_voice_ca_30748922.mp3,74b0c5c981e5a011b78b27f93fbdc92044942d8f13b6a8250578ecd833c46e33,Com ho puc fer per anar al carrer Font del Mont cantonada Montjuïc del Bisbe?,,2,0,,,,Septentrional,ca,,northern,common_voice_26_ca,train.tsv,cv-corpus-26.0-2026-06-12/ca/clips/common_voice_ca_30748922.mp3
bfc416e200027b9e71a4745707f20d89488ec3b24c9e6877a5127bb3d2a174628c59264a42697f603ad733cdda043fddb9499f61c861cb7f78536160c14e3c67,common_voice_ca_30956457.mp3,c031937d8cd9d5d5fc86720583acffe1d15cf6dec20671e33330ab261b273edb,Però jo et preparo.,,3,0,,,,Nord-Occidental,ca,,northwestern,common_voice_26_ca,train.tsv,cv-corpus-26.0-2026-06-12/ca/clips/common_voice_ca_30956457.mp3
62a7333977c33ef3358ed5212ebe5defea639658cdffcb393ef76b854ce35dc4c4140de5d6a475c5ac1175d71e92626226f0a33bb4a77b534f140b8da37e9cb3,common_voice_ca_32087767.mp3,67e49345fab308b063f48e7c6fcf249e6d9d9137518e2970ae892ad1c99d8831,Per Sant Jordi na Berta irà a visitar mon oncle.,,3,0,,,,Septentrional,ca,,northern,common_voice_26_ca,train.tsv,cv-corpus-26.0-2026-06-12/ca/clips/common_voice_ca_32087767.mp3
b417e6f75cf439ad5d0f46ce6a70ccc5195e2c5575b0312627de26660d2e3804030d662ca1eb51ebf4d8f2586f4a6d6f6bca4c843a16d376500ab6c8ba1ee37d,common_voice_ca_37846422.mp3,85c693d5c8ab2d553e9cf26e2ff02d49ebf7bbda6bf08ef1305c183b4860acc7,Devia el seu nom a l'empresa gelatera Avidesa.,,2,0,,,,Balear,ca,,balearic,common_voice_26_ca,train.tsv,cv-corpus-26.0-2026-06-12/ca/clips/common_voice_ca_37846422.mp3
e279eecdd6e99a03e55130e2201a5f0b61ad97e4998ba7a345fdf00e8f2ff5726ef8187f45d0e6bd9938f39c30a06d52da91fd58100223043ba5b0654a0adcc4,common_voice_ca_17513264.mp3,d332ef63381bcf759d6dcd8f444e9ff0486f62a73f5d0cd330107273131fe903,Caracteritza la moda contemporània identificant-ne els creadors i tendències.,,2,0,twenties,male_masculine,,Central,ca,,central,common_voice_26_ca,train.tsv,cv-corpus-26.0-2026-06-12/ca/clips/common_voice_ca_17513264.mp3
f30766821d1b495bb6f9c9ca5a802bcaffb4ab03beb9a7ae6cb9d1554d97bff529ccff7f549559b21c46fde9ffd8dd0cd64344e99882aee09f19dc77f1d2975c,common_voice_ca_37637212.mp3,791d6d094344ad2872c7cc3e08346c6dac185537dcf28a3ecd39c5deb769412c,Les qüestions d'ordre social quedaran relegades a un segon terme.,,2,0,,,,Central,ca,,central,common_voice_26_ca,train.tsv,cv-corpus-26.0-2026-06-12/ca/clips/common_voice_ca_37637212.mp3
f33dfff706b6ca4bb4225d8d462a5a8df8a39177bebc71fe3b1b967557223f7608989d6a8c2992bcb4a36c846e977fa379425753b880690ae2120e888bbb01b2,common_voice_ca_30839868.mp3,94786b7e156524e73ace6a76a583a86fc32ee85358f635e54b9fa0e5044d11be,"Els pilots eren els capitans Armbruster i Ansermier, tots dos suïssos.",,2,0,,,,Septentrional,ca,,northern,common_voice_26_ca,train.tsv,cv-corpus-26.0-2026-06-12/ca/clips/common_voice_ca_30839868.mp3
d3198e43f18f817bcbe28ff226a8c2dd2d1521c6980311c26807292ad3d285cf8f08affb22f626ff3b698438db564a94f4a7fdc9f77f77397a8780a74a553499,common_voice_ca_28579087.mp3,59f2371f8fef40394d9c40482aa1cd2b2b51a7360c3c81399bed1befde2abfb9,"""Issaquena"" és una paraula Choctaw que significa ""riu Cérvol"".",,2,0,thirties,male_masculine,valencià,,ca,,valencian,common_voice_26_ca,train.tsv,cv-corpus-26.0-2026-06-12/ca/clips/common_voice_ca_28579087.mp3
2b7f00bec847a8eaf6799ce7852ccae8c23d55cfe4db8ab4629d4e55358c111fd5ad3e608f290f21782009adec78485dbc8ba9699d5c39385869d792f593e4ff,common_voice_ca_41194605.mp3,d5c1bcb60302e9a5fb2c8129100c8f533eda5ad9aeb5c94ee594560f4560f740,No vull el volum de la música tan suau.,,2,0,fifties,female_feminine,central,Central,ca,,central,common_voice_26_ca,train.tsv,cv-corpus-26.0-2026-06-12/ca/clips/common_voice_ca_41194605.mp3
d5b96fe8d2aa7880e586b7eab4782136dc15400fc2592e4b812f7b933b1fdf3799429f1a701aa1c5e7e9f80a24ec83fd124ece79a0c2fd9f0bda67e934379def,common_voice_ca_31754697.mp3,13165366c75dd019c1eb05e001b302a825d202ef54f1d962da64b39ed0d48af9,El vint-i-nou de febrer en Quer i en Marcel voldrien anar a Vespella de Gaià.,,8,0,,,valencià,,ca,,valencian,common_voice_26_ca,train.tsv,cv-corpus-26.0-2026-06-12/ca/clips/common_voice_ca_31754697.mp3
545efbbd53bb2cb86711ecc7942b4fbcbedd6c117633697d105bc412f14515852690a798cbe4fcf7ea92592022c6f4469adec42be7bff5d10ccef622f4cf96fa,common_voice_ca_31213555.mp3,f7ee98921754a0973db24d20c24826136ec5051824c39b52843d7424a509dc8d,L'estudi d'aquests triangles va ser el punt de partida de la trigonometria esfèrica.,,6,0,fourties,female_feminine,Tortosí,Nord-Occidental,ca,,northwestern,common_voice_26_ca,train.tsv,cv-corpus-26.0-2026-06-12/ca/clips/common_voice_ca_31213555.mp3
9a554627d25f4babb9f2b60b979bbb05b9c375d9eb89a88daf697806b0998eac964d0ca78b0c764c28b3bbc90618819db3f05f02842a609f5469168b47eee127,common_voice_ca_37175066.mp3,6b70396d74a1f51109469314ad9ae6f411a95c5abea80acb875137ab8015b4b8,"Només veient-la des de l'infinit, s'obté una restitució semblant a la imatge original.",,3,0,,,,Nord-Occidental,ca,,northwestern,common_voice_26_ca,train.tsv,cv-corpus-26.0-2026-06-12/ca/clips/common_voice_ca_37175066.mp3
4937e01c9b227da583aa9d4e298b546ef6ace362fff73544364721c76bd9f986d2fc1cde88ed142be30cb4e4f5dd6f5c9809e8f6ef7a42eba678d0648d34c271,common_voice_ca_37910573.mp3,8b2691b2ac8538491be427eff99117528813e9740aad6b91a1c7ee75b53280b8,El Perú: amb tres-cents setze mil quatre-cents quaranta-vuit casos i onzen mil tres-cents catorze morts.,,2,0,,,valencià,,ca,,valencian,common_voice_26_ca,train.tsv,cv-corpus-26.0-2026-06-12/ca/clips/common_voice_ca_37910573.mp3
19b58c23bcd3675fc2d5418487f2e974939a5b6f1b0fa966ab08740798dc91d37eeb8e48c775fbcf5ce2fe24cf66968c1616e5491d3f180c4888254a3614490d,common_voice_ca_31109677.mp3,eca0e9bf3c69a41c67fa1edb7036c96244760a7ec2ec5e60414796d0a13b02c1,"El seu cognom és Lera: ela, e, erra, a.",,4,0,,,,Balear,ca,,balearic,common_voice_26_ca,train.tsv,cv-corpus-26.0-2026-06-12/ca/clips/common_voice_ca_31109677.mp3
09a064b4c3b1d83c5944465de4ba90adc551db5ac1ad466e443435a20c8e82e8ebbeb296753f6ea5d319398197a36244ce5630704d14714d00f862b76fca1e13,common_voice_ca_36901749.mp3,ec674d66c945cd48a6e26eb78569b4aab5bfec5a7375210d89f5f736e379d85a,Vilaller es un bon lloc per anar-hi,,2,0,,,,Balear,ca,,balearic,common_voice_26_ca,train.tsv,cv-corpus-26.0-2026-06-12/ca/clips/common_voice_ca_36901749.mp3
5f97d8f65a3e3666ea465030b24201882aa89fd967feadc60cd67e642cb95f868a74d9ccc8af9ed14de64ca4972c162e58a679ec99b1cc88344af1b09e49e01f,common_voice_ca_37375722.mp3,74a2f4e808c9f0b9109e8905ca1f6534f05eb7afd48be15d32088164cd685c90,En aquest cas la descendència segueix les proporcions.,,2,0,,,,Central,ca,,central,common_voice_26_ca,train.tsv,cv-corpus-26.0-2026-06-12/ca/clips/common_voice_ca_37375722.mp3
25fd6b4ee846c6175a4b9aca430ea9c027648c5208c19e58af6219626b6e73418c62cb5ad9fb418620b0ee37b5c9cfb8219a8273cacbebb46009165848567757,common_voice_ca_30966356.mp3,c428d04d3a3d08169bd359c01df9b4ca810d39fb03c3f57f811712d68cf777f9,Una re-piulada no equival a l'aprovació.,,2,0,sixties,male_masculine,,Central,ca,,central,common_voice_26_ca,train.tsv,cv-corpus-26.0-2026-06-12/ca/clips/common_voice_ca_30966356.mp3
96c84c7c66b310b164bb3aa8b0cfa5bde4962f6e040bab0b25c4bfe48ddcdfc268960baec2cfb19a5e7d6c3d72875bfbfc0ac8fdc1b72044a2b9916fee8519d3,common_voice_ca_34972817.mp3,3d879babf95ab2fbf2750e5525f9e3faa75043834061d8393cb2004945a1d562,"El rodatge s'ha desenvolupat a Anglaterra, a Itàlia i als Països Baixos.",,2,0,,,,Balear,ca,,balearic,common_voice_26_ca,train.tsv,cv-corpus-26.0-2026-06-12/ca/clips/common_voice_ca_34972817.mp3
b7cabeeebd327e20e86dc7f329044ef1e505a8b5b06ec8730b35ec796179398d343c4612c462987483a552461ceb8746d845b5304f90a1ef4bae8f961c061f22,common_voice_ca_30834109.mp3,92bc67040ca8efcd8a0864dff0ee541412e178a399bee9006659f6a219589397,La mossa de l'ermitana em va dir que només costava vint i dos.,,3,0,,,,Central,ca,,central,common_voice_26_ca,train.tsv,cv-corpus-26.0-2026-06-12/ca/clips/common_voice_ca_30834109.mp3
d753f303fae59584c74edd9998690cca65d19ee6e92384c53c493c27bc8be19b9e101038c7ad29c453bdf3c16563b04bca82cda7cea4cdda851badb0d60e2be7,common_voice_ca_26232137.mp3,327ab1a8e066022cab0f79b8715d66e2d3e3daca4aa907bab4de5d3551fb80da,La causa principal de la disminució d'ossos marins de Guadalupe va ser la caça de foques comercial.,,3,0,,,valencià,,ca,,valencian,common_voice_26_ca,train.tsv,cv-corpus-26.0-2026-06-12/ca/clips/common_voice_ca_26232137.mp3
a188ea5b8a95372b0772437f22e6edab88fb922355d304d261cf3f042af09b1bfca39e4665f436877654f6bbfdf71f445e1c079d2908c3ddc69eb7e1655da1bb,common_voice_ca_40121875.mp3,dccb56e625dcd2c9712f2db892cfc4fea769a474715c650fd89cc6b39fce19e3,"Westwood és conegut per desenvolupar estratègies, aventures i jocs de rol en temps real.",,4,0,fifties,male_masculine,valencià,Valencià meridional,ca,,valencian,common_voice_26_ca,train.tsv,cv-corpus-26.0-2026-06-12/ca/clips/common_voice_ca_40121875.mp3
bb46e50398bf1b0dbc50c497b4db5be0900860bf36bcc718b76e3483f8e5c6a87e66c8df1e6873665d5aff1b797ae746fa83faaeb7787a160d43593ea7bdc7b2,common_voice_ca_30748925.mp3,74d629f1fa02affe10d8f0a8bd671f9bfb0e7bb6fe45efb508baef3dfe8277fa,La meva cosina viu a Benidorm.,,6,0,,,,Septentrional,ca,,northern,common_voice_26_ca,train.tsv,cv-corpus-26.0-2026-06-12/ca/clips/common_voice_ca_30748925.mp3
e70e62d6ed6985015e987da40391de410088f0825dfdbbee04963da4ae6be33b9ca19f2b77267b1457e26eee22db639cdce7587435c764d9fede1c005b17561f,common_voice_ca_37574312.mp3,f5f4f113b0084741d2973460ce24c323470852507f9033ff95ddbb1f464b7786,"Si plou per Sant Pere Regalat, plou quaranta dies de comptat.",,2,0,,,,Septentrional,ca,,northern,common_voice_26_ca,train.tsv,cv-corpus-26.0-2026-06-12/ca/clips/common_voice_ca_37574312.mp3
dedadd5b374e9d2f99efb7f38710d2925ff24d9b1cecd73821b7cf97dd5068eadefe5af272a4e4c9077bbf0a06620d0125a0410ae472606a80a0a2ed1f18a15d,common_voice_ca_37584483.mp3,103e9e22b611522aab0b850e622cdfce37bba18e487ed3986961db4b915e1c70,Fer lliga a part.,,3,0,,,valencià,,ca,,valencian,common_voice_26_ca,train.tsv,cv-corpus-26.0-2026-06-12/ca/clips/common_voice_ca_37584483.mp3
490e2caf11c64b7931abf75bcdadb334e8b4a7d55b263326c6bdd8f4c8a450161db6a799d44c62505374c2ebe3e29a0a7a2b757eb8b12181f9401e8b390d96c6,common_voice_ca_30896243.mp3,a8309c38a5c5921a48492983806f5b1d3b31fee2d1390a965ec39b6675129d96,Com ho puc fer per anar a Vic el vint-i-tres de maig?,,3,0,,,,Septentrional,ca,,northern,common_voice_26_ca,train.tsv,cv-corpus-26.0-2026-06-12/ca/clips/common_voice_ca_30896243.mp3
f03485e5b50b1dd19b420017940c7c6300f3104ef2dbf97bf3f413ad339df91d21ddfcecb3360bcf50a3130f8ca8d661995bb856c0d3b65a524e964d1914c2cd,common_voice_ca_37560969.mp3,e22f0f5bc4f918c5dd5dbef1d8d035f68a54ae4a1dc6bfd150112ca6205a45ce,Tenir més collons que el Tato.,,2,0,,,,Balear,ca,,balearic,common_voice_26_ca,train.tsv,cv-corpus-26.0-2026-06-12/ca/clips/common_voice_ca_37560969.mp3
b2e8163f2b1c8f68a53b0ae4db5d81620253a6667b82beae13ea96f6b365942f7f2dbcda7da096c69ceb30d095b9bfb7840c03da147978c3f9e9b07226e0c1ae,common_voice_ca_37908509.mp3,8b37396c4769cc9fdd9fceedb6e867af05b24fc646b720e1ac51a8e180df3504,És una cosa que no oblidaré.,,2,0,,,,Central,ca,,central,common_voice_26_ca,train.tsv,cv-corpus-26.0-2026-06-12/ca/clips/common_voice_ca_37908509.mp3
7b3f396ce45f636911e5773ca93561a308ac52527bb13478476d1827a0579395e13659fb138e067c77f3e6e1631b5a4069e54c449e75d79e90dddc8e6e3c7b0a,common_voice_ca_31087728.mp3,e87bc2717204072f7ef1abdb965f12311c21dcac59506450cfd521cb15a2cf00,Conté explosius alts convencionals i urani altament enriquit.,,3,0,fourties,male_masculine,,Septentrional,ca,,northern,common_voice_26_ca,train.tsv,cv-corpus-26.0-2026-06-12/ca/clips/common_voice_ca_31087728.mp3
959498c61f1ef87bfd3be06445a34d61bf8c781d546a9fbc74ec836d09fb01cd9b82b2ff46bf416c66ffa35575940ee0a14332418c8fee83943986d234ff84c8,common_voice_ca_36844428.mp3,5d762a2715ba654252fde24a73adebf91a9d6607bb3f538f4f06a1618a6c82eb,On és la Laura?,,2,0,,,valencià,,ca,,valencian,common_voice_26_ca,train.tsv,cv-corpus-26.0-2026-06-12/ca/clips/common_voice_ca_36844428.mp3
4f8cef110b4f4759b5a99877e92c4c655e922ac2f779ab66deac9693751aadef047931a2105daf5e68bc8199496079bb4b29c2f1e67f566beeef40dd4d062e78,common_voice_ca_37762413.mp3,7f0946f2353f77192be66b60193b59db9f5bc6a029b4d566d4083cf7b183224f,Anem girant el cercle interior i sumant els seus valors.,,2,0,,,valencià,,ca,,valencian,common_voice_26_ca,train.tsv,cv-corpus-26.0-2026-06-12/ca/clips/common_voice_ca_37762413.mp3
207a9a9c475397b80eb13e02c6d366de9ac8710330cc4ccb5109d74e0a09320d0ac66c081692a7055afa7b508ab80527c5f16ffa3bd15aca4115c02cc64f76f1,common_voice_ca_17499128.mp3,b2fb995a441a4e07005d8bed1961991af6a9d967606684c7c55118a3f9c9c794,Cal distingir bé l'arbitrarietat de la tirania.,,3,0,sixties,female_feminine,,Central,ca,,central,common_voice_26_ca,train.tsv,cv-corpus-26.0-2026-06-12/ca/clips/common_voice_ca_17499128.mp3
e76ff954ef022ed306093a7f5d107c8ae9c0e476b9ca2a099125125f29a81e22cf196346c3fa51be5e5a3596cdd700dbd1fd12ad6b4d47cf76159efee7d1c0ed,common_voice_ca_25141353.mp3,133ccbd471519e7ce728aaa15f7e0fc66d6a9353407adb81bf11cfbad0f1eed4,"""T'he esperat tota la tarda i el vespre"", va dir.",,2,0,,,,Nord-Occidental,ca,,northwestern,common_voice_26_ca,train.tsv,cv-corpus-26.0-2026-06-12/ca/clips/common_voice_ca_25141353.mp3
a4a36850664b1bd2d38eaca73a2976282767d15263906b267fe66015f35ff62cce47e513979ac8461511a52d7282281a6be0f2d9abc9b1ad061d67351483b6af,common_voice_ca_24384505.mp3,d2a6dc9b159ac8de030cd027b9e6a32fef4deeb29f68a7ac51e634e1662a0745,Fonamentalment vivien de la pesca.,,3,0,,,,Nord-Occidental,ca,,northwestern,common_voice_26_ca,train.tsv,cv-corpus-26.0-2026-06-12/ca/clips/common_voice_ca_24384505.mp3
75984669814d11e13887ddb078a055464dce5b188b311b290d153f30ef7c7208175f2d07ef7e9f63ac800803a60c2a10fc24ccf495af3c908f9af239515d0fb4,common_voice_ca_37737334.mp3,7e00803be64380ef11f3e8e5163f7a0dd27e99fea02b588c8b9e2383cd2b2625,El seu autoretrat és una de les obres cimeres del retrat xinès.,,2,0,,,,Nord-Occidental,ca,,northwestern,common_voice_26_ca,train.tsv,cv-corpus-26.0-2026-06-12/ca/clips/common_voice_ca_37737334.mp3
605a725b8477f13ae3609b9c9806223a494942e9b1f78aeab7ac4271501e631ff1545dd649b06c4d9480a05aa55cec567a3d507fde6d5696a2bf42829ee7c5ee,common_voice_ca_31854141.mp3,37d52a98f297ade7cfff316c77bbad07194471000eefa7d240011752962f32b6,Moixó que simbolitza l'or.,,2,0,,,,Balear,ca,,balearic,common_voice_26_ca,train.tsv,cv-corpus-26.0-2026-06-12/ca/clips/common_voice_ca_31854141.mp3
e8ebb1a7077837d668a0d217ec51b26816a06d43b206b1fffa2150fa9a37365405a1532b7ef60fe14f656c3d6e1c56b739fd12b039bb37ac4830511907a000c6,common_voice_ca_37621222.mp3,777ca7d039379e2dae3aa03f43734c79e384689f0eaa27f18b3084a2301a07ac,"Especialista en Medicina Familiar, Medicina del Treball i Màster en gerontologia.",,2,0,,,valencià,,ca,,valencian,common_voice_26_ca,train.tsv,cv-corpus-26.0-2026-06-12/ca/clips/common_voice_ca_37621222.mp3
afc88395b31b54a9b7cf764a503de6760232172ddbd6cac3d207a3556396cc30b611f60fc7aeee1d119029e73621133868c83d5ba74a24af2757d8ea382769dd,common_voice_ca_19037028.mp3,2c4f77d7824e56854c61c73d2641e5e085fa1ebc2012c5567d86148f624bbc35,"Per a arribar a aquesta solució, cal el concurs de la voluntat estatal.",,2,0,twenties,male_masculine,,Central,ca,,central,common_voice_26_ca,train.tsv,cv-corpus-26.0-2026-06-12/ca/clips/common_voice_ca_19037028.mp3
f3c811d5547f908c9705854bb11f999c65b1a526bbb5f7c4813df0f9204dc1061c41c2ac825bed6f76415e93b4a78113a25b3c6426b3b7723b89bbde98be1729,common_voice_ca_32424370.mp3,efeeb604084267c2660cb17f8afb7dc61543c2ef5002f82c5b718e0ec9549ebd,El vint-i-nou de febrer en Genís i en Grau iran a Castellolí.,,6,0,thirties,male_masculine,valencià,,ca,,valencian,common_voice_26_ca,train.tsv,cv-corpus-26.0-2026-06-12/ca/clips/common_voice_ca_32424370.mp3
8ebfa7fb8906786379e079e2e63e879713158d6f08d2c1b8e8744f097d782db703138e93c3da54b8f8ba476acdfc4610d752dd9ade7602c7cf6b94d1833b01df,common_voice_ca_33190195.mp3,7a69f22298fcdc709d998daa3528c9e3552ae0f7361e77b1d84df4bca9c8a95b,És a l’abast de molt pocs.,,2,0,fifties,male_masculine,,Septentrional,ca,,northern,common_voice_26_ca,train.tsv,cv-corpus-26.0-2026-06-12/ca/clips/common_voice_ca_33190195.mp3
dd67b63c4d68b2490175ec46ce1d55d39f69e8926bf7bc17f983bbcf69b36887e328230c16c3c779a345b63261e2500295015ce2013f81bc5b643029e51af1db,common_voice_ca_21867414.mp3,6e375ba84bc66259a211d798a4969bbfbaa0411f0c61b724a3ab670a40c0ee2e,És màster per la Universitat de Stanford.,,3,0,fourties,male_masculine,valencià,,ca,,valencian,common_voice_26_ca,train.tsv,cv-corpus-26.0-2026-06-12/ca/clips/common_voice_ca_21867414.mp3
ef13a36683437189a3141df74ca8b08e86a2c92a71c4a12e4ffd385d2082a9876739ead2b5d98346307edb87e0672df6a530461f08e55dc92df0d75f1894d485,common_voice_ca_30843143.mp3,9550aea2a5b9387a593a28e87198bc56b7f7ec6f69df0e724f2d01f1cd587d3d,La tripa natural s'ha de mantenir refrigerada.,,6,0,fourties,female_feminine,nord-oriental,,ca,,northern,common_voice_26_ca,train.tsv,cv-corpus-26.0-2026-06-12/ca/clips/common_voice_ca_30843143.mp3
c6d5583019e9e0b98276e10adbb27249fdedb360eb40333ae87b623b085db10f32ee3e5b5f3a953ffbba442aa082941cce3bfff998af37b280b3fbfaff29aca5,common_voice_ca_30929743.mp3,b5ad15461a0f168f1981bd45826381af69247f80ba183e429de05618381b7bfb,Podia imaginar-se l'escena.,,2,0,twenties,female_feminine,,Central,ca,,central,common_voice_26_ca,train.tsv,cv-corpus-26.0-2026-06-12/ca/clips/common_voice_ca_30929743.mp3
54fb9f7404b5fdc62c215618683436be38e5640e8e1c1c8042d66d36074dc0a25bc96d9efba718d672b573deedb3031988817f7935737e293e8f8ed9d4961209,common_voice_ca_30996821.mp3,cf2b3a7c4036030ef4e27818740fc0c75731561bbacff2ec93b020ba536e9fb3,"Existien creuaments oficials, però rara vegada es concedien permisos per sortir de forma temporal o permanent.",,3,0,fourties,male_masculine,,Central,ca,,central,common_voice_26_ca,train.tsv,cv-corpus-26.0-2026-06-12/ca/clips/common_voice_ca_30996821.mp3
75a354c28ae167668d3ba6dfc83b1f9e59c0d1a1d29aeef1d28b28f598c047f4c03b07c480ee7862fd09759a8c3ece9009f90d29c7d20ea79b0c85e00b8b0960,common_voice_ca_37576877.mp3,ff127b4b56ea7650a4c0118429017648140767200df1b6b6594459f8958cdc82,"Festa sense masclets, dolçaina i tabalet, no és festa.",,3,0,,,,Balear,ca,,balearic,common_voice_26_ca,train.tsv,cv-corpus-26.0-2026-06-12/ca/clips/common_voice_ca_37576877.mp3
bc450ff9773492a99905edac03149ee62d3d1ce17e5a097c91f597f90a8f955ff69e7db4e77207fb3d471b18844b2f74524077fff27cbb27123a45e7a024731d,common_voice_ca_37577738.mp3,055ee6bc61cdbac9b6d69fb3c6d5fd043b2f266f52913e4f402cb367b39f0ba4,Sembra pel gener i llaura pel febrer.,,2,0,,,valencià,,ca,,valencian,common_voice_26_ca,train.tsv,cv-corpus-26.0-2026-06-12/ca/clips/common_voice_ca_37577738.mp3
b2e8163f2b1c8f68a53b0ae4db5d81620253a6667b82beae13ea96f6b365942f7f2dbcda7da096c69ceb30d095b9bfb7840c03da147978c3f9e9b07226e0c1ae,common_voice_ca_37908506.mp3,8b2bacce7d8f2aa56626e4365ca5a3defc7111cd3c0718934d6be32b75282a64,Una sala amb una megafonia excel·lent.,,2,0,,,,Central,ca,,central,common_voice_26_ca,train.tsv,cv-corpus-26.0-2026-06-12/ca/clips/common_voice_ca_37908506.mp3
2b9839c535c184baa87bdeaeb090094e3097ac600fa0acdae80e2783607bc6562cd925ca490568ecc1cb39bf7c48a66847f18529853ccaacd5907a4215f66bce,common_voice_ca_25994557.mp3,2e586954ae3636d4614075ab7eb45f0476c5be14f5f7a01281fea8f774dd630b,"Et diré una cosa, mai més.",,3,0,,,,Septentrional,ca,,northern,common_voice_26_ca,train.tsv,cv-corpus-26.0-2026-06-12/ca/clips/common_voice_ca_25994557.mp3
a3d94c2b5d1157297657bd1864d820240e75a59d08f38dff1e5c64fe5b6aa1872728cdb91869d3cd6dae5572f310777c4394bcbbaa8497a9026fe98f830358d6,common_voice_ca_17671824.mp3,2762fecd358dbfa95bf5249726a4bcfa5bf2da6a2b2327fed352620461d15c52,La llicència no ha de posar restriccions en altres programes que es distribueixin juntament amb el programari llicenciat.,,3,0,fourties,male_masculine,valencià,,ca,,valencian,common_voice_26_ca,train.tsv,cv-corpus-26.0-2026-06-12/ca/clips/common_voice_ca_17671824.mp3
f545c3e8a223ddc10036a1016dfd224a3f1a6ec09fcb1c4d6c8b3e38f73f9b4dfcb5f19d2564ea0c56c52512c9d79d130459004e89156b5668acd1d48748ac01,common_voice_ca_37590662.mp3,311d1bd832fcbb8bf85dc3806f813c0178b2ce3fba17d34403e5eae5d8bc2852,"Qui llaura amb cavall blanc, necessita tot l'any.",,3,0,,,valencià,,ca,,valencian,common_voice_26_ca,train.tsv,cv-corpus-26.0-2026-06-12/ca/clips/common_voice_ca_37590662.mp3
50362a6ec44d908b28a697d600df5d9d254a9248f6ff69976d35c83f9970b0d6936e0c6f18aa94ee09d735a588eae87f19165ae1d84c797a9ccf2091ffb1ed97,common_voice_ca_20581270.mp3,32ef1b022d3a354c3448b8cc5d95e2e69fc27a43f9fde997910cde17d2b91946,La seva intimitat amb Racine data de llavors.,,3,0,fourties,male_masculine,valencià,,ca,,valencian,common_voice_26_ca,train.tsv,cv-corpus-26.0-2026-06-12/ca/clips/common_voice_ca_20581270.mp3
acd5b51bfbbfc3f51a532af01991b0ddf31fa9fc4c2de146d6e73eb4b067f53ecde2cc35b5d1f0033c5b04da6182dc4f73cb216445ebb124d35b2393e10cddde,common_voice_ca_30745315.mp3,734eb4bb7e8af02f17e4aee23d3d5d8a069c6117551b118abe38c0b919ecbe8e,Què hi ha al carrer Romeu cantonada García-Mariño?,,2,0,,,,Balear,ca,,balearic,common_voice_26_ca,train.tsv,cv-corpus-26.0-2026-06-12/ca/clips/common_voice_ca_30745315.mp3
d5b96fe8d2aa7880e586b7eab4782136dc15400fc2592e4b812f7b933b1fdf3799429f1a701aa1c5e7e9f80a24ec83fd124ece79a0c2fd9f0bda67e934379def,common_voice_ca_31754694.mp3,1393e25f8093fa827fb7c9e14e62935b9fe019d83417b7af4846d6230ec967bb,El vint-i-nou de febrer en Xavi i en Joan aniran a la biblioteca.,,8,0,,,valencià,,ca,,valencian,common_voice_26_ca,train.tsv,cv-corpus-26.0-2026-06-12/ca/clips/common_voice_ca_31754694.mp3
1be5f58ac7d1201ed6ff1267108729c8b9c74d3a28aeed8515fa262de2793ee2cd89b19064e50b08d6d86be0c211e6e36375144e53fe43d3222b74f5df0c4443,common_voice_ca_31141701.mp3,f240b85433f2f1d8798d8d901f8ac6ef3275c2c543c8bcfdb486aca5e95a585e,Actualment està empresonat acusat d'assassinat però la seva influència política no ha minvat.,,2,0,thirties,,,Septentrional,ca,,northern,common_voice_26_ca,train.tsv,cv-corpus-26.0-2026-06-12/ca/clips/common_voice_ca_31141701.mp3
c1a9158cfa967457976230cebd211d3e55cb3e7ee3648c1d4655f4d6a82f234c15a54f869eee010b8215d5ad33f855df2d138e99bd9d1fc0142552b3df5021f9,common_voice_ca_37573596.mp3,fc445bf0b66e590352ec7ee0137be43481c6240a2fee275a68ea857c0e1d0d19,Per amor de.,,2,0,,,,Balear,ca,,balearic,common_voice_26_ca,train.tsv,cv-corpus-26.0-2026-06-12/ca/clips/common_voice_ca_37573596.mp3
34e14c1e6f0b370854700b00ece3bf204c21e125ecff8aa555683a01c67b064657aee2187f2950943725d1eecb069a3a1ba1c77b3069e60df685f63c32444a02,common_voice_ca_21396983.mp3,533cc8198ddde21455a587aaeb73c7bc9925de12041addbde212b5fdea0ee848,També té altres usos com per exemple en automoció.,,3,0,fourties,male_masculine,,Septentrional,ca,,northern,common_voice_26_ca,train.tsv,cv-corpus-26.0-2026-06-12/ca/clips/common_voice_ca_21396983.mp3
667df0e36c2ac7fcafff72ed1df2720cc85c6e8aa97fa38acd697bae4f6951869d1a89fe46fdf0cb63745797ee525b51ba23dd0b75b23c47bd64fb95612e2736,common_voice_ca_37634845.mp3,78d5e667370c23480686d23e41de7558dd492bd37324f76fd42e36e74c76aa21,La Sol pitja el timbre i s'hi està una estoneta.,,2,0,,,,Septentrional,ca,,northern,common_voice_26_ca,train.tsv,cv-corpus-26.0-2026-06-12/ca/clips/common_voice_ca_37634845.mp3
b9a89ca103420d9f17176feb70ffc68cbc5356c57151f98738c35d7a412ffda3813c9396cf450a7b9fdb4bde5d23b0a661d5e7c066b6ca4b4003edb455fae04f,common_voice_ca_31795793.mp3,207736a9a65b7c07466bb2c206acd51da3f48affa3e97eef53b08ac5e9cf9034,El vint-i-nou de febrer na Mireia i en Dan volen anar a Ribes de Freser.,,3,0,,,,Nord-Occidental,ca,,northwestern,common_voice_26_ca,train.tsv,cv-corpus-26.0-2026-06-12/ca/clips/common_voice_ca_31795793.mp3
8e722ded73031e261cb74373015022b361f54356a79590783369450eaa41bc4f1138aa519f362c33e4d5b4f795aae97c18e9bcb446360d4465a420862e27b4ea,common_voice_ca_31051749.mp3,e028d2d93a42a516bbf8e75e3246eee574bf87354c2258a95b60432908dd6503,Les fulles formen rosasses i normalment són lineals.,,4,0,sixties,male_masculine,,Central,ca,,central,common_voice_26_ca,train.tsv,cv-corpus-26.0-2026-06-12/ca/clips/common_voice_ca_31051749.mp3
bbb80ba87bd8163e4b4ce4da07395e1059714928987ab213fd81743ed289512841bf79467aa7656f39238258f4ae7b5c6e0a5f57deb92c91398324197b2fa17c,common_voice_ca_31359790.mp3,0e1b1f9c820c53a48341018e9bfa1e6c1957a2fe8d1b126f7a83240eea2741fe,"Al Harry li agrada jugar a molts esports, jugar a polo de competició, esquiar i el motocròs.",,3,0,fifties,female_feminine,,Nord-Occidental,ca,,northwestern,common_voice_26_ca,train.tsv,cv-corpus-26.0-2026-06-12/ca/clips/common_voice_ca_31359790.mp3
0bfbdce8cc864eaf2c4849b3fdd53e9f4100d2ff528af94cda97c460cfcd13fd3a7332c8be0bbfdda918b624522ea24b1f21f20a97ebaf9315cca872c3120815,common_voice_ca_22476633.mp3,8b4ae9cda8fb5f231598e2465489733736a44ab0bbdae9e675f40597b4253966,Aquesta darrera ofensiva segellà el resultat de la batalla.,,2,0,teens,male_masculine,valencià,,ca,,valencian,common_voice_26_ca,train.tsv,cv-corpus-26.0-2026-06-12/ca/clips/common_voice_ca_22476633.mp3
c02ffc5fa43cd0ca941b62649b0cdc6a2a37de7858ee5026c9948b1b590517b57304efaac6a738e85c001a179ceeabe37e9e9eb2791cb5c88e273ff5eb73ea96,common_voice_ca_38209070.mp3,a0eb54c47e6fda8eea471d320d3fb2d3340286fdb43fc28c0ec457758d13524a,Aquest mecanisme es va dur a terme en les quatre cançons que es van ballar.,,2,0,,,valencià,Valencià meridional,ca,,valencian,common_voice_26_ca,train.tsv,cv-corpus-26.0-2026-06-12/ca/clips/common_voice_ca_38209070.mp3
4392cf50c4ff2741cdf129caef43c2aad7c1721a8c325554fc709c7a1494e0e700e29a6b238dd3a76ad70ee2221808f79c7c7ae04334232732a4db23da6d7c50,common_voice_ca_17483217.mp3,9e34def28e69f5a35d432227bead6e9c4a2a3c39587cbcb3666881a84694e8c3,"Ara sí, ve la senyora i planta.",,3,0,twenties,female_feminine,,Central,ca,,central,common_voice_26_ca,train.tsv,cv-corpus-26.0-2026-06-12/ca/clips/common_voice_ca_17483217.mp3
bad955503d2f235af9f5bcce55ab22dc5cccdef16acacbb617851090c0c47aff26a88cbd113487274e9b277f8b8e72612c036f9dd9a054d63cd914d797ff2cca,common_voice_ca_37812584.mp3,82b24a60c25b4fbb8ae171df46e130165f65192db63460a020d81424539ef54b,Com ho puc fer per anar al carrer de Berenguer de Palou?,,2,0,thirties,female_feminine,,Nord-Occidental,ca,,northwestern,common_voice_26_ca,train.tsv,cv-corpus-26.0-2026-06-12/ca/clips/common_voice_ca_37812584.mp3
7b3f396ce45f636911e5773ca93561a308ac52527bb13478476d1827a0579395e13659fb138e067c77f3e6e1631b5a4069e54c449e75d79e90dddc8e6e3c7b0a,common_voice_ca_31087523.mp3,e87d378a07c98028e49fbf6e207188300df99553660fa3c3a19d7e1735ea6ea5,S'ha comprat una barca per navegar per la costa.,,5,0,fourties,male_masculine,,Septentrional,ca,,northern,common_voice_26_ca,train.tsv,cv-corpus-26.0-2026-06-12/ca/clips/common_voice_ca_31087523.mp3
4186d22e6c118ff9efb712d7f90f14e13d83cfdff8d2552881560a4421ed5aa272534eb0eee83e809c1f5855e578cd4c093d9eabe667eaefe436339757032e6d,common_voice_ca_33404914.mp3,e50c310f1e28a3ed1e8e8d27daaa072154816144ccc617653bf952c53cd4654c,Un dels punts principals de la trobada ha estat la ubicació definitiva del centre.,,6,0,,,valencià,,ca,,valencian,common_voice_26_ca,train.tsv,cv-corpus-26.0-2026-06-12/ca/clips/common_voice_ca_33404914.mp3
f8afdbedf7b4cf7c53322433ffb479349dfce968a871a5e865cf632d01a0a9c32dad8f25be62ff83050c9836f04f8b07fa157c669c26f5bb4d639ac997927916,common_voice_ca_36823650.mp3,5c4575074293a72e89c0bc5584f6f6fb6315ebe37fa92b6684e9be1cfd48ea3c,"Els seus homòlegs de la Costa Est són Emcee Lynx, The Coup, Paris i Michael Franti.",,3,0,,,,Central,ca,,central,common_voice_26_ca,train.tsv,cv-corpus-26.0-2026-06-12/ca/clips/common_voice_ca_36823650.mp3
8d0085a66d64058fd3c49768bf6703bcd43abe57c1fc40539c08dc790714319b63a6c413a5b92655d6785231e18a3b93b7e831ca098f8554d9c106b571e7e3ed,common_voice_ca_36847095.mp3,5db6cd3e5645174adac1c61ca19f812e99d6bd084084c2b8b4e3918d5797a320,No s’han fet detencions.,,4,0,sixties,male_masculine,,Balear,ca,,balearic,common_voice_26_ca,train.tsv,cv-corpus-26.0-2026-06-12/ca/clips/common_voice_ca_36847095.mp3
f03485e5b50b1dd19b420017940c7c6300f3104ef2dbf97bf3f413ad339df91d21ddfcecb3360bcf50a3130f8ca8d661995bb856c0d3b65a524e964d1914c2cd,common_voice_ca_37560971.mp3,d726a74140ae741691567e435a1738b0f68f16b10bd447790bda974d56fd322a,Nou taulell amb dues alçades i bucle magnètic.,,2,0,,,,Balear,ca,,balearic,common_voice_26_ca,train.tsv,cv-corpus-26.0-2026-06-12/ca/clips/common_voice_ca_37560971.mp3
4e9425dfeef8c0fc5fc72aaedd2cd68479ca2fbbd23d8a1860a9c080e4b84a18331e1d5f1ac77422b3770935ada5a75243fe3e8514ddfa50e6f33626b65da902,common_voice_ca_30763064.mp3,798398b1bb7ce7deb74fcdcd21b61157c681a33a63889c9068ea9e2f2389526a,Hi ha mapes disponibles per als caminants i els senderistes.,,6,0,fifties,male_masculine,De Reus,Central,ca,,central,common_voice_26_ca,train.tsv,cv-corpus-26.0-2026-06-12/ca/clips/common_voice_ca_30763064.mp3
88ec4ff5a1b0ffdabfe62d068286c851ee64c428883e56f32af14b59756d5846be9d46e5a777c4c22f2dec9596a1a44ed3aa75f1fb0231923cbd4ab59f1f9c47,common_voice_ca_31112173.mp3,ed2e349b71942e93f43d22d3a5edc9ae40e747f8ca5ec730fad127379d8eb07d,Era l'instant més feliç del dia.,,3,0,fifties,male_masculine,,Central,ca,,central,common_voice_26_ca,train.tsv,cv-corpus-26.0-2026-06-12/ca/clips/common_voice_ca_31112173.mp3
50362a6ec44d908b28a697d600df5d9d254a9248f6ff69976d35c83f9970b0d6936e0c6f18aa94ee09d735a588eae87f19165ae1d84c797a9ccf2091ffb1ed97,common_voice_ca_31340398.mp3,0a6b8828873f01d11f15f73ff0d63b9df2cab05c956c95b1967ed298ba6132e0,"Fills seus foren Pere Antoni, Antoni i Trinitat Serra Bauçà.",,2,0,fourties,male_masculine,valencià,,ca,,valencian,common_voice_26_ca,train.tsv,cv-corpus-26.0-2026-06-12/ca/clips/common_voice_ca_31340398.mp3
897c3401b4a35d8fad5966bf8c4dce6d94837c76e46e8131a8bd70527f6e1d8c9f59053d0a56425d7dee71939280ac3c38df14e976f613cb906d7187d6141297,common_voice_ca_23693273.mp3,aa398d335fbd4fabcffcd12d56a15d42503d10a86531119a434036efb1568e13,"Les característiques principals d'aquest gènere són: coloració general vermella i negra, potes groguenques o vermelles.",,3,0,seventies,male_masculine,,Central,ca,,central,common_voice_26_ca,train.tsv,cv-corpus-26.0-2026-06-12/ca/clips/common_voice_ca_23693273.mp3
68e5c1e2b5909f71bf20a581dcae64f9764420ec24d53ae26e945bf2e3575f8cc0b881fac0a1153f164d1699942b87d64d2a6eac7f94edfadfc8c8d915193c52,common_voice_ca_37903780.mp3,8ac3897f2265973ab8d66968cc3bfc346358e3cf9fafa7b16255fb44afd917af,"El sagú és, de fet, un cicadofití.",,2,0,,,,Balear,ca,,balearic,common_voice_26_ca,train.tsv,cv-corpus-26.0-2026-06-12/ca/clips/common_voice_ca_37903780.mp3
5817204189c6965681027eacbcc1548ac8192871f4e4d2a6e11855f4554073fbde5c6d955946da43a95a60575540501aae933a5816c79ca5a4a07f9d29418046,common_voice_ca_37602968.mp3,5962338d13e81e5d1e2dbd56c1dd140d834dd0391a449d7f8583cf52b4776979,Missa per beneir els animals dels veïns.,,2,0,,,valencià,,ca,,valencian,common_voice_26_ca,train.tsv,cv-corpus-26.0-2026-06-12/ca/clips/common_voice_ca_37602968.mp3
9721d1bdaf194673098e571ff7989b3653ba564f42efd04695344586f03912d5903d0d07e524c23ac9606f36746163fe84565258439bd96f1027a32e2ef87340,common_voice_ca_31779405.mp3,1bfbe893ec4da47b5019be6c6919b626ab1ab0c22c440b0490d89e639d7a7adb,Tots els seus moviments encaixen en els passos d'hula.,,3,0,fifties,male_masculine,,Septentrional,ca,,northern,common_voice_26_ca,train.tsv,cv-corpus-26.0-2026-06-12/ca/clips/common_voice_ca_31779405.mp3
506a1c258f86da84e3b28e446c4d6393f4900fd7106eecfba1d0ef5252c14e419a19535bc19e525f19d72a1b5aeadeede156f4e923579977d48a4f99db96ab37,common_voice_ca_31048756.mp3,df54792e3fce2b2c225590f31ad8b27ce4b8026d244798319f63f2426420176a,"En trobar-se en una posició més baixa que els altres en el dial, també tenia més cobertura.",,5,0,fifties,male_masculine,,Nord-Occidental,ca,,northwestern,common_voice_26_ca,train.tsv,cv-corpus-26.0-2026-06-12/ca/clips/common_voice_ca_31048756.mp3
aaf8de7f63e0e4811214b05cfd0a57c1ece4f251dcee4cdf0966adb8c0f17e262d8f871220b3cb6e766c71f676772f58f0791a178c18e418f831fc65afdad705,common_voice_ca_31278107.mp3,01853141ca74cd950885a347a2f27fce2b598a5e27aaec6e3726cb79c0b063a6,"Afegeix a l'agenda el número del Wassim Olid: sis, vint-i-dos, trenta-sis, quaranta, noranta-cinc.",,2,0,,,,Central,ca,,central,common_voice_26_ca,train.tsv,cv-corpus-26.0-2026-06-12/ca/clips/common_voice_ca_31278107.mp3
4e6157e12682d5026015894e16d15c67e09b5417ad6f2e128c4e466185d37a23d234108eb8e4e3981dd695709b618aa6699a6e0f07b8ce269220997118278bb3,common_voice_ca_31012263.mp3,d38e5c6488b44a7042ce9090be731861a211d4646034a956dd091202006aab51,La meva observació seria que això és una suposició.,,8,0,,,valencià,,ca,,valencian,common_voice_26_ca,train.tsv,cv-corpus-26.0-2026-06-12/ca/clips/common_voice_ca_31012263.mp3
583278de14e1d78babd36b2768421d58d3b2a2a79f014e7b3d98f4b4a11c7a266dedbc7019af6d8c6a8068ce0aaeb5d822f02ef7756fb052675b2d92b4143cdd,common_voice_ca_33434224.mp3,f9a1ca92633a15eff1e5e93209f465b3c07e58815bf23811192ff418c4d76255,"Des del mes de juny, nou personalitats més han subscrit el manifest.",,2,0,thirties,female_feminine,,Balear,ca,,balearic,common_voice_26_ca,train.tsv,cv-corpus-26.0-2026-06-12/ca/clips/common_voice_ca_33434224.mp3
88dfb9bcdb1b9d85f720b47d3dd6b774656c6a75e0a1f58bd81b81b4efc57c10526195125cfd028442c7deecc56960d480d6e4b5be492a45b76e5262eccbc910,common_voice_ca_31226106.mp3,f978d9856fcbe33266f0af9e5a23d3890be7cbfb4f191667cf4fd73beb8e22f1,"Nagold és conegut pel seu castell en ruïnes, el castell de Hohennagold, i pel seu viaducte de carreteres.",,2,0,,,,Septentrional,ca,,northern,common_voice_26_ca,train.tsv,cv-corpus-26.0-2026-06-12/ca/clips/common_voice_ca_31226106.mp3
0b0b21a3b262b02e67da22a511b969ce9466cc08cc53f10a2c1a349481ea1e60e206538c1e41ff690df1c247ea35ea6704aabe3ab67530f491fc430eab012e3a,common_voice_ca_21357072.mp3,4df2d94e33240e203c2c5c304161df1e6e33e8db2fc1927c5dc0c31ca1fee171,"A la mateixa hora, intenta salvar la seva germana que la segrestaren.",,3,0,fifties,female_feminine,,Central,ca,,central,common_voice_26_ca,train.tsv,cv-corpus-26.0-2026-06-12/ca/clips/common_voice_ca_21357072.mp3
5704bc36cf6ca14a600d3d134945ba90accca770b1c14da9f4134ae166e0b1485a3d1688978378e2c022e86c2e601deb1a4aa097c0f7a69e2113c18d9abb31cc,common_voice_ca_35114974.mp3,42c7367fdbe22030817920f808e2f36fba6e37835c207ec3aacbac499c38636e,Pensava que ja havies marxat.,,2,0,twenties,male_masculine,valencià,Valencià meridional,ca,,valencian,common_voice_26_ca,train.tsv,cv-corpus-26.0-2026-06-12/ca/clips/common_voice_ca_35114974.mp3
54fb9f7404b5fdc62c215618683436be38e5640e8e1c1c8042d66d36074dc0a25bc96d9efba718d672b573deedb3031988817f7935737e293e8f8ed9d4961209,common_voice_ca_31024182.mp3,d6ad8ede0b88df8f934fbe18308e92235b2465db43db79bb96600135a2d78dac,Els padrins en són responsables.,,2,0,fourties,male_masculine,,Central,ca,,central,common_voice_26_ca,train.tsv,cv-corpus-26.0-2026-06-12/ca/clips/common_voice_ca_31024182.mp3
36221a9e7fec2de626bfd23c9ad1c7ba2b50d0ad5dceccce914d1d02903f9c097b6a6a870bfcbf4b5b9b2519209cc1954d9c66b8b9c50ea365873879dd9e1624,common_voice_ca_17377978.mp3,439758bcf725053649d104984a36d272b51eb7cdd7e08302fcc4d504c02adbb9,Atura't!,,4,0,twenties,female_feminine,,Nord-Occidental,ca,,northwestern,common_voice_26_ca,train.tsv,cv-corpus-26.0-2026-06-12/ca/clips/common_voice_ca_17377978.mp3
6e318308ca39e8509c74441040e4565693b3d39b5889e5132e9c96ddf1d0a183ecd20daa151ade158fcedff11b8ad421ea0d5b7c16fff6202e100518f7f826ff,common_voice_ca_38670827.mp3,be7cac73b2b522e8c7cf7c7999c7eea5038c7c9f8d5c97362098b09f6de239c1,El cos varia de blanc a groguenc o marró.,,2,0,fourties,male_masculine,,Septentrional,ca,,northern,common_voice_26_ca,train.tsv,cv-corpus-26.0-2026-06-12/ca/clips/common_voice_ca_38670827.mp3
6e39437fa3587288c9ac5edc2aae57bb2ff2d13494ad168243b24ebe20e9e6e6250fa6bc23928a496f57f80ccd42f259594dcdd97bb559dce52e040c476fffd6,common_voice_ca_30881338.mp3,a2b7a767a240d27b0e74a2604fefd3ec97762e9a6193c998c82c9545e5a8088f,… però l'animal se li havia girat a cosses.,,5,0,,,,Nord-Occidental,ca,,northwestern,common_voice_26_ca,train.tsv,cv-corpus-26.0-2026-06-12/ca/clips/common_voice_ca_30881338.mp3
667df0e36c2ac7fcafff72ed1df2720cc85c6e8aa97fa38acd697bae4f6951869d1a89fe46fdf0cb63745797ee525b51ba23dd0b75b23c47bd64fb95612e2736,common_voice_ca_37634408.mp3,78a7c69e07797e252e8fba1cd2d1b4ac7bf48b005ea17bb0dc4819295d2652d8,"En cas afirmatiu, què decidiríeu: monarquia o república?",,2,0,,,,Septentrional,ca,,northern,common_voice_26_ca,train.tsv,cv-corpus-26.0-2026-06-12/ca/clips/common_voice_ca_37634408.mp3
99c2996aed58c3abac77663a3a91503ede747113ba26b034f6caf24715f8d5f6591193023e369af11d77077ce615b1de643403093cf8c4d8dcb7e7c07dfd3ed8,common_voice_ca_17397764.mp3,26f1e6abf9f775d5a60bce9c2faa5f360185aa9f6adde563609328fd280c01c4,Som bàrbars que jutgem inútils les arts.,,3,0,twenties,male_masculine,valencià,,ca,,valencian,common_voice_26_ca,train.tsv,cv-corpus-26.0-2026-06-12/ca/clips/common_voice_ca_17397764.mp3
8dccfb605c83df1076d2b14598d15a614081a0b1972a28d62e99ee3a373c071e0fb17a28245681a76f481385197a59e44afc8f5e36636ce77a81b4c2a7adae6f,common_voice_ca_27233591.mp3,3ec37aa7132fc41df1ee002e51692a12c4c4c49e7c6cee9aed08381c5b69fd63,La resta de la zona ha estat reestructurada com una urbanització.,,3,0,fourties,male_masculine,,Balear,ca,,balearic,common_voice_26_ca,train.tsv,cv-corpus-26.0-2026-06-12/ca/clips/common_voice_ca_27233591.mp3
b0b31bce6e0543b2e569a1438423f5788d0256e84398aa24d500163918cd1af6765f359c5d9707a6ce5a1d99e69194a7e1e471a05bf34ad14bc5c7f0da951a98,common_voice_ca_30923347.mp3,b2f0ab0e2a16c0b8502477459626c70e1f983e969eb34ce8c59cf1cf9686e22d,Va identificar elements de materials i va mostrar les tècniques amb les que es feien.,,8,0,fourties,male_masculine,occidental,,ca,,northwestern,common_voice_26_ca,train.tsv,cv-corpus-26.0-2026-06-12/ca/clips/common_voice_ca_30923347.mp3
7b2785d42b6f49f98aab6a1e8bf3425d7d1e54e15b7213b7a72cb6006a5fc7eaa4d318bea3a389046d8c609cf685d0499f98f6e59c7420cef684281362051317,common_voice_ca_31501462.mp3,248e09a85aff0fa882e8223d4e349763ae772686e87d7330d10e94854130854b,Les comunitats de la fàbrica de paper i de Hamra estan ben conservades.,,2,0,,,,Nord-Occidental,ca,,northwestern,common_voice_26_ca,train.tsv,cv-corpus-26.0-2026-06-12/ca/clips/common_voice_ca_31501462.mp3
a9c1eafc1e617b5bce1024e114d1aae1123490047c38da3e524e6f54f821b66d2dcd62bfc953ab4d8f2e42ff3422c49de4d7a56d881beb6ea5c0be219110434b,common_voice_ca_31329842.mp3,08895ddb0bff986c4a593ae16560484546e2268c047ee372077a9881547fce80,Mira'm quina és la millor manera d'anar del moll Nou al carrer del Doctor Joaquín Albarrán.,,4,0,,,valencià,,ca,,valencian,common_voice_26_ca,train.tsv,cv-corpus-26.0-2026-06-12/ca/clips/common_voice_ca_31329842.mp3
f4cfbbd9eebe81c129b71749fd2b1bb59763d7e45319914980ec2cef1eb1f39cb24088b9493757fc0ab2684b31137b985de384ff40e4db8f1b230ad6d6e0086b,common_voice_ca_28826829.mp3,623648ca5260faca498902cf681525cd0e92d71915428860334fe6bb734a872e,Es va guanyar la batalla de Tunísia i les forces d'Axis es van rendir.,,3,0,,,,Balear,ca,,balearic,common_voice_26_ca,train.tsv,cv-corpus-26.0-2026-06-12/ca/clips/common_voice_ca_28826829.mp3
729ac774d26f520f8c985eaa2f4a4d610e7064dbbb4b6504c5304b1f1f6b94b21b19a0302e12f7a9bddc32765b82787bfab279fc90772394441780b6f689e2b9,common_voice_ca_31959723.mp3,5539f96300affcc53dbca8ee708449fdedebc4c80181f9fc073ecfb7abf3f193,El deu d'agost na Clara i na Jana aniran a la Vila Joiosa.,,2,0,,,,Central,ca,,central,common_voice_26_ca,train.tsv,cv-corpus-26.0-2026-06-12/ca/clips/common_voice_ca_31959723.mp3
26527c84247bb0804a7c264edb42b23f55e96abd5d4b2981ee1808c4ae4978feaca988dd9645afc1b6e6dc65dfb5563b3b5eb47656a4d97feb5b289d74c287eb,common_voice_ca_31377435.mp3,11216f260d590893873a1e264d43ce1960a42aab286b25d8bd1b9c5cce302c4c,Burr es va casar amb Marie Barnitt i va tenir quatre nens.,,2,0,fifties,female_feminine,,Balear,ca,,balearic,common_voice_26_ca,train.tsv,cv-corpus-26.0-2026-06-12/ca/clips/common_voice_ca_31377435.mp3
80923f53da66acf2b0f28ec60df4d3abd235f02e36e3f2e0984dfa8bb02386f8cefc915b10962d35598ff7412bcf483f1aa96efb129bee999e5efb5d532ff968,common_voice_ca_37545992.mp3,bc100376375756240f676c659ce655df0d5cf62f6bad88f19aab7ee0117a90ed,Els que es casen per amor tenen bones nits i mals jorns.,,2,0,,,,Septentrional,ca,,northern,common_voice_26_ca,train.tsv,cv-corpus-26.0-2026-06-12/ca/clips/common_voice_ca_37545992.mp3
946e5ec4f472d910217a86a8033666d9a7154dcee9209d8ef1987e765deceaa8a3646943323dba34dcc46fc6ea7de82923878387f4e6ce042805cdab9de66d1b,common_voice_ca_32156954.mp3,8e455fbe39bd01c75f559c318aff108c1a336cbe740c6ac2b72242d0155bcc73,Dissabte en Julià i na Sibil·la iran a l'Espluga de Francolí.,,3,0,,,,Central,ca,,central,common_voice_26_ca,train.tsv,cv-corpus-26.0-2026-06-12/ca/clips/common_voice_ca_32156954.mp3
1eefd2552dfaa4205907d816425de30252fc53df89659e1c6950ae5cf38aef2047e1446fc801688b10e549d521825c3a7a1f14add88714b81d0a70241f996f19,common_voice_ca_40557471.mp3,e88f66714534f5c43af1d5f2619a8398eeb3a2dac54e44eb489f2afc23cb4d18,La metodologia emergent utilitza fonts documentals històriques i mètodes etnogràfics.,,2,0,twenties,female_feminine,valencià,Valencià meridional,ca,,valencian,common_voice_26_ca,train.tsv,cv-corpus-26.0-2026-06-12/ca/clips/common_voice_ca_40557471.mp3
8f78b4eaeb9dd44b6459e50a615ad298d58b8b059192a3d84a6ab9f3ee31995fc5f2d9a5cc53f04ec3367fd662bc566bde33cc614cf65f9a71acafdade0e3d3a,common_voice_ca_20499873.mp3,2f2899ee0089637e73952e2e23c2587f87a88d82acc8dd847415ad6c57c64c36,La productora aviat s'especialitzà en reportatges sobre diferents famílies reials europees.,,2,0,thirties,female_feminine,,Central,ca,,central,common_voice_26_ca,train.tsv,cv-corpus-26.0-2026-06-12/ca/clips/common_voice_ca_20499873.mp3
90aacb6e5884a88c78cf93e77ad46f5b2c643042e24cf33f6fc3edf4c4ae9fbb76517000acd023ec4d19fa1854d7bbf4c21839576ed6cc0661f6533339f50bee,common_voice_ca_25961049.mp3,2c83ec49b99dbbfbeeab5fb3ec5626b3aa9542908ad47dac7f9f8d8144269937,La versió recent més famosa de la cançó va ser enregistrada per Great Big Sea.,,2,0,,,,Central,ca,,central,common_voice_26_ca,train.tsv,cv-corpus-26.0-2026-06-12/ca/clips/common_voice_ca_25961049.mp3
430858a4e8f1edf1598fb0ec994b619f37e78cbf576a431c639ed23645f21652933036cf45763d96115e25e5cca883fce7e324c03232d67b2afe9c1c9743cd41,common_voice_ca_33386204.mp3,d3eeaab1af4d9aa1e9ca28c1cb7ac9ef82d7a708cd71901c75f8d875e5933168,"Van fer una declaració políticament estudiada per impactar en l’opinió pública espanyola, diu.",,2,0,fifties,male_masculine,,Central,ca,,central,common_voice_26_ca,train.tsv,cv-corpus-26.0-2026-06-12/ca/clips/common_voice_ca_33386204.mp3
6f108595766a81723439ea3206439af964707132aab7ec8ac6007dbc364c6fa2f409351576bf5a236da2d1ecdbf577b73c09fca85d9543a8069bad36e74c7fdd,common_voice_ca_30903836.mp3,ab43d74e048da95dff04168b9d205a672bed3adb38845f81d79038d9bfaec640,La duració del viatge a Stratford era llavors de sis minuts més.,,3,0,,,,Septentrional,ca,,northern,common_voice_26_ca,train.tsv,cv-corpus-26.0-2026-06-12/ca/clips/common_voice_ca_30903836.mp3
a9d13612a619ba94b2e0e3d7804b7d2e482db94e2a03949b6e0f9955d386ee0519f77296f7496a107eac39b0a6b56718cdb127a43384241a5ef932fd04619247,common_voice_ca_19157727.mp3,15dd4e2d29274b6015a0974e01b772853f498431c2c4d901c861b594e392b972,"De nas curt i ulls de gat, Déu ens en guard.",,2,0,fifties,female_feminine,,Central,ca,,central,common_voice_26_ca,train.tsv,cv-corpus-26.0-2026-06-12/ca/clips/common_voice_ca_19157727.mp3
88ec4ff5a1b0ffdabfe62d068286c851ee64c428883e56f32af14b59756d5846be9d46e5a777c4c22f2dec9596a1a44ed3aa75f1fb0231923cbd4ab59f1f9c47,common_voice_ca_31111924.mp3,ed41206c9212c8dbdd26cac774ed4c161a2dd45ce1b4555dbf42222a1185bfef,"Picaina, redéu Picaina, quina aigua cau!",,3,0,fifties,male_masculine,,Central,ca,,central,common_voice_26_ca,train.tsv,cv-corpus-26.0-2026-06-12/ca/clips/common_voice_ca_31111924.mp3
b71989a7c887e2872082ff8207b77f0fe176eca771534a27229c3b3aee08b8b36746638f984938c98f1ab232b978602f451c1a960f634a833073708a6a33f476,common_voice_ca_19798979.mp3,0e5a6f60e0ee00450e0fcc30b84bc7b27d92d784159e2d2d282a7ce59422d9d6,Es conserven algunes monedes que probablement van ser encunyades en el seu mandat.,,12,0,thirties,male_masculine,central|valencià,Valencià meridional,ca,,valencian,common_voice_26_ca,train.tsv,cv-corpus-26.0-2026-06-12/ca/clips/common_voice_ca_19798979.mp3
bb46e50398bf1b0dbc50c497b4db5be0900860bf36bcc718b76e3483f8e5c6a87e66c8df1e6873665d5aff1b797ae746fa83faaeb7787a160d43593ea7bdc7b2,common_voice_ca_30748928.mp3,749ccea4b1a5fdf20f611b1bada95623a9b00105aed92f02863731b0018619ef,"El nou edifici, molt més gran que el que va substituir, no ha aguantat.",,2,0,,,,Septentrional,ca,,northern,common_voice_26_ca,train.tsv,cv-corpus-26.0-2026-06-12/ca/clips/common_voice_ca_30748928.mp3
c4034d52d21c475bfc0be93cbc9f02368f578817f838c25abd702e39d477a45f551db8b839f00bbe9c9aed5511ce1f083f8cf1add51797e85151bd324a2de6b7,common_voice_ca_32119773.mp3,787c6586b4c7f067fa31cee390d70a4ad975b7e18142b740029632693c859717,Diumenge na Carlota vol anar al metge.,,3,0,fifties,female_feminine,,Central,ca,,central,common_voice_26_ca,train.tsv,cv-corpus-26.0-2026-06-12/ca/clips/common_voice_ca_32119773.mp3
729ac774d26f520f8c985eaa2f4a4d610e7064dbbb4b6504c5304b1f1f6b94b21b19a0302e12f7a9bddc32765b82787bfab279fc90772394441780b6f689e2b9,common_voice_ca_31959754.mp3,5582829d50ef7976c8874b477449d6c1665f6dc57bfc7fcee4af2991afeef2e7,Demà passat na Judit i en Martí iran a Caldes d'Estrac.,,4,0,,,,Central,ca,,central,common_voice_26_ca,train.tsv,cv-corpus-26.0-2026-06-12/ca/clips/common_voice_ca_31959754.mp3
506a1c258f86da84e3b28e446c4d6393f4900fd7106eecfba1d0ef5252c14e419a19535bc19e525f19d72a1b5aeadeede156f4e923579977d48a4f99db96ab37,common_voice_ca_31995702.mp3,5ab2cdcc933d092238bef098854949828a8d61114e44b22aaf850e429b5cd17f,El vint-i-nou de febrer en Blai anirà a visitar mon oncle.,,3,0,fifties,male_masculine,,Nord-Occidental,ca,,northwestern,common_voice_26_ca,train.tsv,cv-corpus-26.0-2026-06-12/ca/clips/common_voice_ca_31995702.mp3
7eeb4664f77e4be186bbf6c320c1f0a620361b357aeb5c1d47b4e1f4d3eefd06c1aa581638be86dc127ba72ef47c0f01070b010fb031cb11c6340f56bdf334b3,common_voice_ca_36861509.mp3,5e628d704d52f58daf28f271e537a2ec059660164bf6e6864ee88efcb2d2f4d7,"El consell és compost per un alcalde, un conseller en cap i tretze consellers addicionals.",,2,0,twenties,male_masculine,,Septentrional,ca,,northern,common_voice_26_ca,train.tsv,cv-corpus-26.0-2026-06-12/ca/clips/common_voice_ca_36861509.mp3
5b46c8527a8bf6552f46e67db8adcdea78db4bc2afbcb679edc1349da4faccfe29d5a935893cfeec75fb65ebbde88131367b90424eada44ef21d9cc7a11af9b7,common_voice_ca_37808138.mp3,82187ad0182b1256f5eab9cca6cd5ea3bc21469d5ea4753d7af7e2b2825f0b83,Documents d'acompanyament el transport de residus.,,6,0,,,mallorquí|Santa Margalidà,Balear,ca,,balearic,common_voice_26_ca,train.tsv,cv-corpus-26.0-2026-06-12/ca/clips/common_voice_ca_37808138.mp3
0b0b21a3b262b02e67da22a511b969ce9466cc08cc53f10a2c1a349481ea1e60e206538c1e41ff690df1c247ea35ea6704aabe3ab67530f491fc430eab012e3a,common_voice_ca_21357202.mp3,4e435dc0df5d578640b9670188f609c2e8ef7f650c0f1292b092211fe529cc7a,"S'hi produeix sègol, patates, mongetes i fenc.",,2,0,fifties,female_feminine,,Central,ca,,central,common_voice_26_ca,train.tsv,cv-corpus-26.0-2026-06-12/ca/clips/common_voice_ca_21357202.mp3
d264909fe380da72d0b34cd257865cfbf6c189aa40f5f9db2d1778d0f84d7bbbf819866191885e9249f8130a348497c3120d982f2340d88a3dc7441f4ed9f8ea,common_voice_ca_37005614.mp3,6654933785916efc57253210a67f5461195cc85a817806ab952e65def9742efc,"Els urèters creuen la cresta ilíaca, prop de la bifurcació de les artèries ilíaques.",,2,0,,,,Septentrional,ca,,northern,common_voice_26_ca,train.tsv,cv-corpus-26.0-2026-06-12/ca/clips/common_voice_ca_37005614.mp3
efc9a3c13444af1a75d84479ccd9c4ea35a31e47fa9917d992b2742e0f696388c874719786e52fef27a1ac296726131d8227276490163476128f0b1b2d6ae74b,common_voice_ca_19047807.mp3,6fb07dadcc38db4a11560056dcc04033bfdc45ff925cf4d020f391488a0a494c,Un d'aquests serà necessàriament un dels monòlegs proposats pel tribunal.,,3,0,fourties,,,Central,ca,,central,common_voice_26_ca,train.tsv,cv-corpus-26.0-2026-06-12/ca/clips/common_voice_ca_19047807.mp3
014c9ed0978dcef50cf5a19a19fc7b5e02d096a504a3cf793db1189301eea83b60e7611df3912a0163dd2db3afb85003b4f9f9c848eef88c2728488ca699543f,common_voice_ca_30961873.mp3,c2a7285f04b2212fad9f702ffb8c7dcedd9dc010a7f9d1c329af30726d46de22,La meva cosina s'ha enamorat d'un arquitecte.,,3,0,fifties,male_masculine,,Central,ca,,central,common_voice_26_ca,train.tsv,cv-corpus-26.0-2026-06-12/ca/clips/common_voice_ca_30961873.mp3
ebdd260d32c844973f080135fff8e1e957874d75c73329c9bf01473084a2a1e1bc54acc2eae46c67634e04ad5a7fe43da60a3423fc922f52c4408b853f0dfd3d,common_voice_ca_39926371.mp3,d629745e5740484dcdb7a5aafd6910402cca5db9cd6881e8d0bb066e72582d1f,També hi abunden els congosts.,,6,0,twenties,female_feminine,vinarossenc|BAIX MAESTRAT,Nord-Occidental,ca,,northwestern,common_voice_26_ca,train.tsv,cv-corpus-26.0-2026-06-12/ca/clips/common_voice_ca_39926371.mp3
61af903b928d0a482f4e5cf4c597aeb89a22da67efa4c2850b2f473517f789f2e0b6279af49a4f21560ffb7a32bd6495d47a6fcf4b73bf6d80d58b0b3e17b616,common_voice_ca_30789862.mp3,8346bb50501c1171f99584bbdcfa4d65edec47e08ca6e653adfa9c4c05c9cdaf,"La Laurie recupera la destral i decapita en Michael, matant-lo per fi.",,2,0,,,,Septentrional,ca,,northern,common_voice_26_ca,train.tsv,cv-corpus-26.0-2026-06-12/ca/clips/common_voice_ca_30789862.mp3
458cc9429f1fe740f093f20c3a11dd9e995942d274a3c16e4982acd88d3323aa05ddcc884aca24676a4cea186146989123fe0092ecdb08e9d4855fe27c8eb59b,common_voice_ca_31026303.mp3,d77441073654ee3f5b4650a96231f66e48cc741f2b1f067700c9cfef0153c50c,Castellar de la Ribera es troba al Solsonès,,3,0,sixties,male_masculine,,Septentrional,ca,,northern,common_voice_26_ca,train.tsv,cv-corpus-26.0-2026-06-12/ca/clips/common_voice_ca_31026303.mp3
e0ad16d352572720e8e414af07c5165f19b9a98996db14157a31544f4429da864ab334246f39ca470d72302bb92c98e02cef923d00d1e891d39c6d6cd39bfdb2,common_voice_ca_36412101.mp3,524c182416c8a2fa4d0132352e1e4f8957aff9b3df9c3c77fe8229949ff97301,Actualment és un animal oficialment protegit.,,2,0,,,,Balear,ca,,balearic,common_voice_26_ca,train.tsv,cv-corpus-26.0-2026-06-12/ca/clips/common_voice_ca_36412101.mp3
ea9d1d3725dbca61f5cfc9e78b3a0ba898b6d188bebe4ba379ed42add0958cf59ffe1a2b73e2e2f9085b1d232036a97422e46b6b19fa90b7609a9a64e218748a,common_voice_ca_43519894.mp3,ea78f58221bb8d022d1e81f4088a48d585b9bf578862948b1e9d03ddfff33bfa,Llocs propers són Kingston a Soar i Trentlock.,,3,0,thirties,,central|Garrotxi,Central,ca,,central,common_voice_26_ca,train.tsv,cv-corpus-26.0-2026-06-12/ca/clips/common_voice_ca_43519894.mp3
35c495872d387015eebf1ee53d7237625fd7de7ecb9eedb1accf9bec88d438250bb521c676ad7cc710671ca8c30be16cc4d07ff3bf330b5b990bf968956534a1,common_voice_ca_31099842.mp3,ead82f565d78e543b3f7a7f921043e20ce7ed12cf5d813bb0d4080fd404f6c71,El criteri d'inclusió a la guia difereix segons països i ciutats.,,4,0,,,,Central,ca,,central,common_voice_26_ca,train.tsv,cv-corpus-26.0-2026-06-12/ca/clips/common_voice_ca_31099842.mp3
295c26c6a1db0cfe0d7a41bd219c40e9f54b4f333cc6d4acf6b4002d2c01dbc7c22c96d15f991208f28fc374d1fa20f63cf42a9a6eba5da076a4242e7acbe95e,common_voice_ca_40668311.mp3,0ed475130790ca9c9719a541b0374d59524f6de095b77d2d3b69595517fba0c3,Què s'ha organitzat per protestar?,,2,0,fourties,female_feminine,,Septentrional,ca,,northern,common_voice_26_ca,train.tsv,cv-corpus-26.0-2026-06-12/ca/clips/common_voice_ca_40668311.mp3
26a17767655ca9374bf1dd1b7f2ea342670b428ade7cc351aad9e409fa3820ca742f5babeee28e49679961fe1031ca629c5edf1be266f862511c856086514c36,common_voice_ca_32176638.mp3,547bb134f6858133aaf7fd6779569e75a649ac75774a189cc34221947938fdf0,Accent circumflex que ens emmarca l'ull.,,2,0,fourties,female_feminine,,Balear,ca,,balearic,common_voice_26_ca,train.tsv,cv-corpus-26.0-2026-06-12/ca/clips/common_voice_ca_32176638.mp3
49879eb3db69979eff957258d63e98e9b693fced526a2b9ad68395eb691defb1bb352b5416f4328f67534a7962fe0364c4af8db411be29114a159f4e18bf97c7,common_voice_ca_37567991.mp3,ef182df759db929dab9a021ffad9f87e228874bcb7a57ca292d0f6fde41e49ab,Els de Gandia són pixavins.,,2,0,,,,Balear,ca,,balearic,common_voice_26_ca,train.tsv,cv-corpus-26.0-2026-06-12/ca/clips/common_voice_ca_37567991.mp3
1ef17e5e0923aa6d1ac07e32b4cfd91b459e33b7b5c4445dd66f088966c91c46ce7e0d7be0917b30fed4fca6cc8c7c72adec6859457d3085dcc9f06ad9633fbd,common_voice_ca_32115802.mp3,746b6fd66fb9f94afdd0f8d0f490d883c2c7bb7d13b852512154b0a5bb55c225,Ara plou i fa sol.,,2,0,fourties,male_masculine,,Nord-Occidental,ca,,northwestern,common_voice_26_ca,train.tsv,cv-corpus-26.0-2026-06-12/ca/clips/common_voice_ca_32115802.mp3
7eade9870a341f0d9a0106e0f0017a1e33658b1e0c900fbb7df15cc953ff9384a0858e8943fa412e668e0a3600bfa709b60d82fe37bfe792b10a9f1c1d31667d,common_voice_ca_31318865.mp3,06f08c27a862b1c3ec8bf9371de98c1eeba8b4ac7787a8e7f4985976903000ad,"Des de la seva fundació, se centrava a ensenyar les professions que ofereixen graus professionals.",,2,0,,,,Septentrional,ca,,northern,common_voice_26_ca,train.tsv,cv-corpus-26.0-2026-06-12/ca/clips/common_voice_ca_31318865.mp3
0b436ee8ed7ec3f70b0ba472845a08a34e59a75fad556ab39cc54a2a1738b7cbef3eec316463d70b928597696d9c93eb9d05e03f127552800d5989e7b582a2be,common_voice_ca_17522755.mp3,32978db1570aefa849f6041512a036b826c6b9dea2b3d815ad9c920258ddc05c,Les convocatòries poden limitar els percentatges i quanties associades a cada tipologia de despesa.,,3,0,fourties,female_feminine,,Central,ca,,central,common_voice_26_ca,train.tsv,cv-corpus-26.0-2026-06-12/ca/clips/common_voice_ca_17522755.mp3
aeb5bbf9a006b1b7e84fc0c3e392484cf59308e717f06e25dfad12feef48720416ce210090f5ac29d97042abd91175f8da6d44cee20d18a717b397b1841a2592,common_voice_ca_30752836.mp3,759f506609eae246b79857536dde9e101f4b9a52a6497fe17acf722569cd4000,Telefona a l'Enric Salhi.,,3,0,teens,female_feminine,,Central,ca,,central,common_voice_26_ca,train.tsv,cv-corpus-26.0-2026-06-12/ca/clips/common_voice_ca_30752836.mp3
bc69fd0205ea95e14c0a2752aa3fa5047042741c612c426fb830693b31d68179ffb9d3870efd5092b8a43a451912eb9b3dd6ebcb0320d5affcd4e99642704257,common_voice_ca_37817491.mp3,82f403798481015ed327d89e98fc812e20b9a15c7ff8e868b5fab1896b0de6f6,Compromís podria fer un congrés constituent,,2,0,,,,Balear,ca,,balearic,common_voice_26_ca,train.tsv,cv-corpus-26.0-2026-06-12/ca/clips/common_voice_ca_37817491.mp3
4dafd3b98609177f1469270b4fa9646197ec854606af7afdf8d3f84f2af72c8f33a6e568e547e3039ee5dab2185aac4d318a5f416ec15a3bf40ec96bd92ef137,common_voice_ca_22064111.mp3,75fe9be9f339830f5ceec8819a9639b0983484f0c70b436f225e9dfa05473f48,El fons aplega una quantitat importantíssima de documentació sobre el bisbat de Barcelona.,,3,0,teens,male_masculine,valencià,,ca,,valencian,common_voice_26_ca,train.tsv,cv-corpus-26.0-2026-06-12/ca/clips/common_voice_ca_22064111.mp3
b15280ab1cd085208970d2471b15bb5718d3df6f1f737edaaa89374960fc00681edc55c14bf837ba1b66eef022dc1d004aafce32391f9cc296716c28d07980a8,common_voice_ca_38844965.mp3,c4a1828f749f7192e1a13bf9b8ee4e2078368f3572ae11dabfeb3f0d22c800d0,L'esmenta Diògenes Laerci que diu que fou també un filòsof peripatètic.,,2,0,,,,Septentrional,ca,,northern,common_voice_26_ca,train.tsv,cv-corpus-26.0-2026-06-12/ca/clips/common_voice_ca_38844965.mp3
9a460810552af088edc43c43389d91e9f2844641708b8adae4bfb5a84a2899114dbcaa3fb2ed94ea40619735db3b2180d3ada4e8e54e00e4e588ca8eab2a3253,common_voice_ca_38153418.mp3,9c45a40f8546575accaef8fbaaa578aed81255370c96794f7c5ca6f82c9a1b07,Els britànics van haver d'utilitzar l'aviació per impedir els seus atacs.,,4,0,,,"balear|aprenent (recent, des del castellà)",Balear,ca,,balearic,common_voice_26_ca,train.tsv,cv-corpus-26.0-2026-06-12/ca/clips/common_voice_ca_38153418.mp3
94acceadbaee99eb2b95d98e5bcb9e86fd612bd337fb86fc65f06261d3906af9638e5b78058a8038b1d28f0d061bebc36dc9dee9772e03171140be32aabfd2bb,common_voice_ca_31121980.mp3,eeabda45d5a38613f19114babc50c60d8654fee1078fad0b2d14a0e904665876,Absis amb finestra d'una esqueixada.,,2,0,,,valencià,,ca,,valencian,common_voice_26_ca,train.tsv,cv-corpus-26.0-2026-06-12/ca/clips/common_voice_ca_31121980.mp3
2930bfb00e4b26cc7776d7d8025ea2fc5988dde8e68c64fcb45fd4cbf87f5a7f6984bb7e6c100f6aa3356cb7e2dc4fc7024bf611df9c86367feab4997ed48ac6,common_voice_ca_30924651.mp3,b38a4941910987d1abb3720ce1d59d3464072952e9f47d46a5b6a3e99a6dc397,Reserva'm un bitllet de tren per anar a Santa Eulàlia de Ronçana dimecres a les tres.,,4,0,,,valencià,,ca,,valencian,common_voice_26_ca,train.tsv,cv-corpus-26.0-2026-06-12/ca/clips/common_voice_ca_30924651.mp3
40075ea7c6e458a19c0c6b8de4bdcc3ec31df4ef3ace231161f19114ca5232a6b505056ac237f8c58275b2e5b539014b86189b1d7cb757b5ff6d7fe3cbcc2506,common_voice_ca_37601889.mp3,5643e0810418676a3955f69d271626c4e73c49a03fab56a3bffa7e8facedbfcd,El que agrada a en Pere no agrada a en Bernat.,,2,0,,,,Septentrional,ca,,northern,common_voice_26_ca,train.tsv,cv-corpus-26.0-2026-06-12/ca/clips/common_voice_ca_37601889.mp3
ef31f1bb79b0d333a81a0bca686332bbaf8d490ab812b4477c62df0137004874e5883e50b7ddaa7131079d0adb0a7f9cf37e79906f97ca3dcf91732b5fb88c8d,common_voice_ca_37864050.mp3,874a39d642c85786dda0b7d3174d9979dcacb0bd6c0abd81c5f05fec585978e4,Els capgrossos en aquesta família presenten un desenvolupament particularment ràpid.,,2,0,,,,Nord-Occidental,ca,,northwestern,common_voice_26_ca,train.tsv,cv-corpus-26.0-2026-06-12/ca/clips/common_voice_ca_37864050.mp3
610ee10ef8e19dc7f43f52eb948245a8794548e12e4568214754ced27289e92842b38447a8e8cea5d366e7b939075bcb7795a040f6826079cfc205a7e0066766,common_voice_ca_31100968.mp3,eaf57806d873d6999670c695efdbbd975a32c8b672033cb1726c24f7595faabb,Les cases o temples són edificis megalítics rodons.,,3,0,,,,Nord-Occidental,ca,,northwestern,common_voice_26_ca,train.tsv,cv-corpus-26.0-2026-06-12/ca/clips/common_voice_ca_31100968.mp3
f5a157dcc1db9578aa5f53a05a9bf67d2ba43f4e816817b9fa3cded6a599e9aeda835c72f73ddfad962d39abc09c4f63e53a6950905bf0e81023346cf27b8f35,common_voice_ca_38648858.mp3,16aab49648819787b980b7620ec82b6e2a34244b4b678013e05b9b09e1546809,"T'estime també, Riccardo... m'agrades, sempre m'has agradat...",,2,0,,,valencià,Alacantí,ca,,valencian,common_voice_26_ca,train.tsv,cv-corpus-26.0-2026-06-12/ca/clips/common_voice_ca_38648858.mp3
c27ba1da6c1b3fde13c18a77cf0854549633fe18cfeb15ca2ea0d084c57eddfbb941e0b449e04a88a66dc51f5651c43268382498492bc130aeb36f7754bfb323,common_voice_ca_35237011.mp3,461bc7ee7f8b9db5cbea21ce8b29394f9152debbf906626e913699068e59c8f6,"Les fallides sovint s'associen amb els mercats baixistes, però no necessàriament van de la mà.",,2,0,,,,Nord-Occidental,ca,,northwestern,common_voice_26_ca,train.tsv,cv-corpus-26.0-2026-06-12/ca/clips/common_voice_ca_35237011.mp3
9dc2eb68e919107399b44bdebc316f261dc232dd36112c12096fc8e4c4f98a38d6b6ba93eec025262a2c9b07789be6587a217fb8e95a9cab89b8efb61bbff8c0,common_voice_ca_31249036.mp3,fd823f6d8f27bfaf32e3711cebe27232ba7aafc167f88fcced8fda235fb24db4,"El castell sobre les ones són les armories dels Pròixida, antics senyors de Gavarda.",,2,0,,,,Balear,ca,,balearic,common_voice_26_ca,train.tsv,cv-corpus-26.0-2026-06-12/ca/clips/common_voice_ca_31249036.mp3
9bd97ae0e0f43433d1aaf34fd02bf41d1cd6b74d6a9646254ffac16c19767187458e47cae779447801b3d5d527c4946c60813dadd3cd6bc66dbe235c837dda9c,common_voice_ca_36957934.mp3,63fe7e86de4c04bf6d0a65544d568d7ee9bb9e0d0d063f98b30da495f0cce1d1,Es conreen en diverses varietats principalment a la Xina i al Japó.,,2,0,,,,Central,ca,,central,common_voice_26_ca,train.tsv,cv-corpus-26.0-2026-06-12/ca/clips/common_voice_ca_36957934.mp3
4f161bf06d5ca9e75c2319699dc02e7a76d950727e6a4dfa09b7222eec4498ccda94d545c6eed7431118e5896e86575355a7e5d4145b11c6d69a93755aa66e1c,common_voice_ca_37638055.mp3,793812b42370a59f8457f61e93edbe8a8ef5a970a5e6c481fd90dc64686c3a50,"Seran unes cent cinquanta companyies d’àmbit internacional, repartides per tota la ciutat.",,2,0,,,,Nord-Occidental,ca,,northwestern,common_voice_26_ca,train.tsv,cv-corpus-26.0-2026-06-12/ca/clips/common_voice_ca_37638055.mp3
946e48221165eebfad8f2d37915272b8b380feda6affd1c01f5cf7162702c61c6bf6080a5600981da49cc0827835c46c897f009bd8c78365ee4c59f38f121f2e,common_voice_ca_30853463.mp3,98b3987d9aea8dd94866880b8db4287056c7e87440bf3acd922dbd59e9df4f21,"Lady Khama va néixer com a Ruth Williams a Meadowcourt Road, Eltham, al sud de Londres.",,2,0,,,,Central,ca,,central,common_voice_26_ca,train.tsv,cv-corpus-26.0-2026-06-12/ca/clips/common_voice_ca_30853463.mp3
d8909a5b81ba411556609403dc71c366dfae376f6e002c5e43dcaafd6ef53381091afbda6a56f5f9ed536573c6d62258f1339b01a31749253d92a918cb9cfca7,common_voice_ca_30833879.mp3,92838790a9972ad8f2f2d424ddd889b564cf5cefdf0515e1c8929227d56dd139,Quina és la millor manera d'anar a Rupià amb moto?,,6,0,,,valencià,,ca,,valencian,common_voice_26_ca,train.tsv,cv-corpus-26.0-2026-06-12/ca/clips/common_voice_ca_30833879.mp3
b417e6f75cf439ad5d0f46ce6a70ccc5195e2c5575b0312627de26660d2e3804030d662ca1eb51ebf4d8f2586f4a6d6f6bca4c843a16d376500ab6c8ba1ee37d,common_voice_ca_37846419.mp3,856e6bab9bf1519a23ce20b450e368a4673072483facaa5fabe6ded32233a243,Les carreteres es van unir a la moderna Ponte Galeria.,,2,0,,,,Balear,ca,,balearic,common_voice_26_ca,train.tsv,cv-corpus-26.0-2026-06-12/ca/clips/common_voice_ca_37846419.mp3
5ec60a4cfb19d7d4119f0efe0b1c13d2b8634e2e97ebf418b4fadf3159cf5c2e16f53bfa27cdca433dffe433714a82ee6f9bca8b5bcbdc1c8338da0268d1ffa0,common_voice_ca_37603949.mp3,5d243550c055a4407aa7d5a135eafcba71f636b206c7ba1ebb11e996f6605225,El vent emprenya les oliveres.,,2,0,,,,Septentrional,ca,,northern,common_voice_26_ca,train.tsv,cv-corpus-26.0-2026-06-12/ca/clips/common_voice_ca_37603949.mp3
94acceadbaee99eb2b95d98e5bcb9e86fd612bd337fb86fc65f06261d3906af9638e5b78058a8038b1d28f0d061bebc36dc9dee9772e03171140be32aabfd2bb,common_voice_ca_31121989.mp3,ee8b31c0efef95478dc5dc30632dd7065cd969072a99d9eedb59d94e482ec5a0,"En aquesta prova, els tastadors descriuen cada producte usant un qüestionari.",,2,0,,,valencià,,ca,,valencian,common_voice_26_ca,train.tsv,cv-corpus-26.0-2026-06-12/ca/clips/common_voice_ca_31121989.mp3
443366ca1e93db5bae959bfdb93e1afb1963520b8ea6105b2e897c236e5b2ee050a66738e01d46ca2adee31d5fb2ee81cae5b369e7ffb5a7e140791d2aa8c173,common_voice_ca_25472118.mp3,23cd364da08bf24d45a628111086e0eaaad7a71016bc8413725b13d6ebdd6a74,Tant els comerciants convencionals com els tècnics utilitzen la proporció per a identificar les tendències.,,2,0,,,,Balear,ca,,balearic,common_voice_26_ca,train.tsv,cv-corpus-26.0-2026-06-12/ca/clips/common_voice_ca_25472118.mp3
9460bcd422ae7bd8f1ab521b77c9ca101d9207c3bfb9efd2649705fd4c9fad08a1b175b1fa3f0036d514989834bb742b5951970d69530259825b384af6ebfcb3,common_voice_ca_31417775.mp3,18283dd40fd839a75f38d4941dc53c1053e3000acaf469a191adc3a5ccfb665c,L'activitat econòmica principal és l'agricultura i la ramaderia.,,2,0,fourties,male_masculine,,Central,ca,,central,common_voice_26_ca,train.tsv,cv-corpus-26.0-2026-06-12/ca/clips/common_voice_ca_31417775.mp3
c74a97b5a0226946aa095ac0d4fe27bb7ff0d52377a322de5c7eb5134ceb367bca33612c1fe1a30f4dd988735090b25101c3d223a9791111641f49fef4df8d43,common_voice_ca_34830081.mp3,3ab357e2fedf9143ef94619aa57a9f7bce1736ccb21d700d9a6d6fe5a4fc98a1,L'oposició no va reconèixer els resultats anunciats i va exigir un recompte.,,2,0,fourties,female_feminine,,Balear,ca,,balearic,common_voice_26_ca,train.tsv,cv-corpus-26.0-2026-06-12/ca/clips/common_voice_ca_34830081.mp3
956dfaa558d895a75bffb37d8a3a8e035f52206724b543e3c4f43ad9fbf0acdbac23d8e811e1c162595f62e9b7bfc88363482feceab47260ff1ab36adcf7fa61,common_voice_ca_38078674.mp3,97d969a0e30509624335600a79041b959bbc9894585483d9a5dce1213b65fcd8,Va morir a Winnipeg per un càncer d'ossos.,,3,0,,,,Nord-Occidental,ca,,northwestern,common_voice_26_ca,train.tsv,cv-corpus-26.0-2026-06-12/ca/clips/common_voice_ca_38078674.mp3
96511fbab2b035b92189c762437480fd2ef049762f7a5eb56c7bf2b682ccc84ce1df1c75ea3613474a08c034a6b84d525f6eceb4eb839858c622f685037abcfa,common_voice_ca_30529074.mp3,6519a54a2b5920a0e0c5b784405e334b2895fef8ee44ad6545300eb1b5a9e2ff,"Tanmateix, altera la manera en què el públic percep les imatges.",,3,0,fifties,male_masculine,valencià,Valencià central,ca,,valencian,common_voice_26_ca,train.tsv,cv-corpus-26.0-2026-06-12/ca/clips/common_voice_ca_30529074.mp3
518e58a4f0a5b66120d2443edfa57078192a07bde1fdf9b4d4c10247089d9acca79fff09bbff9ec3a7892261b34375eb71f33f5b9123a729afd0789f3de803e6,common_voice_ca_38844152.mp3,c4af66dc9ad74097e765777e2491e40e3fdf4e31d0491aff63d895c8445c5d64,Connecta la petita ciutat de Creston amb les carreteres rurals estatals.,,2,0,,,septentrional,Septentrional,ca,,northern,common_voice_26_ca,train.tsv,cv-corpus-26.0-2026-06-12/ca/clips/common_voice_ca_38844152.mp3
610ee10ef8e19dc7f43f52eb948245a8794548e12e4568214754ced27289e92842b38447a8e8cea5d366e7b939075bcb7795a040f6826079cfc205a7e0066766,common_voice_ca_30915295.mp3,afce73e99761a97105d21def73dcf48070c47b5408734047ffbb42c4d5556fea,"La seva dona, Laura, sovint treballava com a colorista.",,2,0,,,,Nord-Occidental,ca,,northwestern,common_voice_26_ca,train.tsv,cv-corpus-26.0-2026-06-12/ca/clips/common_voice_ca_30915295.mp3
6aa4de7ba9678657778e958db48f5291f32dc78b375330325a4cd5f7bac22d900ddb6265bf77c41e934fcc801ad6adf30310c0709f3a3002fb6278020cbe474b,common_voice_ca_33746380.mp3,2ed2f4c09a2ed77c898731581ab4458f61fc90ed2884b0c5e9f26fff4335d8ba,La següent taula mostra el Rànquing de títols per pilot.,,4,0,,,valencià,,ca,,valencian,common_voice_26_ca,train.tsv,cv-corpus-26.0-2026-06-12/ca/clips/common_voice_ca_33746380.mp3
bd24eb79a3f6592892711a17449820fd1f0e0f428fa3e8a78bb1e5a415fd5271741dd197dc18561eff0a19451709221c5ac4aaf0ff91d5523b887a2d71ac2b49,common_voice_ca_37560256.mp3,dbe62d392faf8dc1aa3efe5b25901a6bdda7321ee1d6ee79613583ef53d89594,"Tramuntana, fresca i sana.",,2,0,,,,Balear,ca,,balearic,common_voice_26_ca,train.tsv,cv-corpus-26.0-2026-06-12/ca/clips/common_voice_ca_37560256.mp3
fc5d1045328111af178c163d82993cdb8ebe763bc773d6e5c4184721bfde4e2ae331ab658d8395403f714bb704aa6a47946839a93cf30a0ba989ee752329e295,common_voice_ca_37568735.mp3,ee22217a31b0e76ff6c0b86cf51614fce0d2cfcf948cb7d6fe997f4caa7b8059,"Els de la Jonquera, gavatxos.",,3,0,,,,Balear,ca,,balearic,common_voice_26_ca,train.tsv,cv-corpus-26.0-2026-06-12/ca/clips/common_voice_ca_37568735.mp3
56e4f1dc91f8196b8b85fa56b9cb6dcf0054f2f177102699143c6ef2cea2ddf34a422487c0b54bf1a649c18bb1dcfff5e153569a160846894131ce391b9ae776,common_voice_ca_31800512.mp3,2353f0745fbc250a7072ec20ff2db725bb784dc21947b69a4f5eb2a47b8e8e2c,Vaig començar a fullejar un dossier enorme.,,4,0,,,valencià,,ca,,valencian,common_voice_26_ca,train.tsv,cv-corpus-26.0-2026-06-12/ca/clips/common_voice_ca_31800512.mp3
de579dfbe41bf9280a13029d6db50f07ff8411c424642aacbe36f9564cd11aed4fcc091003284b4d3bc232f79ebad16a60afdef6b2e46b8c8daed7a7bd42c979,common_voice_ca_30878745.mp3,a20a9bb8255e1a437e16dc664c5b1954b3317a359f5e8937862799b613af7a8f,L'increment permetria als receptors crear grans treballs nous.,,3,0,,,,Septentrional,ca,,northern,common_voice_26_ca,train.tsv,cv-corpus-26.0-2026-06-12/ca/clips/common_voice_ca_30878745.mp3
265307c336a7589391ded724eeb61b46ddccec87226efeca7b0cd10c0659ab21eb3bbe434831ad4078733a4c780d2ac6a109db42da6858e54ca9ec1e4f2925b9,common_voice_ca_31287547.mp3,02d2bc156c8d020ad4feae0dfb0a3f19e368b6c0f1ec688260888574d12ddd8a,Totes elles es parlen al sud-est de Nigèria.,,2,0,fourties,male_masculine,,Central,ca,,central,common_voice_26_ca,train.tsv,cv-corpus-26.0-2026-06-12/ca/clips/common_voice_ca_31287547.mp3
63b5f483250d5d648f92d9f9ef07be2652f7c604b8216122701e0371603225d885014f251405a5c4671ef3c822ea0230475d600041667054b64adf2be0e7a58c,common_voice_ca_37577067.mp3,039ee52ef37bf44b9926d8589f19579a58cd2df923f9f4f98beb9bf7868ad1c1,Refrescar-li la memòria.,,3,0,,,valencià,,ca,,valencian,common_voice_26_ca,train.tsv,cv-corpus-26.0-2026-06-12/ca/clips/common_voice_ca_37577067.mp3
f8bda1ca0ffbe37d583c44149be5f817cb028044ce0dee4fc405cca46180da462c86cbfc654b7b2f5a35eec0ea4d1e527d630fb78268ae27b7b764c9e96565f3,common_voice_ca_30766840.mp3,7ac7fdf4ace6fde9062eedc772ff5600c38dc9c5e460bd6d4f629eb29dc5e3d7,L'atac a Gaborone va provocar dotze morts.,,4,0,,,"septentrional, Gironí, 10 anys vivint a Barcelona l'han fet menys fort",Septentrional,ca,,northern,common_voice_26_ca,train.tsv,cv-corpus-26.0-2026-06-12/ca/clips/common_voice_ca_30766840.mp3
ef13a36683437189a3141df74ca8b08e86a2c92a71c4a12e4ffd385d2082a9876739ead2b5d98346307edb87e0672df6a530461f08e55dc92df0d75f1894d485,common_voice_ca_30843261.mp3,9528be319f7419b5b74b2492c2f2019c77341112548a4697652f4e13f50f2f69,Tres esquiadors de fons esquiant per un camp nevat.,,4,0,fourties,female_feminine,nord-oriental,,ca,,northern,common_voice_26_ca,train.tsv,cv-corpus-26.0-2026-06-12/ca/clips/common_voice_ca_30843261.mp3
ddf1db61a8a379c496af7bbc192be2eb6a8690c37028eb8714f3a5481ccec9f85069f4a06175e71c45a7cb530617d790c1b797555fd6a30018484f27ed991095,common_voice_ca_37767587.mp3,7fa9165ccde21aacc0f527b6653ac00a3806132ef9047e4fd9d23fa641ad5954,He d'anar al carrer d'Andrea Doria amb bicicleta.,,2,0,,,,Septentrional,ca,,northern,common_voice_26_ca,train.tsv,cv-corpus-26.0-2026-06-12/ca/clips/common_voice_ca_37767587.mp3
956dfaa558d895a75bffb37d8a3a8e035f52206724b543e3c4f43ad9fbf0acdbac23d8e811e1c162595f62e9b7bfc88363482feceab47260ff1ab36adcf7fa61,common_voice_ca_38078672.mp3,97e31c1c951cf9b78abc12e7454b895f4621adfce56a7af87982b7a1078fd923,"Les modes sortides de París influeixen a Europa, Amèrica i els restants països desenvolupats.",,2,0,,,,Nord-Occidental,ca,,northwestern,common_voice_26_ca,train.tsv,cv-corpus-26.0-2026-06-12/ca/clips/common_voice_ca_38078672.mp3
075b4a3d089fb0d6efb5b7dfeefd953428f734eb2d4ea26b3be6b03a3a65f71fb98bf2f4852e0db226b0918223f1fc2d386268913ac27a4d761cb44b2e081560,common_voice_ca_37569103.mp3,ef015a3b2b4c00ad49bab4d16935e4dcaac05bea73ee5b81dc50ea5efd839a63,"Si ofici brut vols fer, aprèn de ferrer.",,2,0,,,,Balear,ca,,balearic,common_voice_26_ca,train.tsv,cv-corpus-26.0-2026-06-12/ca/clips/common_voice_ca_37569103.mp3
9dc2eb68e919107399b44bdebc316f261dc232dd36112c12096fc8e4c4f98a38d6b6ba93eec025262a2c9b07789be6587a217fb8e95a9cab89b8efb61bbff8c0,common_voice_ca_31249069.mp3,fdab1feee3dd300cd00ab6005e1e842ee84d62fcd4282af39bed3553fa7a7d73,Aquesta subespècie és la que està completament domesticada.,,3,0,,,,Balear,ca,,balearic,common_voice_26_ca,train.tsv,cv-corpus-26.0-2026-06-12/ca/clips/common_voice_ca_31249069.mp3
26527c84247bb0804a7c264edb42b23f55e96abd5d4b2981ee1808c4ae4978feaca988dd9645afc1b6e6dc65dfb5563b3b5eb47656a4d97feb5b289d74c287eb,common_voice_ca_31458351.mp3,1db71b5a33045968bc285f4b60e791e799dc639f994cd762ee0fca99bd8bd84b,"Com a peces, se'n poden fer servir unes d'escacs.",,2,0,fifties,female_feminine,,Balear,ca,,balearic,common_voice_26_ca,train.tsv,cv-corpus-26.0-2026-06-12/ca/clips/common_voice_ca_31458351.mp3
f6bae72608235f2079672dcf4ecbd58c84873978bb4015fa751a9d82a6f73d949e98cb1e92969cf93a95c37d4042899f72c8dc1973aa7873a86bf44bf75782f1,common_voice_ca_30809714.mp3,89f6b82e528f658830e2b5748bd3c0142cb499eb29c4fafb5e088f9ed3b233b3,"Mansoor Ijaz va ser un dels principals protagonistes de la controvèrsia ""Memogate"" del Pakistan.",,4,0,,,valencià,,ca,,valencian,common_voice_26_ca,train.tsv,cv-corpus-26.0-2026-06-12/ca/clips/common_voice_ca_30809714.mp3
9f1afd79e6aecbb20b862331a21b66e410f9a340405059ce47663e9da68b4463cf2de7b9fc3af6909c1ab800b9a0b883ec1877f557c64e753101f3a1497644bc,common_voice_ca_30818007.mp3,8ce33c2e7fdfdebd49fd77bd484f9358a9b16dce59b10c818e036f6ec08906d1,Va anar a Favara amb tren.,,3,0,,,,Septentrional,ca,,northern,common_voice_26_ca,train.tsv,cv-corpus-26.0-2026-06-12/ca/clips/common_voice_ca_30818007.mp3
96a20fd33c05a6777e1611b65b12ac2ec2060662e68c003d533fc477dcef30aa29ea77ad76451009a68a8e932584152cf34aaaa76c5db2b8af871ede8fc0aa1c,common_voice_ca_37762069.mp3,7eda2b46bed23b9ddeb2fd50831baf9028dfb2133dd979283e61b793d3c8154a,L'accident era causat principalment per la reacció automàtica de l'aeronau causada per un radioaltímetre defectuós.,,4,0,,,,Balear,ca,,balearic,common_voice_26_ca,train.tsv,cv-corpus-26.0-2026-06-12/ca/clips/common_voice_ca_37762069.mp3
2f4aa6d9743b25571ae574de401c9a11753ca6f0dcd8a24a29db556d6452680173f7022198a4d3dc2e30b288a8e37f526f2e938abce7fa8d3474d0c2cd5a17d4,common_voice_ca_39973451.mp3,d7e101f65c0624363c12686676d327c8c096847d1331a1b4f81258f51d092b22,Impose a la meua xiqueta la banda d'acreditació de 'Requina del Carxofar'.,,2,0,thirties,male_masculine,valencià,Alacantí,ca,,valencian,common_voice_26_ca,train.tsv,cv-corpus-26.0-2026-06-12/ca/clips/common_voice_ca_39973451.mp3
a4b8fb205426522c83da0168badd4ea631f206801d3359ddb24b12c4ba4ede036836c0280bad4be95c791bf42761f08d1c65615bd22589ad9c73bdb5be23ff32,common_voice_ca_23432281.mp3,a17ddb8c9576abe359035eb24a5f8f64cdc1b1169bf2af51c312827454e09182,Era venerat com a sant a Barcelona.,,3,0,sixties,male_masculine,,Central,ca,,central,common_voice_26_ca,train.tsv,cv-corpus-26.0-2026-06-12/ca/clips/common_voice_ca_23432281.mp3
98ea0f2756db65292f2e21b88a18a0ddb28febe3979509a4be61bbc9a2be55054c73090ec67c081e1f54a5d188d4b5e4f102f607af7238a17d501cc6d2c28024,common_voice_ca_32140308.mp3,83af36dec034a4f3f8e86df5fbb47c5cd71958a0a1060dd0a4e68d57b5b6f44e,El deu d'agost na Sibil·la i en Nil iran a Solsona.,,3,0,fifties,male_masculine,,Balear,ca,,balearic,common_voice_26_ca,train.tsv,cv-corpus-26.0-2026-06-12/ca/clips/common_voice_ca_32140308.mp3
7eade9870a341f0d9a0106e0f0017a1e33658b1e0c900fbb7df15cc953ff9384a0858e8943fa412e668e0a3600bfa709b60d82fe37bfe792b10a9f1c1d31667d,common_voice_ca_31318864.mp3,072bc62948f16a5bb337c4f32c6098374088b2f6ac54a971870992d7bddbdf0b,Com ho puc fer per anar a Gombrèn diumenge?,,2,0,,,,Septentrional,ca,,northern,common_voice_26_ca,train.tsv,cv-corpus-26.0-2026-06-12/ca/clips/common_voice_ca_31318864.mp3
46513e8760ea724153fcd1accce8325e3b59d50bd1d37082276b35dfdff1caaa22b09f49d85010a21accc25bcbbf01d587efebf7b011ac8226f4c1750e1bbcbc,common_voice_ca_37601867.mp3,551e6f7ec106d735dcac89d87e52179f7946687c3bcc45ee6fa951fdde09d674,No tenir ni molla ni crostó.,,2,0,,,,Septentrional,ca,,northern,common_voice_26_ca,train.tsv,cv-corpus-26.0-2026-06-12/ca/clips/common_voice_ca_37601867.mp3
90c4220a38cf7d051de9f023c4e83e81f38bf56f5a86fa8ec4e13bb6afebaed8c4f0453136d12103ac78df260a7598dbbe27c0e750353ac27b24e168b38ab24d,common_voice_ca_37643554.mp3,79af59579eb6af8030591339b4478f37d48a6e68fa2d6857356f1af994245eff,Aquest dany afecta la conducció de senyals en els nervis afectats.,,4,0,fourties,male_masculine,valencià,,ca,,valencian,common_voice_26_ca,train.tsv,cv-corpus-26.0-2026-06-12/ca/clips/common_voice_ca_37643554.mp3
5562088adced9c13adbe151f58bdb1531f8098c563fb23dda280a34dd600eb096d253eeeafeb345a830c3c4ea8ceef90268fb84e978d13cba5a2e31c2be5c69d,common_voice_ca_38573583.mp3,b96a09b369840e86ff97071215219a218e8896d369796ae1f25fdabc2b2e2751,La construcció va progressar ràpidament.,,2,0,,,,Balear,ca,,balearic,common_voice_26_ca,train.tsv,cv-corpus-26.0-2026-06-12/ca/clips/common_voice_ca_38573583.mp3
2b7f00bec847a8eaf6799ce7852ccae8c23d55cfe4db8ab4629d4e55358c111fd5ad3e608f290f21782009adec78485dbc8ba9699d5c39385869d792f593e4ff,common_voice_ca_38203416.mp3,a0271583a94cd7ac94183bf5c6dd9875d41bee0c34721c1268f1db7e272e710c,"Encara que pel seu aspecte ho sembli, no és una veritable palmera.",,4,0,fifties,female_feminine,central,Central,ca,,central,common_voice_26_ca,train.tsv,cv-corpus-26.0-2026-06-12/ca/clips/common_voice_ca_38203416.mp3
4f2c6d3dbbee94bf84b8d220781b05dd1244274c10a1a9cb5aa70a93aea9c2b38cf677a397014bfec8302332720ad77c70d6021b8620f786b0dee621c7cd30ef,common_voice_ca_37561133.mp3,ddc588b502ea278f50b5dadfcc82805fd0477bb7556c433fdf5919a9187c6bed,Afartar-se com un lladre.,,3,0,,,,Nord-Occidental,ca,,northwestern,common_voice_26_ca,train.tsv,cv-corpus-26.0-2026-06-12/ca/clips/common_voice_ca_37561133.mp3
8d51028ac1e2f3eb980daec5cda1dec591001831416afa7ffc0d8c6b6f9e7a18d15f5f8fd47b84de71e6606bffd89f5847d7b20098a5fb8ef526bee9a3127ac5,common_voice_ca_30496226.mp3,59d863271163c6655a86db6b369b4cd99b50dd2c7736bbd8e0684309073fe97f,"El cognom és Tuñon: te, u, enya, o, ena.",,4,0,fifties,male_masculine,valencià,,ca,,valencian,common_voice_26_ca,train.tsv,cv-corpus-26.0-2026-06-12/ca/clips/common_voice_ca_30496226.mp3
e279eecdd6e99a03e55130e2201a5f0b61ad97e4998ba7a345fdf00e8f2ff5726ef8187f45d0e6bd9938f39c30a06d52da91fd58100223043ba5b0654a0adcc4,common_voice_ca_17513268.mp3,db4ec5f939501fe315cb8645a6c2f2e3a51663fdfc59b46e40a734c6b8cbf15a,"El temps, tot ho cura.",,3,0,twenties,male_masculine,,Central,ca,,central,common_voice_26_ca,train.tsv,cv-corpus-26.0-2026-06-12/ca/clips/common_voice_ca_17513268.mp3
19b58c23bcd3675fc2d5418487f2e974939a5b6f1b0fa966ab08740798dc91d37eeb8e48c775fbcf5ce2fe24cf66968c1616e5491d3f180c4888254a3614490d,common_voice_ca_31137434.mp3,f18814d7e3f9ac4643252f2a2a0cef44e5b6ac1567ac1500c6988746c4221b39,Ja has tastat el mal geni de la directora!,,2,0,twenties,male_masculine,,Balear,ca,,balearic,common_voice_26_ca,train.tsv,cv-corpus-26.0-2026-06-12/ca/clips/common_voice_ca_31137434.mp3
443366ca1e93db5bae959bfdb93e1afb1963520b8ea6105b2e897c236e5b2ee050a66738e01d46ca2adee31d5fb2ee81cae5b369e7ffb5a7e140791d2aa8c173,common_voice_ca_25472116.mp3,2286f0637950e478d497ba6a69eede128be663d7f07c9e988c554c9f5e37eee8,Silver Street es va afegir al mapa del metro al mateix temps.,,4,0,,,,Balear,ca,,balearic,common_voice_26_ca,train.tsv,cv-corpus-26.0-2026-06-12/ca/clips/common_voice_ca_25472116.mp3
aaf8de7f63e0e4811214b05cfd0a57c1ece4f251dcee4cdf0966adb8c0f17e262d8f871220b3cb6e766c71f676772f58f0791a178c18e418f831fc65afdad705,common_voice_ca_32101475.mp3,6ec064d82a19f7febc131d3efefaaeb51bfb1f169933012380f1495bc6e6efe4,Per Cap d'Any n'Hug i en Jordi aniran a la biblioteca.,,2,0,fourties,male_masculine,,Central,ca,,central,common_voice_26_ca,train.tsv,cv-corpus-26.0-2026-06-12/ca/clips/common_voice_ca_32101475.mp3
506a1c258f86da84e3b28e446c4d6393f4900fd7106eecfba1d0ef5252c14e419a19535bc19e525f19d72a1b5aeadeede156f4e923579977d48a4f99db96ab37,common_voice_ca_31995696.mp3,5a1bd101cef675bc14517ba7c70643c6422d2f17fcb6fb99a25cc8e6be34c78f,El vint-i-nou de febrer en Drac i na Lena aniran al cinema.,,3,0,fifties,male_masculine,,Nord-Occidental,ca,,northwestern,common_voice_26_ca,train.tsv,cv-corpus-26.0-2026-06-12/ca/clips/common_voice_ca_31995696.mp3
8b9cea1a985f62e985f28a0af9cbe8dbc4a1629fba038a4e0e4257151537b42825ea8be440fbab03e9eeb30fe86378ea15c26d93326f9b13abb74cef3dcde4aa,common_voice_ca_37568665.mp3,effef5af108126f0defd863869c70d5bae9e8f8dfd20cb147f62b2e66e9fd2ca,Haver-hi paper blanc.,,4,0,twenties,female_feminine,menorquí|mahones,Balear,ca,,balearic,common_voice_26_ca,train.tsv,cv-corpus-26.0-2026-06-12/ca/clips/common_voice_ca_37568665.mp3
5d2ff0fe49bb35783381063aa086ce674487e7aa588e122f12366d7c861335538d3f40025d7db5b7bab6ad1926aefda6b049690d940baccfbaaabdb5d709d39f,common_voice_ca_31507768.mp3,2588056640dd85b27614db8cc573230c49ab69fd3e1725e22c475e8f66923e6d,La catedral tenia un sistema d'il·luminació que advertia els pilots dels bombarders.,,2,0,,,,Septentrional,ca,,northern,common_voice_26_ca,train.tsv,cv-corpus-26.0-2026-06-12/ca/clips/common_voice_ca_31507768.mp3
0111c49e745e4d0df4a25f60fab585b26cd118675d44d8d0ae4d372fce1a6e7d0cf91e95efacee7f9a5c427bebbe626b6cd5827d562a916970ff4a5b8ad7c0cf,common_voice_ca_39964068.mp3,d77522bce9086e14df204f4b33e85f748a25c8037d3b3aadf53ddf535d11bb5d,Quina és la millor manera d'arribar al carrer de Ferran Puig?,,2,0,,,,Septentrional,ca,,northern,common_voice_26_ca,train.tsv,cv-corpus-26.0-2026-06-12/ca/clips/common_voice_ca_39964068.mp3
7f24896be12622e563222917ae8a855fc6f151b7a5e627055e95a83b1d0736d3bb85328a34d9ba38258b5f655ddbb8be027144871388d2390a98d0a870f8c672,common_voice_ca_37659017.mp3,7aea7b8dcd42c528571b53e89140396781120c271b49a8ca38ada51d1fe07474,Les activitats destacades anuals de la festa major són les sardanes i una cercavila.,,2,0,teens,female_feminine,,Balear,ca,,balearic,common_voice_26_ca,train.tsv,cv-corpus-26.0-2026-06-12/ca/clips/common_voice_ca_37659017.mp3
b8bde2b8fa282ab90b5f6c7a8af3c36b82d29e71713e454d174c1e9c1eef0873f75a45eda3ed09b0b130d8c1d554b791bdf9f78152f0d906dd7f181f6a5c70a8,common_voice_ca_30886587.mp3,a3fac2b67fad37c73eb17e6fb44bef5352b46451a0f95007969fb6316a1c30a2,A les nenes petites els encanten els pastissos de fades roses.,,3,0,fourties,female_feminine,,Central,ca,,central,common_voice_26_ca,train.tsv,cv-corpus-26.0-2026-06-12/ca/clips/common_voice_ca_30886587.mp3
554c32262a3e3f235aec9f0ac4b6b435f7684abfddded03b67acee1b3eee5b1a82f5c109fc794b974042c8807280a1dd5f2beff5082bfa55d7af845a3b7b768f,common_voice_ca_22796101.mp3,965db0330cf4af985a10525eb2f404da07870feeeef0ddbd7a8f5444011e1201,Això no s'aplica només a qüestions laborals.,,3,0,twenties,male_masculine,,Nord-Occidental,ca,,northwestern,common_voice_26_ca,train.tsv,cv-corpus-26.0-2026-06-12/ca/clips/common_voice_ca_22796101.mp3
b15280ab1cd085208970d2471b15bb5718d3df6f1f737edaaa89374960fc00681edc55c14bf837ba1b66eef022dc1d004aafce32391f9cc296716c28d07980a8,common_voice_ca_38844803.mp3,c4abda326bf8c9140c1ca7e942667ba61d51911a236def92e2d32467b3814255,"El meu pare es diu Aria Saa: essa, a, a.",,2,0,,,,Septentrional,ca,,northern,common_voice_26_ca,train.tsv,cv-corpus-26.0-2026-06-12/ca/clips/common_voice_ca_38844803.mp3
8d696eed43c55020f1b591ce0e6f9548fa4e4c558290587f9eb8209fd580dfb48aad892e442678528bf76ce1874e9e29ca51b795fbf6080060cf086fc5e93457,common_voice_ca_32414367.mp3,eba634282aca9766973954d8ae354ca48bd939de782822c2536e56a3e8730f3c,Que no pot viure sinó en presència d'oxigen.,,6,0,thirties,female_feminine,nord-oriental,,ca,,northern,common_voice_26_ca,train.tsv,cv-corpus-26.0-2026-06-12/ca/clips/common_voice_ca_32414367.mp3
6bc377b7e95c94a750885fb3982cc69b4e98b35af5a224932eaba44c89dd9cc1a219024b20932dd28b92a27900a8e20a7469d132dde3bda9a1d71055c39aee27,common_voice_ca_30882805.mp3,a36303d2347788d2e832eb48741b4fd0f99a69aa3559772646852a55654e2881,Aquest és un efecte que es veu normalment en peixos.,,3,0,,,,Septentrional,ca,,northern,common_voice_26_ca,train.tsv,cv-corpus-26.0-2026-06-12/ca/clips/common_voice_ca_30882805.mp3
8d4ebe5871fbf473937299da1a3e33d61ab35d13cf8cb060a09ecce39e19af69fb5944c96eee1d7e9573960c3c928a16e1395ef8e364e5d27cdf59d294760797,common_voice_ca_30997837.mp3,cf2e2caa465282fcec1a20a692206f93a1f0b1447b094122080759cddc16c269,"El seu cognom és Queipo: cu, u, e, i, pe, o.",,2,0,,,,Central,ca,,central,common_voice_26_ca,train.tsv,cv-corpus-26.0-2026-06-12/ca/clips/common_voice_ca_30997837.mp3
0afdf4a945307d594bb2ad530b571704937b23d28f413cf189fe1dc64372e0c8fae89254a9c7a7bfda6c75f412c8f506dab11301c4bd179165b9aae460bb5046,common_voice_ca_31882190.mp3,3edef131f494acb2114bb5764596c1833ca17d5485dba332a783aa071e264a85,Dissabte na Sibil·la i en Blai aniran a Sant Llorenç d'Hortons.,,3,0,fifties,male_masculine,,Balear,ca,,balearic,common_voice_26_ca,train.tsv,cv-corpus-26.0-2026-06-12/ca/clips/common_voice_ca_31882190.mp3
dd67b63c4d68b2490175ec46ce1d55d39f69e8926bf7bc17f983bbcf69b36887e328230c16c3c779a345b63261e2500295015ce2013f81bc5b643029e51af1db,common_voice_ca_21867415.mp3,6dbfab8f7c648fb4ed9df2ea7878a1d69bdaeaa5252377b7f6eb6d89620867ff,"Davant la renúncia, el càrrec de cap de l'oposició el va ocupar Joaquim Nadal.",,2,0,fourties,male_masculine,valencià,,ca,,valencian,common_voice_26_ca,train.tsv,cv-corpus-26.0-2026-06-12/ca/clips/common_voice_ca_21867415.mp3
50d73e89f1b40a1a059ecfff053e9688e278023081c38d5a0862e46aa284ff27c65488b9675d1cffff743e47213f2a3b1441556785ee9195e68561790ead0d0c,common_voice_ca_36824912.mp3,5c7063ee7c1c0cec48e3ced19c8b96d32a21ad86c9ca7587d96ab004c97795bc,Vull anar al Far d'Empordà amb tren.,,4,0,,,nord-occidental  de l’Alt Urgell,Nord-Occidental,ca,,northwestern,common_voice_26_ca,train.tsv,cv-corpus-26.0-2026-06-12/ca/clips/common_voice_ca_36824912.mp3
acc7d8b4ac6aa3eb4374fa93b8039e9309d8a4276999a944a23a6fc93ef974b2852288f5a4c9e2736cc5b983916f93e974391a4223cdbd86717d707409e03a80,common_voice_ca_17507403.mp3,b906abfe5c1ac016698f6c8effa45b72ce260657945aa4e026332f9ba1077a03,Eren les nou del matí.,,3,0,fourties,female_feminine,,Central,ca,,central,common_voice_26_ca,train.tsv,cv-corpus-26.0-2026-06-12/ca/clips/common_voice_ca_17507403.mp3
6bbd193a67ec5fe0c6532c4208248cc06e0118a0b6dbb5dc5885f8c05712cab1b187ab7d85f4ff7b23669e22d3fe19bb9d70fa2bf6b4fdd0f50d8e021a62f1ff,common_voice_ca_35057727.mp3,40fb606577241c4d6bad523f85d6bd36ec7f408f866cbe532b56903dcbeafca1,"Els primers anys va tenir poca sortida, però també s'exhaurí.",,2,0,,,,Balear,ca,,balearic,common_voice_26_ca,train.tsv,cv-corpus-26.0-2026-06-12/ca/clips/common_voice_ca_35057727.mp3
e1342a862238bf4a6682fd05e40bd4dd9bcc56081a99abcd02dfc102489a7b464f5ae0e9354c1645feabfc05435b3c2b43804ede89bd255cf61c8b86234203f1,common_voice_ca_34024236.mp3,33460cb8b4d662f21b7fa7ea3b8611a796ed72b1a3e6a4e510e5174fe5913d9f,El nou d'octubre en Maria irà a la Portella.,,9,0,fourties,female_feminine,mallorquí|Palma,Balear,ca,,balearic,common_voice_26_ca,train.tsv,cv-corpus-26.0-2026-06-12/ca/clips/common_voice_ca_34024236.mp3
972b8acae1d502748ea9ca19488b8dd7fef817780e500b093ade8423be685e9bc3e7a47d3346e000819342bd8a8ae3bcb082513fa6fbd99e86995d514e81fb6e,common_voice_ca_32120553.mp3,76b99345f72a408b83b3b5c596bbc93c0e9a9878263822af69b5b82881a27047,Demà passat en Juli irà a Puiggròs.,,2,0,,,,Septentrional,ca,,northern,common_voice_26_ca,train.tsv,cv-corpus-26.0-2026-06-12/ca/clips/common_voice_ca_32120553.mp3
40075ea7c6e458a19c0c6b8de4bdcc3ec31df4ef3ace231161f19114ca5232a6b505056ac237f8c58275b2e5b539014b86189b1d7cb757b5ff6d7fe3cbcc2506,common_voice_ca_37601894.mp3,53b017560ba3af955242e952ff931e7fdb08ab7c944ade986a15f8839e2883d2,No s'aprèn la doctrina parlant amb la Caterina.,,2,0,,,,Septentrional,ca,,northern,common_voice_26_ca,train.tsv,cv-corpus-26.0-2026-06-12/ca/clips/common_voice_ca_37601894.mp3
30f6a9704c99493898ff346ecd7e689f1187e0f98a450384fad5c883e20d059584a1b3af8239cd9716f55f925ba3a235bc173ddb1bdc6ae7c77f8cd2d71bd8ce,common_voice_ca_41103886.mp3,c1c6c42c2398024ff3a8e42a9edc091b7ef5893d9fa5fa9670f35a9f78a96bc2,En quina circumstància ha posat èmfasi?,,2,0,,,central,Central,ca,,central,common_voice_26_ca,train.tsv,cv-corpus-26.0-2026-06-12/ca/clips/common_voice_ca_41103886.mp3
b3f29c709dffc40ad1bb2bc100e0358eaab5a36387427cff9d58aa4af1d5f4e58d409bb31e79fb22d4e9b876e34c4426abb3ec2e2b393253e3f1beede50c6684,common_voice_ca_31146971.mp3,f318de02110a286965cc8a3a70ba278faf8a892e1b270552b3289a4138b25b94,El bisbe Oliba va néixer a Vic,,2,0,,,,Septentrional,ca,,northern,common_voice_26_ca,train.tsv,cv-corpus-26.0-2026-06-12/ca/clips/common_voice_ca_31146971.mp3
490e2caf11c64b7931abf75bcdadb334e8b4a7d55b263326c6bdd8f4c8a450161db6a799d44c62505374c2ebe3e29a0a7a2b757eb8b12181f9401e8b390d96c6,common_voice_ca_30869936.mp3,9ece1bdc5b2fc25e94b606da3cfd9042657820b40833d02ec7576c9546144e36,Com puc arribar a Sant Joan Despí amb cotxe?,,2,0,,,,Septentrional,ca,,northern,common_voice_26_ca,train.tsv,cv-corpus-26.0-2026-06-12/ca/clips/common_voice_ca_30869936.mp3
25f41a5ca387534a4b301325641d3206e7235ffe4e16cf22b992a4f2e9963a0a9961b79a58e453b42559039d7e6d5ca1ea96b00e8e0a1e8ad05f997d68344b10,common_voice_ca_19104111.mp3,e3635669ffa504f4a5b6f7461c627f268d54bab977eca595e3ef54b5ba7c63c4,Citaré un exemple recent.,,3,0,twenties,male_masculine,,Central,ca,,central,common_voice_26_ca,train.tsv,cv-corpus-26.0-2026-06-12/ca/clips/common_voice_ca_19104111.mp3
4cedaa8d96436fd0d2ebdb61d616790a3cb3737d0a93d2ae41d588137c0d3339999d991b7b3c452704be1f5f512ce5a08c0971898fad0ad77f18fd623411cd7f,common_voice_ca_24090436.mp3,cb6569dbca60bed4913d2abd47ef9bee70c19cf543807729bb3c98959ee5e02b,Tingues cura.,,2,0,fifties,female_feminine,,Central,ca,,central,common_voice_26_ca,train.tsv,cv-corpus-26.0-2026-06-12/ca/clips/common_voice_ca_24090436.mp3
02eecc0d9bc8c8f492ad62ab7a0b057cb83436e2c6f39921188156409e1a08f618374745b21907cab4e51172f39c47460c4be466ae62b13d7b3fbfdd54b99486,common_voice_ca_37589981.mp3,2fd2aa7985d4a2b74a521f126aa74f29a5b838f9cc2d5c8fc94120d6fe6b7494,La camisa d'en Cotna: pitrera bona i faldars de Liorna.,,2,0,,,,Central,ca,,central,common_voice_26_ca,train.tsv,cv-corpus-26.0-2026-06-12/ca/clips/common_voice_ca_37589981.mp3
2f55a7c95d32f67466d47753c4c565c390df971606ab50b9d90a997bcaba14e94bee8857c7db84f731956c77d7c6fe788925ba3b04457ef94f4b8eae25303dfe,common_voice_ca_36828394.mp3,5cbb00a0ed95a6cd275fc0af80f8eacc9db20827db2a63c3895fa7bdc4ceaf37,"Desa el sis, noranta, quinze, catorze, zero, quatre com a telèfon del Carlos Figueira.",,2,0,sixties,male_masculine,,Nord-Occidental,ca,,northwestern,common_voice_26_ca,train.tsv,cv-corpus-26.0-2026-06-12/ca/clips/common_voice_ca_36828394.mp3
0111c49e745e4d0df4a25f60fab585b26cd118675d44d8d0ae4d372fce1a6e7d0cf91e95efacee7f9a5c427bebbe626b6cd5827d562a916970ff4a5b8ad7c0cf,common_voice_ca_39959767.mp3,d6833b9bf749474f9dc790dc24c9d2271f895d5c6e75edacb76181b4675f134d,I jo això ho veia una xorrada!,,2,0,,,,Septentrional,ca,,northern,common_voice_26_ca,train.tsv,cv-corpus-26.0-2026-06-12/ca/clips/common_voice_ca_39959767.mp3
192605a422f9a6a7a7b42e427762c03269ed05251f0822cf81abd18291f6212098aabe6344a5003f2c9d413e717489fd6a47964060d6b9761839eff8c3dc4863,common_voice_ca_36009182.mp3,4ea4b5786f2cff2a90ce124302393700b8998bced471e677f2a1a5f99e76da0e,Aquell mateix any va comunicar que s'havia estat tractant d'un càncer de pell.,,2,0,sixties,male_masculine,,Nord-Occidental,ca,,northwestern,common_voice_26_ca,train.tsv,cv-corpus-26.0-2026-06-12/ca/clips/common_voice_ca_36009182.mp3
8d696eed43c55020f1b591ce0e6f9548fa4e4c558290587f9eb8209fd580dfb48aad892e442678528bf76ce1874e9e29ca51b795fbf6080060cf086fc5e93457,common_voice_ca_32419064.mp3,edff19a8bc0ba650fe5129b87656bb8bb850b5b4583285fce70f1349d1e438b4,Per Cap d'Any en Gerard i en Guifré iran a Castellar del Riu.,,6,0,thirties,female_feminine,nord-oriental,,ca,,northern,common_voice_26_ca,train.tsv,cv-corpus-26.0-2026-06-12/ca/clips/common_voice_ca_32419064.mp3
06536280608691585bf202322200a1b1c7dd8b628de7528985b283da6f5b67a72219ea3ea35bb34f63106e91a17c8357afe388672b75ef3d21f32dbb2b8ec693,common_voice_ca_38641168.mp3,bd306e491e5925ec9dfd5e0f9757c3e0273d4f4e8a3ae518280dce62215fef60,Aquesta forma de parlar posteriorment va considerar-se totalment apropiada per als oficials militars.,,2,0,,,"aprenent (recent, des del castellà)",Alacantí,ca,,valencian,common_voice_26_ca,train.tsv,cv-corpus-26.0-2026-06-12/ca/clips/common_voice_ca_38641168.mp3
05defde387b21105cd91803c9ef30f882788aad00e9ebdbe3718247bc1bce53259bdbf99873b104f56d7e3660d74982fd75dc06002d5e83c1ca901a548a5d033,common_voice_ca_19050968.mp3,7126287708cffdf8d53de68f1a854b484e62d98e2b54fac0f139f6e248a03ffd,"Qui no s'ha de morir, tot ho passa.",,3,0,thirties,male_masculine,valencià,,ca,,valencian,common_voice_26_ca,train.tsv,cv-corpus-26.0-2026-06-12/ca/clips/common_voice_ca_19050968.mp3
bc0b544f1c13cc1d0fe15b0eab96e89e6d4dfc8919de1fb757ef97a7d5de9efff5e520def5a8471b75480fd49d410d222ed9332089bd527946c74070e8ad1934,common_voice_ca_31210970.mp3,f788efac55248c355ba1e74a60d165da29a6d9995038a462bef85fc8f063579e,A Guardamar del Segura hi ha estació de tren?,,3,0,twenties,female_feminine,,Nord-Occidental,ca,,northwestern,common_voice_26_ca,train.tsv,cv-corpus-26.0-2026-06-12/ca/clips/common_voice_ca_31210970.mp3
24f44a02266f7a0b1661d34d11cdb3cb94e46d27704b56b7831797db20af369a8c6ede7cc0e7cfe88dfb36a438d9770aa17af23aa95912aafc59ee566d2f5c11,common_voice_ca_31133122.mp3,f0b7f9b1b72f0aa3a3fd40186cae128daa3e0d18aa67215f99c7e3b9a8305a4c,Aquest últim es negà a aparèixer.,,6,0,thirties,,occidental,,ca,,northwestern,common_voice_26_ca,train.tsv,cv-corpus-26.0-2026-06-12/ca/clips/common_voice_ca_31133122.mp3
811c8a531055a0988f1f91f204e4c42df615c78523a82d9a68ae87197cbb97d694c0da19b1862e61050c27e9f2b8d0d9957ae54995165abd2e106b73e176ec4d,common_voice_ca_30797622.mp3,85a604cdab235974fc15c89191a22fe7518c51a3f8f13fba4299ad414e2759b1,Hauria d'anar al carrer de Camprodon número seixanta-sis.,,2,0,,,,Nord-Occidental,ca,,northwestern,common_voice_26_ca,train.tsv,cv-corpus-26.0-2026-06-12/ca/clips/common_voice_ca_30797622.mp3
cc69090f1f4fe27135992102671f6d8a93793d68bdb2719f295f52385192845cab544b6ae27f74e4540e25cb3d3c06e200db332cb5332bb6a06fbc6d25a1fb45,common_voice_ca_37634642.mp3,78d2404390a9f9358ec39333c09b9799de167441f496702c06219610f49be011,Quan l'escolliren bisbe era Ardiaca de Besalú i canonge de la Catedral de Girona.,,2,0,,,,Central,ca,,central,common_voice_26_ca,train.tsv,cv-corpus-26.0-2026-06-12/ca/clips/common_voice_ca_37634642.mp3
0afdf4a945307d594bb2ad530b571704937b23d28f413cf189fe1dc64372e0c8fae89254a9c7a7bfda6c75f412c8f506dab11301c4bd179165b9aae460bb5046,common_voice_ca_32108838.mp3,72ddf8a5408a55ed2f29963ca4d7611cbe37ba775fd4bb8dcc2a2c15bf983000,Dissabte en Marcel i na Sol van a Balaguer.,,4,0,fifties,male_masculine,,Balear,ca,,balearic,common_voice_26_ca,train.tsv,cv-corpus-26.0-2026-06-12/ca/clips/common_voice_ca_32108838.mp3
aa8d56848569c88eec9d265620d514cd7df53bbaba013716b7a1794e29b40520e6a6c36f0abb54331b5a0e34abb8484eceda9cc3668f8e3df6dca44d99d8c6e6,common_voice_ca_37427655.mp3,058214d80eddc35c7d7c011aa94d65e2ba3a65cb0b3b025a02a6cab9dac8f4a9,De bones maneres.,,2,0,,,,Septentrional,ca,,northern,common_voice_26_ca,train.tsv,cv-corpus-26.0-2026-06-12/ca/clips/common_voice_ca_37427655.mp3
f10a3f5001a44d04d3d69b3492d3cde1dad94b3437b4be2f7ea2c19b3707ca384ad9724cb03a3978fccc939ce4f4ea40fb7937b3476b0517d187ba86f51f28d3,common_voice_ca_39571388.mp3,cfd3efd7d60fc904a71cd3148a89d1381b675596d5de17b385e19709ad73baa6,"Més segura és, en canvi, la presència d'alguns llops esparsos.",,4,0,fourties,male_masculine,central,Central,ca,,central,common_voice_26_ca,train.tsv,cv-corpus-26.0-2026-06-12/ca/clips/common_voice_ca_39571388.mp3
c74a97b5a0226946aa095ac0d4fe27bb7ff0d52377a322de5c7eb5134ceb367bca33612c1fe1a30f4dd988735090b25101c3d223a9791111641f49fef4df8d43,common_voice_ca_32592138.mp3,1dd13262d84475c291109614a5221e16f401c56c0ca37ab293023a45147905f3,Divendres en Grau anirà a Beneixama.,,2,0,,,,Balear,ca,,balearic,common_voice_26_ca,train.tsv,cv-corpus-26.0-2026-06-12/ca/clips/common_voice_ca_32592138.mp3
610ee10ef8e19dc7f43f52eb948245a8794548e12e4568214754ced27289e92842b38447a8e8cea5d366e7b939075bcb7795a040f6826079cfc205a7e0066766,common_voice_ca_30916432.mp3,b01f65ce18915eb08f910bcd3ef0bd12a7066b7efa50398e9fa840b7f9050e05,Reserva'm un bitllet de tren per anar a Sant Joanet dimecres a les dotze.,,3,0,,,,Nord-Occidental,ca,,northwestern,common_voice_26_ca,train.tsv,cv-corpus-26.0-2026-06-12/ca/clips/common_voice_ca_30916432.mp3
f857e92f68329b5f04cc61eead534ce1764f37d3bc581509843cffec05c329f47c206677cfd3c88f7dacc5382d7a5d207bdc133576e390da145d74327741e705,common_voice_ca_37588925.mp3,29d5644e4581927b2373d01effeb2fb1e5cf14c1d29fd5a3de2ccd45362d3323,Fer palla de faves.,,2,0,fourties,male_masculine,,Central,ca,,central,common_voice_26_ca,train.tsv,cv-corpus-26.0-2026-06-12/ca/clips/common_voice_ca_37588925.mp3
192605a422f9a6a7a7b42e427762c03269ed05251f0822cf81abd18291f6212098aabe6344a5003f2c9d413e717489fd6a47964060d6b9761839eff8c3dc4863,common_voice_ca_35781736.mp3,4d7ffd19b3a9037894f06b1c01141fb9bc0886ab37177fa87221e1da0b5efd3d,"En el període anterior a la Guerra Civil, les divisions de la societat solien patrocinar discursos d'oradors distingits.",,2,0,sixties,male_masculine,,Nord-Occidental,ca,,northwestern,common_voice_26_ca,train.tsv,cv-corpus-26.0-2026-06-12/ca/clips/common_voice_ca_35781736.mp3
e141f2d0761b2a1f02d36b7df0c0dadb223bc70429a9de281a7cfad663349920bf6db9a1a2387d5326130ee5d19fb6dcce3c898da86e4723343314c7ea6deb17,common_voice_ca_37911240.mp3,8b43405b3ae2aafcb9954f7fd03b2b51f96beb317d16f57d032ee20395b2cf2a,Té gust picant i fa l'olor de l'orenga.,,2,0,,,valencià,,ca,,valencian,common_voice_26_ca,train.tsv,cv-corpus-26.0-2026-06-12/ca/clips/common_voice_ca_37911240.mp3
31f514f5aac74b6ffd1c48c8729a18e5bf53b7e09ecb2f06f29ac2d4708e73b1f4df61e2ca0a24916d2897268456dd598f2a1f5fcb8fec471082f4f1fb304f86,common_voice_ca_31151335.mp3,11d5f0ced4bca5130476a15cfb6589197ab98843590b4f33fc3706905a4864a1,KRS-One és un músic estatunidenc nascut a Sant Celoni.,,2,0,,,,Septentrional,ca,,northern,common_voice_26_ca,train.tsv,cv-corpus-26.0-2026-06-12/ca/clips/common_voice_ca_31151335.mp3
c30baab0f45d64158eceb94662862189a34f385abac72c907099d6e5aad093ade707de758214d4061ce58cbadadbf8f7dca14103772ca05dac2e8fb24a8fd161,common_voice_ca_36826467.mp3,5c3e72cdf76428c70342e9d086113f31cab8f3898ffe8b7a0e2ba48cda0778ef,Els ous es desclouen a l'abril.,,2,0,,,,Balear,ca,,balearic,common_voice_26_ca,train.tsv,cv-corpus-26.0-2026-06-12/ca/clips/common_voice_ca_36826467.mp3
0b224145a7f6ba416e9cdb5c53891cb5fc9cd424b4fa0b091e578a5828c53d2257a59b7242c205820c79fc9c32277f79d40d1a6941ff7a0a71cb75ef35ad7c1b,common_voice_ca_37230974.mp3,6da21d7a5b07aa81638f715047e893f165dd68245ba57d57c5b7ac8ab2a61c5c,Avui dia continua com a col·legi al qual acudeix joventut de tota la comarca.,,3,0,,,,Balear,ca,,balearic,common_voice_26_ca,train.tsv,cv-corpus-26.0-2026-06-12/ca/clips/common_voice_ca_37230974.mp3
9cac9ad35eb27502a43f8b886db48d56a59e31afe8ec3435986b157306fc70fdc4807c9f04389770279b98a491ffacda0a75b7fa13b166db2634a6e0978771a8,common_voice_ca_39099626.mp3,c94d04be227e619315a5c484d1cda9dc18fece08cef8935435af20af4e5e5e5f,Es diu que Oceà i Tetis l'havien criada al confí de la terra.,,2,0,,,Lleidatà,,ca,,northwestern,common_voice_26_ca,train.tsv,cv-corpus-26.0-2026-06-12/ca/clips/common_voice_ca_39099626.mp3
082fe97c1a4f1d56270d873d7070459536ff8b978cc59d58540b16793566bca11b22bbe8928d6f9d17decc7608636aa0988aeb7e131afdd4702d5c8279ac29e8,common_voice_ca_37255165.mp3,6efc86b2c8ccd9d7f8b4388aebaea1ec3ec95b71421d3ccd4969a4e6f4b790d2,Antoni de Senillosa i Cros va ser un polític nascut a Barcelona.,,2,0,,,,Septentrional,ca,,northern,common_voice_26_ca,train.tsv,cv-corpus-26.0-2026-06-12/ca/clips/common_voice_ca_37255165.mp3
e349bcd56c513c6871b8fc789114c1d88a37bfac546fccf9683ea18d883c2db3a0464be9d0a313575bbfb94b90071dfd52b86b34a31198e37feea7b46932ccf4,common_voice_ca_17460926.mp3,a685b23182adad77fbff04131035802cec004600236382da0823ac8b3dcf9099,Cal fer controls periòdics i un seguiment sistemàtic de llur satisfacció.,,2,0,sixties,male_masculine,,Nord-Occidental,ca,,northwestern,common_voice_26_ca,train.tsv,cv-corpus-26.0-2026-06-12/ca/clips/common_voice_ca_17460926.mp3
f3c811d5547f908c9705854bb11f999c65b1a526bbb5f7c4813df0f9204dc1061c41c2ac825bed6f76415e93b4a78113a25b3c6426b3b7723b89bbde98be1729,common_voice_ca_32424398.mp3,efa499545e12618f698f1f344425807a22e292d262da15a7efedd17584069f10,Diumenge en Llop i en Ferran aniran a Madremanya.,,6,0,thirties,male_masculine,valencià,,ca,,valencian,common_voice_26_ca,train.tsv,cv-corpus-26.0-2026-06-12/ca/clips/common_voice_ca_32424398.mp3
c74a97b5a0226946aa095ac0d4fe27bb7ff0d52377a322de5c7eb5134ceb367bca33612c1fe1a30f4dd988735090b25101c3d223a9791111641f49fef4df8d43,common_voice_ca_34831204.mp3,3aa796c42b7ac79d9fd2fffdcaa84b7edc0d6562015970ea52059899ba391a3e,Passarà la major part de la Segona Guerra mundial a la ciutat de Niça.,,2,0,fourties,female_feminine,,Balear,ca,,balearic,common_voice_26_ca,train.tsv,cv-corpus-26.0-2026-06-12/ca/clips/common_voice_ca_34831204.mp3
3449d56106b37bb27ccceb1ce5b668c40eeaa4e90d389e03f0b1ba3098b2a6159298cd57279140223b8d5969b8e6394be7e497e67a9ac29cdd299152bfcaf17f,common_voice_ca_38153859.mp3,9c28ebf56df3d6706e1b858de07f180643f3cd0de45b1198daecbd5ce79b0084,Aferrar-se a la closca pelada pels barbers.,,4,0,thirties,male_masculine,"balear|aprenent (recent, des del castellà)",Balear,ca,,balearic,common_voice_26_ca,train.tsv,cv-corpus-26.0-2026-06-12/ca/clips/common_voice_ca_38153859.mp3
7eade9870a341f0d9a0106e0f0017a1e33658b1e0c900fbb7df15cc953ff9384a0858e8943fa412e668e0a3600bfa709b60d82fe37bfe792b10a9f1c1d31667d,common_voice_ca_31318868.mp3,06e40b3f36d272d1c9f3b206ffc5512790ab5f972aafab912192e81544c23919,Posteriorment esdevindria el director de la fàbrica.,,2,0,,,,Septentrional,ca,,northern,common_voice_26_ca,train.tsv,cv-corpus-26.0-2026-06-12/ca/clips/common_voice_ca_31318868.mp3
b63c689e0edc5a7e8142717836bbb5f080ed397233f6d5ca5b4a0dbdb2f413370ce5cf1adb82c11d64781131945a6cd00c0ec95f8281cac28b140b9761452e01,common_voice_ca_30938389.mp3,b8ff8c21dc809cec7fb2e3cd35a81c7c32ef2e676d26a0b2614a17bac042d4c2,La vorpall espausa l'anà estifollant!,,2,0,fifties,male_masculine,,Nord-Occidental,ca,,northwestern,common_voice_26_ca,train.tsv,cv-corpus-26.0-2026-06-12/ca/clips/common_voice_ca_30938389.mp3
46f14091d04ccc9ef74d0d814c7a5902c67b5b88729b5c5d621d02a8d260822fb988b6520c5df4913daae67757a0b6331f69b52f935ab162efc58baf056a02e6,common_voice_ca_31145218.mp3,f2b4487ca39ecb27cd26d8229170e1edb0cbf4a7faba25c25b5d4820fdc8c7cf,Ni tan sols hi ha proves que el nen existís realment.,,3,0,twenties,female_feminine,,Septentrional,ca,,northern,common_voice_26_ca,train.tsv,cv-corpus-26.0-2026-06-12/ca/clips/common_voice_ca_31145218.mp3
50ff87c2323af2004bb06bb19ec486b7a7b7509ff294a13954e97b0342b9e68e7493646841e052649495922198638773397b0c3862259e44933a29ce10baceb9,common_voice_ca_32068337.mp3,5f50de5e7438a735374e8ab5325c34fc389ab34161d914c0d747110fb980909a,Per Sant Jordi en Guim vol anar d'excursió.,,3,0,,,,Septentrional,ca,,northern,common_voice_26_ca,train.tsv,cv-corpus-26.0-2026-06-12/ca/clips/common_voice_ca_32068337.mp3
90c4220a38cf7d051de9f023c4e83e81f38bf56f5a86fa8ec4e13bb6afebaed8c4f0453136d12103ac78df260a7598dbbe27c0e750353ac27b24e168b38ab24d,common_voice_ca_37643742.mp3,79b42be098635f5531d2eb33adff9972b21a94b9d28604cb5e26f69736d57b79,Eixir a llum.,,4,0,fourties,male_masculine,valencià,,ca,,valencian,common_voice_26_ca,train.tsv,cv-corpus-26.0-2026-06-12/ca/clips/common_voice_ca_37643742.mp3
7242fa8b72a095444836cdc86ba71dae2c5905028b81a753ca46a42622649a0dcd6fa29c50a2033ca4a38b868820cd810bc02ecc161bab33d89cbab5a9ef09c8,common_voice_ca_17630337.mp3,ceb79052dd6f0131cbbd9a284bfb349b13cacfe5ebb77fca84582e1c62989cdf,Abonar puntualment la quota que estableixi l'Assemblea General.,,2,0,fifties,male_masculine,,Central,ca,,central,common_voice_26_ca,train.tsv,cv-corpus-26.0-2026-06-12/ca/clips/common_voice_ca_17630337.mp3
458cc9429f1fe740f093f20c3a11dd9e995942d274a3c16e4982acd88d3323aa05ddcc884aca24676a4cea186146989123fe0092ecdb08e9d4855fe27c8eb59b,common_voice_ca_31017322.mp3,d4dc4df7062e84296fefcee1ee9f2fec97ba5aa1d641646e014f2bdcc812859a,Es va desarmar els dragamines i es van convertir per permetre que hi embarquéssim equips d'entrenament més grans.,,2,0,sixties,male_masculine,,Septentrional,ca,,northern,common_voice_26_ca,train.tsv,cv-corpus-26.0-2026-06-12/ca/clips/common_voice_ca_31017322.mp3
78c598ab1383d31ef99c340688e8fe5042f5989618ba1010a9d41c7de6038827d60fb12c137f1304e266157e64f12dba080e920ad0276d7a6a843986462e9b52,common_voice_ca_38753912.mp3,c1a8d186c3427180ad06872ad8100eb09651d0eff8331d02e08f13241ac1b450,Un elefant crida l'atenció en creuar un poble acompanyat de dos homes.,,2,0,,,Lleidatà havent viscut a Barcelona 20 anys. ,Septentrional,ca,,northern,common_voice_26_ca,train.tsv,cv-corpus-26.0-2026-06-12/ca/clips/common_voice_ca_38753912.mp3
95c2c4433dd41d7dced5df4673508fb07bc2214f67c327f08a4d666a489c863acd883e9fd72c01070c3b828c8531394363d706e2943439d655d8156aca1e3451,common_voice_ca_30845148.mp3,963a9d1bff8081a4e42950eb7b5e78029495600b32f8a3415191f299506bcee2,M'agradaria anar a Viladrau sense agafar el metro.,,3,0,fourties,male_masculine,,Central,ca,,central,common_voice_26_ca,train.tsv,cv-corpus-26.0-2026-06-12/ca/clips/common_voice_ca_30845148.mp3
96211c1c0403461f8683b949d77e542522915fac18da3f719cac351f9bcd8e541236f253c081b6e26d312d4c16bf72a398b39cb4685d60df419cfa4846cd3dd2,common_voice_ca_30820229.mp3,8d588a9c3b17d6890d63a7ccd7bcaa52634bddc4c09f4e3823c4d22b78ec30c2,Les seves actuacions a Lió finalment el van ajudar a formar part a l'equip nacional de França.,,2,0,,,,Balear,ca,,balearic,common_voice_26_ca,train.tsv,cv-corpus-26.0-2026-06-12/ca/clips/common_voice_ca_30820229.mp3
444f0f5422d6d8df65a071c2737181a0110368ac69baff0b6e879d5b24c6893399d79e81817299d2ab941cc5c6fa0ce0b39852ddf355f8c3546adf054a739c97,common_voice_ca_36388005.mp3,51aa8cdfdf31bb71a796ca172a796bc49f358fd3f7e8bdb8f629be6ed1323a61,He d'anar al carrer de Móra la Nova amb tren.,,2,0,,,,Septentrional,ca,,northern,common_voice_26_ca,train.tsv,cv-corpus-26.0-2026-06-12/ca/clips/common_voice_ca_36388005.mp3
444f0f5422d6d8df65a071c2737181a0110368ac69baff0b6e879d5b24c6893399d79e81817299d2ab941cc5c6fa0ce0b39852ddf355f8c3546adf054a739c97,common_voice_ca_36388411.mp3,51abafd711033c4d799e2697500eba4316ff4cacb98aa888e1540c5d9b9d0992,Tot embrió és un ésser humà.,,2,0,,,,Septentrional,ca,,northern,common_voice_26_ca,train.tsv,cv-corpus-26.0-2026-06-12/ca/clips/common_voice_ca_36388411.mp3
d5b96fe8d2aa7880e586b7eab4782136dc15400fc2592e4b812f7b933b1fdf3799429f1a701aa1c5e7e9f80a24ec83fd124ece79a0c2fd9f0bda67e934379def,common_voice_ca_31754695.mp3,137f07a2a8e7b8f7c610e23a3116369bccc6b02b5671bfe36d9c86968ded3363,El vint-i-nou de febrer en Pep i en Sergi van a Sarroca de Bellera.,,6,0,,,valencià,,ca,,valencian,common_voice_26_ca,train.tsv,cv-corpus-26.0-2026-06-12/ca/clips/common_voice_ca_31754695.mp3
ae7fc163935f49205e1751378026226f6e1f13d3eea467872297abe2dfe37082ff66ce4cdadebb6ee4b80c85ff06626e67621abde9e06811bd2dd31eb7699bc2,common_voice_ca_31080717.mp3,e6fdc10685fe0e40a01dd6d9e2ebd4afaf070552379545d9f7b02e8c1f8dbaf1,La part més destacable de la construcció és la torre situada a l'extrem de tramuntana.,,3,0,,,,Septentrional,ca,,northern,common_voice_26_ca,train.tsv,cv-corpus-26.0-2026-06-12/ca/clips/common_voice_ca_31080717.mp3
b61fad17a5c0f6d01ba3d63a125d545265372b9d4a53e5dafec55f60691c40f8aa35bfb64cfaba5dceb822efb9116b8fb30016baee1d389a8070f55c062cfe11,common_voice_ca_22970587.mp3,9a5a813163b28153aa48ae67124c73b9716ba1494184269f213b8dabdbaa8705,Els dos esposos s'hauran d'enfrontar.,,2,0,fifties,male_masculine,valencià,,ca,,valencian,common_voice_26_ca,train.tsv,cv-corpus-26.0-2026-06-12/ca/clips/common_voice_ca_22970587.mp3
7eeb4664f77e4be186bbf6c320c1f0a620361b357aeb5c1d47b4e1f4d3eefd06c1aa581638be86dc127ba72ef47c0f01070b010fb031cb11c6340f56bdf334b3,common_voice_ca_37427672.mp3,01f011dae08beb908c50c6c5eac53b66925b0ef51c4387421cb0aa7cd8de9c05,"El Vallès de través, mal llamp el matés.",,2,0,twenties,male_masculine,,Septentrional,ca,,northern,common_voice_26_ca,train.tsv,cv-corpus-26.0-2026-06-12/ca/clips/common_voice_ca_37427672.mp3
1be5f58ac7d1201ed6ff1267108729c8b9c74d3a28aeed8515fa262de2793ee2cd89b19064e50b08d6d86be0c211e6e36375144e53fe43d3222b74f5df0c4443,common_voice_ca_30752983.mp3,76634fb1e3e7309dbf871a0b08d25a32aee97a3269719178c7a6709c0c32e18c,"Va tenir un fill amb Raisa, en Haider Amir, més endavant anomenat Shahbaz Khan,",,3,0,,,,Septentrional,ca,,northern,common_voice_26_ca,train.tsv,cv-corpus-26.0-2026-06-12/ca/clips/common_voice_ca_30752983.mp3
90c4220a38cf7d051de9f023c4e83e81f38bf56f5a86fa8ec4e13bb6afebaed8c4f0453136d12103ac78df260a7598dbbe27c0e750353ac27b24e168b38ab24d,common_voice_ca_37643552.mp3,79a87f303718dc9136f1f832891fb214aa367cad03e2e6d7865d8a028195ec7e,Què és l'empresa?,,4,0,fourties,male_masculine,valencià,,ca,,valencian,common_voice_26_ca,train.tsv,cv-corpus-26.0-2026-06-12/ca/clips/common_voice_ca_37643552.mp3
aaf8de7f63e0e4811214b05cfd0a57c1ece4f251dcee4cdf0966adb8c0f17e262d8f871220b3cb6e766c71f676772f58f0791a178c18e418f831fc65afdad705,common_voice_ca_32101472.mp3,6ee01236654dba4e2dde3a0835ab9c9f141fff913df1fccae1c991b1dc65ee41,Diumenge na Rosó voldria anar a l'Escala.,,3,0,fourties,male_masculine,,Central,ca,,central,common_voice_26_ca,train.tsv,cv-corpus-26.0-2026-06-12/ca/clips/common_voice_ca_32101472.mp3
8e24859776a236f7d9d5ed1c787e65afb65973928eac4ff7b523d61e2e7f0a35b2b9be28643d33117b2be05ee59d1d5d089b35caae170f6c107893e2f5af8f15,common_voice_ca_37633874.mp3,78a4d133432e13af1432daf8bfa65a0cc38a66e6c0ad26f6117d5970f9069386,"Generalment els models s'enfronten entre si, i els dos retrats es penjaven junts.",,2,0,,,,Septentrional,ca,,northern,common_voice_26_ca,train.tsv,cv-corpus-26.0-2026-06-12/ca/clips/common_voice_ca_37633874.mp3
7734865457a855a64a6108f9baaf8811833caa1d31f0d340ecfaac06757fc2467981f1c2008f2c0f4524163351052f13bc777c3aa1c88b0373d39abcd364c1ff,common_voice_ca_30967571.mp3,c4cb9a6ed508ca75821a1669d5d0fe4db3b76ee0904c488574a9c1816e98e3a0,"Segons aquests informes, el fenomen va durar aproximadament deu minuts.",,8,0,fifties,male_masculine,valencià,,ca,,valencian,common_voice_26_ca,train.tsv,cv-corpus-26.0-2026-06-12/ca/clips/common_voice_ca_30967571.mp3
4b6aadfda8dad48e36bd1266fe639da81a467d68ec96399a48a31f661ecf3df8d79a9b8689424b6a29fd04afd4b4f1a5273d1be043f102d5db45c65177ea9bc5,common_voice_ca_31217512.mp3,f88c5d912a630d9fe0740583a3992a9143be8f9a80e1f51c45543c3e62f46872,Com es diu el jugador de beisbol més conegut?,,3,0,sixties,female_feminine,,Nord-Occidental,ca,,northwestern,common_voice_26_ca,train.tsv,cv-corpus-26.0-2026-06-12/ca/clips/common_voice_ca_31217512.mp3
95c2c4433dd41d7dced5df4673508fb07bc2214f67c327f08a4d666a489c863acd883e9fd72c01070c3b828c8531394363d706e2943439d655d8156aca1e3451,common_voice_ca_30781480.mp3,807d9a73d17e7b10ae1e378508ce3423d202dd1e0944355c081c1c73ec269237,"Després de l'obertura, la zona es va anomenar Comtat de Kiowa del Territori d'Oklahoma.",,3,0,fourties,male_masculine,,Central,ca,,central,common_voice_26_ca,train.tsv,cv-corpus-26.0-2026-06-12/ca/clips/common_voice_ca_30781480.mp3
2f4aa6d9743b25571ae574de401c9a11753ca6f0dcd8a24a29db556d6452680173f7022198a4d3dc2e30b288a8e37f526f2e938abce7fa8d3474d0c2cd5a17d4,common_voice_ca_39973436.mp3,d814afa8fcece4ea52adf890ea0f65cbcb4f27407c638da50d19efddedc4dfad,Quines són les sis condicions?,,2,0,thirties,male_masculine,valencià,Alacantí,ca,,valencian,common_voice_26_ca,train.tsv,cv-corpus-26.0-2026-06-12/ca/clips/common_voice_ca_39973436.mp3
94acceadbaee99eb2b95d98e5bcb9e86fd612bd337fb86fc65f06261d3906af9638e5b78058a8038b1d28f0d061bebc36dc9dee9772e03171140be32aabfd2bb,common_voice_ca_31121959.mp3,eebb851937c87669c89e55f99c395044638e0491c2ddaac3c1003a4b92d00c5c,Devil's Den és una petita cova a l'est del llac Massabesic.,,2,0,,,valencià,,ca,,valencian,common_voice_26_ca,train.tsv,cv-corpus-26.0-2026-06-12/ca/clips/common_voice_ca_31121959.mp3
09a064b4c3b1d83c5944465de4ba90adc551db5ac1ad466e443435a20c8e82e8ebbeb296753f6ea5d319398197a36244ce5630704d14714d00f862b76fca1e13,common_voice_ca_36901750.mp3,a45f5ad9577083d993a7b264cd71a9c7fa2f98d53aad7b71682b2e52d36f746e,Vull anar a Avinyó,,4,0,,,,Balear,ca,,balearic,common_voice_26_ca,train.tsv,cv-corpus-26.0-2026-06-12/ca/clips/common_voice_ca_36901750.mp3
dd861f9c59e6769502fcd330a174bb26308379a5a95cc8416bbf338aded7ca4ee103b04df5deb014e1a41ef4e672a0f4ba9c583af8e6c4536f86ee6d9e8f6c4a,common_voice_ca_40602479.mp3,001ce38ff62c0a165066f68f34aabfa632076d5e611ae2f16e30291f9b567832,En quina estació estaven?,,2,0,,,,Septentrional,ca,,northern,common_voice_26_ca,train.tsv,cv-corpus-26.0-2026-06-12/ca/clips/common_voice_ca_40602479.mp3
a6ad74ea6260e8219c45e05c77e755fd37612c2f9de1ab7104fb87a28bf8044e432a88448ef0485800886a333e08ae07b5df37522cdc248ae34b4e77ff386d26,common_voice_ca_30495783.mp3,594c265dceca4f2a4f9374540aba74d6c8be0cf9c9825569886ba24f9ed9605f,On se celebra el judici contra el procés?,,4,0,,,valencià,,ca,,valencian,common_voice_26_ca,train.tsv,cv-corpus-26.0-2026-06-12/ca/clips/common_voice_ca_30495783.mp3
e349bcd56c513c6871b8fc789114c1d88a37bfac546fccf9683ea18d883c2db3a0464be9d0a313575bbfb94b90071dfd52b86b34a31198e37feea7b46932ccf4,common_voice_ca_17460929.mp3,974e38d7ae64be052de6e361426da46c413b0101e97f1a1f28e79f31612fd544,Se li havia podrit el tap d'aliments que tancava la boca de l'estómac.,,2,0,sixties,male_masculine,,Nord-Occidental,ca,,northwestern,common_voice_26_ca,train.tsv,cv-corpus-26.0-2026-06-12/ca/clips/common_voice_ca_17460929.mp3
81e09bc7f9dd35013e81277f76bb89aee439b064ef6643904da6120aa3399002056363fd6472adf5cb4c6aaba56d7a54b39a9f10f19bfce853aa77570a2b6348,common_voice_ca_37924561.mp3,8ca44422071434cea128758de06b7dd0c85737a22226f02c95927a80c4a431d1,El vint-i-nou de febrer na Xènia i na Mireia volen anar d'excursió.,,2,0,,,valencià,,ca,,valencian,common_voice_26_ca,train.tsv,cv-corpus-26.0-2026-06-12/ca/clips/common_voice_ca_37924561.mp3
ac65c7953270b4e8ab5356dbb3620504b2ecbdaf7c6153581995dd41e3b4d1fccc5bd345c6ff10c85fe793c4b1e39f9cc72106aa910dd7c62088bf0675f06732,common_voice_ca_38625855.mp3,bc52977701030c69f43cb0b000d449c2bf5f4d7a3c1e4859dbfebaea1db4917a,La durada màxima de la venda en liquidació serà d'un any.,,6,0,thirties,male_masculine,central|valencià,Valencià meridional,ca,,valencian,common_voice_26_ca,train.tsv,cv-corpus-26.0-2026-06-12/ca/clips/common_voice_ca_38625855.mp3
9a554627d25f4babb9f2b60b979bbb05b9c375d9eb89a88daf697806b0998eac964d0ca78b0c764c28b3bbc90618819db3f05f02842a609f5469168b47eee127,common_voice_ca_37175062.mp3,6bcab8a9cd6b4998281d61aadfade0dd33af14f1ad8c6653a5402f0576b0e3bf,El seu paper en l'operació s'ignora en gran manera i roman en l'anonimat.,,2,0,,,,Nord-Occidental,ca,,northwestern,common_voice_26_ca,train.tsv,cv-corpus-26.0-2026-06-12/ca/clips/common_voice_ca_37175062.mp3
b9ee561ba7af9d0a67b73f9edacbbe968abed15d206f6cc9e9d18a14cba3583a72cfdac6522cbc899617652554b84cf2ea38405ee04085ea995b838fcdd1cb71,common_voice_ca_37641985.mp3,79866fdf16045a57ef665cb6c86f15f9269e97c65578e49330c2c6ef8c6706a5,La façana és arrebossada i pintada de color blanc.,,6,0,,,valencià,,ca,,valencian,common_voice_26_ca,train.tsv,cv-corpus-26.0-2026-06-12/ca/clips/common_voice_ca_37641985.mp3
4186d22e6c118ff9efb712d7f90f14e13d83cfdff8d2552881560a4421ed5aa272534eb0eee83e809c1f5855e578cd4c093d9eabe667eaefe436339757032e6d,common_voice_ca_33404912.mp3,e43ae7532a3c1272aa9d582eac651c2970a15a4de33517452b9c59147d85bc81,"És a dir, que de mitjana cada nou infectat infecta tres persones més.",,4,0,,,valencià,,ca,,valencian,common_voice_26_ca,train.tsv,cv-corpus-26.0-2026-06-12/ca/clips/common_voice_ca_33404912.mp3
0afdf4a945307d594bb2ad530b571704937b23d28f413cf189fe1dc64372e0c8fae89254a9c7a7bfda6c75f412c8f506dab11301c4bd179165b9aae460bb5046,common_voice_ca_32109748.mp3,73d3db83bebdfb2cfd979b2aca684c377c7e25d956af891abd51fb8c5a1d10ab,El deu d'agost na Cora i en Pau van a Sora.,,3,0,fifties,male_masculine,,Balear,ca,,balearic,common_voice_26_ca,train.tsv,cv-corpus-26.0-2026-06-12/ca/clips/common_voice_ca_32109748.mp3
bf61741297653053896c7246004dfd49ed380ec0f1e2294d4c8c607faeb805dbd016793013ed9142ff24938a2a540f56c1086f826fb4b5c1eece2e7640326d08,common_voice_ca_38060122.mp3,968c67adf2b641403719de36c4ca25746a0eaf1ca1037e4eb1066048384b335f,Demà na Frida i na Txell aniran al cinema.,,2,0,twenties,female_feminine,central,Nord-Occidental,ca,,northwestern,common_voice_26_ca,train.tsv,cv-corpus-26.0-2026-06-12/ca/clips/common_voice_ca_38060122.mp3
0e89a7427c27c12d7abe86db0244b563a1948eff79b27b52642e34194b281bc734e3034cde8a3d2f8563cf24fa5b4c8ff017c28ad86a3eede09360fcd4731a8c,common_voice_ca_18259031.mp3,9b55f18b2b6319f114584669618efafe2f27f16f5704edb9d1eb3c1563f65283,"Panteó número dotze: el preu mínim serà de setanta mil set-cents vuitanta-quatre coma vint-i-cinc euros, que podrà ser millorat a l'alça.",,3,0,fourties,male_masculine,,Nord-Occidental,ca,,northwestern,common_voice_26_ca,train.tsv,cv-corpus-26.0-2026-06-12/ca/clips/common_voice_ca_18259031.mp3
9a554627d25f4babb9f2b60b979bbb05b9c375d9eb89a88daf697806b0998eac964d0ca78b0c764c28b3bbc90618819db3f05f02842a609f5469168b47eee127,common_voice_ca_37175060.mp3,6bc7c336be64714bb2101ef9e5d3079afc06c40ba866b209f7c2c7a2ae4f95b1,També fou un traductor distingit.,,2,0,,,,Nord-Occidental,ca,,northwestern,common_voice_26_ca,train.tsv,cv-corpus-26.0-2026-06-12/ca/clips/common_voice_ca_37175060.mp3
3aa4468cd1ad041bbfcd0622a4f34206d8b993ce6a72bd5d0d35b40bbccf057d5f48544db7ea1fc3a7ec886f3373a819a053c8a87251f2c059d5c3ca8effa7bd,common_voice_ca_27559766.mp3,45cc5cb2dc39cb9163dc720d2c585e5dcecf4ac42a8ebc8275eda8b9c9f2a692,"Va anar al nord, explorant el país més enllà del mont Elgon.",,2,0,twenties,female_feminine,valencià,,ca,,valencian,common_voice_26_ca,train.tsv,cv-corpus-26.0-2026-06-12/ca/clips/common_voice_ca_27559766.mp3
04b7d9f9b93bdefc1177d1f6cf2e51a78bfe741f356035dbb77d1ed46134a8c6534507d4ccf8ebb4e40263655167aecabe6a8c20ffb12fd82559031fc01d6a50,common_voice_ca_30825112.mp3,8f4732172eea0604510033ed0a6eca9cf63ffd0045d982e1e73a2c3e585077ee,"Telefona al sis, quinze, setanta-nou, vuitanta-dos, vint-i-sis.",,3,0,,,,Septentrional,ca,,northern,common_voice_26_ca,train.tsv,cv-corpus-26.0-2026-06-12/ca/clips/common_voice_ca_30825112.mp3
27673fc44f7d16cc4aee52fff2cb79cfd1c44cc75cc4c922a4571383503672ab246507df94551e3be78247a7b6d2764a5e065f57fd02ce59e6bb40987a105b4a,common_voice_ca_32587447.mp3,1a7c81ecb972088b4259dec27d1d4496fe589d0b27b1578d76871ef33d320e0b,El vint-i-tres de maig en Guillem irà a Tivenys.,,4,0,twenties,female_feminine,,Nord-Occidental,ca,,northwestern,common_voice_26_ca,train.tsv,cv-corpus-26.0-2026-06-12/ca/clips/common_voice_ca_32587447.mp3
2aa75a6e963c05667675f27208926711d3473f11c6554928520938b7a0c693918229fc2d09179841d46a52c6752f9eab8468c55821a2ac828d02365c3f6e0295,common_voice_ca_35142993.mp3,43945d63ac83133aa687bc9d2bed845d13fe2949accda6a58fea1aea38d918df,Els conflictes acaben amb enfrontaments.,,2,0,,,central,Central,ca,,central,common_voice_26_ca,train.tsv,cv-corpus-26.0-2026-06-12/ca/clips/common_voice_ca_35142993.mp3
cc97b8b421c6c7d658ad352bc6c268206077f77aae7f626582c236e014698664ae5dd461c28ca0a6dd86526321b3584abae888294e3d87ef838009907ca8cf8b,common_voice_ca_39821052.mp3,d31b84cdc89d0702360fd600ad9d7d5e803d3f02ee600f287ab40647a9b76de8,Només li diu que el vol acompanyar.,,3,0,,,,Central,ca,,central,common_voice_26_ca,train.tsv,cv-corpus-26.0-2026-06-12/ca/clips/common_voice_ca_39821052.mp3
d2d1631ff3b480e01cd27192347281f604e1c28d5db57908ff184199c06e962ce90302a4fb6caa01cc89a9f180fd6e2ba0d5baba4cb0d9128ab22a52691aa1ba,common_voice_ca_33454795.mp3,068bd5093288734b27f943ecfea468187cc27d908945fed6623fcf6732c2d426,I això s’ha de canviar.,,3,0,fifties,male_masculine,,Balear,ca,,balearic,common_voice_26_ca,train.tsv,cv-corpus-26.0-2026-06-12/ca/clips/common_voice_ca_33454795.mp3
7d638df89f15b05180a1ed64c602db1ef79527fd5c532647316c3b5e6f91d6a444aab0bc7bfe158b7fadbda47d571f25b9bd67da4d3db114755d8205d46143bd,common_voice_ca_24923233.mp3,070630e640a92dc9288f11fae1575949054da75821eae2c4316556b4927931b2,"La part interior de les persianes de l'orgue ""rugwerk"" té pintures d'instruments musicals antics.",,2,0,twenties,male_masculine,valencià,,ca,,valencian,common_voice_26_ca,train.tsv,cv-corpus-26.0-2026-06-12/ca/clips/common_voice_ca_24923233.mp3
b5f14b49e6a15fb28af1d909b7bb3390dd5ad064d244120bdc4392701b3ac09fcf1b03f638843871d31222c921246248f3581f45d805df5765d33c788a748a40,common_voice_ca_30816387.mp3,8c490e29f9d560c09cd401d6b070292318c842a34009de7be23475972523a25c,Els va trobar discutint acaloradament.,,2,0,sixties,male_masculine,,Septentrional,ca,,northern,common_voice_26_ca,train.tsv,cv-corpus-26.0-2026-06-12/ca/clips/common_voice_ca_30816387.mp3
b8ed3a91998c5f59709e1aec2a5c3f75149c681b8e68d4e71eebc6a05382317bc0efedb6a98db832136d499567f64ece8d537e2f35d4f37c17ed13474e83ab9c,common_voice_ca_37594510.mp3,3e78077da2dc5065f2bc0b84f05c479c131f53c1936dbb02550ee07d2cdd6253,Mitja veritat és una mentida sencera.,,2,0,,,valencià,,ca,,valencian,common_voice_26_ca,train.tsv,cv-corpus-26.0-2026-06-12/ca/clips/common_voice_ca_37594510.mp3
44732db2acfc0a73f35e5ec44eb5e9a906cfa92adfb1689619f771e8fb5702e07cd437dc1f96505c525171797093aefb5ead5ae2a86413cbc075cec5466b97af,common_voice_ca_30741229.mp3,665da2456ccc25b0769d0e48cd5231af018c0866ad9a54b6b09f7fc956c1c55d,Divendres he d'anar a Cabanes amb autobús.,,6,0,fifties,male_masculine,Terres de l'Ebre,Septentrional,ca,,northern,common_voice_26_ca,train.tsv,cv-corpus-26.0-2026-06-12/ca/clips/common_voice_ca_30741229.mp3
7b2785d42b6f49f98aab6a1e8bf3425d7d1e54e15b7213b7a72cb6006a5fc7eaa4d318bea3a389046d8c609cf685d0499f98f6e59c7420cef684281362051317,common_voice_ca_31501463.mp3,24a2ba1cb26651540a690885b10a4c5aaf246b31050a05320432b50345828922,Cal destacar també les traduccions de Joan Brossa i Gabriel Ferrater.,,3,0,,,,Nord-Occidental,ca,,northwestern,common_voice_26_ca,train.tsv,cv-corpus-26.0-2026-06-12/ca/clips/common_voice_ca_31501463.mp3
8c21f22afee554814805c114ae8f98539a1ca14b581abbcd3bc1fffbb2f60c28b8c7eb15843a91a8b2240c4242c0715decc01805f89b25c0b6525f0c5e6c320a,common_voice_ca_30876878.mp3,a15f0521d77fed6acca0ecbb86a8f4d2720331e7d71a9c04e07539f128cb1485,Desaparegué com si la terra l'hagués tragat.,,2,0,,,,Septentrional,ca,,northern,common_voice_26_ca,train.tsv,cv-corpus-26.0-2026-06-12/ca/clips/common_voice_ca_30876878.mp3
f054e49b9ac18d489188d00c6af8301b0c11e12434699689ac389d07e124af149b6d015b6d131d30a5fbe57a2d90ad520435204b4f26bb59eaa322be5203e8b0,common_voice_ca_33504928.mp3,229ccfd645674ad26540d3e2b9fc01e31338e178254306bdd605d211eba1d2fb,"“Això anirà a les escombraries”, ha dit al començament de la sessió d’avui.",,2,0,,,,Balear,ca,,balearic,common_voice_26_ca,train.tsv,cv-corpus-26.0-2026-06-12/ca/clips/common_voice_ca_33504928.mp3
294b69b01f9738fc83b6befec1ad328b665f9edc4a6c61370e469b61279df1e519da2faeb6763828abd516da45f4f656a8e2850fedc8fba348df65de8b1c5d0c,common_voice_ca_19913293.mp3,154fd71fdabbbb5313f1b8da91d8ea8215efd2b627a70efc34f9d6b9dc0b2dc1,Sant Jeroni deia que el nombre nou indica patiment i dolor a la Bíblia.,,2,0,fourties,male_masculine,,Nord-Occidental,ca,,northwestern,common_voice_26_ca,train.tsv,cv-corpus-26.0-2026-06-12/ca/clips/common_voice_ca_19913293.mp3
66bd67e6893a5a8d1f1c24ddf17636e04d1623c17c11d57a83fc022a43c38796544cdfee368fe8783d48b8f2745d551e57aca0a81fbcf5971fade8516eb02001,common_voice_ca_31241502.mp3,fc5cc6d247543e898da8c0a9747c43d8ef2a5a73ffa16fd5b16cea8af5ec865e,També va ser condecorat amb la Legió d'Honor de França.,,3,0,sixties,male_masculine,,Central,ca,,central,common_voice_26_ca,train.tsv,cv-corpus-26.0-2026-06-12/ca/clips/common_voice_ca_31241502.mp3
a8be29239309ec46a2d45aeae724bc7e86552a95837aa5364266a0b99a1413174b0b5fb4882078df8986562307e2451d3b150d49260fbf1b1d14f994a95ddb82,common_voice_ca_34987746.mp3,3e4515108ba8f06e7350572f85604d0ce2af5b64d03e0f74f7a67d28d9a6daff,"El meu número es el sis, zero, vuit, noranta-sis, vuitanta-cinc, quaranta.",,2,0,,,,Central,ca,,central,common_voice_26_ca,train.tsv,cv-corpus-26.0-2026-06-12/ca/clips/common_voice_ca_34987746.mp3
0b224145a7f6ba416e9cdb5c53891cb5fc9cd424b4fa0b091e578a5828c53d2257a59b7242c205820c79fc9c32277f79d40d1a6941ff7a0a71cb75ef35ad7c1b,common_voice_ca_37230960.mp3,6dae008103d5eca64e13dfefb66dfde74291d8033a810e283a7eacf5b311248d,Aquests dos només van sortir breument en pantalla.,,2,0,,,,Balear,ca,,balearic,common_voice_26_ca,train.tsv,cv-corpus-26.0-2026-06-12/ca/clips/common_voice_ca_37230960.mp3
a8264dd930d1b0b3cedb8ad09a5948f6ebbac873d0017cde0712f25af6db5897db89a352454da9f31f15d51809b987819871860f9df906ab76fc230f8c980bf1,common_voice_ca_34201302.mp3,3551e580e7797e26bb299085bb92876ff7220c7d31218c3598616d48f9c361ad,S'aixeca damunt de dos graons quadrats.,,4,0,,,Mallorquí de Palma,Balear,ca,,balearic,common_voice_26_ca,train.tsv,cv-corpus-26.0-2026-06-12/ca/clips/common_voice_ca_34201302.mp3
30f6a9704c99493898ff346ecd7e689f1187e0f98a450384fad5c883e20d059584a1b3af8239cd9716f55f925ba3a235bc173ddb1bdc6ae7c77f8cd2d71bd8ce,common_voice_ca_41103640.mp3,c33c7e759e0c5c0e11a096fc55b65e9e9052277c7f2dd9732482489549d5bf18,Qui els va atorgar aquest nom?,,2,0,,,central,Central,ca,,central,common_voice_26_ca,train.tsv,cv-corpus-26.0-2026-06-12/ca/clips/common_voice_ca_41103640.mp3
46513e8760ea724153fcd1accce8325e3b59d50bd1d37082276b35dfdff1caaa22b09f49d85010a21accc25bcbbf01d587efebf7b011ac8226f4c1750e1bbcbc,common_voice_ca_37601868.mp3,53ed2632714158cdbf5cfc8421a5cf7c933bbe2918c63822df1e22dadf7627df,"Quan les faves granen, una figa per nostramo.",,2,0,,,,Septentrional,ca,,northern,common_voice_26_ca,train.tsv,cv-corpus-26.0-2026-06-12/ca/clips/common_voice_ca_37601868.mp3
4f62b986b8dad6adac45e946de94fa27c1ae041574712e576ec5a27d2349ff859b73fa6f228705d560d25a1f227d6563be1779d5e54bc4a7aca5a1b2814dcc24,common_voice_ca_37631490.mp3,783247160137e0ad5ca4943ed1a361dee56d3b688385870ff7bcbfd3bbe92092,Vaig tenir moltes dificultats ben aviat a la meva vida.,,2,0,,,,Nord-Occidental,ca,,northwestern,common_voice_26_ca,train.tsv,cv-corpus-26.0-2026-06-12/ca/clips/common_voice_ca_37631490.mp3
6aa4de7ba9678657778e958db48f5291f32dc78b375330325a4cd5f7bac22d900ddb6265bf77c41e934fcc801ad6adf30310c0709f3a3002fb6278020cbe474b,common_voice_ca_33746371.mp3,2eb68ac3eec374c3954b1c1d1dae76db19a3cea9b8a7c03c375f1f152f08ea79,A l'artilleria de la divisió el salt no li va anar tan bé.,,4,0,,,valencià,,ca,,valencian,common_voice_26_ca,train.tsv,cv-corpus-26.0-2026-06-12/ca/clips/common_voice_ca_33746371.mp3
542607874964bd9aa801a480fa0df3f2faf69bb84b86518a361d931f90fa24df00307545f19cb81192841a2d67916785eeef0590f39c5cde9c44b01aea861df4,common_voice_ca_32213921.mp3,9dd47a4c38644b9e35ffda49700a0193375c3b7029d8900f18c60c5f531480fc,Demà na Lara i na Farners van a Benasau.,,4,0,fourties,male_masculine,,Nord-Occidental,ca,,northwestern,common_voice_26_ca,train.tsv,cv-corpus-26.0-2026-06-12/ca/clips/common_voice_ca_32213921.mp3
69c2af9c5c4e925b32506edc6b7a9e1369ffa57c18169120ecb67c6a832d0f3562aa26e322a3333c5210006768051688a47f27e78986c32cd6d5104bee2ca6a8,common_voice_ca_20822786.mp3,38ba4c0cdac05827a15904707a3da7a78c56402496f3357f4bb9960460e14d6e,"Va trobar una óssa, i obeint l'ordre, s'uní amb ella.",,2,0,thirties,female_feminine,,Central,ca,,central,common_voice_26_ca,train.tsv,cv-corpus-26.0-2026-06-12/ca/clips/common_voice_ca_20822786.mp3
ef13a36683437189a3141df74ca8b08e86a2c92a71c4a12e4ffd385d2082a9876739ead2b5d98346307edb87e0672df6a530461f08e55dc92df0d75f1894d485,common_voice_ca_30843380.mp3,95404eae67569455f08ef6f6e6e0bdfe994d8d2d483803bf4e3603ea7fb8428e,Els salaris dels empleats es paguen normalment a mes vençut.,,4,0,fourties,female_feminine,nord-oriental,,ca,,northern,common_voice_26_ca,train.tsv,cv-corpus-26.0-2026-06-12/ca/clips/common_voice_ca_30843380.mp3
107839c0a57701a2cb8b87344d30ac8f93828c76afde5d281264928a93715f923e4ec713b727979c85c6f6f4024eff43a326b31723e343c6cb5ce2055b8351b5,common_voice_ca_32225863.mp3,a2593aaeaf074848c51af13b678d2195215be02b369b5ee3e25c094891b185aa,Per Cap d'Any na Laia va a Gombrèn.,,4,0,fourties,female_feminine,,Septentrional,ca,,northern,common_voice_26_ca,train.tsv,cv-corpus-26.0-2026-06-12/ca/clips/common_voice_ca_32225863.mp3
4eb53b5e305922d10190a90d4785be6906bf83a72a9d38edcbb4b4f72a9a2aebfca4ea0753eac69e68ee4b555c072d1eee5dcfd209c4abf619102265ba914c9f,common_voice_ca_33901641.mp3,31590aa3f513445cdfa3b0a69018587d69ec9e0a88af338365c56f5ba77c4d81,Els liegesos van derrocar-lo per una primera vegada.,,2,0,,,,Balear,ca,,balearic,common_voice_26_ca,train.tsv,cv-corpus-26.0-2026-06-12/ca/clips/common_voice_ca_33901641.mp3
e446434788701b6ade3495ccb984a820c1ba4cc6de6e7b37501889d2d689e304b00b825fb5eefdfd415b3bd20ad5697fc84f28234f9079ad024766cc3b9b5e4a,common_voice_ca_37591206.mp3,2c554a40ef00d1596f2a3810ffd7388598e3b4df7b9c8f424697da79bc025abd,Rodada de falles per Sant Joan.,,2,0,,,valencià,,ca,,valencian,common_voice_26_ca,train.tsv,cv-corpus-26.0-2026-06-12/ca/clips/common_voice_ca_37591206.mp3
4dafd3b98609177f1469270b4fa9646197ec854606af7afdf8d3f84f2af72c8f33a6e568e547e3039ee5dab2185aac4d318a5f416ec15a3bf40ec96bd92ef137,common_voice_ca_22064112.mp3,75c71b46d18d55fe1bb72198cf6ab14922ad8cfaa018d0b300e6d5391e765ac5,La creu processional és la creu gòtica que pertany a la parròquia.,,3,0,teens,male_masculine,valencià,,ca,,valencian,common_voice_26_ca,train.tsv,cv-corpus-26.0-2026-06-12/ca/clips/common_voice_ca_22064112.mp3
44732db2acfc0a73f35e5ec44eb5e9a906cfa92adfb1689619f771e8fb5702e07cd437dc1f96505c525171797093aefb5ead5ae2a86413cbc075cec5466b97af,common_voice_ca_30741849.mp3,6e7d611cabc95adeeb0a339a175b10932fc0fc9506ee0fdbe3f450f95df823b4,A la Jana hi ha estació de tren?,,6,0,fifties,male_masculine,Terres de l'Ebre,Septentrional,ca,,northern,common_voice_26_ca,train.tsv,cv-corpus-26.0-2026-06-12/ca/clips/common_voice_ca_30741849.mp3
69c2af9c5c4e925b32506edc6b7a9e1369ffa57c18169120ecb67c6a832d0f3562aa26e322a3333c5210006768051688a47f27e78986c32cd6d5104bee2ca6a8,common_voice_ca_20822931.mp3,38701f3bd964421fff7f9e2e40ac34643134f7729f02525a32ddcd1d16dd914e,"La Fundació ha exposat a Alemanya, Anglaterra, Itàlia o França.",,2,0,thirties,female_feminine,,Central,ca,,central,common_voice_26_ca,train.tsv,cv-corpus-26.0-2026-06-12/ca/clips/common_voice_ca_20822931.mp3
7eade9870a341f0d9a0106e0f0017a1e33658b1e0c900fbb7df15cc953ff9384a0858e8943fa412e668e0a3600bfa709b60d82fe37bfe792b10a9f1c1d31667d,common_voice_ca_31318866.mp3,072ef5f030af2af4928944d9e0968e4c44a485eb419b4cdd84d1ff5cd633f768,Santi Carreras Suris és un periodista nascut a Mataró.,,2,0,,,,Septentrional,ca,,northern,common_voice_26_ca,train.tsv,cv-corpus-26.0-2026-06-12/ca/clips/common_voice_ca_31318866.mp3
490e2caf11c64b7931abf75bcdadb334e8b4a7d55b263326c6bdd8f4c8a450161db6a799d44c62505374c2ebe3e29a0a7a2b757eb8b12181f9401e8b390d96c6,common_voice_ca_30869472.mp3,9e39b6399fef4537a5fd1181933b1d9c79003c69d59583b9f1bb82918bbd2d53,El Kutenai no té distinció fonètica entre consonants sonores i mudes.,,5,0,,,,Septentrional,ca,,northern,common_voice_26_ca,train.tsv,cv-corpus-26.0-2026-06-12/ca/clips/common_voice_ca_30869472.mp3
265307c336a7589391ded724eeb61b46ddccec87226efeca7b0cd10c0659ab21eb3bbe434831ad4078733a4c780d2ac6a109db42da6858e54ca9ec1e4f2925b9,common_voice_ca_31357564.mp3,0d456328810798f6cba4abff8c082d3031d5a16b8d6b78eaf5b41f84d8315faa,Pierre hi està d'acord i ho prova.,,3,0,fourties,male_masculine,,Central,ca,,central,common_voice_26_ca,train.tsv,cv-corpus-26.0-2026-06-12/ca/clips/common_voice_ca_31357564.mp3
2ffb1e454d4ef28bb1ae6afa6773fa3491612418c19c1666f5c5a2a728bcd95530f54148df529a5216433752552ba590eafdab96b74bb4e2ba907a791b6de220,common_voice_ca_31079308.mp3,e6b0a18a54d1be7f0c5dd83bbd0a04406180a7efee571144a1c8e018d03c505c,Boscos de les muntanyes de l'illa de Hawaii.,,3,0,,,,Central,ca,,central,common_voice_26_ca,train.tsv,cv-corpus-26.0-2026-06-12/ca/clips/common_voice_ca_31079308.mp3
1e272b6983c53e36f1dc82fc576631162d08662cbbe2a74238b7a30b342bd44fa2e769bb0d0398afb0cb1a6e228697b2eda803f5cb53bf28cc3f5e9006a8ce34,common_voice_ca_17523809.mp3,18596432d04d917925804a6d77785657d506ee4216b1c76bc5a6a5d30b71e925,Això era massa fort per a poder resistir-ho.,,3,0,sixties,female_feminine,,Central,ca,,central,common_voice_26_ca,train.tsv,cv-corpus-26.0-2026-06-12/ca/clips/common_voice_ca_17523809.mp3
dedadd5b374e9d2f99efb7f38710d2925ff24d9b1cecd73821b7cf97dd5068eadefe5af272a4e4c9077bbf0a06620d0125a0410ae472606a80a0a2ed1f18a15d,common_voice_ca_37587886.mp3,26d4ab5441f9e820e7080b65ec3b86ca632ced17478d776b6c760e6c3fe4b850,Esquizofrènia i altres psicosis.,,2,0,,,valencià,,ca,,valencian,common_voice_26_ca,train.tsv,cv-corpus-26.0-2026-06-12/ca/clips/common_voice_ca_37587886.mp3
b4897fbb47c0ff0027b395498cff80235b5ff3936e43a009c63ca3ac0c224c867cad8497378b5f0cd896ce1dc97fe3b118227b1085c02f8793980acc2251e564,common_voice_ca_37766169.mp3,7f612ba5068bff2f9d9281c6d3fa515521f30553dba306adc682cbfa22366445,"La residència del comte Alexey Arakcheyev, Gruzino, està a algunes milles.",,2,0,,,,Septentrional,ca,,northern,common_voice_26_ca,train.tsv,cv-corpus-26.0-2026-06-12/ca/clips/common_voice_ca_37766169.mp3
430858a4e8f1edf1598fb0ec994b619f37e78cbf576a431c639ed23645f21652933036cf45763d96115e25e5cca883fce7e324c03232d67b2afe9c1c9743cd41,common_voice_ca_33348120.mp3,bb9b1cf7a3c572b41f46e94a5456eff9927a495cabba131908acd2d5e004baa7,"En total, ocupen quaranta mil metres quadrats.",,2,0,fifties,male_masculine,,Central,ca,,central,common_voice_26_ca,train.tsv,cv-corpus-26.0-2026-06-12/ca/clips/common_voice_ca_33348120.mp3
20b276c981cfe43e0e92f612abeb9d79cf59ad4feb6f99a415e32bf5a79d0b69c003918aa38e92b43793417f7c4b498b1e650906a4b26247fc67a522bb92a05f,common_voice_ca_27549452.mp3,43cfa67682497fff9d44c5aba6e9275b2e9cbc864e50090e27b51f058ddf5d41,Va ser restaurat a la monarquia dels Habsburg pel congrés de Viena.,,3,0,teens,female_feminine,,Nord-Occidental,ca,,northwestern,common_voice_26_ca,train.tsv,cv-corpus-26.0-2026-06-12/ca/clips/common_voice_ca_27549452.mp3
6bc377b7e95c94a750885fb3982cc69b4e98b35af5a224932eaba44c89dd9cc1a219024b20932dd28b92a27900a8e20a7469d132dde3bda9a1d71055c39aee27,common_voice_ca_30882807.mp3,a3a71e0a9599b68c1d491b125d3c71a15172385ae9d6394da3fa25c017b568bc,Cada noi va triar un pseudònim per firmar els seus articles.,,2,0,,,,Septentrional,ca,,northern,common_voice_26_ca,train.tsv,cv-corpus-26.0-2026-06-12/ca/clips/common_voice_ca_30882807.mp3
1dd709e05b199abe85552f66966863d5cbb374dfad3ddcab72b0d8954988816e1e64d984915fd0318f9f736a6b5f2d18edeedca9e1ccf3287e793c7ea836e2df,common_voice_ca_30766308.mp3,7abad68b2cd24865a9ca1f353864836dcd32b07cd51904f0037981c8ff34e166,"Molts grups deien tenir els drets sobre el nom, però no els tenia ningú.",,3,0,fourties,female_feminine,,Central,ca,,central,common_voice_26_ca,train.tsv,cv-corpus-26.0-2026-06-12/ca/clips/common_voice_ca_30766308.mp3
f10a3f5001a44d04d3d69b3492d3cde1dad94b3437b4be2f7ea2c19b3707ca384ad9724cb03a3978fccc939ce4f4ea40fb7937b3476b0517d187ba86f51f28d3,common_voice_ca_39570627.mp3,d000bc8be6de9cd18812e5db3844a08f889f76383eb3702b634bf1a4633b6e0e,Demà en Roger i na Lara aniran al metge.,,6,0,fourties,male_masculine,central,Central,ca,,central,common_voice_26_ca,train.tsv,cv-corpus-26.0-2026-06-12/ca/clips/common_voice_ca_39570627.mp3
bbb80ba87bd8163e4b4ce4da07395e1059714928987ab213fd81743ed289512841bf79467aa7656f39238258f4ae7b5c6e0a5f57deb92c91398324197b2fa17c,common_voice_ca_31949376.mp3,52473e0d6772a1bc5b6a9699e678cd03a5cbdc185aaf3269cdea1e9cdc4f99b5,El vint-i-nou de febrer na Frida i en Rauric volen anar al teatre.,,3,0,fifties,female_feminine,,Nord-Occidental,ca,,northwestern,common_voice_26_ca,train.tsv,cv-corpus-26.0-2026-06-12/ca/clips/common_voice_ca_31949376.mp3
35a724bdfe9ca06b6552bc1ac54da0f15ef5f4032790149316ecf1c195c8501ef5ea1a23760a8e4ad4ee39d8c9f065f9a8af6886a3794d91e72acbac4344e627,common_voice_ca_31340149.mp3,0a0805c676b7e0f93f0e82512d68efa2f3fa55cb95282e0bf66d4b5aa997112a,Les columnes estan etiquetades per mostrar com s'organitza la taula.,,2,0,,,,Septentrional,ca,,northern,common_voice_26_ca,train.tsv,cv-corpus-26.0-2026-06-12/ca/clips/common_voice_ca_31340149.mp3
45e8b22a57ebabca15b2f26029334e8aa7238bb53750ee7acfed631e737015b099e15f718e27f74d082c5f51867d3fd4b097e9ee8092a7177e8e88dd0411617e,common_voice_ca_30979169.mp3,c8fd16699c5d7ed417242fd45eeb56766ac4e45d2f63ca8c0b390cb48f1034fa,El cuiner va amotinar els mariners contra el capità.,,5,0,,,,Septentrional,ca,,northern,common_voice_26_ca,train.tsv,cv-corpus-26.0-2026-06-12/ca/clips/common_voice_ca_30979169.mp3
bbb80ba87bd8163e4b4ce4da07395e1059714928987ab213fd81743ed289512841bf79467aa7656f39238258f4ae7b5c6e0a5f57deb92c91398324197b2fa17c,common_voice_ca_31359594.mp3,0df6797927bf0e11e8a7878351fb4001e22b28871c549ae34bf2f875debd1ac0,Sembla que l'actuació de Simó de Bell-lloc com a veguer va ser molt violenta.,,2,0,fifties,female_feminine,,Nord-Occidental,ca,,northwestern,common_voice_26_ca,train.tsv,cv-corpus-26.0-2026-06-12/ca/clips/common_voice_ca_31359594.mp3
bc302cdfa1ce0c8bf6e59f68f57862e5bfe3541b2bba67ee5038a5c8c708b8ad1825b85d0694331d6e71370ee712503964894446ff176e6fbfb3489dd9b04fc8,common_voice_ca_17442251.mp3,21b0f570bc673344d9553392df69f84b0eede867ff2171f7d42e8c71d745afc4,"De lladre d'un ou, a lladre d'un bou.",,2,0,fifties,male_masculine,,Central,ca,,central,common_voice_26_ca,train.tsv,cv-corpus-26.0-2026-06-12/ca/clips/common_voice_ca_17442251.mp3
9460bcd422ae7bd8f1ab521b77c9ca101d9207c3bfb9efd2649705fd4c9fad08a1b175b1fa3f0036d514989834bb742b5951970d69530259825b384af6ebfcb3,common_voice_ca_31417754.mp3,16c9a07fffecf34c07523e1891920fd600dfc042847fc06953b4debc8de3f9f8,Més enllà hom també pot apreciar la presència de la bandera italiana.,,2,0,fourties,male_masculine,,Central,ca,,central,common_voice_26_ca,train.tsv,cv-corpus-26.0-2026-06-12/ca/clips/common_voice_ca_31417754.mp3
9b9a1084659bfa62fb0542b3a8a18acf11698177a09eac7e1f89290cd23748d75aff0e5394f4f307709fb45f19074d83b92fd184ee4ad6c11d6487f82ce8d5cd,common_voice_ca_40559688.mp3,e8b392d7c2cbef0dbf85420c3d8fd53c913731b125273d389a76a60efed058fa,Carme Ayguavives i Elias és una pintor d’icones nascuda a Barcelona.,,4,0,,,central|septentrional,Septentrional,ca,,northern,common_voice_26_ca,train.tsv,cv-corpus-26.0-2026-06-12/ca/clips/common_voice_ca_40559688.mp3
e626544d7c439d3223003a808432b1ad599f0d4aca5ced0697f8898c654d149353722c18f336d0a7c94132cccb626f9d609b28a056bfab95fc23c3d15d37fe0f,common_voice_ca_31047218.mp3,defb9c9650fd6826588412319208a64250ddfb880fd6c8d4e496c66521345440,"Ni era cap mena d'estranger, en això el meu jove amic era positiu.",,4,0,fifties,female_feminine,nord-oriental,,ca,,northern,common_voice_26_ca,train.tsv,cv-corpus-26.0-2026-06-12/ca/clips/common_voice_ca_31047218.mp3
4e9425dfeef8c0fc5fc72aaedd2cd68479ca2fbbd23d8a1860a9c080e4b84a18331e1d5f1ac77422b3770935ada5a75243fe3e8514ddfa50e6f33626b65da902,common_voice_ca_30884578.mp3,a42be70704a7c91495461c8b6eefb161f024cf8753b60c68efede6d4c195774c,Va resultar ferida a l'accident que va matar Lawlor.,,4,0,fifties,male_masculine,De Reus,Central,ca,,central,common_voice_26_ca,train.tsv,cv-corpus-26.0-2026-06-12/ca/clips/common_voice_ca_30884578.mp3
61a0bf7585ce2d4c54d249591406db9a5795ec46224f5eb4251646208534d964dea60a21276d150750fd0543217f5e6a77ccf38405c527da9b7481dd97f1ac24,common_voice_ca_31151167.mp3,07c2b8af917c4eaeaa393cd3dfb6121f8c981247a2240220dc504ca39e18c920,Assumpció Laïlla i Jou és una política nascuda a Barcelona.,,4,0,fifties,male_masculine,Lleidatà,,ca,,northwestern,common_voice_26_ca,train.tsv,cv-corpus-26.0-2026-06-12/ca/clips/common_voice_ca_31151167.mp3
2ffb1e454d4ef28bb1ae6afa6773fa3491612418c19c1666f5c5a2a728bcd95530f54148df529a5216433752552ba590eafdab96b74bb4e2ba907a791b6de220,common_voice_ca_31079316.mp3,e6d59e812da7f1fadd835a20a38ef5db5c4988863f47373d74c55b0d20a444f8,La volta és de mig canó.,,2,0,teens,female_feminine,,Central,ca,,central,common_voice_26_ca,train.tsv,cv-corpus-26.0-2026-06-12/ca/clips/common_voice_ca_31079316.mp3
7ad206da91986f793df17c4f941c13af36cb9328fe788b1aedea57ca4c9160f4e5d047e9e0de94712935ff4f0ce7adb0eb6db3864b299ec6f42f56639958fc3c,common_voice_ca_30858272.mp3,9aa28a4190698f73a6bc750fab0a9c5edf575cdc4ef04710db4c13c2e694d2c2,El meu fill és un dels últims representants de dues antigues famílies.,,3,0,twenties,female_feminine,,Nord-Occidental,ca,,northwestern,common_voice_26_ca,train.tsv,cv-corpus-26.0-2026-06-12/ca/clips/common_voice_ca_30858272.mp3
2e4b6ebc42a60a006db0a339074484b716b0e0fe48dd5f52069272f76078c7768681deaa5032174f803a0f5c4b39c789844963782088a703a6551903429038b9,common_voice_ca_30887775.mp3,a4a1970c12c71d315e9d3d5c0439837a9ddbe077fbcfbdf9cd44f6c64ae57dc0,Quant dura el viatge en autobús fins a Bordils?,,2,0,fourties,male_masculine,,Central,ca,,central,common_voice_26_ca,train.tsv,cv-corpus-26.0-2026-06-12/ca/clips/common_voice_ca_30887775.mp3
5e1cddcfdda2f98aa92e0567716a9af5f3623fe6c8c87847c264d2e33a4f5d303c99564beb09bf741e5bca3a027f7f6ad9701a9cb9fd94c70a5525f9e8da2b2e,common_voice_ca_31216361.mp3,f848fcd65895eae4d43f068ccc417cc9c941ca96625115f4d1e5abf15c3a3902,És un gas incolor però amb forta olor d'èter.,,6,0,fifties,male_masculine,valencià,,ca,,valencian,common_voice_26_ca,train.tsv,cv-corpus-26.0-2026-06-12/ca/clips/common_voice_ca_31216361.mp3
19b58c23bcd3675fc2d5418487f2e974939a5b6f1b0fa966ab08740798dc91d37eeb8e48c775fbcf5ce2fe24cf66968c1616e5491d3f180c4888254a3614490d,common_voice_ca_31109122.mp3,ec60c73ca66bed7ed16d9ec51a25807be8d32ffc2cdab8e27d7f862088cefc19,És un exemple clàssic de la flora antàrtica.,,7,0,,,,Balear,ca,,balearic,common_voice_26_ca,train.tsv,cv-corpus-26.0-2026-06-12/ca/clips/common_voice_ca_31109122.mp3
31e6f3a011661320b2e59b6f8be43f6db2243e9feabc2b9787c1413788e13eb0e5810bed983bf7ff66e46417d183a91ed50b3b9be9d89e4f51aada72293b9881,common_voice_ca_31421596.mp3,1861be7de61f1792eaf0a645be47f264fb6492e05b3eabf802453a30de7725da,"La població de Kingshouse, entre la Strathyre i la Lochearnhead, va sol·licitar una estació.",,2,0,sixties,female_feminine,,Septentrional,ca,,northern,common_voice_26_ca,train.tsv,cv-corpus-26.0-2026-06-12/ca/clips/common_voice_ca_31421596.mp3
4392cf50c4ff2741cdf129caef43c2aad7c1721a8c325554fc709c7a1494e0e700e29a6b238dd3a76ad70ee2221808f79c7c7ae04334232732a4db23da6d7c50,common_voice_ca_17483215.mp3,83badf40dec3bd8315b39d00d038b2677db9d8e3334b6fe2bac56f8092d157ce,Somric.,,2,0,twenties,female_feminine,,Central,ca,,central,common_voice_26_ca,train.tsv,cv-corpus-26.0-2026-06-12/ca/clips/common_voice_ca_17483215.mp3
9bd97ae0e0f43433d1aaf34fd02bf41d1cd6b74d6a9646254ffac16c19767187458e47cae779447801b3d5d527c4946c60813dadd3cd6bc66dbe235c837dda9c,common_voice_ca_36957932.mp3,63f8c8ba7c468914db218d46b605d4bcc9872bd49e12a562487652afdfb5e717,El deu d'agost na Rosó i n'Eulàlia volen anar a Venta del Moro.,,2,0,,,,Central,ca,,central,common_voice_26_ca,train.tsv,cv-corpus-26.0-2026-06-12/ca/clips/common_voice_ca_36957932.mp3
014c9ed0978dcef50cf5a19a19fc7b5e02d096a504a3cf793db1189301eea83b60e7611df3912a0163dd2db3afb85003b4f9f9c848eef88c2728488ca699543f,common_voice_ca_30961798.mp3,c2c3248fae0b2af3fb70a07d814921ef556535053018e93ca476200c4646903d,L'acetat de zinc també es pot utilitzar per tractar les deficiències de zinc.,,3,0,,,,Central,ca,,central,common_voice_26_ca,train.tsv,cv-corpus-26.0-2026-06-12/ca/clips/common_voice_ca_30961798.mp3
96c4d1dc872b9e5b1fc500686bbd73f6348b56ecca9fb7d942c11447ee468ee226fde504251282725d99a732f7d082aa45c43726ba68e31bbc85a881b0af48c1,common_voice_ca_30969691.mp3,c58236e6c76ae84c56c35a6d643688fe87e67efdeaec9b398cff3a2625f6eb00,"El seu cognom és Gorriz: ge, o, erra, erra, i, zeta.",,2,0,,,,Septentrional,ca,,northern,common_voice_26_ca,train.tsv,cv-corpus-26.0-2026-06-12/ca/clips/common_voice_ca_30969691.mp3
b0b31bce6e0543b2e569a1438423f5788d0256e84398aa24d500163918cd1af6765f359c5d9707a6ce5a1d99e69194a7e1e471a05bf34ad14bc5c7f0da951a98,common_voice_ca_30923313.mp3,b2f3592a8989fe5ab63d85b05f04ddc78919c6bdb50847c0615816b8e6fb3942,Les eleccions espanyoles s'han convocat per al mes vinent,,6,0,fourties,male_masculine,occidental,,ca,,northwestern,common_voice_26_ca,train.tsv,cv-corpus-26.0-2026-06-12/ca/clips/common_voice_ca_30923313.mp3
459688455ad5a81f0f4619a61b3eb4a0bed7d2cfc61ab7e378d63c8330a965df0b107202edac7bad64b8e3f60364928d7ddc345b929410d7f243953f0ff6b4a9,common_voice_ca_31388808.mp3,133f778fa9dcc0557a14109fdbbc5b3a5edcac71b193cc0777e9b04f96373354,"Les erupcions són tan violentes que, en diverses ocasions, s'han confós amb explosions de supernova.",,4,0,,,balear,Balear,ca,,balearic,common_voice_26_ca,train.tsv,cv-corpus-26.0-2026-06-12/ca/clips/common_voice_ca_31388808.mp3
bfc416e200027b9e71a4745707f20d89488ec3b24c9e6877a5127bb3d2a174628c59264a42697f603ad733cdda043fddb9499f61c861cb7f78536160c14e3c67,common_voice_ca_30956400.mp3,c020c908222149d43c06eedd1140db43659e6970f73d36d105a17cb1f5d4b82d,"Jones va néixer a Dallas, Texas.",,3,0,,,,Nord-Occidental,ca,,northwestern,common_voice_26_ca,train.tsv,cv-corpus-26.0-2026-06-12/ca/clips/common_voice_ca_30956400.mp3
a58ee6890044ccee604cb367d852abacc66c3ba1ed59d5bb22747aaab280ae35da71fa8da9045ef76285e6eda44ad08d60d947b38d7882a615899df33d74acbc,common_voice_ca_31917873.mp3,480e4077ab12478aa351677143c7db7c84d5f9f9030e9bc929aa14e20a48dedb,Potser eren més petites.,,3,0,,,,Nord-Occidental,ca,,northwestern,common_voice_26_ca,train.tsv,cv-corpus-26.0-2026-06-12/ca/clips/common_voice_ca_31917873.mp3
35a724bdfe9ca06b6552bc1ac54da0f15ef5f4032790149316ecf1c195c8501ef5ea1a23760a8e4ad4ee39d8c9f065f9a8af6886a3794d91e72acbac4344e627,common_voice_ca_31340415.mp3,0a265b877e19917110be94ca1e29b2b88886e6b429158d24160a62d8ca639a67,Cal donar-li la forma desitjada i posar-ho tot al forn.,,2,0,,,,Septentrional,ca,,northern,common_voice_26_ca,train.tsv,cv-corpus-26.0-2026-06-12/ca/clips/common_voice_ca_31340415.mp3
a188ea5b8a95372b0772437f22e6edab88fb922355d304d261cf3f042af09b1bfca39e4665f436877654f6bbfdf71f445e1c079d2908c3ddc69eb7e1655da1bb,common_voice_ca_40276665.mp3,e22df1210a1c3dad1b67d47f0b3b43f0fa5205869426723b2a8652b706fee844,Va ser ferit amb gas en dues ocasions.,,4,0,fifties,male_masculine,valencià,Valencià meridional,ca,,valencian,common_voice_26_ca,train.tsv,cv-corpus-26.0-2026-06-12/ca/clips/common_voice_ca_40276665.mp3
e3764c738c1c1fa6c063aecd70e041588a2a0762fb4be037f7fd5bac92482ed7ccc166f166ae166637df0ec05244c00c8fba7e726872247adb9b8f2c85cc5aff,common_voice_ca_32131046.mp3,7e73a540a4373121aadece7c3470fb3b3949ad6c1a1bc9a955d6774784948efa,Diumenge en Xavi i en Joan iran a visitar mon oncle.,,3,0,thirties,male_masculine,,Balear,ca,,balearic,common_voice_26_ca,train.tsv,cv-corpus-26.0-2026-06-12/ca/clips/common_voice_ca_32131046.mp3
7a9ee951fea4635e427f3cb984bdc80e221d1aa5ca77cf9acf6f45c3560c57d1c40a7f910d7ef175204a923efb2b155548612eb5ff2c0783ce667020efca67b2,common_voice_ca_32176366.mp3,549682cbfad126b3e7b39efb76a675fb26d524477ccb64f9fa4a44f06651c450,Tira menjar en un indret del mar per mirar d'atreure-hi els peixos.,,4,0,fourties,female_feminine,,Central,ca,,central,common_voice_26_ca,train.tsv,cv-corpus-26.0-2026-06-12/ca/clips/common_voice_ca_32176366.mp3
9a554627d25f4babb9f2b60b979bbb05b9c375d9eb89a88daf697806b0998eac964d0ca78b0c764c28b3bbc90618819db3f05f02842a609f5469168b47eee127,common_voice_ca_37175058.mp3,6b3be7229a19aa847043663caba49058eee8c58e50930be0f2816b6184f57fa5,Està a punt per anar al concert.,,2,0,,,,Nord-Occidental,ca,,northwestern,common_voice_26_ca,train.tsv,cv-corpus-26.0-2026-06-12/ca/clips/common_voice_ca_37175058.mp3
6e39437fa3587288c9ac5edc2aae57bb2ff2d13494ad168243b24ebe20e9e6e6250fa6bc23928a496f57f80ccd42f259594dcdd97bb559dce52e040c476fffd6,common_voice_ca_30881339.mp3,a300a5f52d965951c5f7c724c629a09ee86991a891e2e049b25fb8a7b8da7422,"Més tard, la cançó es va incloure a la versió japonesa de Control.",,4,0,,,,Nord-Occidental,ca,,northwestern,common_voice_26_ca,train.tsv,cv-corpus-26.0-2026-06-12/ca/clips/common_voice_ca_30881339.mp3
4cedaa8d96436fd0d2ebdb61d616790a3cb3737d0a93d2ae41d588137c0d3339999d991b7b3c452704be1f5f512ce5a08c0971898fad0ad77f18fd623411cd7f,common_voice_ca_24085511.mp3,cc9abfe59f945ada722916c6154aad1b15a1592e97285175b81603e883d1152c,Amb això va passar de l'adolescència a la joventut.,,3,0,fifties,female_feminine,,Central,ca,,central,common_voice_26_ca,train.tsv,cv-corpus-26.0-2026-06-12/ca/clips/common_voice_ca_24085511.mp3
441a5b29ade18d0ce68a276cd9b6b999da3b6097962adf5087d6ded038db30a615f4a7ad5388fea32da20a683c5f22ba382af31ec2179ffa1da247178dfe5cf4,common_voice_ca_20243353.mp3,24f12682ab4259089cda2b53747aa5ae1c1bae0f102fc159c2b428f4256a2605,Emet una agradable fragància.,,2,0,thirties,male_masculine,valencià,,ca,,valencian,common_voice_26_ca,train.tsv,cv-corpus-26.0-2026-06-12/ca/clips/common_voice_ca_20243353.mp3
27673fc44f7d16cc4aee52fff2cb79cfd1c44cc75cc4c922a4571383503672ab246507df94551e3be78247a7b6d2764a5e065f57fd02ce59e6bb40987a105b4a,common_voice_ca_32587858.mp3,1d098138c29364972486aaf1260933f27f2c4b366cfebf443a752bf0f6122d1a,Diumenge na Ramona irà a Castell de Cabres.,,3,0,twenties,female_feminine,,Nord-Occidental,ca,,northwestern,common_voice_26_ca,train.tsv,cv-corpus-26.0-2026-06-12/ca/clips/common_voice_ca_32587858.mp3
0e712fb95a5a5ef9c3a9f2a4d157a540a1a0f805ea7718c827a052b9db0536d7fa79d6cddc542e6958f1ab1da5a8c69f115173db79cad4e4f95e12458077bf66,common_voice_ca_30834504.mp3,928df473002d9b36573c38587e8be114d94270622c8be9a4df98cda5bab8f6b4,Quina botiga hi ha a la plaça de la Laguna de Lanao número seixanta-vuit?,,4,0,fifties,male_masculine,,Nord-Occidental,ca,,northwestern,common_voice_26_ca,train.tsv,cv-corpus-26.0-2026-06-12/ca/clips/common_voice_ca_30834504.mp3
8e5c6f3cc3342a01a9f0ff06a621ebd39a04b92fe240a1b83d41f3fd9cd2fa6e6f40fa1b2bd31e5d8e7b33442e2be4d4823c4595187c36f02e148ef7169e7de4,common_voice_ca_37593698.mp3,3c4268b15b2f1a4b7c3db1453ca5a18423f9250db50c2624358e8f0ab832097d,Llest com una fura.,,2,0,fifties,male_masculine,,Nord-Occidental,ca,,northwestern,common_voice_26_ca,train.tsv,cv-corpus-26.0-2026-06-12/ca/clips/common_voice_ca_37593698.mp3
294b69b01f9738fc83b6befec1ad328b665f9edc4a6c61370e469b61279df1e519da2faeb6763828abd516da45f4f656a8e2850fedc8fba348df65de8b1c5d0c,common_voice_ca_21089224.mp3,3fb79e1f40effc39ce477a66f448db6636d63e0423481215a6f79dd4f58de37f,La crosta de color bru amb olor de pasta mare.,,3,0,fourties,male_masculine,,Nord-Occidental,ca,,northwestern,common_voice_26_ca,train.tsv,cv-corpus-26.0-2026-06-12/ca/clips/common_voice_ca_21089224.mp3
f2f1e673646ffb5bb91f154130ac4e9f922f6f9a89eb8fd41620feec7a633c65c78c65aeb65499eaf619f5e2d7fe04893f9830970530f76f737c26e627948e94,common_voice_ca_36699498.mp3,5946e3ba0cc34dc0c48ba65960528a4daab70f3f84e13f50cdfdcb92c4e90bd5,"L'àlbum mostra una forta influència soul de Philadelphia a temes com ""Throw a Penny"".",,2,0,,,,Septentrional,ca,,northern,common_voice_26_ca,train.tsv,cv-corpus-26.0-2026-06-12/ca/clips/common_voice_ca_36699498.mp3
46f14091d04ccc9ef74d0d814c7a5902c67b5b88729b5c5d621d02a8d260822fb988b6520c5df4913daae67757a0b6331f69b52f935ab162efc58baf056a02e6,common_voice_ca_31146040.mp3,f2d06cd7dbfff689e5bbf16102034506bb0293bccdda84dbac96fe3a09a30a63,Aquest document és una referència mundial per a l'observació i la identificació dels núvols.,,3,0,twenties,female_feminine,,Septentrional,ca,,northern,common_voice_26_ca,train.tsv,cv-corpus-26.0-2026-06-12/ca/clips/common_voice_ca_31146040.mp3
5562088adced9c13adbe151f58bdb1531f8098c563fb23dda280a34dd600eb096d253eeeafeb345a830c3c4ea8ceef90268fb84e978d13cba5a2e31c2be5c69d,common_voice_ca_38573603.mp3,b97cefb349aab2a33c490467e6ffecd3eb38732d60cc65759a6b3145a921d745,El nou d'octubre na Vinyet i na Greta voldrien anar a Olocau del Rei.,,2,0,,,,Balear,ca,,balearic,common_voice_26_ca,train.tsv,cv-corpus-26.0-2026-06-12/ca/clips/common_voice_ca_38573603.mp3
9460bcd422ae7bd8f1ab521b77c9ca101d9207c3bfb9efd2649705fd4c9fad08a1b175b1fa3f0036d514989834bb742b5951970d69530259825b384af6ebfcb3,common_voice_ca_31417751.mp3,168927974b8619da6c560ebc8245da763d45fc4bc84672194fd7d024f07bc7fb,L'edifici principal inclou les sales de màquines i calderes.,,2,0,fourties,male_masculine,,Central,ca,,central,common_voice_26_ca,train.tsv,cv-corpus-26.0-2026-06-12/ca/clips/common_voice_ca_31417751.mp3
44c7b3c188d5e8f191c3bb7d51b9302a5ade5a56a1fcf60e92b2fa6c90b046ce674066efe10d3e97a6211b9785d8d5e83e0de5a48336ad6d33a03dc9b64ac2b2,common_voice_ca_38059006.mp3,96775c4d89dabc45fef2cd724beb32e27c7285c26929c75602f89e630ec59a2b,"No és clar si es refereixen al mas o al poble de Torroella, molt proper.",,2,0,,,nord-occidental,Nord-Occidental,ca,,northwestern,common_voice_26_ca,train.tsv,cv-corpus-26.0-2026-06-12/ca/clips/common_voice_ca_38059006.mp3
f590db6d3953b5851ca6644c1d231bfb0361ac377c68c73734d5acbcfef27990d5b1b5fed59201bf613f70cf9df0e104061459b5f0da0f4a2bf68eabafa7e143,common_voice_ca_37629880.mp3,450ea4d8edcbece0d511b6fe6853219dc384f3a9c2221fdae8202a626cb51919,Dema aniré a Sant Quirze del Vallès,,3,0,,,,Balear,ca,,balearic,common_voice_26_ca,train.tsv,cv-corpus-26.0-2026-06-12/ca/clips/common_voice_ca_37629880.mp3
50362a6ec44d908b28a697d600df5d9d254a9248f6ff69976d35c83f9970b0d6936e0c6f18aa94ee09d735a588eae87f19165ae1d84c797a9ccf2091ffb1ed97,common_voice_ca_31340209.mp3,0a620547769c861225e5d2a93b5906c233fe8ca12dc1054b7fb02262bf2556ac,"A més, en Gabriel va seleccionar Mike Miller, que després es convertiria en Novell de l""Any.",,3,0,fourties,male_masculine,valencià,,ca,,valencian,common_voice_26_ca,train.tsv,cv-corpus-26.0-2026-06-12/ca/clips/common_voice_ca_31340209.mp3
35c495872d387015eebf1ee53d7237625fd7de7ecb9eedb1accf9bec88d438250bb521c676ad7cc710671ca8c30be16cc4d07ff3bf330b5b990bf968956534a1,common_voice_ca_37838004.mp3,853cf915927616073e007e0703f855c71d6a45676ada80bd0ffa44faaafcf809,Bill Wood va substituir Barry Windham.,,2,0,thirties,male_masculine,,Central,ca,,central,common_voice_26_ca,train.tsv,cv-corpus-26.0-2026-06-12/ca/clips/common_voice_ca_37838004.mp3
118c00708699c6554615ddc94256b8bf8a8545fdf703f2f1e3a5dbdc07706cf7c82be2e6948df7b9f481be3df8bd6d042032703869879a009fb869a7a7060b05,common_voice_ca_19403120.mp3,01eef5cb6f33be9c602ba77d7c28773d6e919f01a060bf9dac15a9c4149fd94e,Al manglar de Borneo hi viu amb freqüència el simi nassut.,,2,0,twenties,male_masculine,,Nord-Occidental,ca,,northwestern,common_voice_26_ca,train.tsv,cv-corpus-26.0-2026-06-12/ca/clips/common_voice_ca_19403120.mp3
aa8d56848569c88eec9d265620d514cd7df53bbaba013716b7a1794e29b40520e6a6c36f0abb54331b5a0e34abb8484eceda9cc3668f8e3df6dca44d99d8c6e6,common_voice_ca_37427654.mp3,03dcd6b51cb8db81f61f4b39ccdc6bdccadbb0daa972303c261c749a7b16e40a,Morir al llit.,,3,0,,,,Septentrional,ca,,northern,common_voice_26_ca,train.tsv,cv-corpus-26.0-2026-06-12/ca/clips/common_voice_ca_37427654.mp3
25fd6b4ee846c6175a4b9aca430ea9c027648c5208c19e58af6219626b6e73418c62cb5ad9fb418620b0ee37b5c9cfb8219a8273cacbebb46009165848567757,common_voice_ca_31421864.mp3,188729e4c77b33dad31337cd2d3fd45f2e12fcf8e7399463e5fc0a45d5fb9211,Doncs per aquí si us plau.,,2,0,,,,Central,ca,,central,common_voice_26_ca,train.tsv,cv-corpus-26.0-2026-06-12/ca/clips/common_voice_ca_31421864.mp3
89b76732ce551b69b4f23b6240a9a07123074f33d3fa431cc8362009772649d7c8881a66e7de4b949f758aff4f9db93881206e548f8bfe95b11bef9d3ba7f9f1,common_voice_ca_31318803.mp3,071e49fd59e08bb865d891d4521b9d8febeef15d7551e1a429d76410afe16dc1,Part de l'Istituto Nazionale di Astrofisica.,,2,0,thirties,male_masculine,,Central,ca,,central,common_voice_26_ca,train.tsv,cv-corpus-26.0-2026-06-12/ca/clips/common_voice_ca_31318803.mp3
2aa75a6e963c05667675f27208926711d3473f11c6554928520938b7a0c693918229fc2d09179841d46a52c6752f9eab8468c55821a2ac828d02365c3f6e0295,common_voice_ca_34552615.mp3,3924f5548aba011c8a0fcbf445a8346109898eb21e5dddb65178a2b42132e9e8,És a llevant del poble de Cóll i al sud-est del de Saraís.,,2,0,fourties,male_masculine,central,Central,ca,,central,common_voice_26_ca,train.tsv,cv-corpus-26.0-2026-06-12/ca/clips/common_voice_ca_34552615.mp3
9bd97ae0e0f43433d1aaf34fd02bf41d1cd6b74d6a9646254ffac16c19767187458e47cae779447801b3d5d527c4946c60813dadd3cd6bc66dbe235c837dda9c,common_voice_ca_36957933.mp3,63f421a21392caaa19a52a8f271b381de5355a39256d502d47effc903a43e4e9,Es tracta d'una espècie que creix molt de pressa i es regenera ràpidament després dels incendis.,,2,0,,,,Central,ca,,central,common_voice_26_ca,train.tsv,cv-corpus-26.0-2026-06-12/ca/clips/common_voice_ca_36957933.mp3
f2f1e673646ffb5bb91f154130ac4e9f922f6f9a89eb8fd41620feec7a633c65c78c65aeb65499eaf619f5e2d7fe04893f9830970530f76f737c26e627948e94,common_voice_ca_36699499.mp3,595906530924a32cba3f4ffd057a0666b28dc4b4806134f1290703ec0f22d5e3,Les arrels i les fulles són bullides i s'utilitzen com un colorant roig pels xeienes.,,2,0,,,,Septentrional,ca,,northern,common_voice_26_ca,train.tsv,cv-corpus-26.0-2026-06-12/ca/clips/common_voice_ca_36699499.mp3
7734865457a855a64a6108f9baaf8811833caa1d31f0d340ecfaac06757fc2467981f1c2008f2c0f4524163351052f13bc777c3aa1c88b0373d39abcd364c1ff,common_voice_ca_30967570.mp3,c4adcb770cc99e210a41d496b363ff05a8db750d544d35be96816986c70df0e7,Una vista posterior de l'escena mostra una cosa que no s'havia vist abans.,,6,0,fifties,male_masculine,valencià,,ca,,valencian,common_voice_26_ca,train.tsv,cv-corpus-26.0-2026-06-12/ca/clips/common_voice_ca_30967570.mp3
44c3d306c2a4113da6c7efe9dcfb76d1c2bfd8cbf5d54d7d83df4f4dc803e67c9704f7d54a570a57c79b07b75ba276dfa3d8480544e70fb683d61a9591fe1e15,common_voice_ca_37561648.mp3,e1ecb5d9bdb0196c7c7ca088a3027160a3b39bab8c8bbc146118aa815d19eb7a,"En els altres casos, doncs, és necessari que aporteu la documentació.",,4,0,,,balear|mallorquí,Balear,ca,,balearic,common_voice_26_ca,train.tsv,cv-corpus-26.0-2026-06-12/ca/clips/common_voice_ca_37561648.mp3
31f514f5aac74b6ffd1c48c8729a18e5bf53b7e09ecb2f06f29ac2d4708e73b1f4df61e2ca0a24916d2897268456dd598f2a1f5fcb8fec471082f4f1fb304f86,common_voice_ca_31361057.mp3,0e12d31e124e27337fd2823a0a9527df00a34aeb5166eb91021449bd6acaa104,Quines botigues hi ha al carrer de les Sitges?,,2,0,,,,Septentrional,ca,,northern,common_voice_26_ca,train.tsv,cv-corpus-26.0-2026-06-12/ca/clips/common_voice_ca_31361057.mp3
9bd97ae0e0f43433d1aaf34fd02bf41d1cd6b74d6a9646254ffac16c19767187458e47cae779447801b3d5d527c4946c60813dadd3cd6bc66dbe235c837dda9c,common_voice_ca_36957935.mp3,63ee250ad02065493e06363d62ac998fd3d6e67fb172227a64d3730feb2eea60,Hauria d'anar al carrer dels Comtes número vint-i-u.,,2,0,,,,Central,ca,,central,common_voice_26_ca,train.tsv,cv-corpus-26.0-2026-06-12/ca/clips/common_voice_ca_36957935.mp3
5e86207715378e44449d4b18b145fc41779f2e08a988e9e770e021d02741a64ff158d788d3343be9eed4ed56cbbb2c0eca00bd05ad5252dec27f1f06d0d4d79e,common_voice_ca_38538554.mp3,b6f2b0e4eac183e884100142fdefcbe78a0bbf4e136ab70791861aabe2b0f352,"Durant l'entrenament, es troben un trol i el derroten.",,2,0,,,Lleidatà,Nord-Occidental,ca,,northwestern,common_voice_26_ca,train.tsv,cv-corpus-26.0-2026-06-12/ca/clips/common_voice_ca_38538554.mp3
c74a97b5a0226946aa095ac0d4fe27bb7ff0d52377a322de5c7eb5134ceb367bca33612c1fe1a30f4dd988735090b25101c3d223a9791111641f49fef4df8d43,common_voice_ca_32591925.mp3,1df1e5a7b82ec466d18bf02866bcacd3523420571bd62e52072507c09a257603,Dijous na Rosó i na Lola iran al teatre.,,2,0,,,,Balear,ca,,balearic,common_voice_26_ca,train.tsv,cv-corpus-26.0-2026-06-12/ca/clips/common_voice_ca_32591925.mp3
9d4d16e919ccfa214571ef6feb6bd5bb7b2ff05fb3b0d573f1510c2ac6b405fea44e9363ebf99ecff792a29d1d774da5bd27fb86153d7d41964013c52ee0f95b,common_voice_ca_36535868.mp3,565279d738cc5533305584498e16a6a28df8db8940d296007e32f7f19eae8191,En aquest sector del terme s'estén el Bosc Comunal de Fontpedrosa.,,2,0,twenties,male_masculine,,Nord-Occidental,ca,,northwestern,common_voice_26_ca,train.tsv,cv-corpus-26.0-2026-06-12/ca/clips/common_voice_ca_36535868.mp3
0afdf4a945307d594bb2ad530b571704937b23d28f413cf189fe1dc64372e0c8fae89254a9c7a7bfda6c75f412c8f506dab11301c4bd179165b9aae460bb5046,common_voice_ca_32109714.mp3,73dc587d0d23bb64ff476bf656e60114c9e949b906c437f0651ac7181a2224ec,Per Sant Jordi na Noa i na Carla iran d'excursió.,,2,0,fifties,male_masculine,,Balear,ca,,balearic,common_voice_26_ca,train.tsv,cv-corpus-26.0-2026-06-12/ca/clips/common_voice_ca_32109714.mp3
89b76732ce551b69b4f23b6240a9a07123074f33d3fa431cc8362009772649d7c8881a66e7de4b949f758aff4f9db93881206e548f8bfe95b11bef9d3ba7f9f1,common_voice_ca_31248358.mp3,fd8cf94afde1a954b4fba6e57940c2cee8dcfc0cd6e937afcbac0a26de3f59d1,Exercí la docència a diversos centres oficials i fou un agut conferenciant.,,3,0,thirties,male_masculine,,Central,ca,,central,common_voice_26_ca,train.tsv,cv-corpus-26.0-2026-06-12/ca/clips/common_voice_ca_31248358.mp3
1be5f58ac7d1201ed6ff1267108729c8b9c74d3a28aeed8515fa262de2793ee2cd89b19064e50b08d6d86be0c211e6e36375144e53fe43d3222b74f5df0c4443,common_voice_ca_31141771.mp3,f1d3ad5813a98d4533cfc9adeec2751b6fd576994e248bffc44a00f7dad7cada,Sobre l’esquena hi porta un mantell amb l’escut de la ciutat.,,5,0,thirties,,,Septentrional,ca,,northern,common_voice_26_ca,train.tsv,cv-corpus-26.0-2026-06-12/ca/clips/common_voice_ca_31141771.mp3
ea9d1d3725dbca61f5cfc9e78b3a0ba898b6d188bebe4ba379ed42add0958cf59ffe1a2b73e2e2f9085b1d232036a97422e46b6b19fa90b7609a9a64e218748a,common_voice_ca_43519876.mp3,eb2fa89498c17dd5529b66863e3a921baaac89b6347ca22ed70ffe3e2d8a71c2,"La ciutat està en ruïnes, però atrau turistes de tot el món.",,3,0,thirties,,central|Garrotxi,Central,ca,,central,common_voice_26_ca,train.tsv,cv-corpus-26.0-2026-06-12/ca/clips/common_voice_ca_43519876.mp3
1b1692592a8cc06ef9c1f4b2c6b702c7c4ba6b999f141994a092e14456f92d9dbb0f1682a56739f390782edff15018f309dfc7c1732dead8c78606a57a77ff52,common_voice_ca_20655323.mp3,32d9dfeac833217f82114013bf7ce2f723698c9873c7a8a5744716496944f674,Aquest llibre ha estat traduït a més de vint-i-cinc llengües.,,3,0,teens,,valencià,,ca,,valencian,common_voice_26_ca,train.tsv,cv-corpus-26.0-2026-06-12/ca/clips/common_voice_ca_20655323.mp3
9e3c975b3f890ed3322dda9539f0d283083320a5f0e6b822bf339693f2680f288993b3955de33833a2ec4a64a45a3f4f2f4cf1f06ecae044ea1450fece58c394,common_voice_ca_31214077.mp3,f7ed3e3b14d34c9105c94267c2e052e9c5ea2ae977b16ad3e9e7bab71320c8e8,"Els blancs sud-africans participen en política, tenint presència en tot l'espectre polític, d'esquerra a dreta.",,3,0,sixties,female_feminine,,Central,ca,,central,common_voice_26_ca,train.tsv,cv-corpus-26.0-2026-06-12/ca/clips/common_voice_ca_31214077.mp3
09a064b4c3b1d83c5944465de4ba90adc551db5ac1ad466e443435a20c8e82e8ebbeb296753f6ea5d319398197a36244ce5630704d14714d00f862b76fca1e13,common_voice_ca_36846948.mp3,ddf436f67bb1b4d8750baa886592148a92720a8fea45481cbb662a94c14a8562,Hi havia posts ocupats per guàrdies civils o carrabiners,,2,0,,,,Balear,ca,,balearic,common_voice_26_ca,train.tsv,cv-corpus-26.0-2026-06-12/ca/clips/common_voice_ca_36846948.mp3
472b46a52376dd631c36aeefe66cfb0a1fa215ce4af15651f3a8957141373b6c79dff02a98c35d090e49cd09caac2b007550a97d7b47a7854d6128d1a581d2ac,common_voice_ca_27923171.mp3,4ecf8bafe9572ffee1dde69d6d80ffa0d8dcf571a1d979d556cf9be997a0d4d7,Johnson va convidar Lyman a viure a casa seva i treballar a la seva granja.,,3,0,,,,Central,ca,,central,common_voice_26_ca,train.tsv,cv-corpus-26.0-2026-06-12/ca/clips/common_voice_ca_27923171.mp3
1b1692592a8cc06ef9c1f4b2c6b702c7c4ba6b999f141994a092e14456f92d9dbb0f1682a56739f390782edff15018f309dfc7c1732dead8c78606a57a77ff52,common_voice_ca_20655370.mp3,3396df33c40b2bae13659dbc35d5a34426195d9abd01ae6f401be854ef514e94,Sol haver-hi dues sessions plenàries a l'any.,,2,0,teens,,valencià,,ca,,valencian,common_voice_26_ca,train.tsv,cv-corpus-26.0-2026-06-12/ca/clips/common_voice_ca_20655370.mp3
9bf395146f30cbf7334f0637429df098bf03fe837d37a1c27fffb3fe93cb0b9595b60e11eddc02e109daf9cf2789fa1151367b9f29bd6acf0b5bdb066e07ef87,common_voice_ca_36878796.mp3,5f30b6aeecdfab7bf636777bbf666b3de94a2da4a09ec7afbf44c0b1ba0502c7,Dissabte na Queralt vol anar al teatre.,,2,0,,,valencià,,ca,,valencian,common_voice_26_ca,train.tsv,cv-corpus-26.0-2026-06-12/ca/clips/common_voice_ca_36878796.mp3
a188ea5b8a95372b0772437f22e6edab88fb922355d304d261cf3f042af09b1bfca39e4665f436877654f6bbfdf71f445e1c079d2908c3ddc69eb7e1655da1bb,common_voice_ca_40276739.mp3,b02fbd101cbaa0d0052ffb940a79cdbce7d95041e04bc743e9b324f59e0834e2,Hi ha alguna cansaladeria al carrer d'Enric Granados?,,4,0,fifties,male_masculine,valencià,Valencià meridional,ca,,valencian,common_voice_26_ca,train.tsv,cv-corpus-26.0-2026-06-12/ca/clips/common_voice_ca_40276739.mp3
499f45ab0b375c2a2b15dcb609719c4d8decb7b32115d8d5982e8aa3f8446f192c53e322e62361161d9726b390ff59e4800efbfdcaa82240602d703efbc0ce21,common_voice_ca_30846503.mp3,96dbda67eb119dfcd7199303563e1dacfa596578b166a2256e08be28850d0a69,Aquest cap de setmana m'agradaria anar a Museros.,,4,0,,,,Septentrional,ca,,northern,common_voice_26_ca,train.tsv,cv-corpus-26.0-2026-06-12/ca/clips/common_voice_ca_30846503.mp3
526b81d374211f29f84839098750bd39a2644a168eb7d21ab5e6ffbb912cec5f3a5255ee7c8c8f01a3603b2cfde3c27514d834275d83b9381886e2ee477a2ac2,common_voice_ca_32427146.mp3,f19e28f645928b2a8e299e93176a26b1d3c7ddf97fbf493c3598db28149cacd7,Demà passat na Sibil·la i en Ton aniran a Puigcerdà.,,3,0,fifties,male_masculine,,Nord-Occidental,ca,,northwestern,common_voice_26_ca,train.tsv,cv-corpus-26.0-2026-06-12/ca/clips/common_voice_ca_32427146.mp3
7b3f396ce45f636911e5773ca93561a308ac52527bb13478476d1827a0579395e13659fb138e067c77f3e6e1631b5a4069e54c449e75d79e90dddc8e6e3c7b0a,common_voice_ca_31137187.mp3,f152b58cc00a3d81e3eff8b9f3738337d5f34b290215729ffdd2ade64111b50d,La llista de membres que es va llegir aquell dia incloïa a tots els elegits a Irlanda.,,3,0,fourties,male_masculine,,Septentrional,ca,,northern,common_voice_26_ca,train.tsv,cv-corpus-26.0-2026-06-12/ca/clips/common_voice_ca_31137187.mp3
b0b31bce6e0543b2e569a1438423f5788d0256e84398aa24d500163918cd1af6765f359c5d9707a6ce5a1d99e69194a7e1e471a05bf34ad14bc5c7f0da951a98,common_voice_ca_30922043.mp3,b205613e4e7b5f8c56f0f24fe8032e3a72581d3f362f9feffeee2d1e726bad8c,Llavors vaig veure un home al carrer fora d'aquest bloc.,,6,0,,,occidental,,ca,,northwestern,common_voice_26_ca,train.tsv,cv-corpus-26.0-2026-06-12/ca/clips/common_voice_ca_30922043.mp3
042ecaaba5d85450cfaef7b74e0c43fd12cc16c188f96993910b1fff3c089234de7437bb923b250b18e88606acb3a666bf041c99148474bb6e8ccdf5af40b33d,common_voice_ca_37588465.mp3,28d12ae0e18078c3e87f6d47c18b436bae890f30baecff301a1db538d22d9b23,Bon vi fa bon dir.,,2,0,fifties,male_masculine,,Nord-Occidental,ca,,northwestern,common_voice_26_ca,train.tsv,cv-corpus-26.0-2026-06-12/ca/clips/common_voice_ca_37588465.mp3
0b0b21a3b262b02e67da22a511b969ce9466cc08cc53f10a2c1a349481ea1e60e206538c1e41ff690df1c247ea35ea6704aabe3ab67530f491fc430eab012e3a,common_voice_ca_21356873.mp3,4e80df878dba913c12eca99f3827c3044cf0017c06d9d05088b51218a42c1220,Els edificis que ja van arribar al límit també estan inclosos.,,3,0,fifties,female_feminine,,Central,ca,,central,common_voice_26_ca,train.tsv,cv-corpus-26.0-2026-06-12/ca/clips/common_voice_ca_21356873.mp3
9531e3a462dc71d76274def0ade1fc170c6e7be16b79a0067692807c6d2cd70d112ba24bbdfcccd9811cbc34b7a24cdde3bc1a54f2de9937b433bca19c9570e7,common_voice_ca_38052874.mp3,9604e6047e5964ad39f34f9bb49de14a7571b6ab644f54ea5e1e0978c0a04e0a,"Liberal convençut, en començar el Trienni liberal, és nomenat director general de Rendes.",,2,0,,,septentrional,Septentrional,ca,,northern,common_voice_26_ca,train.tsv,cv-corpus-26.0-2026-06-12/ca/clips/common_voice_ca_38052874.mp3
872c70c8e020dbc2b83e883096316d7378e567905778dc1ccaa8e30d2f373496d7ee0d9b73aeaef6465a87afa54b15ffd29992b8b4d7c8476238168df51a456c,common_voice_ca_33418023.mp3,ed973fd496ef4c0123792d21997fe8b5539788e78f9887b861c9e8d8204e1561,Durant els fets també ha estat ferit un altre periodista.,,2,0,,,,Balear,ca,,balearic,common_voice_26_ca,train.tsv,cv-corpus-26.0-2026-06-12/ca/clips/common_voice_ca_33418023.mp3
294b69b01f9738fc83b6befec1ad328b665f9edc4a6c61370e469b61279df1e519da2faeb6763828abd516da45f4f656a8e2850fedc8fba348df65de8b1c5d0c,common_voice_ca_21089205.mp3,3f620c422e40c97c422a766763a4af51a692ad261ed8e8e25f3feb9dff46d079,"Viu al Canadà, els Estats Units, Mèxic, Guatemala i Hondures.",,2,0,fourties,male_masculine,,Nord-Occidental,ca,,northwestern,common_voice_26_ca,train.tsv,cv-corpus-26.0-2026-06-12/ca/clips/common_voice_ca_21089205.mp3
ee03d192e1ba21bf30d2bb4951ae03eb289d2e7cfa0f5f855f717e5bdf95bdf1d23290a0db6b66d87b8450baf3bb530700fb67bfabe24149790cf4841eed3218,common_voice_ca_41108958.mp3,caad081001ff7d23f9d9d58621649fb95f365bcee2362b004b362a5842b252ca,"En fer-ho, a on va fugir?",,2,0,teens,do_not_wish_to_say,valencià,Valencià septentrional,ca,,valencian,common_voice_26_ca,train.tsv,cv-corpus-26.0-2026-06-12/ca/clips/common_voice_ca_41108958.mp3
61a0bf7585ce2d4c54d249591406db9a5795ec46224f5eb4251646208534d964dea60a21276d150750fd0543217f5e6a77ccf38405c527da9b7481dd97f1ac24,common_voice_ca_31151659.mp3,12336d930b45b4e4821a1b50e84867eead6278fef043dad706df8e7592ac7cb7,Joan Maria Artigau Príncep és un polític nascut a Cambrils.,,4,0,fifties,male_masculine,Lleidatà,,ca,,northwestern,common_voice_26_ca,train.tsv,cv-corpus-26.0-2026-06-12/ca/clips/common_voice_ca_31151659.mp3
56e4f1dc91f8196b8b85fa56b9cb6dcf0054f2f177102699143c6ef2cea2ddf34a422487c0b54bf1a649c18bb1dcfff5e153569a160846894131ce391b9ae776,common_voice_ca_31874019.mp3,3d332030ada804c86ba96c48aa7659fba44d91249916e77907b6918641bcca30,Demà passat na Laura irà a la Tallada d'Empordà.,,6,0,fourties,male_masculine,valencià,,ca,,valencian,common_voice_26_ca,train.tsv,cv-corpus-26.0-2026-06-12/ca/clips/common_voice_ca_31874019.mp3
458cc9429f1fe740f093f20c3a11dd9e995942d274a3c16e4982acd88d3323aa05ddcc884aca24676a4cea186146989123fe0092ecdb08e9d4855fe27c8eb59b,common_voice_ca_31118173.mp3,edef955a154a1c62ad16e1c8083b78baaf9564e2eaaace310c0d46c8d52bff8b,Continua a través del Massís Central i l'antiga regió d'Aquitània.,,2,0,sixties,male_masculine,,Septentrional,ca,,northern,common_voice_26_ca,train.tsv,cv-corpus-26.0-2026-06-12/ca/clips/common_voice_ca_31118173.mp3
b1cdf65f915e2c32cf4649f2a8420e97034eaa6180c1626efb966b8f3f38d0c656f1a7cc2b571571520fe1b7c6c7e62510f203ac38b60bbc3bc5045d11fabbd1,common_voice_ca_30917241.mp3,b00b54a06dedb99dbdd8de7ea271dcc2193a59608bdf22999e8a78ad1c522547,"La meva mare es diu Ènia Ciudad: ce, i, u, de, a, de.",,4,0,thirties,male_masculine,,Central,ca,,central,common_voice_26_ca,train.tsv,cv-corpus-26.0-2026-06-12/ca/clips/common_voice_ca_30917241.mp3
02eecc0d9bc8c8f492ad62ab7a0b057cb83436e2c6f39921188156409e1a08f618374745b21907cab4e51172f39c47460c4be466ae62b13d7b3fbfdd54b99486,common_voice_ca_37589983.mp3,2dd101a3bad7a5ce89c576b8dd7d338838645b050111ef06f6c273a0da14d8f7,Fotre un pinyol.,,2,0,,,,Central,ca,,central,common_voice_26_ca,train.tsv,cv-corpus-26.0-2026-06-12/ca/clips/common_voice_ca_37589983.mp3
959498c61f1ef87bfd3be06445a34d61bf8c781d546a9fbc74ec836d09fb01cd9b82b2ff46bf416c66ffa35575940ee0a14332418c8fee83943986d234ff84c8,common_voice_ca_36844430.mp3,5d7e52bb69c06251d92e62908f67f670e0a4a6776a0768ff3274852449d1f605,La cara sud de la vall és més recta que la nord.,,2,0,,,valencià,,ca,,valencian,common_voice_26_ca,train.tsv,cv-corpus-26.0-2026-06-12/ca/clips/common_voice_ca_36844430.mp3
1eefd2552dfaa4205907d816425de30252fc53df89659e1c6950ae5cf38aef2047e1446fc801688b10e549d521825c3a7a1f14add88714b81d0a70241f996f19,common_voice_ca_40557179.mp3,e8ab0e3d867f9832d3b16f026480016850efb902be57bf418f017d8594ee5dc1,"A la serra d'Albarrasí neix, a més, el Tajo.",,2,0,,,valencià,Valencià meridional,ca,,valencian,common_voice_26_ca,train.tsv,cv-corpus-26.0-2026-06-12/ca/clips/common_voice_ca_40557179.mp3
4f2c6d3dbbee94bf84b8d220781b05dd1244274c10a1a9cb5aa70a93aea9c2b38cf677a397014bfec8302332720ad77c70d6021b8620f786b0dee621c7cd30ef,common_voice_ca_37561134.mp3,e02597c535c37ec5e1bc0a3219cec87dcbe36d47838a386bf9048338f6b9acfc,Encara bon goig!,,3,0,,,,Nord-Occidental,ca,,northwestern,common_voice_26_ca,train.tsv,cv-corpus-26.0-2026-06-12/ca/clips/common_voice_ca_37561134.mp3
e7e48b7cf195e517e6a62aa81ba4a79916852fc39fbcbcd8862c3fc81872818f2f1512c173e0c2679e04689d9847ce515c1c2f7309984b5035694d2f731c9020,common_voice_ca_31086387.mp3,e834b069dd101f1f38baac65ee8660e5dcb475340209899f8871e2221b4d48cc,"Truca al sis, seixanta-set, zero, dos, trenta-set, seixanta-vuit.",,3,0,,,,Septentrional,ca,,northern,common_voice_26_ca,train.tsv,cv-corpus-26.0-2026-06-12/ca/clips/common_voice_ca_31086387.mp3
4d2c8a9f25d2db18368831eae4c6c4ea3d493707b9365edcb20b1519bf30635a627edbdfeb041cbbdfdaaeca1f0fb31e0a47713e3457131494c4888e32a697d4,common_voice_ca_34349201.mp3,3719305cdcd82150f3d341cf334b0a2aa074602e5e1b64117cb8f04b842827b9,El vint-i-tres de maig en Gaël i na Tura iran d'excursió.,,4,0,,,,Balear,ca,,balearic,common_voice_26_ca,train.tsv,cv-corpus-26.0-2026-06-12/ca/clips/common_voice_ca_34349201.mp3
a8e6a1b59d13a928f7c4c37994e082e745aed39a566e7a7bdd87f8d90af8a6d9234159c5e28bd4d5ca7f073d6cd0cb71412d60f075b3207d15042d495398a454,common_voice_ca_37590063.mp3,3074bb173a1a5d12cdd190d246cb782e74d18410425e71f1652909913215a482,"Cartes marcades, partides guanyades.",,2,0,,,valencià,,ca,,valencian,common_voice_26_ca,train.tsv,cv-corpus-26.0-2026-06-12/ca/clips/common_voice_ca_37590063.mp3
35c495872d387015eebf1ee53d7237625fd7de7ecb9eedb1accf9bec88d438250bb521c676ad7cc710671ca8c30be16cc4d07ff3bf330b5b990bf968956534a1,common_voice_ca_31099844.mp3,eacc6fd87953ff418920a9caf4b78e2006dd0f1a97a95442d520cf08f04e7895,Una funció que no és algebraica s'anomena funció transcendent.,,4,0,,,,Central,ca,,central,common_voice_26_ca,train.tsv,cv-corpus-26.0-2026-06-12/ca/clips/common_voice_ca_31099844.mp3
526b81d374211f29f84839098750bd39a2644a168eb7d21ab5e6ffbb912cec5f3a5255ee7c8c8f01a3603b2cfde3c27514d834275d83b9381886e2ee477a2ac2,common_voice_ca_36703165.mp3,5964d92f13496a693e9fc8e55be4ba275f1af8abe33734b102d0b5a2ac1c2d81,Els portals laterals amb remat d'arc de mig punt com a record de la finestra.,,2,0,fifties,male_masculine,,Nord-Occidental,ca,,northwestern,common_voice_26_ca,train.tsv,cv-corpus-26.0-2026-06-12/ca/clips/common_voice_ca_36703165.mp3
ebdd260d32c844973f080135fff8e1e957874d75c73329c9bf01473084a2a1e1bc54acc2eae46c67634e04ad5a7fe43da60a3423fc922f52c4408b853f0dfd3d,common_voice_ca_39926360.mp3,d61bf38f55fca6981adc36b6e31b2985e6f7dd9a14261804511cfabf8fcce2c9,La part superior de l'edifici està cornada per un terrat amb barana de pedra.,,6,0,twenties,female_feminine,vinarossenc|BAIX MAESTRAT,Nord-Occidental,ca,,northwestern,common_voice_26_ca,train.tsv,cv-corpus-26.0-2026-06-12/ca/clips/common_voice_ca_39926360.mp3
056223cbc144f14287eedeed46891f64566aead7761b8b139043adcf199ddf85b3f5a7a9c27d3ec818fc2554832bb2c9b298d1b2df54d6ff1733251487295b82,common_voice_ca_37479882.mp3,49be92ec55a1348c6595592753f954958ef74b45fe0f7f0871728d4683b2db3c,"Abril banyat, de pa va carregat.",,2,0,fifties,female_feminine,,Septentrional,ca,,northern,common_voice_26_ca,train.tsv,cv-corpus-26.0-2026-06-12/ca/clips/common_voice_ca_37479882.mp3
951d083c878fa72c30104e5ab547dab19da24d6b1c9c41277976c789f5d6d4ad112f1b61391509eae78a1b65556a73d9f963d9f829ffed3446a045b62d0711df,common_voice_ca_21775212.mp3,65b2a7a14e24296bbe706fcb2660d3aec1d2d30ee380c1b888fb3e9504d9c537,Edifici entre mitgeres de tres plantes i terrassa amb torreta quadrangular.,,3,0,fifties,male_masculine,valencià,,ca,,valencian,common_voice_26_ca,train.tsv,cv-corpus-26.0-2026-06-12/ca/clips/common_voice_ca_21775212.mp3
f8afdbedf7b4cf7c53322433ffb479349dfce968a871a5e865cf632d01a0a9c32dad8f25be62ff83050c9836f04f8b07fa157c669c26f5bb4d639ac997927916,common_voice_ca_36823648.mp3,5bbdab00f6b5d16450e6b2ce7faeaa4881b0132948e2f4d55547cc2ea4ff1398,La seva primera sepultura fou en un nínxol alt del Cementiri Vell.,,2,0,,,,Central,ca,,central,common_voice_26_ca,train.tsv,cv-corpus-26.0-2026-06-12/ca/clips/common_voice_ca_36823648.mp3
c94230925ae665748b036f3af666529c724c2a567005f72cf8422cb45cab53045ffb7a6d15f5681bfd6c2e3e47c5cb49f390c5c4eebaaf983f9c0c6ad5a72979,common_voice_ca_37560748.mp3,e0f8d934b2e9d8f065427db685e01bcc65f5053bba44356fcc4a8ff47ec41a6a,"Al vespre, del dia onze de setembre, es fa una ballada de sardanes.",,4,0,,,valencià,,ca,,valencian,common_voice_26_ca,train.tsv,cv-corpus-26.0-2026-06-12/ca/clips/common_voice_ca_37560748.mp3
2e4b6ebc42a60a006db0a339074484b716b0e0fe48dd5f52069272f76078c7768681deaa5032174f803a0f5c4b39c789844963782088a703a6551903429038b9,common_voice_ca_31115517.mp3,ed9035de6d04daea34cceadc734bc24fbbadb18ade05f8a2e4d509ccec023bc8,L'obra va incloure cançons pop fosques com la pista homònima.,,3,0,fourties,male_masculine,,Central,ca,,central,common_voice_26_ca,train.tsv,cv-corpus-26.0-2026-06-12/ca/clips/common_voice_ca_31115517.mp3
acd5b51bfbbfc3f51a532af01991b0ddf31fa9fc4c2de146d6e73eb4b067f53ecde2cc35b5d1f0033c5b04da6182dc4f73cb216445ebb124d35b2393e10cddde,common_voice_ca_30745317.mp3,7380e74cd30cd6ee95625f28a80844449e6a7c269634d7733419534a4bb297bc,La seva contribució durant la temporada va ser de vuit partits.,,4,0,,,,Balear,ca,,balearic,common_voice_26_ca,train.tsv,cv-corpus-26.0-2026-06-12/ca/clips/common_voice_ca_30745317.mp3
075b4a3d089fb0d6efb5b7dfeefd953428f734eb2d4ea26b3be6b03a3a65f71fb98bf2f4852e0db226b0918223f1fc2d386268913ac27a4d761cb44b2e081560,common_voice_ca_37569441.mp3,f481ea80226446c2a5c09673024fc664d57b932ff99056a7d8ce5675ebd41bb2,Amb la boca petita.,,2,0,,,,Balear,ca,,balearic,common_voice_26_ca,train.tsv,cv-corpus-26.0-2026-06-12/ca/clips/common_voice_ca_37569441.mp3
36221a9e7fec2de626bfd23c9ad1c7ba2b50d0ad5dceccce914d1d02903f9c097b6a6a870bfcbf4b5b9b2519209cc1954d9c66b8b9c50ea365873879dd9e1624,common_voice_ca_17377975.mp3,1895bb0710cd1bc439a0ad1bc3298d8ce8308aa5b9b0274af47be552c7cc5129,En matèria de fusions i desaparició de municipis hi ha dos elements clau que convé ressaltar.,,3,0,twenties,female_feminine,,Nord-Occidental,ca,,northwestern,common_voice_26_ca,train.tsv,cv-corpus-26.0-2026-06-12/ca/clips/common_voice_ca_17377975.mp3
7d19e719dcd616293603080de330b15c87b728c659c3adee71fdc2b87e9e2ca7088aac468708df56b7ef0a5ec7534edcffd0e34b48a32ebd7eee9f106a77bcc3,common_voice_ca_21837109.mp3,6aaf141b609cc5204a98b0aeddd54403241338d0f414ff389d093a1a5c63e5e0,Les autoritats estan intentant fer florir una indústria turística.,,3,0,teens,male_masculine,,Central,ca,,central,common_voice_26_ca,train.tsv,cv-corpus-26.0-2026-06-12/ca/clips/common_voice_ca_21837109.mp3
d6e066325d407aef9743f94335a75f6b2efd577791082b52b5df5033c543b84774a0204eae3762dd3e2536307a26a49ab4bcebdb7154f504e369fe6a41f88118,common_voice_ca_40670472.mp3,0e8e4fd280857eea03c1cfed6bb3bfb0a3d41e172c1fe1547572de3956843731,Només l'emetrà en desconnexió per a Catalunya.,,4,0,,,valencià,Valencià meridional,ca,,valencian,common_voice_26_ca,train.tsv,cv-corpus-26.0-2026-06-12/ca/clips/common_voice_ca_40670472.mp3
9dc2eb68e919107399b44bdebc316f261dc232dd36112c12096fc8e4c4f98a38d6b6ba93eec025262a2c9b07789be6587a217fb8e95a9cab89b8efb61bbff8c0,common_voice_ca_37569329.mp3,f3085b2219e0d80dfc73974fef66f5ea1ad00d125927e2d52bc5aafba2f2664a,Pel juny la serp bull.,,2,0,,,,Balear,ca,,balearic,common_voice_26_ca,train.tsv,cv-corpus-26.0-2026-06-12/ca/clips/common_voice_ca_37569329.mp3
20b276c981cfe43e0e92f612abeb9d79cf59ad4feb6f99a415e32bf5a79d0b69c003918aa38e92b43793417f7c4b498b1e650906a4b26247fc67a522bb92a05f,common_voice_ca_27549486.mp3,443adeaa2d4e042817cefce5c000dc64a712d60a8545a9c2cb2d39a2a0abb894,Quanta informació en tens?,,2,0,teens,female_feminine,,Nord-Occidental,ca,,northwestern,common_voice_26_ca,train.tsv,cv-corpus-26.0-2026-06-12/ca/clips/common_voice_ca_27549486.mp3
7eeb4664f77e4be186bbf6c320c1f0a620361b357aeb5c1d47b4e1f4d3eefd06c1aa581638be86dc127ba72ef47c0f01070b010fb031cb11c6340f56bdf334b3,common_voice_ca_36861561.mp3,5e587cfcd7fb8c3e5dea38bb9d2936b415d9d6ccfce06f5baa2c47696498acb3,Resideix a Berlín.,,3,0,twenties,male_masculine,,Septentrional,ca,,northern,common_voice_26_ca,train.tsv,cv-corpus-26.0-2026-06-12/ca/clips/common_voice_ca_36861561.mp3
4b6aadfda8dad48e36bd1266fe639da81a467d68ec96399a48a31f661ecf3df8d79a9b8689424b6a29fd04afd4b4f1a5273d1be043f102d5db45c65177ea9bc5,common_voice_ca_31217424.mp3,f85ab2785d492066501914a73393c43cb7f571e7b3124d3f3097f8d7f106ac9a,La imaginació s'ha completat amb freqüència per a la documentació.,,5,0,sixties,female_feminine,,Nord-Occidental,ca,,northwestern,common_voice_26_ca,train.tsv,cv-corpus-26.0-2026-06-12/ca/clips/common_voice_ca_31217424.mp3
e1342a862238bf4a6682fd05e40bd4dd9bcc56081a99abcd02dfc102489a7b464f5ae0e9354c1645feabfc05435b3c2b43804ede89bd255cf61c8b86234203f1,common_voice_ca_33680416.mp3,2d16f7bcda5a21a5fcb2e48185b64a5aaaf7b547c333721515dd629308a9656e,És molt conreat a molts països europeus.,,6,0,fourties,female_feminine,mallorquí|Palma,Balear,ca,,balearic,common_voice_26_ca,train.tsv,cv-corpus-26.0-2026-06-12/ca/clips/common_voice_ca_33680416.mp3
2ffb1e454d4ef28bb1ae6afa6773fa3491612418c19c1666f5c5a2a728bcd95530f54148df529a5216433752552ba590eafdab96b74bb4e2ba907a791b6de220,common_voice_ca_31079315.mp3,e6e0abc0ced267adf9e386d405d2d38214e7e8a7c994a83f430d7cd34f619f8f,N'hi ha set espècies.,,3,0,teens,female_feminine,,Central,ca,,central,common_voice_26_ca,train.tsv,cv-corpus-26.0-2026-06-12/ca/clips/common_voice_ca_31079315.mp3
ab859fda475c2371f87fb5b38aea7f10f40c55c0f878fc7b03f1ecadd62f780df1d28b803d464ba449b990a362b59824e7fe4b0190be874fe60b12fa785f5643,common_voice_ca_32114358.mp3,75f4ef25ef44184cca19b7be90a5bcd1a220d960c36a894a08ed8bf95eabb60f,El nou d'octubre na Clàudia i na Zoè volen anar a visitar mon oncle.,,3,0,fifties,male_masculine,,Septentrional,ca,,northern,common_voice_26_ca,train.tsv,cv-corpus-26.0-2026-06-12/ca/clips/common_voice_ca_32114358.mp3
118c00708699c6554615ddc94256b8bf8a8545fdf703f2f1e3a5dbdc07706cf7c82be2e6948df7b9f481be3df8bd6d042032703869879a009fb869a7a7060b05,common_voice_ca_19404122.mp3,0280e8a5bd72208be75f07b09853a703476f7357ca30f044c94706f30ac95767,Els coptes li van dir On.,,3,0,twenties,male_masculine,,Nord-Occidental,ca,,northwestern,common_voice_26_ca,train.tsv,cv-corpus-26.0-2026-06-12/ca/clips/common_voice_ca_19404122.mp3
b536b3b9100f00b4d3d23dfb03c67b85a7795e8f3c37825a40e77b51af1c6259b35aad87c371c119da9034ccd717f3c6fdec3c11731cb9e69ea2360d9fd75a85,common_voice_ca_31448765.mp3,1c7596554f1b4b4f1269420ce33ab5202eaeb9ca5955296e9157168f55920e29,"Joan Valls, Josep Solano i Martí Crespo, entre d’altres, també hi col·laboraran.",,4,0,twenties,male_masculine,valencià,,ca,,valencian,common_voice_26_ca,train.tsv,cv-corpus-26.0-2026-06-12/ca/clips/common_voice_ca_31448765.mp3
e7e48b7cf195e517e6a62aa81ba4a79916852fc39fbcbcd8862c3fc81872818f2f1512c173e0c2679e04689d9847ce515c1c2f7309984b5035694d2f731c9020,common_voice_ca_31086391.mp3,e83cdd86446c4659eedb02e12503969b5c76988c4ef5f2557ce8865ae2b4713e,Altres ciutats es van aliar al rei del Pont i algunes més foren conquerides.,,6,0,,,,Septentrional,ca,,northern,common_voice_26_ca,train.tsv,cv-corpus-26.0-2026-06-12/ca/clips/common_voice_ca_31086391.mp3
409888c3f772d4bec7d4d973e4582402bee12b0ab7dd57c7e6c359a9a43965b955433eac8d6410b29f0b9ec2667986c97b3c4d279c19e9f53a60478b0bb64ebd,common_voice_ca_30941720.mp3,a10429b682c1d1134210abf6448b8b55d3b3ed2730ad68ad299829ebc3df14d5,Fins i tot els controls de la cabina eren obres d'art de l'habilitat de l'ebenista.,,2,0,fifties,male_masculine,,Nord-Occidental,ca,,northwestern,common_voice_26_ca,train.tsv,cv-corpus-26.0-2026-06-12/ca/clips/common_voice_ca_30941720.mp3
6e318308ca39e8509c74441040e4565693b3d39b5889e5132e9c96ddf1d0a183ecd20daa151ade158fcedff11b8ad421ea0d5b7c16fff6202e100518f7f826ff,common_voice_ca_38670829.mp3,be18da8f86c0b49f8ccaf0899ef5523801a5a8d17557aa1c23b58f7760c6797e,Va demanar a Henslowe més préstecs petits que cap altra persona.,,2,0,fourties,male_masculine,,Septentrional,ca,,northern,common_voice_26_ca,train.tsv,cv-corpus-26.0-2026-06-12/ca/clips/common_voice_ca_38670829.mp3
8d4ebe5871fbf473937299da1a3e33d61ab35d13cf8cb060a09ecce39e19af69fb5944c96eee1d7e9573960c3c928a16e1395ef8e364e5d27cdf59d294760797,common_voice_ca_30997597.mp3,cf88d24d9f015457c1fbd437eacd0def021491936f0255718717a0160720b613,"No ho deia pas de cor, sinó només per fer-me la gara-gara.",,3,0,,,,Central,ca,,central,common_voice_26_ca,train.tsv,cv-corpus-26.0-2026-06-12/ca/clips/common_voice_ca_30997597.mp3
dcd77ac177a78865444707460b317b31b0559fdcccd3243ee68d049c34da17836a4e4f875675274bc6562e33b7de2e05a606b38e2b593a11ff7ed5e8ccc11910,common_voice_ca_31262222.mp3,ff760504f64420226ea493a5ebf024a97a5259a11f43376a37995ec5bdde406e,La façana està coronada per una cornisa curvilínia.,,3,0,fourties,male_masculine,,Nord-Occidental,ca,,northwestern,common_voice_26_ca,train.tsv,cv-corpus-26.0-2026-06-12/ca/clips/common_voice_ca_31262222.mp3
5b78eeb212179631e404608b0b240f7692156f51a0ddbe77fe305335565b54c64128e65094ac112101d88f6ab4a554b27ee6af4fadd6e2d5be91e3c9ec37197b,common_voice_ca_31098615.mp3,ea96e1f73b7acc62c6dcaf9b00685cc4ae5bdfddc68537f337ae1b8dc5a5d9fc,"A Mèxic aquest concepte rep el nom de ""centralismo"".",,2,0,fourties,female_feminine,,Nord-Occidental,ca,,northwestern,common_voice_26_ca,train.tsv,cv-corpus-26.0-2026-06-12/ca/clips/common_voice_ca_31098615.mp3
3723bd65a05afc7411c2bfca904742062b7b0c081ba126e68c65d28eaa6122f69196f4959fc1795fe03f8e49ec7364863911f9b659684a06b3a126c6f1729551,common_voice_ca_19400978.mp3,01df7797397264c604b0bb02627b0209ef7538b68cd68255fa3bb7596dbe97a0,És un poble conegut per la seva producció formatgera.,,2,0,sixties,male_masculine,,Septentrional,ca,,northern,common_voice_26_ca,train.tsv,cv-corpus-26.0-2026-06-12/ca/clips/common_voice_ca_19400978.mp3
082fe97c1a4f1d56270d873d7070459536ff8b978cc59d58540b16793566bca11b22bbe8928d6f9d17decc7608636aa0988aeb7e131afdd4702d5c8279ac29e8,common_voice_ca_37255053.mp3,6ef7f312bdbbede515d7d5ca80f1b7137dfb41a3cde21608f1a9faeae360c2e2,Antoni Llevot Lloret és un polític nascut a Lleida.,,2,0,,,,Septentrional,ca,,northern,common_voice_26_ca,train.tsv,cv-corpus-26.0-2026-06-12/ca/clips/common_voice_ca_37255053.mp3
6c8e83efd1b46f8af144f096bb0affa570e3f2936d62f0568506b2ab357a55e48018e4a24ed94a9110e3eeac6785364e74cfd0ff8e71945908bc2f89b774b563,common_voice_ca_37684057.mp3,7cce77207e72978d50207632ce63aa75e3dc1b459b246cb7a705c8149b813e9b,La seva forma recorda un vaixell i l'ombra no tapa la platja.,,2,0,fifties,male_masculine,,Central,ca,,central,common_voice_26_ca,train.tsv,cv-corpus-26.0-2026-06-12/ca/clips/common_voice_ca_37684057.mp3
8d51028ac1e2f3eb980daec5cda1dec591001831416afa7ffc0d8c6b6f9e7a18d15f5f8fd47b84de71e6606bffd89f5847d7b20098a5fb8ef526bee9a3127ac5,common_voice_ca_30496143.mp3,59bc8f89a05f36c8d943591200e14c00b2d6fa83c9f20fda4ddfddb954fcc3b4,A quina hora passa el primer autobús per Farrera diumenge?,,4,0,fifties,male_masculine,valencià,,ca,,valencian,common_voice_26_ca,train.tsv,cv-corpus-26.0-2026-06-12/ca/clips/common_voice_ca_30496143.mp3
6df06b1d6117b1191647118223c2f54ae0d9b673418e24e3928c8dba76eef9adaf7be82ea7e0c5a5d7a91eab6eda863f8e42761b438b78fdd6e8c32ee044d4e6,common_voice_ca_32372711.mp3,d8f95a72282709ce37800758c346d1be4de2fa83e4626b701d1ec1f236ef3264,Per Sant Jordi en Sol i na Lara aniran d'excursió.,,3,0,twenties,male_masculine,,Nord-Occidental,ca,,northwestern,common_voice_26_ca,train.tsv,cv-corpus-26.0-2026-06-12/ca/clips/common_voice_ca_32372711.mp3
7b3f396ce45f636911e5773ca93561a308ac52527bb13478476d1827a0579395e13659fb138e067c77f3e6e1631b5a4069e54c449e75d79e90dddc8e6e3c7b0a,common_voice_ca_31154381.mp3,2c21becc5b2c9723d739e0d337200dcf2fb2c9f89254edf19346eac84f33db16,Pau Llinàs va ser un mestre de capella i compositor nascut a Barcelona.,,3,0,fourties,male_masculine,,Septentrional,ca,,northern,common_voice_26_ca,train.tsv,cv-corpus-26.0-2026-06-12/ca/clips/common_voice_ca_31154381.mp3
e7a5137a3789988e334c6c5a6dd383116b40fbb4edc5d240ae55e3a9eb330dc13738502f4712e1d7a3622839ddc9d05bff327c9084d36c6dfeef754ef84a392f,common_voice_ca_30922449.mp3,b224ef99d8775973610c37ee7879460f9da91ebb5122f12d085149ffaf241a62,No consideris que tothom és igual.,,3,0,,,,Central,ca,,central,common_voice_26_ca,train.tsv,cv-corpus-26.0-2026-06-12/ca/clips/common_voice_ca_30922449.mp3
6e318308ca39e8509c74441040e4565693b3d39b5889e5132e9c96ddf1d0a183ecd20daa151ade158fcedff11b8ad421ea0d5b7c16fff6202e100518f7f826ff,common_voice_ca_38670824.mp3,be796d84351cde2bbe0e5d0e9ce8bcf8569a848c31bd80f1b7f5f6043e1a44f9,Aquesta pel·lícula la revela al gran públic.,,2,0,fourties,male_masculine,,Septentrional,ca,,northern,common_voice_26_ca,train.tsv,cv-corpus-26.0-2026-06-12/ca/clips/common_voice_ca_38670824.mp3
f4cfbbd9eebe81c129b71749fd2b1bb59763d7e45319914980ec2cef1eb1f39cb24088b9493757fc0ab2684b31137b985de384ff40e4db8f1b230ad6d6e0086b,common_voice_ca_32085440.mp3,66a32348199393b54c5990e28298f41742addf38a48fcb438514e1d0150ea36b,El nou d'octubre na Dolça i en Marc aniran d'excursió.,,3,0,twenties,male_masculine,,Balear,ca,,balearic,common_voice_26_ca,train.tsv,cv-corpus-26.0-2026-06-12/ca/clips/common_voice_ca_32085440.mp3
49537af2506ea55124b5031787600dbbecae39722d53d65c1b195f4d96fcb4c5543a280afd0c1df53705c2765733d96de52b30c82aeccbedd8f60a115194b7ab,common_voice_ca_36979198.mp3,650a4dfc678a9c446ce1b66c9f216960c15a82b4e42da0c8a82d36a4918ee2b5,Tant que Espanya es va quedar atordida i sense capacitat de reaccionar.,,3,0,fourties,female_feminine,,Central,ca,,central,common_voice_26_ca,train.tsv,cv-corpus-26.0-2026-06-12/ca/clips/common_voice_ca_36979198.mp3
25f41a5ca387534a4b301325641d3206e7235ffe4e16cf22b992a4f2e9963a0a9961b79a58e453b42559039d7e6d5ca1ea96b00e8e0a1e8ad05f997d68344b10,common_voice_ca_19104110.mp3,e32ada583ed282d4442c3116907f4783849a6d114fc868aed0278b8b4d505712,Poseu oli abundant en una paella i bateu els ous.,,3,0,twenties,male_masculine,,Central,ca,,central,common_voice_26_ca,train.tsv,cv-corpus-26.0-2026-06-12/ca/clips/common_voice_ca_19104110.mp3
c8039cce170534e4dabd8a34cb9c8959342f588b7d737351d2ef24ca2be9f18cd19a5ab843c890729233226942d6a9ef8fcffc1e8ee6566f337eebb06a56a612,common_voice_ca_32113749.mp3,7560987a19e3291cd42a35c012ba31e8c339e22384d7c11a98189ffd8b5ca413,Sense aquesta tumescència paradoxal no hi hauria novella.,,3,0,,,,Balear,ca,,balearic,common_voice_26_ca,train.tsv,cv-corpus-26.0-2026-06-12/ca/clips/common_voice_ca_32113749.mp3
7dc80454edecce4862042fde068b9c67e9f70785f9aa87481a9ac117b43c3e0453c7f545b873dc5fb06e1af2029db067cab40a7ae8517a4570643a9d76e6c2d2,common_voice_ca_30802843.mp3,87afc4a65a31e03bb0c8923a20adf150825757d61b2e6c59433fcb0c657dfbd1,Aquest comportament és consistent amb un mecanisme al·lostèric dissociatiu.,,2,0,,,,Balear,ca,,balearic,common_voice_26_ca,train.tsv,cv-corpus-26.0-2026-06-12/ca/clips/common_voice_ca_30802843.mp3
9bf395146f30cbf7334f0637429df098bf03fe837d37a1c27fffb3fe93cb0b9595b60e11eddc02e109daf9cf2789fa1151367b9f29bd6acf0b5bdb066e07ef87,common_voice_ca_36878797.mp3,5f93a24a485b6987943783148c9d920e1c72dbccf8273090a0d6b45c637cf1c0,"Aquell dijous, a la nit",,2,0,,,valencià,,ca,,valencian,common_voice_26_ca,train.tsv,cv-corpus-26.0-2026-06-12/ca/clips/common_voice_ca_36878797.mp3
adfc36159adf953cc5b31b1cbc1601d93ffa05ba1825b3d67a481db5100c9a401783b34ae5338b41ce2b57944d720876a16db8faebca850d95408b79eaed3d9b,common_voice_ca_36957253.mp3,63e061ed81e1265d49d033c80468a144afd9e8f59a45967bf2ca8283c89a1667,Dóna suport a la musculatura i les plomes de la cua.,,2,0,,,,Nord-Occidental,ca,,northwestern,common_voice_26_ca,train.tsv,cv-corpus-26.0-2026-06-12/ca/clips/common_voice_ca_36957253.mp3
eafd32cf456c76a87f73ca46ce0f1bfb50d17f5375ca5f002d21f4b3f8121fdddc864c3244382cafedbfd10b9fd1bd35470b680dbdfff6dd0356c7d47486be52,common_voice_ca_17572734.mp3,5ee277bb3cc6db0887dd2d60a46e7ff24f9482557dbbebe37b819d29e3f11dca,Aquest personal continuarà percebent les retribucions corresponents al lloc de treball que ocupa.,,3,0,fourties,male_masculine,,Central,ca,,central,common_voice_26_ca,train.tsv,cv-corpus-26.0-2026-06-12/ca/clips/common_voice_ca_17572734.mp3
90aacb6e5884a88c78cf93e77ad46f5b2c643042e24cf33f6fc3edf4c4ae9fbb76517000acd023ec4d19fa1854d7bbf4c21839576ed6cc0661f6533339f50bee,common_voice_ca_26012151.mp3,2f3a7d7fa7facbd17fe92793057fd81be702b9a5fb2347c811376dfd7bda8242,Al darrere hi ha una sorpresa i un curiós reflex.,,3,0,thirties,male_masculine,,Central,ca,,central,common_voice_26_ca,train.tsv,cv-corpus-26.0-2026-06-12/ca/clips/common_voice_ca_26012151.mp3
d5cf4a445832eb02090db3814726cc4f75f3145a75d214725048f55c3c40414cd4d451f9a2a2831ca7253b688940fa5e976bb9893f6c58b1a5b79de54df022a9,common_voice_ca_32538716.mp3,0f447561fcd9f4489789062285eed14ccc3e865de6a43215d4037faad4600261,Dilluns en Renat August anirà a Bellvís.,,2,0,,,,Septentrional,ca,,northern,common_voice_26_ca,train.tsv,cv-corpus-26.0-2026-06-12/ca/clips/common_voice_ca_32538716.mp3
b2e46b2e5c7f93883206d1d69d44da1ef8fd85c37ca7cd78848dd4f666e081d0f04daaf9d82b6c261cf54788232a7d43cdb022b15187c9949c9fb0e64edf3cc0,common_voice_ca_19090922.mp3,d412d5a037f2620c31a98e2f87d8e5ac5c9640a71f79d3d0ffbbc9152cc0d8a8,Venim de Torrelavit.,,3,0,fourties,male_masculine,valencià,,ca,,valencian,common_voice_26_ca,train.tsv,cv-corpus-26.0-2026-06-12/ca/clips/common_voice_ca_19090922.mp3
7d19e719dcd616293603080de330b15c87b728c659c3adee71fdc2b87e9e2ca7088aac468708df56b7ef0a5ec7534edcffd0e34b48a32ebd7eee9f106a77bcc3,common_voice_ca_21837065.mp3,69bef43110b6f31d18112c154bbdbeacc23edc5ff1c00bc2e64a60271f29485c,White va començar a entrenar arts marcials a l'edat de set anys.,,2,0,teens,male_masculine,,Central,ca,,central,common_voice_26_ca,train.tsv,cv-corpus-26.0-2026-06-12/ca/clips/common_voice_ca_21837065.mp3
acd5b51bfbbfc3f51a532af01991b0ddf31fa9fc4c2de146d6e73eb4b067f53ecde2cc35b5d1f0033c5b04da6182dc4f73cb216445ebb124d35b2393e10cddde,common_voice_ca_30745313.mp3,73809edd636caf395cdacc8f2aa58e361e526796dd2a8effa9a788e7dd1df4d2,Ell és un producte del sistema de joves d'Antlers.,,3,0,,,,Balear,ca,,balearic,common_voice_26_ca,train.tsv,cv-corpus-26.0-2026-06-12/ca/clips/common_voice_ca_30745313.mp3
7dc80454edecce4862042fde068b9c67e9f70785f9aa87481a9ac117b43c3e0453c7f545b873dc5fb06e1af2029db067cab40a7ae8517a4570643a9d76e6c2d2,common_voice_ca_30802846.mp3,8789bc7e117c007a10e5f0bf0117dccb62aeefa3587daa2ec936b6ab4342c3bc,"Al començament de la segona meitat, Gorica va prendre la davantera.",,3,0,,,,Balear,ca,,balearic,common_voice_26_ca,train.tsv,cv-corpus-26.0-2026-06-12/ca/clips/common_voice_ca_30802846.mp3
3e25c487e49b73048e3e0e2789fa48c40860bcc11806e742da5a49dcb2e3e6a9abd69604dc773a51a8156c00f5ca56563f1cbe0a0bad6f15fbcbdae7731df5e8,common_voice_ca_37758321.mp3,7ea38ba5a72c6864536a27c120b4de1a7eeae4e20093f74647775179e154cc08,A mitjans de la dècada neixen el Polígon Residencial Sant Joan i el sector Torreblanca.,,2,0,,,valencià,,ca,,valencian,common_voice_26_ca,train.tsv,cv-corpus-26.0-2026-06-12/ca/clips/common_voice_ca_37758321.mp3
f545c3e8a223ddc10036a1016dfd224a3f1a6ec09fcb1c4d6c8b3e38f73f9b4dfcb5f19d2564ea0c56c52512c9d79d130459004e89156b5668acd1d48748ac01,common_voice_ca_37590664.mp3,32e90dd6d5b371d5a96b6e177adaa1c77eed27a455cdd72d296c17c539950b08,"A Sureda, la saca.",,2,0,,,valencià,,ca,,valencian,common_voice_26_ca,train.tsv,cv-corpus-26.0-2026-06-12/ca/clips/common_voice_ca_37590664.mp3
459688455ad5a81f0f4619a61b3eb4a0bed7d2cfc61ab7e378d63c8330a965df0b107202edac7bad64b8e3f60364928d7ddc345b929410d7f243953f0ff6b4a9,common_voice_ca_31389132.mp3,130623107e30747e70177f5818c15159c3e55f15dbe65e45b97a7297e685c0d4,Has estat mai a Benasau?,,4,0,fifties,male_masculine,balear,Balear,ca,,balearic,common_voice_26_ca,train.tsv,cv-corpus-26.0-2026-06-12/ca/clips/common_voice_ca_31389132.mp3
565f03cca6b2bb3c02843c581c78e85b723acc1ebaa2152d2076f4b58cefd832f57137320c5c5f3941739271c6384e9cae65fba563a365530acaa606d3205e66,common_voice_ca_17518958.mp3,f89f78ce5cf4e1ae37a6ef881cb82d28a2bbd3b3e22c8852ead9a0749cbbcbe0,El mandat dels delegats i secretaris de la delegació coincidirà en el temps amb el del president del Col·legi.,,2,0,thirties,female_feminine,valencià,,ca,,valencian,common_voice_26_ca,train.tsv,cv-corpus-26.0-2026-06-12/ca/clips/common_voice_ca_17518958.mp3
4441f076bc285bcf9707f316882f34c24c0d7d57c525833d8097c1c0bba0d2b43b7e45437841d5839c3f2cb2bb7da6512c0678889accdda6f6c4f103c94738df,common_voice_ca_31049995.mp3,dfb8e26e45ba2616dc355e715dde4e2e0e409da63cb738b96fa0e4ff88c338fd,"Mostrava molts aparadors buits al Main Street, el seu principal districte comercial.",,3,0,fourties,female_feminine,,Septentrional,ca,,northern,common_voice_26_ca,train.tsv,cv-corpus-26.0-2026-06-12/ca/clips/common_voice_ca_31049995.mp3
bc69fd0205ea95e14c0a2752aa3fa5047042741c612c426fb830693b31d68179ffb9d3870efd5092b8a43a451912eb9b3dd6ebcb0320d5affcd4e99642704257,common_voice_ca_37817493.mp3,8305e6b2500065e1b2254e4be6037c8c05037553c9fe11cfea53f6b59d687c5c,Miquel de Palol i Felip va ser un escriptor nascut a Girona.,,2,0,,,,Balear,ca,,balearic,common_voice_26_ca,train.tsv,cv-corpus-26.0-2026-06-12/ca/clips/common_voice_ca_37817493.mp3
075b4a3d089fb0d6efb5b7dfeefd953428f734eb2d4ea26b3be6b03a3a65f71fb98bf2f4852e0db226b0918223f1fc2d386268913ac27a4d761cb44b2e081560,common_voice_ca_37569106.mp3,f1f3fe4614a599ac3af21b3fa470c0f62e45a5b251ad928b9f35b4a29efe2eee,Passa a passa.,,2,0,,,,Balear,ca,,balearic,common_voice_26_ca,train.tsv,cv-corpus-26.0-2026-06-12/ca/clips/common_voice_ca_37569106.mp3
e923bc62a2f8eb6dea618c7fd46a74ff7f42a592ccba2c936c2d38a50d443bb015e35fea1bab4b5a2e79b41fd6d2ea5ba3eaaa918f234e548da200688ec69016,common_voice_ca_37602944.mp3,59faf92c4c2f55183080c95b728e923133cda5ed6f30bf1acf23ed7ac0635130,No hi ha res com la salut.,,2,0,,,,Nord-Occidental,ca,,northwestern,common_voice_26_ca,train.tsv,cv-corpus-26.0-2026-06-12/ca/clips/common_voice_ca_37602944.mp3
4f62b986b8dad6adac45e946de94fa27c1ae041574712e576ec5a27d2349ff859b73fa6f228705d560d25a1f227d6563be1779d5e54bc4a7aca5a1b2814dcc24,common_voice_ca_37631533.mp3,612794aa3f8789edb73bef25fee08970ff1046d4bea51cb4cecee5c7702d9635,Dema aniré a La Jonquera,,2,0,,,,Nord-Occidental,ca,,northwestern,common_voice_26_ca,train.tsv,cv-corpus-26.0-2026-06-12/ca/clips/common_voice_ca_37631533.mp3
9e3c975b3f890ed3322dda9539f0d283083320a5f0e6b822bf339693f2680f288993b3955de33833a2ec4a64a45a3f4f2f4cf1f06ecae044ea1450fece58c394,common_voice_ca_31214021.mp3,f803dde6359bf08661d3c5c1b6ea327988eee7601a026c03e7dcaaef43cf0919,"El resultat va ser una unificació dels elements, que va provocar una emulsió estable.",,3,0,sixties,female_feminine,,Central,ca,,central,common_voice_26_ca,train.tsv,cv-corpus-26.0-2026-06-12/ca/clips/common_voice_ca_31214021.mp3
8e722ded73031e261cb74373015022b361f54356a79590783369450eaa41bc4f1138aa519f362c33e4d5b4f795aae97c18e9bcb446360d4465a420862e27b4ea,common_voice_ca_30950847.mp3,bd89d131fa5dacac122e2a04377497253bfa3d658aff7363f9804858d33c3dc4,"Algunes versions del joc es van etiquetar com a ""Edicions limitades de la primera ronda"".",,3,0,sixties,male_masculine,,Central,ca,,central,common_voice_26_ca,train.tsv,cv-corpus-26.0-2026-06-12/ca/clips/common_voice_ca_30950847.mp3
2f55a7c95d32f67466d47753c4c565c390df971606ab50b9d90a997bcaba14e94bee8857c7db84f731956c77d7c6fe788925ba3b04457ef94f4b8eae25303dfe,common_voice_ca_36828373.mp3,5cc012e73bba6184e7ac6814a2a59a42ba3e87cdb8abacb55d0d335375bf6544,En un dels seus treballs haurà de viatjar a Bangkok contractat per un gàngster local.,,2,0,sixties,male_masculine,,Nord-Occidental,ca,,northwestern,common_voice_26_ca,train.tsv,cv-corpus-26.0-2026-06-12/ca/clips/common_voice_ca_36828373.mp3
42943c490a897b062780ac1100d92ecaf320b7008f53ec470febf0487ad33c9882424e81550dff43edfff424a0562ec80f93cbb5d2e347eafe930985c56e31fd,common_voice_ca_38249674.mp3,a436f4ec3057b2a994ef095de2333865c9a0c942c89a1dc3917f09a5c069f84c,Pot fer-se servir igualment com una llenguatge per definir la interfície dels sistemes distribuïts.,,2,0,,,balear,Balear,ca,,balearic,common_voice_26_ca,train.tsv,cv-corpus-26.0-2026-06-12/ca/clips/common_voice_ca_38249674.mp3
5562088adced9c13adbe151f58bdb1531f8098c563fb23dda280a34dd600eb096d253eeeafeb345a830c3c4ea8ceef90268fb84e978d13cba5a2e31c2be5c69d,common_voice_ca_38573601.mp3,b98db9b4c1ca37e73cfff1990f5c79115bf4847c6765f0123aa65be5045fcfad,Dies després fou promesa amb el duc de York.,,2,0,,,,Balear,ca,,balearic,common_voice_26_ca,train.tsv,cv-corpus-26.0-2026-06-12/ca/clips/common_voice_ca_38573601.mp3
f7283162034bb86ce204d3c3051e0619089a5fd82b600c8eee8b6c5644c6c8d4e9bb8c69fbf68114123ab6fdef226d37c96ee3703d4f3b6897c1f4b6aaebdd20,common_voice_ca_38090124.mp3,9855d3f5f3b560e6695bf383e1be4afaca5b7bb82b7451ca6dfc484bb94fc062,Com puc anar a Sant Feliu de Codines el disset d'octubre a les deu?,,2,0,,,nord-occidental,Nord-Occidental,ca,,northwestern,common_voice_26_ca,train.tsv,cv-corpus-26.0-2026-06-12/ca/clips/common_voice_ca_38090124.mp3
e7a5137a3789988e334c6c5a6dd383116b40fbb4edc5d240ae55e3a9eb330dc13738502f4712e1d7a3622839ddc9d05bff327c9084d36c6dfeef754ef84a392f,common_voice_ca_30922448.mp3,b24ea0f1810b172b8b3fd4dc76e89bf268be2356e3dc4dbf7a00bc31f12846c9,A quina hora obre l'oficina de la Caixa?,,3,0,,,,Central,ca,,central,common_voice_26_ca,train.tsv,cv-corpus-26.0-2026-06-12/ca/clips/common_voice_ca_30922448.mp3
3de1ec298f76b173db5d690cfe5f623db2137648ba134ecfdfe08ec58e0cf0880e6717f1c92e6ff3bfd3f736390383fabe6cd4f0d0bdef61a3cd523e2b82cce1,common_voice_ca_30878507.mp3,a1cc8548d856b46ba8233173662597b14bd486909c803dc7bca323a5122f7cfd,El centre el gestiona Trust.,,3,0,fourties,female_feminine,,Central,ca,,central,common_voice_26_ca,train.tsv,cv-corpus-26.0-2026-06-12/ca/clips/common_voice_ca_30878507.mp3
4b6aadfda8dad48e36bd1266fe639da81a467d68ec96399a48a31f661ecf3df8d79a9b8689424b6a29fd04afd4b4f1a5273d1be043f102d5db45c65177ea9bc5,common_voice_ca_31217379.mp3,f88de0aaa1f2405ee750f35aad3176b0fdf39feb0519a3e2608bd4b8da34576c,Inclou una part de l'Atles Mitjà.,,3,0,sixties,female_feminine,,Nord-Occidental,ca,,northwestern,common_voice_26_ca,train.tsv,cv-corpus-26.0-2026-06-12/ca/clips/common_voice_ca_31217379.mp3
58fbbd6f783c9a459ac90a5859b7aeb0519adc1f378752ea4f084b129446a19ec7f454e560eb4c10dce227a0ccd4e18256378b45cf0c9f0e6dc0c8ea8f10acf3,common_voice_ca_23382422.mp3,9fc06c1d45f3faaefc69bff7dcb24e9e7023f06ce66cb4e12baf3171bd34563e,Es pot considerar al càlcul lambda com el més petit llenguatge universal de programació.,,2,0,twenties,male_masculine,valencià,,ca,,valencian,common_voice_26_ca,train.tsv,cv-corpus-26.0-2026-06-12/ca/clips/common_voice_ca_23382422.mp3
4392cf50c4ff2741cdf129caef43c2aad7c1721a8c325554fc709c7a1494e0e700e29a6b238dd3a76ad70ee2221808f79c7c7ae04334232732a4db23da6d7c50,common_voice_ca_17483206.mp3,66dc65a1e0418467362571310ec258d7780ccdde41ad6bc911b4412658a3ddcc,"Llibres i vins, els més antics.",,3,0,twenties,female_feminine,,Central,ca,,central,common_voice_26_ca,train.tsv,cv-corpus-26.0-2026-06-12/ca/clips/common_voice_ca_17483206.mp3
b8ed3a91998c5f59709e1aec2a5c3f75149c681b8e68d4e71eebc6a05382317bc0efedb6a98db832136d499567f64ece8d537e2f35d4f37c17ed13474e83ab9c,common_voice_ca_37594511.mp3,3f6fc4690afc483bf48919b5d7ca742876a363e6ae0294d31ebee5c9a2ef2b56,Valer tots els diners del món.,,2,0,,,valencià,,ca,,valencian,common_voice_26_ca,train.tsv,cv-corpus-26.0-2026-06-12/ca/clips/common_voice_ca_37594511.mp3
5f97d8f65a3e3666ea465030b24201882aa89fd967feadc60cd67e642cb95f868a74d9ccc8af9ed14de64ca4972c162e58a679ec99b1cc88344af1b09e49e01f,common_voice_ca_37640355.mp3,7982db7b6865a2b8638bf8ed1580ac94bbb578ca3b33141f8e2e59da0b9a768b,Divendres en Quim i en Pau aniran a Palafolls.,,2,0,fifties,male_masculine,,Central,ca,,central,common_voice_26_ca,train.tsv,cv-corpus-26.0-2026-06-12/ca/clips/common_voice_ca_37640355.mp3
533f6b5389c76afae3341f9804195543282d28fb503afd0d810e3f0bb4267ddf5e0c30489003844067f811ce46e1900804c7c2368c3737463b00fc54ed179edc,common_voice_ca_19826415.mp3,0eb98a406694d507cdd26de2b98333f932365b805c3d5082a952f909ee43ca57,La seva mare era esclava.,,3,0,thirties,male_masculine,,Nord-Occidental,ca,,northwestern,common_voice_26_ca,train.tsv,cv-corpus-26.0-2026-06-12/ca/clips/common_voice_ca_19826415.mp3
b5267f30905da68d805996a53384b578c0388b6a2b8e79c2af3002722be9db8a9f1206e6a3506af257f17e8d363ba056e1542819c481adca98ce8fb915038f06,common_voice_ca_30859460.mp3,9b2bdb6fa1ea42da7d5634dfa343a209ab4e3cd534e437fdcffb4b135647ec3f,"L'exèrcit està sota control civil, amb el gran duc com a comandant en cap.",,3,0,,,,Central,ca,,central,common_voice_26_ca,train.tsv,cv-corpus-26.0-2026-06-12/ca/clips/common_voice_ca_30859460.mp3
68e5c1e2b5909f71bf20a581dcae64f9764420ec24d53ae26e945bf2e3575f8cc0b881fac0a1153f164d1699942b87d64d2a6eac7f94edfadfc8c8d915193c52,common_voice_ca_37903779.mp3,8aa86578ff72cbdb300f948c8c6028d3cb6a3b4aadbf175a9f1a53d9cec9971f,Ambdues estaven acompanyades de la seva corresponent tapadora i mostren decoració geomètrica pintada.,,2,0,,,,Balear,ca,,balearic,common_voice_26_ca,train.tsv,cv-corpus-26.0-2026-06-12/ca/clips/common_voice_ca_37903779.mp3
fc5d1045328111af178c163d82993cdb8ebe763bc773d6e5c4184721bfde4e2ae331ab658d8395403f714bb704aa6a47946839a93cf30a0ba989ee752329e295,common_voice_ca_37568736.mp3,efc1472c523f62d84aea41776d0c680773f8958daa9c34b67ddf696e6924c610,De l'any de la Quica.,,2,0,,,,Balear,ca,,balearic,common_voice_26_ca,train.tsv,cv-corpus-26.0-2026-06-12/ca/clips/common_voice_ca_37568736.mp3
c74df5b0c9d3aca9fe568886af71d181bacefb38885a0bd0c0211aeaad0bf4db5b6ec0968896578ed6b79fc445cc7a625932885dc20945416ee53dfb72f3e027,common_voice_ca_19032028.mp3,124f548db85c72562ab7169a8e51b4809ff1608e2d238313d83c7a7804430660,Aquesta mateixa proposició de llei també fou presentada per ERC al Parlament de Catalunya i rebutjada el vint-i-cinc d'octubre del dos mil dos.,,2,0,thirties,male_masculine,valencià,,ca,,valencian,common_voice_26_ca,train.tsv,cv-corpus-26.0-2026-06-12/ca/clips/common_voice_ca_19032028.mp3
8c21f22afee554814805c114ae8f98539a1ca14b581abbcd3bc1fffbb2f60c28b8c7eb15843a91a8b2240c4242c0715decc01805f89b25c0b6525f0c5e6c320a,common_voice_ca_30876879.mp3,a0ef969aeef4d40b698d2daebdd7a5fb84c03a4b4cef7581ce703eaa9f312180,"La gira va incloure tres partits internacionals jugats a Melbourne, Sydney i Adelaide.",,2,0,,,,Septentrional,ca,,northern,common_voice_26_ca,train.tsv,cv-corpus-26.0-2026-06-12/ca/clips/common_voice_ca_30876879.mp3
31e6f3a011661320b2e59b6f8be43f6db2243e9feabc2b9787c1413788e13eb0e5810bed983bf7ff66e46417d183a91ed50b3b9be9d89e4f51aada72293b9881,common_voice_ca_32390802.mp3,e0803ae03b33363a5efaa958a2f43b1c6630160be272224532efd4e84f209c03,Vidus decapitats per culpa del calendari romà.,,2,0,sixties,female_feminine,,Septentrional,ca,,northern,common_voice_26_ca,train.tsv,cv-corpus-26.0-2026-06-12/ca/clips/common_voice_ca_32390802.mp3
a8264dd930d1b0b3cedb8ad09a5948f6ebbac873d0017cde0712f25af6db5897db89a352454da9f31f15d51809b987819871860f9df906ab76fc230f8c980bf1,common_voice_ca_34202630.mp3,356bc44c3129e58c558712da8930afa4150b412878c6aae31feb5b34b35101bf,"Ja no faig llit, però encara estic molt fluix.",,4,0,,,Mallorquí de Palma,Balear,ca,,balearic,common_voice_26_ca,train.tsv,cv-corpus-26.0-2026-06-12/ca/clips/common_voice_ca_34202630.mp3
c777d3358a0aff067b64f254ac462fa223a1650af20ce2af341de610eebbb55a128a1dc43c91da7a1844848b5920b7dd5c5e0a1e8651d6442a2418709dad8c87,common_voice_ca_22950951.mp3,999b19668db0cbc74edb8bd68b21138d4b854370f95737ec87aaeba1863d98dc,Llac Tanganyika.,,2,0,fourties,male_masculine,valencià,,ca,,valencian,common_voice_26_ca,train.tsv,cv-corpus-26.0-2026-06-12/ca/clips/common_voice_ca_22950951.mp3
6e0bde610f238b674017fa7320fa8095a2323a8b0e11bf837c522e9a8c1d0563570a181bcc17c1cdc5d0f6ffdc15d2487f927cec71116aec5ebca5cc8b87929a,common_voice_ca_37564291.mp3,e8e33589edea37064d492cb7e9f07cf358d147d2ce5d14afcd53b66ad3fff077,El dos mil u es va crear l'associació Geganters de Sant Adrià.,,2,0,,,"Mallorquí, Son Servera",Balear,ca,,balearic,common_voice_26_ca,train.tsv,cv-corpus-26.0-2026-06-12/ca/clips/common_voice_ca_37564291.mp3
d264909fe380da72d0b34cd257865cfbf6c189aa40f5f9db2d1778d0f84d7bbbf819866191885e9249f8130a348497c3120d982f2340d88a3dc7441f4ed9f8ea,common_voice_ca_37005613.mp3,6657e7a2f125658cfb294028c97c1c57bb00cd4a9eb9f380bb4a603a2b2dea5c,L'església està oberta a la reencarnació.,,2,0,,,,Septentrional,ca,,northern,common_voice_26_ca,train.tsv,cv-corpus-26.0-2026-06-12/ca/clips/common_voice_ca_37005613.mp3
974b5ddd7809db7af95f3ba217120eaadeb222515d7525c383cc7e8fc3e1fbc99b3f666c01577638b1d00edef3cc52c1bcadc249e97ab5f203be0f727a73c5fc,common_voice_ca_37562888.mp3,e64d5bdc0aeb7cb25f0872be724b5e7e3a42c28c7025d3ab4e1d4104724ce580,"El que planta una noguera, la mort l'espera.",,3,0,,,,Balear,ca,,balearic,common_voice_26_ca,train.tsv,cv-corpus-26.0-2026-06-12/ca/clips/common_voice_ca_37562888.mp3
31f514f5aac74b6ffd1c48c8729a18e5bf53b7e09ecb2f06f29ac2d4708e73b1f4df61e2ca0a24916d2897268456dd598f2a1f5fcb8fec471082f4f1fb304f86,common_voice_ca_31151249.mp3,105c2cf6816c3e330956e8f0d897a96bbf09b707e5ba52696511d566abbcacdb,Andreu Audet i Puig va ser un arquitecte nascut a Barcelona.,,3,0,,,,Septentrional,ca,,northern,common_voice_26_ca,train.tsv,cv-corpus-26.0-2026-06-12/ca/clips/common_voice_ca_31151249.mp3
2930bfb00e4b26cc7776d7d8025ea2fc5988dde8e68c64fcb45fd4cbf87f5a7f6984bb7e6c100f6aa3356cb7e2dc4fc7024bf611df9c86367feab4997ed48ac6,common_voice_ca_30918997.mp3,b0da962de1cdb3bbd2a19032758b6dec7d78d3e42bb5605ed1a886d99d221a03,Estic menys preocupat sobre la feina.,,6,0,,,valencià,,ca,,valencian,common_voice_26_ca,train.tsv,cv-corpus-26.0-2026-06-12/ca/clips/common_voice_ca_30918997.mp3
ae35e75f30225a20bb901a052db2d74dd3edde81a33eaeb3a5170543a320b28f54c520fe52c491b102cc9baea7059d728b0a70bc7368444854a7ecfe673ffdc3,common_voice_ca_41691742.mp3,2f3ed54361d4a249dec41306a6b0890984f5b235f3ceab1e2e46bea213ed7797,Què va sol·licitar llavors?,,2,0,,,septentrional,Valencià septentrional,ca,,valencian,common_voice_26_ca,train.tsv,cv-corpus-26.0-2026-06-12/ca/clips/common_voice_ca_41691742.mp3
8e24859776a236f7d9d5ed1c787e65afb65973928eac4ff7b523d61e2e7f0a35b2b9be28643d33117b2be05ee59d1d5d089b35caae170f6c107893e2f5af8f15,common_voice_ca_37633873.mp3,78ba0796307ce6fb84274471dec64c469326783533144e0a50fbbeabbc394b6b,"Cercavila de Sant Jordi, venda de roses i llibres.",,4,0,,,,Septentrional,ca,,northern,common_voice_26_ca,train.tsv,cv-corpus-26.0-2026-06-12/ca/clips/common_voice_ca_37633873.mp3
e94f91ab2c69e11a764613994237dda6d7c356912a78907205db2cb51306f5be8c4384a3480207cf787444dd07344929a21076bb3790dd8a0868d62be2d4fa57,common_voice_ca_31292085.mp3,034aa502a42d19586bc18ebe08e0166d1d83a3365184460ad66b34e33fc7d0f1,L'altre dia el vaig veure per Ademús.,,2,0,fourties,male_masculine,,Balear,ca,,balearic,common_voice_26_ca,train.tsv,cv-corpus-26.0-2026-06-12/ca/clips/common_voice_ca_31292085.mp3
de9065b5567e882af96d04a4e36fc779321a6cc297356fa4c91c031432b8b9810883508ddc5b234eaa7a7ec5bdff9627bc7511ad67ef2a0c7d97fc3d1c481b78,common_voice_ca_36932054.mp3,628a52e862ec6ba1a552d22e876e886e3fc245bcb39495b6cf5ab491e0447f09,La ruptura de relacions diplomàtiques no comporta necessàriament la ruptura de relacions consulars.,,2,0,,,,Septentrional,ca,,northern,common_voice_26_ca,train.tsv,cv-corpus-26.0-2026-06-12/ca/clips/common_voice_ca_36932054.mp3
e04cbd4307c7e5ef6d5d138feee440a220d8f45eac00a567b9bd33b6f5687b2b7312e131bd7ba26cfd6a344d0580f4aa0772851a0a30c8296bb542478ba1fce1,common_voice_ca_17478643.mp3,6c27f0eff29f8f54b380f910b95781d73fccc867869fb773fc6faac1a2b70a8f,Qui escolta el seu mal sent.,,3,0,twenties,male_masculine,,Nord-Occidental,ca,,northwestern,common_voice_26_ca,train.tsv,cv-corpus-26.0-2026-06-12/ca/clips/common_voice_ca_17478643.mp3
d264909fe380da72d0b34cd257865cfbf6c189aa40f5f9db2d1778d0f84d7bbbf819866191885e9249f8130a348497c3120d982f2340d88a3dc7441f4ed9f8ea,common_voice_ca_37005612.mp3,666098fbc61307469c4f6e1b384de31e0f4d196cdb76721348e1b7c4dfd1d024,A Barkhamsted no hi ha transport públic.,,2,0,,,,Septentrional,ca,,northern,common_voice_26_ca,train.tsv,cv-corpus-26.0-2026-06-12/ca/clips/common_voice_ca_37005612.mp3
9a554627d25f4babb9f2b60b979bbb05b9c375d9eb89a88daf697806b0998eac964d0ca78b0c764c28b3bbc90618819db3f05f02842a609f5469168b47eee127,common_voice_ca_37175063.mp3,6bc76893d940f8d876c344fba96ab4ab5956ab6a3fefecbedd9e589b42d7ff36,"Rebentarem les enquestes, ha assegurat.",,2,0,,,,Nord-Occidental,ca,,northwestern,common_voice_26_ca,train.tsv,cv-corpus-26.0-2026-06-12/ca/clips/common_voice_ca_37175063.mp3
5a97b67f511c43a6181edecf55c4b9fca7cebb7db30405a4cca4c0e5e6f8198288aa774ce0dfd977d1bb8f9cb9c2ecd03f2f9a596e0890fe535048e90f0d5e88,common_voice_ca_37853600.mp3,868c1dc6dc702dd837e0cf8391b64467ecd5b535f335d18a6d1869646cb5d5a8,Quina població té Llíber?,,3,0,,,,Nord-Occidental,ca,,northwestern,common_voice_26_ca,train.tsv,cv-corpus-26.0-2026-06-12/ca/clips/common_voice_ca_37853600.mp3
1c9de0d86eb73f36f1d4ab9194c221db3236d86bb6950d614e51877638a4a329f5b2eaf5dfb6aa86bcd79c1bae8719e344330b90d1dda6c15fb5e702df31f1b9,common_voice_ca_19562169.mp3,0c6e711e5d860cd8e8f77daa3e52c93c00852698f1263fb97a2d6315199354fc,El centre penitenciari està format per dos edificis de quatre plantes cada un.,,3,0,sixties,male_masculine,,Septentrional,ca,,northern,common_voice_26_ca,train.tsv,cv-corpus-26.0-2026-06-12/ca/clips/common_voice_ca_19562169.mp3
56e4f1dc91f8196b8b85fa56b9cb6dcf0054f2f177102699143c6ef2cea2ddf34a422487c0b54bf1a649c18bb1dcfff5e153569a160846894131ce391b9ae776,common_voice_ca_31874081.mp3,3c6a626f11ae7988ab8b68bb08a375b73f0ae77f8ee3bd698f23a2d697751578,Per Cap d'Any na Mar i en Nil volen anar al metge.,,6,0,fourties,male_masculine,valencià,,ca,,valencian,common_voice_26_ca,train.tsv,cv-corpus-26.0-2026-06-12/ca/clips/common_voice_ca_31874081.mp3
cd6286f379b071fb084f15c02771115ad2a4a5a12e5d75f2c2d447722198e60667a5bae96b02d7bcbebce9e03e0b1fd07da5cbbc0adb564845d4b085e6fd6e01,common_voice_ca_35016746.mp3,3f5e26bd7b2fdd616d20a26c30e1de1f8408d4df5b49b7916ca5d8a9ccadec31,Una gimnasta es mou amb flexibilitat.,,2,0,,,,Balear,ca,,balearic,common_voice_26_ca,train.tsv,cv-corpus-26.0-2026-06-12/ca/clips/common_voice_ca_35016746.mp3
42943c490a897b062780ac1100d92ecaf320b7008f53ec470febf0487ad33c9882424e81550dff43edfff424a0562ec80f93cbb5d2e347eafe930985c56e31fd,common_voice_ca_38249671.mp3,a42ef6a0c1c52ce10cfda366f72f9825c391a72b715e88958b49c925bcd69100,Sempre s’intenta fer els recorreguts corresponents sobre el programari a partir d’entrades concretes.,,2,0,,,balear,Balear,ca,,balearic,common_voice_26_ca,train.tsv,cv-corpus-26.0-2026-06-12/ca/clips/common_voice_ca_38249671.mp3
42943c490a897b062780ac1100d92ecaf320b7008f53ec470febf0487ad33c9882424e81550dff43edfff424a0562ec80f93cbb5d2e347eafe930985c56e31fd,common_voice_ca_38249672.mp3,a43f31856cede0cbcd75073ccb323a500742adcabb1474d1be5a78008fab8bce,"Sembrar sempre el mateix, la collita en pateix.",,2,0,,,balear,Balear,ca,,balearic,common_voice_26_ca,train.tsv,cv-corpus-26.0-2026-06-12/ca/clips/common_voice_ca_38249672.mp3
4c907ac8ef063bb681d6787d2ec0511a7ed131ccecb62396725944889d00d9553bd7964b399f51360bebec005cbae92f3037fa191641654e1f491bb98a559166,common_voice_ca_33448213.mp3,0151771262463ac0d3239588e334af7955be55674e08e2069819f842222876ec,"Ara, ara es l’hora de cedir i us toca a vosaltres.",,3,0,twenties,male_masculine,,Central,ca,,central,common_voice_26_ca,train.tsv,cv-corpus-26.0-2026-06-12/ca/clips/common_voice_ca_33448213.mp3
acc7d8b4ac6aa3eb4374fa93b8039e9309d8a4276999a944a23a6fc93ef974b2852288f5a4c9e2736cc5b983916f93e974391a4223cdbd86717d707409e03a80,common_voice_ca_17528524.mp3,da4f9efc96668b9537fe2c49f1a6281a80470453e4ec0a82bc06cc10db352324,"En primer lloc, necessitem el corredor del Mediterrani per motius econòmics.",,3,0,fourties,female_feminine,,Central,ca,,central,common_voice_26_ca,train.tsv,cv-corpus-26.0-2026-06-12/ca/clips/common_voice_ca_17528524.mp3
eece1668876f4f2aacca3a18b1e76b4ed4255adfe39495d96636455bca6a4db83073e329181f20c89b0bed9164a241e6597b04346cf5f2bf418a24d6a23d2ef5,common_voice_ca_33566366.mp3,2c35f84d419017bb4d1dfb128c1b5c175f614b509646b9cf566840126ffb1eec,Divendres en Max vol anar a la biblioteca.,,2,0,,,,Balear,ca,,balearic,common_voice_26_ca,train.tsv,cv-corpus-26.0-2026-06-12/ca/clips/common_voice_ca_33566366.mp3
97f12240658ae96f64c342e2048018f4348cc5bb87ad4c4ea0bd02b10d0585444ec6e77ff4cf1a144c2f50a4a209fbfe7ba9caed6c6e3ac84177ead4aa2c1b6b,common_voice_ca_35051127.mp3,4010944a7ff01ec60b5a19218743de3db77cd82d8cb7d479f15b8ee9d1667ac8,El vint-i-tres de maig na Martina anirà a Palafolls.,,2,0,fourties,female_feminine,,Balear,ca,,balearic,common_voice_26_ca,train.tsv,cv-corpus-26.0-2026-06-12/ca/clips/common_voice_ca_35051127.mp3
d8909a5b81ba411556609403dc71c366dfae376f6e002c5e43dcaafd6ef53381091afbda6a56f5f9ed536573c6d62258f1339b01a31749253d92a918cb9cfca7,common_voice_ca_30834834.mp3,92cb01a7e2f5650eec3dcb13e9778b6f7f19257684a9c94177abb0898bb72d54,El programa va ser produït per Carolyn Rossi Copeland.,,4,0,,,valencià,,ca,,valencian,common_voice_26_ca,train.tsv,cv-corpus-26.0-2026-06-12/ca/clips/common_voice_ca_30834834.mp3
88dfb9bcdb1b9d85f720b47d3dd6b774656c6a75e0a1f58bd81b81b4efc57c10526195125cfd028442c7deecc56960d480d6e4b5be492a45b76e5262eccbc910,common_voice_ca_31334537.mp3,0982f82dbf2cd03653bb28a0cf8ada734fcdbed4389eea50b9a82a68941e8797,"No podent aconseguir-ho a les bones, apel·là a la severitat.",,2,0,,,,Septentrional,ca,,northern,common_voice_26_ca,train.tsv,cv-corpus-26.0-2026-06-12/ca/clips/common_voice_ca_31334537.mp3
fb9db0ac7f6f7e8e2ae35b47d20d6a0598c53c539ace3cd4f0ce09822d7bc844f4a086652390bb24d7e416de020f199cd945274bb76e635d95fddc26a9b45bfd,common_voice_ca_30891802.mp3,a6bf472690263bb84f329f645c3cc9d850e956bef31ad43a2ddeca9d42fb0bbc,"Des del principi, Clayton-Thomas i el seu pare havien tingut una relació complicada.",,3,0,fourties,female_feminine,,Nord-Occidental,ca,,northwestern,common_voice_26_ca,train.tsv,cv-corpus-26.0-2026-06-12/ca/clips/common_voice_ca_30891802.mp3
e0ad16d352572720e8e414af07c5165f19b9a98996db14157a31544f4429da864ab334246f39ca470d72302bb92c98e02cef923d00d1e891d39c6d6cd39bfdb2,common_voice_ca_35263003.mp3,472f24e3047b0274af58f76c441819182ddbbe81a3fc7632ffe4f47a70748c22,"Sota Turner, el Club de Sam va retallar agressivament els preus per a guanyar-se als clients de les petites empreses.",,3,0,,,,Balear,ca,,balearic,common_voice_26_ca,train.tsv,cv-corpus-26.0-2026-06-12/ca/clips/common_voice_ca_35263003.mp3
f78cb83ad461b064e866b1e86fee9c72b14abff6a54c5c30780271cd288bdc35238935dce1aa3c35b5ec09d885c842ca71ddbc2d49304eea9bdfc5bed03aad0c,common_voice_ca_37913285.mp3,8b71abda91bca51faade9839f896615f594490e271ed43f1e43177665045e174,En la seva joventut va ser catòlic i jesuïta.,,2,0,,,,Central,ca,,central,common_voice_26_ca,train.tsv,cv-corpus-26.0-2026-06-12/ca/clips/common_voice_ca_37913285.mp3
e007e715f4f01ed91e12fe6ff78457f699c2cd23838e47bff363f25f88da667dac6f15d1c0b74e67f882728bbd5a572f84f18e848b6c2e09a6981d9166bc175f,common_voice_ca_34047909.mp3,33c60a87bf27b36e790d01ef59c4dfd8e7f8bb3d59f7f2a59949b94945116ade,Per Cap d'Any na Carla anirà al metge.,,2,0,,,,Balear,ca,,balearic,common_voice_26_ca,train.tsv,cv-corpus-26.0-2026-06-12/ca/clips/common_voice_ca_34047909.mp3
7d638df89f15b05180a1ed64c602db1ef79527fd5c532647316c3b5e6f91d6a444aab0bc7bfe158b7fadbda47d571f25b9bd67da4d3db114755d8205d46143bd,common_voice_ca_24923228.mp3,071eeb04944567f4a98d3e3c44f11858688e498376ebcb1954c5ab6181ecac96,Aquest sistema es repeteix en les diverses legislatures provincials.,,2,0,twenties,male_masculine,valencià,,ca,,valencian,common_voice_26_ca,train.tsv,cv-corpus-26.0-2026-06-12/ca/clips/common_voice_ca_24923228.mp3
f1d5c9e02521af8910821aba0cf9117bdb3905dff12e962365c9c90045df70d95613bacf692a84de2e9f99b39de556a44b2c953d57f05b4eae2d0e74ef93600a,common_voice_ca_40130086.mp3,dcee30e86c1221934d01b95cca15087a0c7f47f63084d8be666695fb9e234575,Molts nous curts de stop-motion utilitzen l'animació amb plastilina en una nova forma.,,3,0,,,,Valencià meridional,ca,,valencian,common_voice_26_ca,train.tsv,cv-corpus-26.0-2026-06-12/ca/clips/common_voice_ca_40130086.mp3
be3e326da717a6cf7cf21997ba19639f72403ae6da49cff888f55cedd7c60919b2d262eebb5e7d5095f8462cfff23631f6ab04a58d3af71e097535b24ee3ba5d,common_voice_ca_30807568.mp3,88fdf9ff4fe92034e02f6e945509942f2ea17905888a60272d1f44052888fac0,Tens el rostre tenyit de vermell.,,6,0,,,Lleidatà,Septentrional,ca,,northern,common_voice_26_ca,train.tsv,cv-corpus-26.0-2026-06-12/ca/clips/common_voice_ca_30807568.mp3
4186d22e6c118ff9efb712d7f90f14e13d83cfdff8d2552881560a4421ed5aa272534eb0eee83e809c1f5855e578cd4c093d9eabe667eaefe436339757032e6d,common_voice_ca_33405045.mp3,e13a4f0c8eec73854d59dc884ccaa48b345e2172ee19d7d71733b0de127447ed,Aquest és el panorama que la pandèmia pot haver agreujat.,,6,0,,,valencià,,ca,,valencian,common_voice_26_ca,train.tsv,cv-corpus-26.0-2026-06-12/ca/clips/common_voice_ca_33405045.mp3
06536280608691585bf202322200a1b1c7dd8b628de7528985b283da6f5b67a72219ea3ea35bb34f63106e91a17c8357afe388672b75ef3d21f32dbb2b8ec693,common_voice_ca_38641167.mp3,bcf8997b557dde2baa7a6e79142b779e74a6ba08f5e679bac659757265f3f173,"El meu número es el sis, zero, cinc, trenta-tres, setanta-quatre, zero, vuit.",,2,0,,,"aprenent (recent, des del castellà)",Alacantí,ca,,valencian,common_voice_26_ca,train.tsv,cv-corpus-26.0-2026-06-12/ca/clips/common_voice_ca_38641167.mp3
8b600dc4cb8f4a6c8bc2666b13de0a0d4c1a87724becccc80cb9e9f4f6d16b6b6d5eb8bd1f637d421979ff0af04cd3faa55a9b18b8adce58e604dc021b646934,common_voice_ca_31380806.mp3,11a051c2eef5941b066ba470ff22dfcf74950581a00842540e9a1c572242deb4,"A l'escut indonesi simbolitza força i poder, i l'esmalt daurat, la grandesa i la glòria.",,14,0,,,Nord oriental,,ca,,northern,common_voice_26_ca,train.tsv,cv-corpus-26.0-2026-06-12/ca/clips/common_voice_ca_31380806.mp3
de16763b08989247481ab95b1f9cc0271e5f1b346f96a2ddbb632774948f060329ed8b46b84a37e79fde815aedc66ef709a883809b5922a3c2d0951ff46785b8,common_voice_ca_17513115.mp3,9cb92509662da6d1589bbc49c9d6c49ed91e6c255def64552abe60fe247279ac,Entre Tots Sants i la Nativitat entra l'hivern de veritat.,,2,0,twenties,male_masculine,,Central,ca,,central,common_voice_26_ca,train.tsv,cv-corpus-26.0-2026-06-12/ca/clips/common_voice_ca_17513115.mp3
2930bfb00e4b26cc7776d7d8025ea2fc5988dde8e68c64fcb45fd4cbf87f5a7f6984bb7e6c100f6aa3356cb7e2dc4fc7024bf611df9c86367feab4997ed48ac6,common_voice_ca_30872228.mp3,9fb45098191fa70d22393e9a5ce6a1512a8ada060b8cb34277d38a2a785c3a1c,"D'altra banda, els algoritmes discriminatoris solen donar millors resultats en les tasques de classificació.",,4,0,fourties,male_masculine,valencià,,ca,,valencian,common_voice_26_ca,train.tsv,cv-corpus-26.0-2026-06-12/ca/clips/common_voice_ca_30872228.mp3
36fe013dbca4fa216e65d5462b17ab01ce129aec7cbf31bb0514978c694936625d0d34a741f2def54cda3b075777e3376e6ebf6d5372377ccfe37d9e6f13d067,common_voice_ca_30845094.mp3,95e0f0f040799426aab2b1010e2f11967aba6fe131a1c12fe0ec0c1d277df803,"Quan les seves inversions van anar malament, Sophie i Bill van perdre gairebé mig milió de lliures.",,2,0,sixties,male_masculine,,Nord-Occidental,ca,,northwestern,common_voice_26_ca,train.tsv,cv-corpus-26.0-2026-06-12/ca/clips/common_voice_ca_30845094.mp3
6d074637b0f35732f59856ff6e68bbd5fa16269274ddd0d5b7672a7f2a7bd052459d420d2dee3084c67fee51bc31e0ddb4cc772d1f54b49e809fb55f057a936a,common_voice_ca_30766695.mp3,7b0062eddbda8d96a859ac984418bd4fbfefe7a84e167633ec131103de5f4556,La detenció s'ha fet al domicili de l'acusat,,8,0,,,valencià,,ca,,valencian,common_voice_26_ca,train.tsv,cv-corpus-26.0-2026-06-12/ca/clips/common_voice_ca_30766695.mp3
1c9de0d86eb73f36f1d4ab9194c221db3236d86bb6950d614e51877638a4a329f5b2eaf5dfb6aa86bcd79c1bae8719e344330b90d1dda6c15fb5e702df31f1b9,common_voice_ca_19502958.mp3,09a39ba2f385456929d5a402a8722eb1921d16b2539e401938041c4092a09d32,"La indústria de l'embalatge ha prosperat aquí durant dècades, i els horts locals encara prosperen.",,3,0,sixties,male_masculine,,Septentrional,ca,,northern,common_voice_26_ca,train.tsv,cv-corpus-26.0-2026-06-12/ca/clips/common_voice_ca_19502958.mp3
aeb5bbf9a006b1b7e84fc0c3e392484cf59308e717f06e25dfad12feef48720416ce210090f5ac29d97042abd91175f8da6d44cee20d18a717b397b1841a2592,common_voice_ca_30752162.mp3,75eff7b3982764ffcb7d216d6bc6dcab277f853ff6e113c1526a1d3ab7f58fd3,"Boysen Park, un parc públic d'Anaheim, va ser nomenat en honor seu.",,3,0,teens,female_feminine,,Central,ca,,central,common_voice_26_ca,train.tsv,cv-corpus-26.0-2026-06-12/ca/clips/common_voice_ca_30752162.mp3
66bd67e6893a5a8d1f1c24ddf17636e04d1623c17c11d57a83fc022a43c38796544cdfee368fe8783d48b8f2745d551e57aca0a81fbcf5971fade8516eb02001,common_voice_ca_31241514.mp3,fc56f5db3039fc3c24ff5416bc55b350111066525c8e90ffb2d5ae350875361c,La mida varia en funció de la família de la qual parlem.,,3,0,sixties,male_masculine,,Central,ca,,central,common_voice_26_ca,train.tsv,cv-corpus-26.0-2026-06-12/ca/clips/common_voice_ca_31241514.mp3
e83d48b939323aa85e9711bc1f564200a4f56cd878a124aef2102b89b4dfcf2d6a90b498cf29262c5099373d147c3c8ddb55804476ed7c1ae3e20be12154e59a,common_voice_ca_33416762.mp3,e6222a5b2527f0b7bf9960f1c2b148fd1ec7c2a14ea6acbfcf96552c409d4b3f,Tenen cap prova empírica o pericial?,,3,0,thirties,male_masculine,,Balear,ca,,balearic,common_voice_26_ca,train.tsv,cv-corpus-26.0-2026-06-12/ca/clips/common_voice_ca_33416762.mp3
99c2996aed58c3abac77663a3a91503ede747113ba26b034f6caf24715f8d5f6591193023e369af11d77077ce615b1de643403093cf8c4d8dcb7e7c07dfd3ed8,common_voice_ca_17397739.mp3,36d50d66c3d31df8f2aa216c8f5973106fe2dfa89fb5e93835922572ecde8e51,Pareixia que els dos habitants de la barraca s'havien penjat del sostre.,,3,0,twenties,male_masculine,valencià,,ca,,valencian,common_voice_26_ca,train.tsv,cv-corpus-26.0-2026-06-12/ca/clips/common_voice_ca_17397739.mp3
d3728ba9c4b430ac8de2cae654e5f82df2f4d0a6dfb848476b737738b7f15bf69c5716a2869c7bec6b1836a4a60d99d479c10bdebd6d1c0153a08371a46c6665,common_voice_ca_33637577.mp3,2cb839efd7080128cba7353068b935befc98176561ac0fbaebc163c43723c476,Va ser anomenat el primer apòstol de la regió.,,8,0,thirties,,balear|mallorca|Palma,Balear,ca,,balearic,common_voice_26_ca,train.tsv,cv-corpus-26.0-2026-06-12/ca/clips/common_voice_ca_33637577.mp3
b8e36549b339f8d7a0beb29824976c3c1bcc764bd0e8155ebe1e0ea0fa17f2137cf0c3e6d3de47a4ef9b62c34ceaee3660cab406eebfa8b910cde4e73c44e687,common_voice_ca_20212376.mp3,235c989746279590ab14ff0aa038863dd1d9f90db69b50136b18ae88d4c25490,"Té els seus orígens al sud d'Europa, nord d'Àfrica i Amèrica del nord.",,2,0,twenties,male_masculine,,Septentrional,ca,,northern,common_voice_26_ca,train.tsv,cv-corpus-26.0-2026-06-12/ca/clips/common_voice_ca_20212376.mp3
aeb5bbf9a006b1b7e84fc0c3e392484cf59308e717f06e25dfad12feef48720416ce210090f5ac29d97042abd91175f8da6d44cee20d18a717b397b1841a2592,common_voice_ca_30751798.mp3,75f318d0eda37c975c0933f6ad35b37055f48809c4d9a87fced62b65f6e9edb6,Com ho puc fer per anar a Sant Joan les Fonts diumenge?,,3,0,,,,Central,ca,,central,common_voice_26_ca,train.tsv,cv-corpus-26.0-2026-06-12/ca/clips/common_voice_ca_30751798.mp3
9bf395146f30cbf7334f0637429df098bf03fe837d37a1c27fffb3fe93cb0b9595b60e11eddc02e109daf9cf2789fa1151367b9f29bd6acf0b5bdb066e07ef87,common_voice_ca_36878798.mp3,5f9555ee3022dd0ff96542e55069ceee2808decc12850555e98a3c967f7ec65a,"Després vénen les Illes, on obté el setanta-u per cent.",,4,0,,,valencià,,ca,,valencian,common_voice_26_ca,train.tsv,cv-corpus-26.0-2026-06-12/ca/clips/common_voice_ca_36878798.mp3
ddf1db61a8a379c496af7bbc192be2eb6a8690c37028eb8714f3a5481ccec9f85069f4a06175e71c45a7cb530617d790c1b797555fd6a30018484f27ed991095,common_voice_ca_37767584.mp3,7f9f03ca9560e6b368686c75ab3dffc565b45ac5b7a1d9c5de46c0df27d3fe88,La part més acolorida de l'ull.,,2,0,,,,Septentrional,ca,,northern,common_voice_26_ca,train.tsv,cv-corpus-26.0-2026-06-12/ca/clips/common_voice_ca_37767584.mp3
56e4f1dc91f8196b8b85fa56b9cb6dcf0054f2f177102699143c6ef2cea2ddf34a422487c0b54bf1a649c18bb1dcfff5e153569a160846894131ce391b9ae776,common_voice_ca_31874068.mp3,3de56e77dc0be36def107fa062cc634a7f46c83a87ad0a8d780dc2510b86d46f,Demà passat na Joana i en Gaël aniran a Bellaguarda.,,8,0,fourties,male_masculine,valencià,,ca,,valencian,common_voice_26_ca,train.tsv,cv-corpus-26.0-2026-06-12/ca/clips/common_voice_ca_31874068.mp3
c83c8049406a3335a866b63ba70f92b68e450aacb92f64445c657bb34ddb99907cd2cb73d0279e768f77e6c1b11249dfab5dc3856b5e8fab984fd91d92ea98bc,common_voice_ca_37641858.mp3,79b722ea32348229574cc625dd2f156749a15db7dcb000a4e66c213c711fb85e,"Després de la signatura del Tractat d'Utrecht, Tarragona resistí a l'ocupació borbònica.",,2,0,,,,Nord-Occidental,ca,,northwestern,common_voice_26_ca,train.tsv,cv-corpus-26.0-2026-06-12/ca/clips/common_voice_ca_37641858.mp3
24f44a02266f7a0b1661d34d11cdb3cb94e46d27704b56b7831797db20af369a8c6ede7cc0e7cfe88dfb36a438d9770aa17af23aa95912aafc59ee566d2f5c11,common_voice_ca_31132822.mp3,f08fd943f43dc6c62187b3313d7fdfa6e54c5d69550a5c9cf62c71246de7e53b,La familiaritat entre les dues influències de la llengua feta servir.,,4,0,thirties,,occidental,,ca,,northwestern,common_voice_26_ca,train.tsv,cv-corpus-26.0-2026-06-12/ca/clips/common_voice_ca_31132822.mp3
6e3a1eee9a9a1bb77df022a5c8371e2284082b4d7c8e3712843fd217fee7bb980f6bc944830b8853056c76b40982371c00e8cb7dee1bccc0973b461c4ccb7ec1,common_voice_ca_37636918.mp3,7902752f85334a1bf8e498ed7cbcb7c29e3c6d0e36035362de74af2baa9786d6,El nou d'octubre en Pau va a Llançà.,,2,0,,,,Septentrional,ca,,northern,common_voice_26_ca,train.tsv,cv-corpus-26.0-2026-06-12/ca/clips/common_voice_ca_37636918.mp3
d753f303fae59584c74edd9998690cca65d19ee6e92384c53c493c27bc8be19b9e101038c7ad29c453bdf3c16563b04bca82cda7cea4cdda851badb0d60e2be7,common_voice_ca_26232143.mp3,32588ec6a93fe4cc358300aebeed84566733a54292f4aa9591a143ca8a0b337e,Normalment té una mida d'un metre de longitud.,,3,0,,,valencià,,ca,,valencian,common_voice_26_ca,train.tsv,cv-corpus-26.0-2026-06-12/ca/clips/common_voice_ca_26232143.mp3
f4cfbbd9eebe81c129b71749fd2b1bb59763d7e45319914980ec2cef1eb1f39cb24088b9493757fc0ab2684b31137b985de384ff40e4db8f1b230ad6d6e0086b,common_voice_ca_33483153.mp3,155180ea2041d173986e36086ccf3c10507342758cde5849ff323bf43cd4e620,Tot seguit us oferim un recull de diaris d’arreu del món.,,2,0,twenties,male_masculine,,Balear,ca,,balearic,common_voice_26_ca,train.tsv,cv-corpus-26.0-2026-06-12/ca/clips/common_voice_ca_33483153.mp3
b9ee561ba7af9d0a67b73f9edacbbe968abed15d206f6cc9e9d18a14cba3583a72cfdac6522cbc899617652554b84cf2ea38405ee04085ea995b838fcdd1cb71,common_voice_ca_37641988.mp3,7997f450aeeb8338428be7ac90133872801fa474a1bfa318ad9c4d796b0f9ce3,Fou per aquesta resistència que el sultanat no va acabar incorporat al Txad.,,4,0,,,valencià,,ca,,valencian,common_voice_26_ca,train.tsv,cv-corpus-26.0-2026-06-12/ca/clips/common_voice_ca_37641988.mp3
b5fc7461c0713292e1a706d6892acce90fd686ddc76af7048579d5721583007682b6916b141e62b566eaca33e0211774f221d1d7e56d7b8c81186a8cdd61309f,common_voice_ca_37567455.mp3,e98e92792c85d9b9ce1b9b4f81f6228e07ce66be3fc9bcd4329eef520d29dd53,Ves a Eivissa a portar sal!,,2,0,twenties,male_masculine,"De Binissalem, amb s'è i mallorquí",Balear,ca,,balearic,common_voice_26_ca,train.tsv,cv-corpus-26.0-2026-06-12/ca/clips/common_voice_ca_37567455.mp3
5ec60a4cfb19d7d4119f0efe0b1c13d2b8634e2e97ebf418b4fadf3159cf5c2e16f53bfa27cdca433dffe433714a82ee6f9bca8b5bcbdc1c8338da0268d1ffa0,common_voice_ca_37604018.mp3,5695b9e123716712aa9dfbf949cd171acb73116e01c6f0c48fc9e112679c7169,"En hivern, tot perd son govern.",,2,0,,,,Septentrional,ca,,northern,common_voice_26_ca,train.tsv,cv-corpus-26.0-2026-06-12/ca/clips/common_voice_ca_37604018.mp3
36fe013dbca4fa216e65d5462b17ab01ce129aec7cbf31bb0514978c694936625d0d34a741f2def54cda3b075777e3376e6ebf6d5372377ccfe37d9e6f13d067,common_voice_ca_30844245.mp3,95fcdc3772ebefd6611ae60ed46a14190ca7bacbaee9d81bf01ec18a67d94e18,A quina hora passa el primer autobús per Sant Pere de Riudebitlles el dos de juny?,,3,0,,,,Nord-Occidental,ca,,northwestern,common_voice_26_ca,train.tsv,cv-corpus-26.0-2026-06-12/ca/clips/common_voice_ca_30844245.mp3
dedadd5b374e9d2f99efb7f38710d2925ff24d9b1cecd73821b7cf97dd5068eadefe5af272a4e4c9077bbf0a06620d0125a0410ae472606a80a0a2ed1f18a15d,common_voice_ca_37584486.mp3,14ab5b8e9fcc40d9413bdaeb9a4c68327b81c14369591a40d43b9152d2dadf03,Un ventre tip discuteix fàcilment sobre els dejunis.,,2,0,,,valencià,,ca,,valencian,common_voice_26_ca,train.tsv,cv-corpus-26.0-2026-06-12/ca/clips/common_voice_ca_37584486.mp3
f7283162034bb86ce204d3c3051e0619089a5fd82b600c8eee8b6c5644c6c8d4e9bb8c69fbf68114123ab6fdef226d37c96ee3703d4f3b6897c1f4b6aaebdd20,common_voice_ca_38090127.mp3,9846e17530da7791a81109cb7343bf9bfa8bdf7c1bfb618177be5e5222606172,Hi arriben el dissabte a la nit i hi acampen en tendes.,,2,0,,,nord-occidental,Nord-Occidental,ca,,northwestern,common_voice_26_ca,train.tsv,cv-corpus-26.0-2026-06-12/ca/clips/common_voice_ca_38090127.mp3
a4b8fb205426522c83da0168badd4ea631f206801d3359ddb24b12c4ba4ede036836c0280bad4be95c791bf42761f08d1c65615bd22589ad9c73bdb5be23ff32,common_voice_ca_23432368.mp3,a08ce916e4124b6efcb04e8de87f74a867e94c820023267c4d3dc9cfef4737d5,Durant dècades les tribus han establit llurs propis requisits per a ser-ne membres.,,2,0,sixties,male_masculine,,Central,ca,,central,common_voice_26_ca,train.tsv,cv-corpus-26.0-2026-06-12/ca/clips/common_voice_ca_23432368.mp3
8f78b4eaeb9dd44b6459e50a615ad298d58b8b059192a3d84a6ab9f3ee31995fc5f2d9a5cc53f04ec3367fd662bc566bde33cc614cf65f9a71acafdade0e3d3a,common_voice_ca_20500113.mp3,2eeefde7395a90bc99e9e49edd94925292a1dea554dba117a09a16983c113266,"Està situada al nord-est del cap de municipi, a la vall alta del riu d'Abella.",,2,0,thirties,female_feminine,,Central,ca,,central,common_voice_26_ca,train.tsv,cv-corpus-26.0-2026-06-12/ca/clips/common_voice_ca_20500113.mp3
b8e36549b339f8d7a0beb29824976c3c1bcc764bd0e8155ebe1e0ea0fa17f2137cf0c3e6d3de47a4ef9b62c34ceaee3660cab406eebfa8b910cde4e73c44e687,common_voice_ca_27554002.mp3,44d5413ef01618ec9473013ca6bb37c1619bd0f7c6aaee9e984fb179fd9813a7,Hi participen un total de vint-i-una persones.,,2,0,twenties,male_masculine,,Septentrional,ca,,northern,common_voice_26_ca,train.tsv,cv-corpus-26.0-2026-06-12/ca/clips/common_voice_ca_27554002.mp3
6389e78135c64c14efff215cd424090190ed6a0c05b5c3ef000c4a7d36c6e184b61f3a383115b1df9723a43971a4d75ccd98921a1a9a10367f85aff41943caed,common_voice_ca_37551783.mp3,cac46baf09c81e3e8234b2aa7b7c29e32004e62148a7955b09494e7cf922c316,Dos amics són un voler i un cos.,,2,0,,,valencià,,ca,,valencian,common_voice_26_ca,train.tsv,cv-corpus-26.0-2026-06-12/ca/clips/common_voice_ca_37551783.mp3
206a196a55bf75a878ca807e71342c91d453423aaeaae1f6a398c8d04af2228acb8ce5e2cb31bbbd4c6bbb90c12dd2ce9b31683de574da8e95c5a05e2967bfb6,common_voice_ca_30768491.mp3,7b85345f9d1a65fc2346af1eaa14b022e9a6a0058767311b41409ea125bc82cd,En els mamífers el duodè pot ser el lloc principal per a l'absorció de ferro.,,4,0,,,nord-oriental,,ca,,northern,common_voice_26_ca,train.tsv,cv-corpus-26.0-2026-06-12/ca/clips/common_voice_ca_30768491.mp3
0bfbdce8cc864eaf2c4849b3fdd53e9f4100d2ff528af94cda97c460cfcd13fd3a7332c8be0bbfdda918b624522ea24b1f21f20a97ebaf9315cca872c3120815,common_voice_ca_22433831.mp3,87ad8e77854d727de594315956951e2457326148d37cd073004ac60fb7415ee8,És al nord-oest del Coll de les Voltes i al sud del Bosc Negre.,,2,0,teens,male_masculine,valencià,,ca,,valencian,common_voice_26_ca,train.tsv,cv-corpus-26.0-2026-06-12/ca/clips/common_voice_ca_22433831.mp3
fafcedf704b50dd001b3a2c3ae14422e73021415475ee2cbc5b53bf84bcf6109a594e42d5a89bfe2fcee17426ee4911bc513e2120f4b3e6cb0cab95c031af83a,common_voice_ca_37958925.mp3,8f52c80c83d5f4474006d89497a709dd104341c172594422376dd19df6e07e5d,"A les seues cançons tracten temes com la mort, el foc, l'amor, l'adolescència i l'alcoholisme.",,2,0,,,valencià,,ca,,valencian,common_voice_26_ca,train.tsv,cv-corpus-26.0-2026-06-12/ca/clips/common_voice_ca_37958925.mp3
a8b8319bdccca67edac317b794b5c906110d6230f97f3c89228979d366aa4fe0325ea8041adfc9392c14c46675e0ef7d9af4115ac60f5de1462cd992db9a4d95,common_voice_ca_38375657.mp3,adac0666dc54d8503d1fac6e04d6f569318220554c2217d8192f0650191355ce,Les emplenaven de llumins i tenien una original caixeta de llumins per a vendre.,,2,0,,,,Septentrional,ca,,northern,common_voice_26_ca,train.tsv,cv-corpus-26.0-2026-06-12/ca/clips/common_voice_ca_38375657.mp3
35d47ae14ea5478f3fb4daec30f1b785f0e8dcc117d1a8fae17ac41c1f1da58040c2f0e568d678bead1c1005fd9d0ecd86f5f308f58e18870334ef2d87399dd2,common_voice_ca_37848652.mp3,85c0c5f02549a4c782fce5550b2a7208ff529618401dbe1f78e6313fcfdf1268,"Comprau pans, fesols blancs, lleixiu, croquetes i arròs",,2,0,,,,Balear,ca,,balearic,common_voice_26_ca,train.tsv,cv-corpus-26.0-2026-06-12/ca/clips/common_voice_ca_37848652.mp3
4f0c1f38d95a7619d3e26688a1563af5c9777d262bd8ef2cf43ac2ccc2f450ac26dee0255f8a36d9a8287bad2b2d437ad8a338ebaedfc96df54866af6bb73575,common_voice_ca_27578994.mp3,45776a1bd08287335cda535bdb13760957258c680ac53ef3bba8cdbd91641b9b,Els ucraïnesos i els polonesos el van salvar durant l'ocupació alemanya de Polònia.,,3,0,fourties,male_masculine,valencià,,ca,,valencian,common_voice_26_ca,train.tsv,cv-corpus-26.0-2026-06-12/ca/clips/common_voice_ca_27578994.mp3
4fc86c8b4067c3bc7081290a4339e2599b24a8d27c8dc634f622a70c4cd321b2074c9696c1a85217a9811c8e49bc3612a2d682eec12958e60eeeb347421d4b18,common_voice_ca_37903951.mp3,8ab3fae74dc1892d576ae1c17d31731acce0af1726814cc2894b72d6d5f599f2,Neix al peu del vessant de ponent del Serrat de l'Ascensió.,,2,0,,,mallorquí,,ca,,balearic,common_voice_26_ca,train.tsv,cv-corpus-26.0-2026-06-12/ca/clips/common_voice_ca_37903951.mp3
46513e8760ea724153fcd1accce8325e3b59d50bd1d37082276b35dfdff1caaa22b09f49d85010a21accc25bcbbf01d587efebf7b011ac8226f4c1750e1bbcbc,common_voice_ca_37601866.mp3,541e1ef66b1cc17b6a8774aaeb1cbc304ea5374e12114348879a46b96dfa6edb,Fer riure a les pedres.,,2,0,,,,Septentrional,ca,,northern,common_voice_26_ca,train.tsv,cv-corpus-26.0-2026-06-12/ca/clips/common_voice_ca_37601866.mp3
01ec2bedd32c841ddd93670183677ce0c5964c9516beaf52a6b70467370b33b11c8b12ec3313947fbc37b4133dd45a50dc799d65c823c1b318846c6aa15b93c8,common_voice_ca_31035175.mp3,dabdbc24961ef41c3f8f61ce13a0759bab8f02424512a156de38d6c2abe92428,Vull saber com és possible tot això.,,4,0,,,,Septentrional,ca,,northern,common_voice_26_ca,train.tsv,cv-corpus-26.0-2026-06-12/ca/clips/common_voice_ca_31035175.mp3
5b78eeb212179631e404608b0b240f7692156f51a0ddbe77fe305335565b54c64128e65094ac112101d88f6ab4a554b27ee6af4fadd6e2d5be91e3c9ec37197b,common_voice_ca_31041148.mp3,dcdb32e60f798bbca5be8ad01838cfc19b3545c2f90618ff479e0cfb9b3853ca,Benzocaine pot causar reaccions al·lèrgiques.,,2,0,fourties,female_feminine,,Nord-Occidental,ca,,northwestern,common_voice_26_ca,train.tsv,cv-corpus-26.0-2026-06-12/ca/clips/common_voice_ca_31041148.mp3
34e14c1e6f0b370854700b00ece3bf204c21e125ecff8aa555683a01c67b064657aee2187f2950943725d1eecb069a3a1ba1c77b3069e60df685f63c32444a02,common_voice_ca_21689744.mp3,602753d5ba9ec5ed521d86b2f7bfe005c81b524b88fe7b5c3f9ccba50eac9f21,L'estació consta d'un edifici arran de terra que dóna accés a les vies.,,2,0,fourties,male_masculine,,Septentrional,ca,,northern,common_voice_26_ca,train.tsv,cv-corpus-26.0-2026-06-12/ca/clips/common_voice_ca_21689744.mp3
3449d56106b37bb27ccceb1ce5b668c40eeaa4e90d389e03f0b1ba3098b2a6159298cd57279140223b8d5969b8e6394be7e497e67a9ac29cdd299152bfcaf17f,common_voice_ca_38153879.mp3,9c553d591b11a487be819b3081b9a73185cf892647822c2cc491e1ef91eeffff,És una imatge divertida.,,4,0,thirties,male_masculine,"balear|aprenent (recent, des del castellà)",Balear,ca,,balearic,common_voice_26_ca,train.tsv,cv-corpus-26.0-2026-06-12/ca/clips/common_voice_ca_38153879.mp3
dd861f9c59e6769502fcd330a174bb26308379a5a95cc8416bbf338aded7ca4ee103b04df5deb014e1a41ef4e672a0f4ba9c583af8e6c4536f86ee6d9e8f6c4a,common_voice_ca_40602477.mp3,001464aa363240ab57dffba1a0eb5677418300d2415677a6b90b71a17e90daef,Ell col·loca de dues en dues les lletres dins de les caselles.,,2,0,,,,Septentrional,ca,,northern,common_voice_26_ca,train.tsv,cv-corpus-26.0-2026-06-12/ca/clips/common_voice_ca_40602477.mp3
04b7d9f9b93bdefc1177d1f6cf2e51a78bfe741f356035dbb77d1ed46134a8c6534507d4ccf8ebb4e40263655167aecabe6a8c20ffb12fd82559031fc01d6a50,common_voice_ca_30825238.mp3,8efb3eb87d2f71b55dc12de077bb2d183af0e26bc617f9cf0c8cecc2040ed3d4,"Truca al sis, vint-i-cinc, tretze, setanta-nou, trenta-cinc.",,3,0,,,,Septentrional,ca,,northern,common_voice_26_ca,train.tsv,cv-corpus-26.0-2026-06-12/ca/clips/common_voice_ca_30825238.mp3
f4876ef39bda4d5be1bce2491b5a33de77df6c2b0c2ef119b3ae07aac9e00f83325606fdf925f154c44eda0a27d6c4d5248828e427cf4ee37d0180592d4000c0,common_voice_ca_37699517.mp3,7d6095928862cf8f1bcc7f1682d3ff381848682d615c7903078332634bf7047e,Hi figuren inscripcions i un escut semblant al de l'altre sarcòfag.,,2,0,,,eivissenc ,,ca,,balearic,common_voice_26_ca,train.tsv,cv-corpus-26.0-2026-06-12/ca/clips/common_voice_ca_37699517.mp3
78c598ab1383d31ef99c340688e8fe5042f5989618ba1010a9d41c7de6038827d60fb12c137f1304e266157e64f12dba080e920ad0276d7a6a843986462e9b52,common_voice_ca_38797364.mp3,c2d942c78b08760e8188148930576f1fe5f91b6fb6871c7565f797f7ae7d39b6,Tots eixos rius acaben desembocant a l'Ebre.,,2,0,,,Lleidatà havent viscut a Barcelona 20 anys. ,Septentrional,ca,,northern,common_voice_26_ca,train.tsv,cv-corpus-26.0-2026-06-12/ca/clips/common_voice_ca_38797364.mp3
e141f2d0761b2a1f02d36b7df0c0dadb223bc70429a9de281a7cfad663349920bf6db9a1a2387d5326130ee5d19fb6dcce3c898da86e4723343314c7ea6deb17,common_voice_ca_37911241.mp3,8b7750a5c13ec1aaa40adb38753503b723ef4549a31b8a079658bc31738e044d,Charles Lanyon va ser contractat per a dur a terme estudis preliminars de la ruta proposada.,,2,0,,,valencià,,ca,,valencian,common_voice_26_ca,train.tsv,cv-corpus-26.0-2026-06-12/ca/clips/common_voice_ca_37911241.mp3
5b46c8527a8bf6552f46e67db8adcdea78db4bc2afbcb679edc1349da4faccfe29d5a935893cfeec75fb65ebbde88131367b90424eada44ef21d9cc7a11af9b7,common_voice_ca_37808154.mp3,8216686bc5e3f17644df2a9e8c80393f9b9771e3b6c6f9f6107a4d35604a78f9,El valor d'un codi de grup indica quin tipus d'element de dades va a continuació.,,9,0,,,mallorquí|Santa Margalidà,Balear,ca,,balearic,common_voice_26_ca,train.tsv,cv-corpus-26.0-2026-06-12/ca/clips/common_voice_ca_37808154.mp3
f3635abb815fff35d1f0a6e5a6b46bfca9548696ffe2820d5aab9749a8ba84b3081e0add973be1252517ddd7e180698c6a53166ad9c501ce37c1b4378ed6245c,common_voice_ca_38059054.mp3,967a96c1cd226cd9d80d15dce4ed7b02f60f1d5f019d3a6e670acb108e18c772,El nou d'octubre na Frida i na Júlia aniran a la platja.,,2,0,,,nord-occidental,Nord-Occidental,ca,,northwestern,common_voice_26_ca,train.tsv,cv-corpus-26.0-2026-06-12/ca/clips/common_voice_ca_38059054.mp3
8ebfa7fb8906786379e079e2e63e879713158d6f08d2c1b8e8744f097d782db703138e93c3da54b8f8ba476acdfc4610d752dd9ade7602c7cf6b94d1833b01df,common_voice_ca_33190233.mp3,7ba8a5fb688090312430e010108810b54a186381a66b950175028c1672cd9d75,No pot haver-hi votació si no hi ha urnes i butlletes de votació.,,3,0,fifties,male_masculine,,Septentrional,ca,,northern,common_voice_26_ca,train.tsv,cv-corpus-26.0-2026-06-12/ca/clips/common_voice_ca_33190233.mp3
c4034d52d21c475bfc0be93cbc9f02368f578817f838c25abd702e39d477a45f551db8b839f00bbe9c9aed5511ce1f083f8cf1add51797e85151bd324a2de6b7,common_voice_ca_32119719.mp3,7609812bf845717cd779306bba2c08b27cab67cde3a9286ef410fdd7e9a4ec33,Divendres na Júlia va a la Vall d'Alcalà.,,4,0,fifties,female_feminine,,Central,ca,,central,common_voice_26_ca,train.tsv,cv-corpus-26.0-2026-06-12/ca/clips/common_voice_ca_32119719.mp3
7ad206da91986f793df17c4f941c13af36cb9328fe788b1aedea57ca4c9160f4e5d047e9e0de94712935ff4f0ce7adb0eb6db3864b299ec6f42f56639958fc3c,common_voice_ca_30856956.mp3,9a52f7635d4ce63cd2f6ce8a30c673da6c9c20d15579da03a002483e0f90ca86,"Part dels seus deures inclouen presentar ""Coach's Corner"" amb Don Cherry.",,3,0,,,,Nord-Occidental,ca,,northwestern,common_voice_26_ca,train.tsv,cv-corpus-26.0-2026-06-12/ca/clips/common_voice_ca_30856956.mp3
8e5c6f3cc3342a01a9f0ff06a621ebd39a04b92fe240a1b83d41f3fd9cd2fa6e6f40fa1b2bd31e5d8e7b33442e2be4d4823c4595187c36f02e148ef7169e7de4,common_voice_ca_37593646.mp3,361d3842479fb081c99c3f231932908016f768c82f1e9205a7df73bc6cf5345f,"Qui presta, les barres s'arrenca.",,2,0,fifties,male_masculine,,Nord-Occidental,ca,,northwestern,common_voice_26_ca,train.tsv,cv-corpus-26.0-2026-06-12/ca/clips/common_voice_ca_37593646.mp3
efc9a3c13444af1a75d84479ccd9c4ea35a31e47fa9917d992b2742e0f696388c874719786e52fef27a1ac296726131d8227276490163476128f0b1b2d6ae74b,common_voice_ca_19047617.mp3,6e708a57e5fc53c947115bb67c1478034b3359b45c9453884c7ef795c0184a27,Actualment existeix un projecte del Govern vietnamita per traduir el paquet ofimàtic OpenOffice.,,2,0,fourties,,,Central,ca,,central,common_voice_26_ca,train.tsv,cv-corpus-26.0-2026-06-12/ca/clips/common_voice_ca_19047617.mp3
c485c3333dbd05234616bd4b2a8fa96f8861750cb3ffcf4626f45795371e266160af8682cf96eb7ad6b3b35568833cd50bb57b56193a235a564dea1a045dd3f5,common_voice_ca_35119986.mp3,42fe9dd78e4b2ec02724aa6c6bcc8e28c94789ca75294d04bd627f0a71b5b7f6,ens comprometem a coordinar les nostres polítiques per assolir en un breu termini,,4,0,twenties,male_masculine,valencià,,ca,,valencian,common_voice_26_ca,train.tsv,cv-corpus-26.0-2026-06-12/ca/clips/common_voice_ca_35119986.mp3
76ad602456b3356c306e98c6ed857d06291bb0f4f62c7655833bbe3896d13a52f69df220d2d5d7ccaaaa25112ba3f8ac9a82bc0f2cfdbef99861ab54228a61c3,common_voice_ca_37633726.mp3,78a5ca937ad29f5ddc29d7f25de7b900dc0ecbfa131646c4c605c3e84c84255e,En principi un llibre no és un lloc.,,2,0,,,,Nord-Occidental,ca,,northwestern,common_voice_26_ca,train.tsv,cv-corpus-26.0-2026-06-12/ca/clips/common_voice_ca_37633726.mp3
f5819f4b14e363a898d2580c093b6c5eb45688a07bea7881e1ad7533a19bd729dca30363f6f5f419c77f86fc0970c181b9ec31071c7c34280986c4773563dc64,common_voice_ca_37822029.mp3,835e067b796e6c8fd3cacaac3fc990501f0e456deef075368ac88bbc94a54037,Un noi salta a l'aigua,,2,0,,,,Nord-Occidental,ca,,northwestern,common_voice_26_ca,train.tsv,cv-corpus-26.0-2026-06-12/ca/clips/common_voice_ca_37822029.mp3
b3480025157f80b54a8ec0282b27baa14ebcf849e06354bb7c4caeed9b00ccd98e433465316ee7a8e92edd7131d002754dff0b7ed8a5a9cefd8452bceaf78696,common_voice_ca_30921573.mp3,b1d11983636a494d04c5d5e5b144b3384b1cfd7c3e2c91563e7a46c2b552ab0e,"És senzill i, tot i això, no ho he fet mai, va pensar.",,3,0,,,,Nord-Occidental,ca,,northwestern,common_voice_26_ca,train.tsv,cv-corpus-26.0-2026-06-12/ca/clips/common_voice_ca_30921573.mp3
94e35257b313c65bf8a4be9eb63b11e988ebbc244ef1fdcbe1e2cd71d0af95ac8017134ae4a7c3b255d20d4a703fb4b2333508ecfba56a0b602e23dd2cb4fe7d,common_voice_ca_36875990.mp3,5f1c43f5106f4a1d74b1e061018e380d2582a278c979e5bd87d1e0a1e263b7cd,Les cobertes són de teula a doble vessant.,,2,0,,,,Balear,ca,,balearic,common_voice_26_ca,train.tsv,cv-corpus-26.0-2026-06-12/ca/clips/common_voice_ca_36875990.mp3
c02ffc5fa43cd0ca941b62649b0cdc6a2a37de7858ee5026c9948b1b590517b57304efaac6a738e85c001a179ceeabe37e9e9eb2791cb5c88e273ff5eb73ea96,common_voice_ca_38209067.mp3,a0e72eb392029a9ddc1a7d36f6b137d92f13f0579cb001ab7e628c41d69e2665,He d'anar a Manlleu amb autobús dimecres a la una.,,2,0,,,valencià,Valencià meridional,ca,,valencian,common_voice_26_ca,train.tsv,cv-corpus-26.0-2026-06-12/ca/clips/common_voice_ca_38209067.mp3
1610e29603954ee12f408eaeb83a5c99781b5efe5f64fdf2e3c5e0ba9756b5b11bfeefda40a787842f7d5da653135043e3f43e7f786499cb51ad6181ef8acc9d,common_voice_ca_36975410.mp3,64e4e619a094040e7d67e1b31c51d9e3ca3898ad6a0f3dc943681d8ecb1d03c1,"Va deixar dos fills, Sergi i Andrea.",,3,0,thirties,male_masculine,,Balear,ca,,balearic,common_voice_26_ca,train.tsv,cv-corpus-26.0-2026-06-12/ca/clips/common_voice_ca_36975410.mp3
e70e62d6ed6985015e987da40391de410088f0825dfdbbee04963da4ae6be33b9ca19f2b77267b1457e26eee22db639cdce7587435c764d9fede1c005b17561f,common_voice_ca_37574310.mp3,fc8b80235abf0b7f0f6b320eeb240b2e10e14aec4e78d5c9eb654519ffe9b874,Passar Bòria avall.,,3,0,,,,Septentrional,ca,,northern,common_voice_26_ca,train.tsv,cv-corpus-26.0-2026-06-12/ca/clips/common_voice_ca_37574310.mp3
6f108595766a81723439ea3206439af964707132aab7ec8ac6007dbc364c6fa2f409351576bf5a236da2d1ecdbf577b73c09fca85d9543a8069bad36e74c7fdd,common_voice_ca_30903830.mp3,aabad59f8d3a919ae40b2bcd1d526e6fa3e58aeffe9b62ef41d4ef7fe640807d,"Em dic Basma Armario: a, erra, ema, a, erra, i, o.",,3,0,,,,Septentrional,ca,,northern,common_voice_26_ca,train.tsv,cv-corpus-26.0-2026-06-12/ca/clips/common_voice_ca_30903830.mp3
9066801d6ea9e4a7fb62b7b0a77e7d35a0c15420776e63356c290df33f1c5e005bd711a408a0443f0b5b08608488dd9934fbabe22b7d1948e3bdfc5f0e91e07c,common_voice_ca_31336800.mp3,09c5421507215e4951831b91988fa59df3e6a3a7497707a38f3458f8abcda224,Va començar una indagació secreta contra l'Almirall i va recollir totes les queixes contra aquest.,,6,0,,,Tarraconí,Septentrional,ca,,northern,common_voice_26_ca,train.tsv,cv-corpus-26.0-2026-06-12/ca/clips/common_voice_ca_31336800.mp3
7d638df89f15b05180a1ed64c602db1ef79527fd5c532647316c3b5e6f91d6a444aab0bc7bfe158b7fadbda47d571f25b9bd67da4d3db114755d8205d46143bd,common_voice_ca_24923229.mp3,05be0c458294bcbfb73b34bf2a9bed73e2c163d1594df0e43e58531acf7b7a01,"Estant a fora, Bloke salta per protegir el seu informant, rebent múltiples ferides mortals.",,2,0,twenties,male_masculine,valencià,,ca,,valencian,common_voice_26_ca,train.tsv,cv-corpus-26.0-2026-06-12/ca/clips/common_voice_ca_24923229.mp3
a3d94c2b5d1157297657bd1864d820240e75a59d08f38dff1e5c64fe5b6aa1872728cdb91869d3cd6dae5572f310777c4394bcbbaa8497a9026fe98f830358d6,common_voice_ca_17671864.mp3,678749df9755313072057da2e35890e01d5e5dec18e68c9672777cc85658442f,L'experimentat és el millor mestre.,,3,0,fourties,male_masculine,valencià,,ca,,valencian,common_voice_26_ca,train.tsv,cv-corpus-26.0-2026-06-12/ca/clips/common_voice_ca_17671864.mp3
e4a791496341a07bd6f3a4eb166af8ddbf537ad054b36e5c6e095c9cfdb47a472bdc51d8cc0a91d5bdaf8fb3bb00f3e733bf12e9045e7f8afea5232bab17100c,common_voice_ca_38101723.mp3,990253a256dcde511e16b2d9741f7b20480ea1a3ef38050ffcf4d0aacfc4fee0,Arribà als Estats Units a l'edat de dos anys.,,2,0,,,balear,Balear,ca,,balearic,common_voice_26_ca,train.tsv,cv-corpus-26.0-2026-06-12/ca/clips/common_voice_ca_38101723.mp3
ea9d1d3725dbca61f5cfc9e78b3a0ba898b6d188bebe4ba379ed42add0958cf59ffe1a2b73e2e2f9085b1d232036a97422e46b6b19fa90b7609a9a64e218748a,common_voice_ca_43519886.mp3,eb0c077afdb3c243d0fd3772bc4ce4ec398fe872a933e6bd9f10b3445f6115d7,"Glave va morir uns anys després, però Dalton va romandre a la zona.",,3,0,thirties,,central|Garrotxi,Central,ca,,central,common_voice_26_ca,train.tsv,cv-corpus-26.0-2026-06-12/ca/clips/common_voice_ca_43519886.mp3
e279eecdd6e99a03e55130e2201a5f0b61ad97e4998ba7a345fdf00e8f2ff5726ef8187f45d0e6bd9938f39c30a06d52da91fd58100223043ba5b0654a0adcc4,common_voice_ca_17513297.mp3,68273d3aa1bf9660f3e89186b585222307702a3bdc9c071fa8c910e0e1e34d04,Malestar amb la situació que vivim i amb la manca de solucions als problemes a què ens enfrontem.,,2,0,twenties,male_masculine,,Central,ca,,central,common_voice_26_ca,train.tsv,cv-corpus-26.0-2026-06-12/ca/clips/common_voice_ca_17513297.mp3
02eecc0d9bc8c8f492ad62ab7a0b057cb83436e2c6f39921188156409e1a08f618374745b21907cab4e51172f39c47460c4be466ae62b13d7b3fbfdd54b99486,common_voice_ca_37589923.mp3,2df9e9356151f885a625bb2eddf012ccc74f8b8563640d3779c5bda260b3389e,Hi ha més ingrats que escarabats.,,2,0,,,,Central,ca,,central,common_voice_26_ca,train.tsv,cv-corpus-26.0-2026-06-12/ca/clips/common_voice_ca_37589923.mp3
be3e326da717a6cf7cf21997ba19639f72403ae6da49cff888f55cedd7c60919b2d262eebb5e7d5095f8462cfff23631f6ab04a58d3af71e097535b24ee3ba5d,common_voice_ca_30807570.mp3,88cf7c5cd5c012509ed91b05407195a0418059d75751da9b17c15c7801aab355,El servei Maestro no es podia fer servir internacionalment en línia o per telèfon.,,4,0,,,Lleidatà,Septentrional,ca,,northern,common_voice_26_ca,train.tsv,cv-corpus-26.0-2026-06-12/ca/clips/common_voice_ca_30807570.mp3
de44c31b2c3b8d65fa6f0e2d4d770bdf7557effd4905cf1057e2e4ff4ea8d762ee44dc776e8843e0af9fc3912044a5647578d07f7846620150b686bd7d3450f1,common_voice_ca_23784090.mp3,b220c872181bd204d01c23335f51338c56514df7d4d2d867841b4fe797d7661a,És un dels màxims exponents de la guitarra catalana que la guerra va estroncar.,,3,0,fifties,male_masculine,,Balear,ca,,balearic,common_voice_26_ca,train.tsv,cv-corpus-26.0-2026-06-12/ca/clips/common_voice_ca_23784090.mp3
b2e46b2e5c7f93883206d1d69d44da1ef8fd85c37ca7cd78848dd4f666e081d0f04daaf9d82b6c261cf54788232a7d43cdb022b15187c9949c9fb0e64edf3cc0,common_voice_ca_19091058.mp3,d775939d97c180b3fe00466937babaabd881785a7518153f1c48a7567d84e1a6,Alguna cosa semblant es mostra cada vegada més a Europa.,,3,0,fourties,male_masculine,valencià,,ca,,valencian,common_voice_26_ca,train.tsv,cv-corpus-26.0-2026-06-12/ca/clips/common_voice_ca_19091058.mp3
f5a157dcc1db9578aa5f53a05a9bf67d2ba43f4e816817b9fa3cded6a599e9aeda835c72f73ddfad962d39abc09c4f63e53a6950905bf0e81023346cf27b8f35,common_voice_ca_38648855.mp3,bd8d2e7568440da8b018e417153ec193069f444c3158191d16bc15d44360483b,Va ser substituït per John Levy.,,2,0,,,valencià,Alacantí,ca,,valencian,common_voice_26_ca,train.tsv,cv-corpus-26.0-2026-06-12/ca/clips/common_voice_ca_38648855.mp3
2b75eb37645fe01fbf04d53bf1492f003e3e4abfd8282bf74512df42b27a60fccdd6c88fecaee17fabce5fee8d3e004914f95b9aa94b07d06525994127610638,common_voice_ca_22509988.mp3,8cec0637f941a605b014adc605c2ecd023129ea3a3d1ec427549aee0351b9355,"Li diuen així, perquè és al bosc on va aparèixer ferit.",,2,0,twenties,male_masculine,,Nord-Occidental,ca,,northwestern,common_voice_26_ca,train.tsv,cv-corpus-26.0-2026-06-12/ca/clips/common_voice_ca_22509988.mp3
2b9839c535c184baa87bdeaeb090094e3097ac600fa0acdae80e2783607bc6562cd925ca490568ecc1cb39bf7c48a66847f18529853ccaacd5907a4215f66bce,common_voice_ca_25994555.mp3,2e2639c4f2f32edc5320559438192eb998cfa8da1e104659c780ca3540448100,L'exèrcit no tenia prou homes per resistir l'embat soviètic.,,3,0,,,,Septentrional,ca,,northern,common_voice_26_ca,train.tsv,cv-corpus-26.0-2026-06-12/ca/clips/common_voice_ca_25994555.mp3
207a9a9c475397b80eb13e02c6d366de9ac8710330cc4ccb5109d74e0a09320d0ac66c081692a7055afa7b508ab80527c5f16ffa3bd15aca4115c02cc64f76f1,common_voice_ca_17499160.mp3,e7385502dfc9e07b3b3ba2a64f298fb6d946a8f3d34320cf916be83f5497f293,Consta que aquests terrenys estan afectes a l'ús esportiu almenys des de mil nou-cents quaranta-sis.,,2,0,sixties,female_feminine,,Central,ca,,central,common_voice_26_ca,train.tsv,cv-corpus-26.0-2026-06-12/ca/clips/common_voice_ca_17499160.mp3
b7cabeeebd327e20e86dc7f329044ef1e505a8b5b06ec8730b35ec796179398d343c4612c462987483a552461ceb8746d845b5304f90a1ef4bae8f961c061f22,common_voice_ca_30834107.mp3,92494f03f1918f359dbb3f3aed4f5decaf0dd704d65edacf6137f922efdf7f36,La majoria de persones i mercaderies que entren o surten passaven per la duana de Verkhoturye.,,3,0,,,,Central,ca,,central,common_voice_26_ca,train.tsv,cv-corpus-26.0-2026-06-12/ca/clips/common_voice_ca_30834107.mp3
9cac9ad35eb27502a43f8b886db48d56a59e31afe8ec3435986b157306fc70fdc4807c9f04389770279b98a491ffacda0a75b7fa13b166db2634a6e0978771a8,common_voice_ca_39099625.mp3,c9411482610ca6079734368633e33c5468b9c7c94634ab7e18cfc5d76242251d,"Totes són molt serioses, i eren difícils d’imaginar tot just fa un temps.",,2,0,,,Lleidatà,,ca,,northwestern,common_voice_26_ca,train.tsv,cv-corpus-26.0-2026-06-12/ca/clips/common_voice_ca_39099625.mp3
46f14091d04ccc9ef74d0d814c7a5902c67b5b88729b5c5d621d02a8d260822fb988b6520c5df4913daae67757a0b6331f69b52f935ab162efc58baf056a02e6,common_voice_ca_31146107.mp3,f2f0fafb446b3c7aa1a9c86e0a2c43f7ada2f0d93b34e34a2442e59e35a5be4e,"Més tard, Beavers i Clark es van divorciar, i es van tornar a casar.",,2,0,twenties,female_feminine,,Septentrional,ca,,northern,common_voice_26_ca,train.tsv,cv-corpus-26.0-2026-06-12/ca/clips/common_voice_ca_31146107.mp3
d223b32244777351fe72f9f7b4fd7e65ae96279ce4b0561466c6edef61e9b927ebc40f77a945027ca8917609fb557b435bb676ffdba9f52415ac01d39aa97dda,common_voice_ca_36957095.mp3,63df9de60d8b9e7bab1b83d0fd74e9421b6307ba80391831bb28ae77172be33e,Ja aleshores es va interessar en l'arqueologia de l'Índia.,,3,0,,,,Nord-Occidental,ca,,northwestern,common_voice_26_ca,train.tsv,cv-corpus-26.0-2026-06-12/ca/clips/common_voice_ca_36957095.mp3
9a460810552af088edc43c43389d91e9f2844641708b8adae4bfb5a84a2899114dbcaa3fb2ed94ea40619735db3b2180d3ada4e8e54e00e4e588ca8eab2a3253,common_voice_ca_38153415.mp3,9c6436d2cb4ebe04ef58b11f7b23af7b1b28bee6b5de7c33c93e9f232f11fe4c,"És endèmica del Perú, on viu als vessants orientals dels Andes.",,4,0,,,"balear|aprenent (recent, des del castellà)",Balear,ca,,balearic,common_voice_26_ca,train.tsv,cv-corpus-26.0-2026-06-12/ca/clips/common_voice_ca_38153415.mp3
f5819f4b14e363a898d2580c093b6c5eb45688a07bea7881e1ad7533a19bd729dca30363f6f5f419c77f86fc0970c181b9ec31071c7c34280986c4773563dc64,common_voice_ca_37822028.mp3,83115640d5ce3c36149921ebc03fb4216373a98149b305beecc99ef47d3abdce,El deu d'agost na Berta i na Mariona volen anar d'excursió.,,2,0,,,,Nord-Occidental,ca,,northwestern,common_voice_26_ca,train.tsv,cv-corpus-26.0-2026-06-12/ca/clips/common_voice_ca_37822028.mp3
b63c689e0edc5a7e8142717836bbb5f080ed397233f6d5ca5b4a0dbdb2f413370ce5cf1adb82c11d64781131945a6cd00c0ec95f8281cac28b140b9761452e01,common_voice_ca_30872338.mp3,9f66de1a7d2883693deb1b9e66373df53fb2e967c5f8d669f098c4c9035a3a54,Programa el forn per a les dues.,,2,0,fifties,male_masculine,,Nord-Occidental,ca,,northwestern,common_voice_26_ca,train.tsv,cv-corpus-26.0-2026-06-12/ca/clips/common_voice_ca_30872338.mp3
0990674a80136592cdd3fb52d32945b2972482c134aba7ba54a9e577ba0917ddb2518172c8ffe80d4fc5bd844e6c889e2da6763ae5ea0be655b03b53e9633489,common_voice_ca_30893990.mp3,a6c31b27dc93791db71b4636acf61cf71e8a8d07051c937ac976ac026273d5a7,La necessitat que més preocupa és l'econòmica.,,4,0,thirties,female_feminine,,Nord-Occidental,ca,,northwestern,common_voice_26_ca,train.tsv,cv-corpus-26.0-2026-06-12/ca/clips/common_voice_ca_30893990.mp3
7f24896be12622e563222917ae8a855fc6f151b7a5e627055e95a83b1d0736d3bb85328a34d9ba38258b5f655ddbb8be027144871388d2390a98d0a870f8c672,common_voice_ca_37659021.mp3,7b343a4f6f4a9d2013a6b8cee79ce3b8fd389a01592644b9eaf0731cdb92a496,"L'estació també proporciona una anàlisi addicional del joc de l'antic entrenador dels Saints, Jim E. Mora.",,2,0,teens,female_feminine,,Balear,ca,,balearic,common_voice_26_ca,train.tsv,cv-corpus-26.0-2026-06-12/ca/clips/common_voice_ca_37659021.mp3
5e86207715378e44449d4b18b145fc41779f2e08a988e9e770e021d02741a64ff158d788d3343be9eed4ed56cbbb2c0eca00bd05ad5252dec27f1f06d0d4d79e,common_voice_ca_38538557.mp3,b6f64ccadb02728ceb38a8a550c86b037936cea23517943dffa40ee615a522e7,Són capaços de fer-se comprendre molt bé per mitjà de signes.,,2,0,,,Lleidatà,Nord-Occidental,ca,,northwestern,common_voice_26_ca,train.tsv,cv-corpus-26.0-2026-06-12/ca/clips/common_voice_ca_38538557.mp3
c94230925ae665748b036f3af666529c724c2a567005f72cf8422cb45cab53045ffb7a6d15f5681bfd6c2e3e47c5cb49f390c5c4eebaaf983f9c0c6ad5a72979,common_voice_ca_37560750.mp3,df1689a3cb267ac7604dd8652a8fe4279f7876d7fab1d7c19aea7a96ce19599f,Com una guitarra en un soterrar.,,3,0,,,valencià,,ca,,valencian,common_voice_26_ca,train.tsv,cv-corpus-26.0-2026-06-12/ca/clips/common_voice_ca_37560750.mp3
4e2f29951f3d98704eab76ca83035440ed454b7828fa598da2d911cd272a606a78ed8a50a5c22e1d1b0365670a9fd3b621df7ba8adc00ecfc97f80ed2538598f,common_voice_ca_31470547.mp3,1faa28088e05f1485c8034d0c0f72e4c9262f651aad43da02dda900ac02338a4,El treball de l'artista s'inclou en nombroses col·leccions privades i corporatives.,,2,0,,,,Central,ca,,central,common_voice_26_ca,train.tsv,cv-corpus-26.0-2026-06-12/ca/clips/common_voice_ca_31470547.mp3
1be5f58ac7d1201ed6ff1267108729c8b9c74d3a28aeed8515fa262de2793ee2cd89b19064e50b08d6d86be0c211e6e36375144e53fe43d3222b74f5df0c4443,common_voice_ca_30752981.mp3,76652742a48b80cba182f1046babaaf4aace3fd120fc955217efe61502f672de,"Per a descriure trets humans, van fer-ne una selecció.",,2,0,,,,Septentrional,ca,,northern,common_voice_26_ca,train.tsv,cv-corpus-26.0-2026-06-12/ca/clips/common_voice_ca_30752981.mp3
e1342a862238bf4a6682fd05e40bd4dd9bcc56081a99abcd02dfc102489a7b464f5ae0e9354c1645feabfc05435b3c2b43804ede89bd255cf61c8b86234203f1,common_voice_ca_33668249.mp3,2d41571e55079410f25575613c8ba42e2015c46758fdfafaabe125837a04941c,Mesuren com a molt uns pocs mil·límetres.,,6,0,fourties,female_feminine,mallorquí|Palma,Balear,ca,,balearic,common_voice_26_ca,train.tsv,cv-corpus-26.0-2026-06-12/ca/clips/common_voice_ca_33668249.mp3
4e2f29951f3d98704eab76ca83035440ed454b7828fa598da2d911cd272a606a78ed8a50a5c22e1d1b0365670a9fd3b621df7ba8adc00ecfc97f80ed2538598f,common_voice_ca_31470543.mp3,1fa8595c2a563d9db421e30f0c2011b86f60fd3b171dc260a629d02d1905ccbe,Cal destacar la forma de les reixes d'alguns finestrals i de les baranes dels balcons.,,2,0,,,,Central,ca,,central,common_voice_26_ca,train.tsv,cv-corpus-26.0-2026-06-12/ca/clips/common_voice_ca_31470543.mp3
13d56c39e733c6e0565d12da0bcc8fc4051c044c96614bfd9640d13c0b48c457ff57615c211c1e65abc6ec548cd423a91fdaa47829636263ad1ef9c07a086d2f,common_voice_ca_31161549.mp3,5a436ce8c6c7d4a426a9ae653191a5d44b6c5ed207edb4c351d2e28931647c3f,Pere Savé Argilaga va ser un periodista nascut a Reus.,,4,0,sixties,male_masculine,valencià,,ca,,valencian,common_voice_26_ca,train.tsv,cv-corpus-26.0-2026-06-12/ca/clips/common_voice_ca_31161549.mp3
ae35e75f30225a20bb901a052db2d74dd3edde81a33eaeb3a5170543a320b28f54c520fe52c491b102cc9baea7059d728b0a70bc7368444854a7ecfe673ffdc3,common_voice_ca_41691724.mp3,2c859ad7da427fe514a795332c9816d9ea6bbfe4a9e548a33b95a05bc050405c,Partit Socialista de Catalunya i Bcomú ratifiquen l'acord per liderar l'oposició a l'Ajuntament de Barcelona.,,4,0,,,septentrional,Valencià septentrional,ca,,valencian,common_voice_26_ca,train.tsv,cv-corpus-26.0-2026-06-12/ca/clips/common_voice_ca_41691724.mp3
c485c3333dbd05234616bd4b2a8fa96f8861750cb3ffcf4626f45795371e266160af8682cf96eb7ad6b3b35568833cd50bb57b56193a235a564dea1a045dd3f5,common_voice_ca_35057296.mp3,40e65e1acce75119344adf377c51e76dcae068fe7cb80c680bdbc692cc70f5c8,"El primer emperador, Cèsar August, va dur aquest nom com un símbol de poder.",,4,0,twenties,male_masculine,valencià,,ca,,valencian,common_voice_26_ca,train.tsv,cv-corpus-26.0-2026-06-12/ca/clips/common_voice_ca_35057296.mp3
f3635abb815fff35d1f0a6e5a6b46bfca9548696ffe2820d5aab9749a8ba84b3081e0add973be1252517ddd7e180698c6a53166ad9c501ce37c1b4378ed6245c,common_voice_ca_38059048.mp3,965554f615cc2f034ae2230d83fa8c36e868dbd510feaeaa3fe10f535975c76d,Normalment em porten llibres.,,2,0,,,nord-occidental,Nord-Occidental,ca,,northwestern,common_voice_26_ca,train.tsv,cv-corpus-26.0-2026-06-12/ca/clips/common_voice_ca_38059048.mp3
042ecaaba5d85450cfaef7b74e0c43fd12cc16c188f96993910b1fff3c089234de7437bb923b250b18e88606acb3a666bf041c99148474bb6e8ccdf5af40b33d,common_voice_ca_37588558.mp3,2969575b56d146f2e5b59c073ba52631b183ba754fbd62fb9d2a4a9cb7486d68,Al desembre i al gener cerca un bon recer.,,2,0,fifties,male_masculine,,Nord-Occidental,ca,,northwestern,common_voice_26_ca,train.tsv,cv-corpus-26.0-2026-06-12/ca/clips/common_voice_ca_37588558.mp3
b5267f30905da68d805996a53384b578c0388b6a2b8e79c2af3002722be9db8a9f1206e6a3506af257f17e8d363ba056e1542819c481adca98ce8fb915038f06,common_voice_ca_30859345.mp3,9b1f5b0dcdb1d31393f42774dbeb1cc701db1fca877e94c708b1a1a06e332950,Las Vegas va perdre davant el Salt Lake per tres partits a un en la sèrie Conference Championship.,,2,0,,,,Central,ca,,central,common_voice_26_ca,train.tsv,cv-corpus-26.0-2026-06-12/ca/clips/common_voice_ca_30859345.mp3
7eeb4664f77e4be186bbf6c320c1f0a620361b357aeb5c1d47b4e1f4d3eefd06c1aa581638be86dc127ba72ef47c0f01070b010fb031cb11c6340f56bdf334b3,common_voice_ca_31808014.mp3,2774bcfc7a8fff29da428b7c51d23a55bcaeeecdd3aa8b340ab4ac92019317bb,El nou d'octubre na Nina i na Clara aniran al teatre.,,3,0,twenties,male_masculine,,Septentrional,ca,,northern,common_voice_26_ca,train.tsv,cv-corpus-26.0-2026-06-12/ca/clips/common_voice_ca_31808014.mp3
605a725b8477f13ae3609b9c9806223a494942e9b1f78aeab7ac4271501e631ff1545dd649b06c4d9480a05aa55cec567a3d507fde6d5696a2bf42829ee7c5ee,common_voice_ca_31854144.mp3,3780f8bdc4a0a6d21dbf8dd2120dba2766edc435b0bdfda3e0511ea17bd19d54,Dimarts na Lea i en Quel iran a Vilamacolum.,,3,0,,,,Balear,ca,,balearic,common_voice_26_ca,train.tsv,cv-corpus-26.0-2026-06-12/ca/clips/common_voice_ca_31854144.mp3
49879eb3db69979eff957258d63e98e9b693fced526a2b9ad68395eb691defb1bb352b5416f4328f67534a7962fe0364c4af8db411be29114a159f4e18bf97c7,common_voice_ca_37567994.mp3,e6a2f0a46e720a8aa18d97a89bfb1c97c562d3e8c10424d517feccbbf4ee8ede,Jo m'entenc i Déu m'entén.,,3,0,,,,Balear,ca,,balearic,common_voice_26_ca,train.tsv,cv-corpus-26.0-2026-06-12/ca/clips/common_voice_ca_37567994.mp3
a04e4ab6908a4e63428a7eebb1c593d6e214e2a966ee6b2f4fb85bfc9a88d70093251b376aca694f9c557fbf695accd709a869439cf774389ea85e2ae0a35aee,common_voice_ca_32150433.mp3,8988d95c60891990f9b280a8a6607bec7a3ebc905a68fc03ab5a29445ec10c5a,"I sobretot, ¿com és que no s'hi va quedar?",,3,0,twenties,male_masculine,,Central,ca,,central,common_voice_26_ca,train.tsv,cv-corpus-26.0-2026-06-12/ca/clips/common_voice_ca_32150433.mp3
35d47ae14ea5478f3fb4daec30f1b785f0e8dcc117d1a8fae17ac41c1f1da58040c2f0e568d678bead1c1005fd9d0ecd86f5f308f58e18870334ef2d87399dd2,common_voice_ca_37848660.mp3,86128b6836428d7ad066333036905c01b41a37540cec44282c47c19ec05f95e9,Per Cap d'Any en Bru i en Max aniran a Fígols i Alinyà.,,2,0,,,,Balear,ca,,balearic,common_voice_26_ca,train.tsv,cv-corpus-26.0-2026-06-12/ca/clips/common_voice_ca_37848660.mp3
b71989a7c887e2872082ff8207b77f0fe176eca771534a27229c3b3aee08b8b36746638f984938c98f1ab232b978602f451c1a960f634a833073708a6a33f476,common_voice_ca_19797501.mp3,0e82af9e03f5a46b914bd594a7904ef8f969cee92ce2c4eb97460297c5398fe2,La majoria de morfemes són monosil·làbics i té dos tons.,,6,0,thirties,male_masculine,central|valencià,Valencià meridional,ca,,valencian,common_voice_26_ca,train.tsv,cv-corpus-26.0-2026-06-12/ca/clips/common_voice_ca_19797501.mp3
de16763b08989247481ab95b1f9cc0271e5f1b346f96a2ddbb632774948f060329ed8b46b84a37e79fde815aedc66ef709a883809b5922a3c2d0951ff46785b8,common_voice_ca_17513095.mp3,02c0bbdb4146790a591a584fa4347908b0f7065e911f9cada17d5786bbc35729,"Allò que està bé, està bé sempre.",,3,0,twenties,male_masculine,,Central,ca,,central,common_voice_26_ca,train.tsv,cv-corpus-26.0-2026-06-12/ca/clips/common_voice_ca_17513095.mp3
f61662279e4cf91f2f4df22de9a3e6ec3f732a1341e584651fa5c5a344198df12bf4ed5573667edeaf1c6c7eb6570ccfe476482fe28005b1648196fe1a4c63d1,common_voice_ca_37589446.mp3,2c5554149461d384de160e1ffbb8d9a2ad10a3fe7f69e7e4c33abbccc6eabd03,Fer-li volar el cap.,,2,0,,,valencià,,ca,,valencian,common_voice_26_ca,train.tsv,cv-corpus-26.0-2026-06-12/ca/clips/common_voice_ca_37589446.mp3
6b5abe7b5676724b1091ef0916c09d04403ac5dcaaa1ab4fb46b0ab60769d12167067495f9cbe1aa7c5ca2cfb8a7e22e3a7174167b78432fa4533b80a738a4e0,common_voice_ca_36826351.mp3,5c706f6c9df0f63f3ee10767572a2ff9bdd31896a5a42514743bc38f20482fb5,Serà llavors quan previsiblement l’estat espanyol suspendrà tot el marc que estem fent.,,2,0,,,,Balear,ca,,balearic,common_voice_26_ca,train.tsv,cv-corpus-26.0-2026-06-12/ca/clips/common_voice_ca_36826351.mp3
de579dfbe41bf9280a13029d6db50f07ff8411c424642aacbe36f9564cd11aed4fcc091003284b4d3bc232f79ebad16a60afdef6b2e46b8c8daed7a7bd42c979,common_voice_ca_31202187.mp3,f686ab5b4d593a2db9c5df5b2ffbfe9acdf4c03d06dadb87e5c7d74663a059fd,"Mizrachi va néixer a Miami, Florida.",,2,0,,,,Septentrional,ca,,northern,common_voice_26_ca,train.tsv,cv-corpus-26.0-2026-06-12/ca/clips/common_voice_ca_31202187.mp3
32e924cad766e548f527602e2ee436b05a7c234a0887f2dc10b0236f4373ee20ce02ff66083b03330f72f7d6396a19abad0de40d4210fe4f2b37057a1541cd73,common_voice_ca_31875884.mp3,3eb8631758c09a598c5476a7744039a76cc128a47cd56c05646ea68e415610bd,El vint-i-nou de febrer na Gal·la i na Maria iran a Sant Joanet.,,2,0,,,,Septentrional,ca,,northern,common_voice_26_ca,train.tsv,cv-corpus-26.0-2026-06-12/ca/clips/common_voice_ca_31875884.mp3
0b0b21a3b262b02e67da22a511b969ce9466cc08cc53f10a2c1a349481ea1e60e206538c1e41ff690df1c247ea35ea6704aabe3ab67530f491fc430eab012e3a,common_voice_ca_21357281.mp3,4ee184cd126897ce209cae1718e0d2afb55bfb68ca75c8be5730a9f5077ecc10,Les capitals rebels foren Kisangani i Goma.,,3,0,fifties,female_feminine,,Central,ca,,central,common_voice_26_ca,train.tsv,cv-corpus-26.0-2026-06-12/ca/clips/common_voice_ca_21357281.mp3
66a76e532c9da5f6acb2f02c20d3a841bf0852b284c05080ba09624f445d917481aea23be1b9d3844ece7ec6c27e9c367a2ae9e2773b64aacaea9a2603402ae0,common_voice_ca_37576924.mp3,0142190072ecfb4314eb8229b5c4058f17408729a5a27fcca41ad8e17cc185ad,Llamp del sostre.,,2,0,,,valencià,,ca,,valencian,common_voice_26_ca,train.tsv,cv-corpus-26.0-2026-06-12/ca/clips/common_voice_ca_37576924.mp3
6f2a457c01530406c595c0ea948c1f137aeaf185653fb6204efd098a107a46ea772f763c59b7f8113640ba53e8cbcba5f90c52720697aad0ebdd81772ab7a0dd,common_voice_ca_30818258.mp3,8cc4e23451a3af23e9968a6012aa01b3f810ca85abf81f949198a181d0d59a3d,Amb uns quants anys em faria home respectable.,,3,0,,,,Nord-Occidental,ca,,northwestern,common_voice_26_ca,train.tsv,cv-corpus-26.0-2026-06-12/ca/clips/common_voice_ca_30818258.mp3
3cab131f1ff7d75b971c677cb846b8d7e931343f418cfa222ef3b301581d2f90b778323dccc4dfd65b8b2d52ffa713e38a113d14201ffc58c660746131f0fef5,common_voice_ca_36517249.mp3,559f156c157e95eaa3ec9af0c90cd23b03681465dd754e24ac95e24ca224df98,"El dovellatge és format per altres lloses, sense extradós ni regularitat, travades amb abundant morter.",,2,0,,,,Balear,ca,,balearic,common_voice_26_ca,train.tsv,cv-corpus-26.0-2026-06-12/ca/clips/common_voice_ca_36517249.mp3
082fe97c1a4f1d56270d873d7070459536ff8b978cc59d58540b16793566bca11b22bbe8928d6f9d17decc7608636aa0988aeb7e131afdd4702d5c8279ac29e8,common_voice_ca_37255051.mp3,6ee9e433984c6c3aa0f64b8e512760bbea132220de4cf8e3845599d4f590dbc7,Les seves fotografies mostren emocions naturals.,,3,0,,,,Septentrional,ca,,northern,common_voice_26_ca,train.tsv,cv-corpus-26.0-2026-06-12/ca/clips/common_voice_ca_37255051.mp3
76ad602456b3356c306e98c6ed857d06291bb0f4f62c7655833bbe3896d13a52f69df220d2d5d7ccaaaa25112ba3f8ac9a82bc0f2cfdbef99861ab54228a61c3,common_voice_ca_37633727.mp3,78697e8f0f3068b1a0b4110b8141ef2776b5992639ddd084705ef1c5c44ca4aa,"Em dic Joan Gila: ge, i, ela, a.",,2,0,,,,Nord-Occidental,ca,,northwestern,common_voice_26_ca,train.tsv,cv-corpus-26.0-2026-06-12/ca/clips/common_voice_ca_37633727.mp3
960cdeb8db2a4e83095207c66ec36f0575b90151711ec23f21a5fc1e755f8d0667423c42a3b4d03a141875f84710d45e01b37474ccd63a11f82ca3616e8bc792,common_voice_ca_37577677.mp3,06fdc635533b679531ca00890e52f0c3b086fb5c71e826e48a0ded28295c699d,"A Bressui, bruixots.",,2,0,,,valencià,,ca,,valencian,common_voice_26_ca,train.tsv,cv-corpus-26.0-2026-06-12/ca/clips/common_voice_ca_37577677.mp3
4d2c8a9f25d2db18368831eae4c6c4ea3d493707b9365edcb20b1519bf30635a627edbdfeb041cbbdfdaaeca1f0fb31e0a47713e3457131494c4888e32a697d4,common_voice_ca_34349176.mp3,371cc6495b6d7b88f14cdfa54173e430c44d770417be78c7a808c742445bc5ea,És un edifici de planta rectangular d'una sola nau i orientat al nord.,,2,0,,,,Balear,ca,,balearic,common_voice_26_ca,train.tsv,cv-corpus-26.0-2026-06-12/ca/clips/common_voice_ca_34349176.mp3
22958f42a50ef3a5c2ec4d3fb30bec33a55c1d1a6a85d5bea86ba8c8107415837c8494ff7dbdea01385859ebf381c231be0ebc45dc26f0129c228e4cc3ea4586,common_voice_ca_33387162.mp3,d386d118c144d1dde73bc7439a244ff20c81c8d9bdad6daaf3d96012e06b9fc9,"El Brasil, amb set-cents quaranta-set mil cinc-cents seixanta-un casos i trenta-vuit mil set-cents un morts.",,4,0,,,,Balear,ca,,balearic,common_voice_26_ca,train.tsv,cv-corpus-26.0-2026-06-12/ca/clips/common_voice_ca_33387162.mp3
1dd709e05b199abe85552f66966863d5cbb374dfad3ddcab72b0d8954988816e1e64d984915fd0318f9f736a6b5f2d18edeedca9e1ccf3287e793c7ea836e2df,common_voice_ca_30882867.mp3,a3a4a377e5e1e871a9f6ee91a63d133f2c60d78c33cd820ec4e7077110324ec3,"Justice Antonin Scalia va assumir aquest càrrec a ""Hamdan versus Rumsfeld"", per exemple.",,2,0,fourties,female_feminine,,Central,ca,,central,common_voice_26_ca,train.tsv,cv-corpus-26.0-2026-06-12/ca/clips/common_voice_ca_30882867.mp3
fad66bef17544deb356033bebb30d9ca9073f2ce2b272a20bfe61491474e14b2060bb27b1bd58a9a1e3e58e037c419340fa4de5ffdd780a88d84858c3d0a5c53,common_voice_ca_19136257.mp3,fe4dd1da7361a1ac12aba9858e1f96d3bd3d2cea98f2051ac2b472f8cee89c3a,"La presidència, que és exercida per la persona que ocupi la Presidència de l'Institut Català de les Dones.",,3,0,twenties,female_feminine,,Central,ca,,central,common_voice_26_ca,train.tsv,cv-corpus-26.0-2026-06-12/ca/clips/common_voice_ca_19136257.mp3
8b600dc4cb8f4a6c8bc2666b13de0a0d4c1a87724becccc80cb9e9f4f6d16b6b6d5eb8bd1f637d421979ff0af04cd3faa55a9b18b8adce58e604dc021b646934,common_voice_ca_31380809.mp3,119d728ffc5719394516db1e18e8a298c27b4d21a09ada16763621b254d7b475,Entremig de les dues hi ha el primer esprint intermedi de la jornada.,,4,0,,,Nord oriental,,ca,,northern,common_voice_26_ca,train.tsv,cv-corpus-26.0-2026-06-12/ca/clips/common_voice_ca_31380809.mp3
3e25c487e49b73048e3e0e2789fa48c40860bcc11806e742da5a49dcb2e3e6a9abd69604dc773a51a8156c00f5ca56563f1cbe0a0bad6f15fbcbdae7731df5e8,common_voice_ca_37758357.mp3,7ee60e8bc2571388c8364938bcaf9dec0e6676bd7054e99a237989d49443bd33,"Planta, sembra i cria i viuràs amb alegria.",,2,0,,,valencià,,ca,,valencian,common_voice_26_ca,train.tsv,cv-corpus-26.0-2026-06-12/ca/clips/common_voice_ca_37758357.mp3
b61fad17a5c0f6d01ba3d63a125d545265372b9d4a53e5dafec55f60691c40f8aa35bfb64cfaba5dceb822efb9116b8fb30016baee1d389a8070f55c062cfe11,common_voice_ca_22970614.mp3,9ad332ea775c0fb5ec146cdd39a2e793404cfb322af2c431a70e7694d5a42bab,Va acumular moltes funcions.,,3,0,fifties,male_masculine,valencià,,ca,,valencian,common_voice_26_ca,train.tsv,cv-corpus-26.0-2026-06-12/ca/clips/common_voice_ca_22970614.mp3
77cd12af0a3d1d8cb64dd577bd2d50ac057d816694e8bc04089a6adb90e53ad6cbe9fe6aaf52596450e0c8178d8f9b88a545b27adcbc89bddf4d7c4bc4dd31fd,common_voice_ca_20495492.mp3,2e3fc499f5ee410ff81a0f576369c2b329cbeebef155db43f17e15ef43bfe028,"És autora de diverses novel·les, col·leccions de relats curts i assajos.",,6,0,thirties,male_masculine,mallorquí|Inca,Balear,ca,,balearic,common_voice_26_ca,train.tsv,cv-corpus-26.0-2026-06-12/ca/clips/common_voice_ca_20495492.mp3
c1bafe50eb70a1b65188fac549c6bbe7f641b672fbe9fd08cb64ed1f176efbedeca88f5c295d508e2dbf9b495fe0040bbbfbc4776af0d6cad6576a997db3e4cc,common_voice_ca_23747094.mp3,ae4dd4ebd12a370d0bc9bcd4f0e839fb1ec86e8869ee21fe17759dd11714533e,Anvers del cos i ales completament rosat.,,2,0,thirties,male_masculine,valencià,Valencià meridional,ca,,valencian,common_voice_26_ca,train.tsv,cv-corpus-26.0-2026-06-12/ca/clips/common_voice_ca_23747094.mp3
20b276c981cfe43e0e92f612abeb9d79cf59ad4feb6f99a415e32bf5a79d0b69c003918aa38e92b43793417f7c4b498b1e650906a4b26247fc67a522bb92a05f,common_voice_ca_30739118.mp3,659a8f6606c8c74d875c601d3c36159635b457fca9d806d537a8b2adef18710d,Saps si cau a prop de Xirivella?,,3,0,teens,female_feminine,,Nord-Occidental,ca,,northwestern,common_voice_26_ca,train.tsv,cv-corpus-26.0-2026-06-12/ca/clips/common_voice_ca_30739118.mp3
ef31f1bb79b0d333a81a0bca686332bbaf8d490ab812b4477c62df0137004874e5883e50b7ddaa7131079d0adb0a7f9cf37e79906f97ca3dcf91732b5fb88c8d,common_voice_ca_37864054.mp3,876e3c3250c8fc6b0e41ac0462a230a44dd3030c0b633c9b49b0a7e2213377a5,"Una artista, única, entranyable, forta i treballadora.",,3,0,,,,Nord-Occidental,ca,,northwestern,common_voice_26_ca,train.tsv,cv-corpus-26.0-2026-06-12/ca/clips/common_voice_ca_37864054.mp3
8ebfa7fb8906786379e079e2e63e879713158d6f08d2c1b8e8744f097d782db703138e93c3da54b8f8ba476acdfc4610d752dd9ade7602c7cf6b94d1833b01df,common_voice_ca_32169491.mp3,17d357e969bea1da1adef888f64fd377325d6ce7a4249cdb05a28fec0f54185a,S'oposi a enfrontar-se al seu problema amb el vi.,,3,0,fifties,male_masculine,,Septentrional,ca,,northern,common_voice_26_ca,train.tsv,cv-corpus-26.0-2026-06-12/ca/clips/common_voice_ca_32169491.mp3
88ec4ff5a1b0ffdabfe62d068286c851ee64c428883e56f32af14b59756d5846be9d46e5a777c4c22f2dec9596a1a44ed3aa75f1fb0231923cbd4ab59f1f9c47,common_voice_ca_31111675.mp3,ed28d2f018d109ef1a5f092b36c60b6657b551ecf3b1fb53c52d8782c4052c66,"És a dir, un forat no és un no electró.",,3,0,fifties,male_masculine,,Central,ca,,central,common_voice_26_ca,train.tsv,cv-corpus-26.0-2026-06-12/ca/clips/common_voice_ca_31111675.mp3
b1cdf65f915e2c32cf4649f2a8420e97034eaa6180c1626efb966b8f3f38d0c656f1a7cc2b571571520fe1b7c6c7e62510f203ac38b60bbc3bc5045d11fabbd1,common_voice_ca_30917118.mp3,b06d2a8c6195171c82a768578a0a062f6af187030c3103cc2065c0113ccaf3f2,"I tenia raó, l'home! És clar que sí!",,3,0,thirties,male_masculine,,Central,ca,,central,common_voice_26_ca,train.tsv,cv-corpus-26.0-2026-06-12/ca/clips/common_voice_ca_30917118.mp3
e94f91ab2c69e11a764613994237dda6d7c356912a78907205db2cb51306f5be8c4384a3480207cf787444dd07344929a21076bb3790dd8a0868d62be2d4fa57,common_voice_ca_31408341.mp3,1622b134d68ae0bf43276aaf7f7c862d9c12e341e652dffe019ca994b22576eb,Bescanviaren correspondència durant molt de temps.,,2,0,fourties,male_masculine,,Balear,ca,,balearic,common_voice_26_ca,train.tsv,cv-corpus-26.0-2026-06-12/ca/clips/common_voice_ca_31408341.mp3
0111c49e745e4d0df4a25f60fab585b26cd118675d44d8d0ae4d372fce1a6e7d0cf91e95efacee7f9a5c427bebbe626b6cd5827d562a916970ff4a5b8ad7c0cf,common_voice_ca_39959795.mp3,d739719c7bc52574c86a75fa29b36f31fe9d25c67ec295173210b285fba82abf,"""Els informants el descrivien sovint com a fred i narcisista.""",,2,0,,,,Septentrional,ca,,northern,common_voice_26_ca,train.tsv,cv-corpus-26.0-2026-06-12/ca/clips/common_voice_ca_39959795.mp3
0336780475a5c299071b7ee8249d4d4f348cfd9cf41651af74abde09d3b98a702ef33c7b0f7aa6e7ccb3bb0f198c604cd5dfdcb5bdf01bbbe5bad0b699b434ff,common_voice_ca_30847134.mp3,969937ffc61afe93b5fc9b260992b660038776c7663a3f79560490f43b615b67,Tres punts equivalen a un gol.,,3,0,,,,Septentrional,ca,,northern,common_voice_26_ca,train.tsv,cv-corpus-26.0-2026-06-12/ca/clips/common_voice_ca_30847134.mp3
81e09bc7f9dd35013e81277f76bb89aee439b064ef6643904da6120aa3399002056363fd6472adf5cb4c6aaba56d7a54b39a9f10f19bfce853aa77570a2b6348,common_voice_ca_37924562.mp3,8c9b87b545ba826192d09bd855476388c1f3aa80f3c6b444264c4d23a55692ee,El vint-i-tres de maig en Telm anirà a Pacs del Penedès.,,2,0,,,valencià,,ca,,valencian,common_voice_26_ca,train.tsv,cv-corpus-26.0-2026-06-12/ca/clips/common_voice_ca_37924562.mp3
6b5abe7b5676724b1091ef0916c09d04403ac5dcaaa1ab4fb46b0ab60769d12167067495f9cbe1aa7c5ca2cfb8a7e22e3a7174167b78432fa4533b80a738a4e0,common_voice_ca_36826356.mp3,5c4634fe84efccbd830551779f7db1ea2a2161bef4698276d0c4b13e6de87442,La distància entre el rotor i l'estator s'anomena espai d'aire.,,2,0,,,,Balear,ca,,balearic,common_voice_26_ca,train.tsv,cv-corpus-26.0-2026-06-12/ca/clips/common_voice_ca_36826356.mp3
0ea16212791c523060d5fb6576519e4eb78e7ddda4a27e48d90f976f57ea3d462b27abf10089704cf836649accab77d472b44f5ff96ef0c76877ffc15944f6c8,common_voice_ca_17876157.mp3,5ea652e4b993f84cbf5843e4f4043bbea5ab98a7f7f09b54a225f4ca381f35c4,"Jornada adaptada a l'horari d'obertura de les instal·lacions, cosa que pot suposar treballar en jornada partida.",,3,0,fourties,male_masculine,,Central,ca,,central,common_voice_26_ca,train.tsv,cv-corpus-26.0-2026-06-12/ca/clips/common_voice_ca_17876157.mp3
458cc9429f1fe740f093f20c3a11dd9e995942d274a3c16e4982acd88d3323aa05ddcc884aca24676a4cea186146989123fe0092ecdb08e9d4855fe27c8eb59b,common_voice_ca_31118478.mp3,edf0e5c750bdd0b4008d954a06e618e996834241c594d443610e286f8885d413,Ells van on van els diners.,,2,0,sixties,male_masculine,,Septentrional,ca,,northern,common_voice_26_ca,train.tsv,cv-corpus-26.0-2026-06-12/ca/clips/common_voice_ca_31118478.mp3
7a9ee951fea4635e427f3cb984bdc80e221d1aa5ca77cf9acf6f45c3560c57d1c40a7f910d7ef175204a923efb2b155548612eb5ff2c0783ce667020efca67b2,common_voice_ca_19034530.mp3,243ef68ddbdd262554914b39d821724ca6de069bced4c7a1b6cdab25bae2708b,Ell ho endevinava tot.,,3,0,fourties,female_feminine,,Central,ca,,central,common_voice_26_ca,train.tsv,cv-corpus-26.0-2026-06-12/ca/clips/common_voice_ca_19034530.mp3
cc044cbd66343acb7e4da20c0ee891c7723aa2a8a499515b6b9beec39d02072ee1378e017d134fc25067fa93bf6dce4ec5f5b135a6694ef14dccc8835f46d45d,common_voice_ca_31915860.mp3,471f9b7e3426dd96b3c839d32484c839ad0eb40abd829419bdc0c2afa888989c,Per Cap d'Any en Quel i na Laura van a l'Albi.,,2,0,sixties,male_masculine,,Central,ca,,central,common_voice_26_ca,train.tsv,cv-corpus-26.0-2026-06-12/ca/clips/common_voice_ca_31915860.mp3
51c11eccd83cfec93c59dae87eddb5722fc9e5534b09636a3ce36a18e74762f728b3c5cd1046a5f58b646bc8897c3eabcf14fe943b7697f08cc583c72890f012,common_voice_ca_34986080.mp3,3e0613c5c7e26a05d59f6ca119f9cde8c668ac4aa23739fb7e4c70a54359ce6f,De vegades es deia que eren cent.,,2,0,,,valencià,Valencià meridional,ca,,valencian,common_voice_26_ca,train.tsv,cv-corpus-26.0-2026-06-12/ca/clips/common_voice_ca_34986080.mp3
e59ec9d6d0874dc4ccf7f8b6a840167e2b462b860c79cd541582a38112bbb3a04e9b123c280ce03a89a17be85d50889e61f6a3d22a9d2f6937b33b4db55173f4,common_voice_ca_24680759.mp3,dce0db6eeb8987843ad3bb07cd3b85291fa6db7c853ce32c0e9ce7da4bbb48c2,De petit no pensava pas ser actor.,,3,0,,,,Balear,ca,,balearic,common_voice_26_ca,train.tsv,cv-corpus-26.0-2026-06-12/ca/clips/common_voice_ca_24680759.mp3
d3198e43f18f817bcbe28ff226a8c2dd2d1521c6980311c26807292ad3d285cf8f08affb22f626ff3b698438db564a94f4a7fdc9f77f77397a8780a74a553499,common_voice_ca_37630458.mp3,2cbe6bbb801eb7d53d49f9f3fa5f8c0717c5c1b7677f370b862425a2663d8a81,Dema aniré a La Pobla de Massaluca,,3,0,thirties,male_masculine,valencià,,ca,,valencian,common_voice_26_ca,train.tsv,cv-corpus-26.0-2026-06-12/ca/clips/common_voice_ca_37630458.mp3
f3635abb815fff35d1f0a6e5a6b46bfca9548696ffe2820d5aab9749a8ba84b3081e0add973be1252517ddd7e180698c6a53166ad9c501ce37c1b4378ed6245c,common_voice_ca_38059052.mp3,9685b9db72cf895e3298522a947481c4f487eb6df0f8f74598320f702977ff19,Es caracteritzen pel fet que caben dins de l'orella i estan disponibles en dues mides.,,2,0,,,nord-occidental,Nord-Occidental,ca,,northwestern,common_voice_26_ca,train.tsv,cv-corpus-26.0-2026-06-12/ca/clips/common_voice_ca_38059052.mp3
26527c84247bb0804a7c264edb42b23f55e96abd5d4b2981ee1808c4ae4978feaca988dd9645afc1b6e6dc65dfb5563b3b5eb47656a4d97feb5b289d74c287eb,common_voice_ca_31428985.mp3,19b1e9ed9fa37738a39cdbd8eb61f6856942bf6e690e4119a7af08b243319171,Vull anar a Vallat amb tren.,,2,0,fifties,female_feminine,,Balear,ca,,balearic,common_voice_26_ca,train.tsv,cv-corpus-26.0-2026-06-12/ca/clips/common_voice_ca_31428985.mp3
6e3a1eee9a9a1bb77df022a5c8371e2284082b4d7c8e3712843fd217fee7bb980f6bc944830b8853056c76b40982371c00e8cb7dee1bccc0973b461c4ccb7ec1,common_voice_ca_37636922.mp3,791eca33a82d6b4531ce5cf1f52ec4ebfc9ce02a0eba0d40b2122fca47d00a54,Dissabte na Queralt vol anar a Susqueda.,,3,0,,,,Septentrional,ca,,northern,common_voice_26_ca,train.tsv,cv-corpus-26.0-2026-06-12/ca/clips/common_voice_ca_37636922.mp3
d5cf4a445832eb02090db3814726cc4f75f3145a75d214725048f55c3c40414cd4d451f9a2a2831ca7253b688940fa5e976bb9893f6c58b1a5b79de54df022a9,common_voice_ca_37414842.mp3,762531b56eb5f81fab413a1e1421d58b81ab9bdd8ed11ca556fc54f81fdd8375,Dimarts en Quirze i en Quel aniran a Teià.,,2,0,,,,Septentrional,ca,,northern,common_voice_26_ca,train.tsv,cv-corpus-26.0-2026-06-12/ca/clips/common_voice_ca_37414842.mp3
c9c0becfeb78738ae86adfc5d59f3a3d877b6989e1d84562fe73fd55d64784bbc9b2afce3f543c30dac188bf93cc970bd1c779eceb058ece03284c941242fa84,common_voice_ca_24687685.mp3,de15268540b24b5d7acfc8d0c632bfdf9f7f4ae371c31b77e14c4af553e358cc,Fou el primer centre de l'Estat on s'ensenyava l'art d'operar.,,3,0,thirties,female_feminine,,Nord-Occidental,ca,,northwestern,common_voice_26_ca,train.tsv,cv-corpus-26.0-2026-06-12/ca/clips/common_voice_ca_24687685.mp3
34e14c1e6f0b370854700b00ece3bf204c21e125ecff8aa555683a01c67b064657aee2187f2950943725d1eecb069a3a1ba1c77b3069e60df685f63c32444a02,common_voice_ca_21396995.mp3,52ee1369c789a21cf2e61725e0e137614291ded0c8aa558d134730d440368de2,Els antics escriptors natius l'esmentaven amb aquest nom.,,2,0,fourties,male_masculine,,Septentrional,ca,,northern,common_voice_26_ca,train.tsv,cv-corpus-26.0-2026-06-12/ca/clips/common_voice_ca_21396995.mp3
905c6228ee908a3fa1aa46cf051812fde060aba13cee71540d4467db5faa0c12b9c2cbbb26e764f7c3ad7969480a7736f8374333eb0509b970606df1958c1add,common_voice_ca_38705254.mp3,bf57d38075f598347f8caae414528c4f6218bb088d0e1eb50302cb25aee8c2a7,Com puc anar al carrer dels Amics número seixanta-quatre?,,4,0,sixties,male_masculine,valencià,Valencià meridional,ca,,valencian,common_voice_26_ca,train.tsv,cv-corpus-26.0-2026-06-12/ca/clips/common_voice_ca_38705254.mp3
409888c3f772d4bec7d4d973e4582402bee12b0ab7dd57c7e6c359a9a43965b955433eac8d6410b29f0b9ec2667986c97b3c4d279c19e9f53a60478b0bb64ebd,common_voice_ca_30941722.mp3,a11190c1abbf5c14e17ca7d0118290983ccd7189ef0bc76f1b2993847d6922f6,Fa huit anys que estem casats.,,4,0,fifties,male_masculine,,Nord-Occidental,ca,,northwestern,common_voice_26_ca,train.tsv,cv-corpus-26.0-2026-06-12/ca/clips/common_voice_ca_30941722.mp3
959498c61f1ef87bfd3be06445a34d61bf8c781d546a9fbc74ec836d09fb01cd9b82b2ff46bf416c66ffa35575940ee0a14332418c8fee83943986d234ff84c8,common_voice_ca_36844429.mp3,5db103af809edd0f127bc307eb5accaa2d804426e575285324ecadbd288a9d7a,Només un nou judici és permissible.,,2,0,,,valencià,,ca,,valencian,common_voice_26_ca,train.tsv,cv-corpus-26.0-2026-06-12/ca/clips/common_voice_ca_36844429.mp3
7a9ee951fea4635e427f3cb984bdc80e221d1aa5ca77cf9acf6f45c3560c57d1c40a7f910d7ef175204a923efb2b155548612eb5ff2c0783ce667020efca67b2,common_voice_ca_32176430.mp3,45dd96f59ee607207620c28890992c2ae8484f8e98e990b751d84451673ea44c,Fa patir molta fam a un personatge popular.,,3,0,fourties,female_feminine,,Central,ca,,central,common_voice_26_ca,train.tsv,cv-corpus-26.0-2026-06-12/ca/clips/common_voice_ca_32176430.mp3
3aa4468cd1ad041bbfcd0622a4f34206d8b993ce6a72bd5d0d35b40bbccf057d5f48544db7ea1fc3a7ec886f3373a819a053c8a87251f2c059d5c3ca8effa7bd,common_voice_ca_27560024.mp3,45d8af405da4a23a565d92873d02f2cd7ac01187f0906686b953820464f796fd,"A diferència dels números retirats pels Flames, aquests números d'honor romanen en circulació.",,2,0,twenties,female_feminine,valencià,,ca,,valencian,common_voice_26_ca,train.tsv,cv-corpus-26.0-2026-06-12/ca/clips/common_voice_ca_27560024.mp3
974b5ddd7809db7af95f3ba217120eaadeb222515d7525c383cc7e8fc3e1fbc99b3f666c01577638b1d00edef3cc52c1bcadc249e97ab5f203be0f727a73c5fc,common_voice_ca_37562891.mp3,e677f8fe3482aae6829b9c43ef6eb6950d63374f1cf7e6f88097e0c8ddcdc658,Anar davant del vent.,,2,0,,,,Balear,ca,,balearic,common_voice_26_ca,train.tsv,cv-corpus-26.0-2026-06-12/ca/clips/common_voice_ca_37562891.mp3
8deda324331a97a1a017d13c656fae90c51c5e6fa5ad2e6bdd68780870b9fe14e12de6721095d76df50c9718aed8de53969319c9b54047016e50cc63279f3b4a,common_voice_ca_30740610.mp3,6be9653facaeb6e8aa8d644d4f6b07bc6851c70376551aca67f1aeae5d3f6aba,El diumenge portava les sabates d'estrena.,,3,0,twenties,male_masculine,,Nord-Occidental,ca,,northwestern,common_voice_26_ca,train.tsv,cv-corpus-26.0-2026-06-12/ca/clips/common_voice_ca_30740610.mp3
80d87c89983c43a699faffd0c037dc07f1c39029b96141109bdf8bae1f28653e1bee0a6a468b40e1b231280fc86c427061f0e391a4059db1424a2fa03a5d928d,common_voice_ca_40997809.mp3,9456408d7f02728383c2e8013567e9d3fcf8fb963f9951c24a7cd29b4dcd3710,Compra un bitllet de tren a Sevilla per diumenge.,,2,0,,,septentrional,Septentrional,ca,,northern,common_voice_26_ca,train.tsv,cv-corpus-26.0-2026-06-12/ca/clips/common_voice_ca_40997809.mp3
c1a9158cfa967457976230cebd211d3e55cb3e7ee3648c1d4655f4d6a82f234c15a54f869eee010b8215d5ad33f855df2d138e99bd9d1fc0142552b3df5021f9,common_voice_ca_37573598.mp3,f95131e5afe2db7ba065624b1d9f8a6a167c4951a70f30b77e4f7d0f7a5725eb,Pelat com un nap.,,2,0,,,,Balear,ca,,balearic,common_voice_26_ca,train.tsv,cv-corpus-26.0-2026-06-12/ca/clips/common_voice_ca_37573598.mp3
59c83aa5b91477ee56ee8ceb9217341a22d77d24b58c33923138e94db46122e0f90624d63a4bbba4cd9b9c92e99673ab7aee5b752e96c354ec0138be5c14c856,common_voice_ca_36984204.mp3,6536d052cc04b7f8480c70fe01525f4f2639271a6c93f81375ce081c20facda0,"Si ambdues peces fan escac, llavors es tracta d'un escac doble.",,2,0,,,,Balear,ca,,balearic,common_voice_26_ca,train.tsv,cv-corpus-26.0-2026-06-12/ca/clips/common_voice_ca_36984204.mp3
d2d1631ff3b480e01cd27192347281f604e1c28d5db57908ff184199c06e962ce90302a4fb6caa01cc89a9f180fd6e2ba0d5baba4cb0d9128ab22a52691aa1ba,common_voice_ca_33413661.mp3,e8e44f8f1c079aeaee8b063278f89869b7256c08b6727bafab9220a172043dba,"Finalment, ha arribat el dia més decisiu.",,3,0,fifties,male_masculine,,Balear,ca,,balearic,common_voice_26_ca,train.tsv,cv-corpus-26.0-2026-06-12/ca/clips/common_voice_ca_33413661.mp3
ab859fda475c2371f87fb5b38aea7f10f40c55c0f878fc7b03f1ecadd62f780df1d28b803d464ba449b990a362b59824e7fe4b0190be874fe60b12fa785f5643,common_voice_ca_32135793.mp3,821568e07fb6e49ed2ea32a0d558758ecb7bb03f810a0fa3d5587da6ca73cda0,El vint-i-nou de febrer en Julià irà a Rafelbunyol.,,2,0,fifties,male_masculine,,Septentrional,ca,,northern,common_voice_26_ca,train.tsv,cv-corpus-26.0-2026-06-12/ca/clips/common_voice_ca_32135793.mp3
41bdeb7b29261ebf93c9c26d118d48e696a5c5a146bf899edef0e3328f89bc91033cef23d3bd9c17627f396ba8841cf9e4326a78d11d8a33f39301358f229767,common_voice_ca_30742049.mp3,7201f4b35c4423ac7c7f14b86e6a0af4feac566cbb1ce7150d036a3ac51c5f52,"I al punt en fa apedregades de xoriços, mandonguilles, cocos, confits, peladilles!",,4,0,,,Lleidatà,,ca,,northwestern,common_voice_26_ca,train.tsv,cv-corpus-26.0-2026-06-12/ca/clips/common_voice_ca_30742049.mp3
e47ba84149ba38207e7afbf7dd42eb2cd9f211ffe9e3f77b0d01f290ce5020039a39fe44b8156c122b41205afe53cb26f200f5d56156e45eb47a8f4f4b5497f0,common_voice_ca_33486161.mp3,176a0b50fccb5a2c961c0495211141c76c69e190d552f6dc941f3e80a742fc77,"Segurament, i malauradament, fa poca estona.",,3,0,thirties,male_masculine,,Nord-Occidental,ca,,northwestern,common_voice_26_ca,train.tsv,cv-corpus-26.0-2026-06-12/ca/clips/common_voice_ca_33486161.mp3
34e14c1e6f0b370854700b00ece3bf204c21e125ecff8aa555683a01c67b064657aee2187f2950943725d1eecb069a3a1ba1c77b3069e60df685f63c32444a02,common_voice_ca_21397022.mp3,535b2d7f9fbf7a2941e4426a05c5bd192a270c7b76e2cb5688ee1e81eeeaf835,Hi passa l'anomenat itinerari blau de Castelldefels i hi baixa un torrent homònim.,,2,0,fourties,male_masculine,,Septentrional,ca,,northern,common_voice_26_ca,train.tsv,cv-corpus-26.0-2026-06-12/ca/clips/common_voice_ca_21397022.mp3
811c8a531055a0988f1f91f204e4c42df615c78523a82d9a68ae87197cbb97d694c0da19b1862e61050c27e9f2b8d0d9957ae54995165abd2e106b73e176ec4d,common_voice_ca_30797894.mp3,861abaa84fd5e641ac07320b0e66dce4f55c4bf23e645ba58714dd3d9732ea58,"Un dels seus antics estudiants va ser el caricaturista de ""The Wall Street Journal"", Ken Fallin.",,2,0,,,,Nord-Occidental,ca,,northwestern,common_voice_26_ca,train.tsv,cv-corpus-26.0-2026-06-12/ca/clips/common_voice_ca_30797894.mp3
8d4ebe5871fbf473937299da1a3e33d61ab35d13cf8cb060a09ecce39e19af69fb5944c96eee1d7e9573960c3c928a16e1395ef8e364e5d27cdf59d294760797,common_voice_ca_30997840.mp3,cf79ccfb850518a98179ca6e43c4a5db7bf4ea957b7a9f7b028b60294f33c8be,Està situat a la zona centre-nord del Principat d'Astúries.,,2,0,,,,Central,ca,,central,common_voice_26_ca,train.tsv,cv-corpus-26.0-2026-06-12/ca/clips/common_voice_ca_30997840.mp3
a9c1eafc1e617b5bce1024e114d1aae1123490047c38da3e524e6f54f821b66d2dcd62bfc953ab4d8f2e42ff3422c49de4d7a56d881beb6ea5c0be219110434b,common_voice_ca_31329838.mp3,08c08a04b0815c2c0cff3fe6d98800e2f59e089d21e79cbca3becfaa8aa031e6,"Sis-cents anys després de la seva fundació, la ciutat es trobava al pic de la seva activitat de construcció.",,4,0,,,valencià,,ca,,valencian,common_voice_26_ca,train.tsv,cv-corpus-26.0-2026-06-12/ca/clips/common_voice_ca_31329838.mp3
3cab131f1ff7d75b971c677cb846b8d7e931343f418cfa222ef3b301581d2f90b778323dccc4dfd65b8b2d52ffa713e38a113d14201ffc58c660746131f0fef5,common_voice_ca_36306960.mp3,5083563c403f8ff2e41610583a7143e8ea4b0337d7221712ebb6b98f6013e56c,La seva distribució arriba fins a les Canàries i les illes de Cap Verd.,,2,0,,,,Balear,ca,,balearic,common_voice_26_ca,train.tsv,cv-corpus-26.0-2026-06-12/ca/clips/common_voice_ca_36306960.mp3
60f7955fc2f4217f6713848d6f6490013f6a85c9b0615a47b99d538ae111c310e5970c1b1ce18fd40a230fe0452f0a462576659df246435d856cc4d1df500d4c,common_voice_ca_31795953.mp3,1de0f22339ac9eb5017428cd061bba1ae0889f0b831264cd3c6a28d37ccd4913,Divendres na Thaís irà a Benifallet.,,2,0,,,Lleidatà,,ca,,northwestern,common_voice_26_ca,train.tsv,cv-corpus-26.0-2026-06-12/ca/clips/common_voice_ca_31795953.mp3
7d638df89f15b05180a1ed64c602db1ef79527fd5c532647316c3b5e6f91d6a444aab0bc7bfe158b7fadbda47d571f25b9bd67da4d3db114755d8205d46143bd,common_voice_ca_24835422.mp3,048108e6e6b85005f4747a69b25f61c76eb67e0d2c36ce168fba41bca337e9aa,El zoològic de Honolulu va continuar funcionant en mal estat.,,2,0,twenties,male_masculine,valencià,,ca,,valencian,common_voice_26_ca,train.tsv,cv-corpus-26.0-2026-06-12/ca/clips/common_voice_ca_24835422.mp3
c8093022917792f01f23720f4ad3d78b2b331cecf07de94019070ede86f7af8b819800460501a2af6ba5f22ee41df83e6bcff7bb647012a895ceb3412142b484,common_voice_ca_31806426.mp3,25dfd86c6dc37d828b978e226faf6c948821d24657ae419ccc12293762de01e9,El deu d'agost na Vinyet i n'Eulàlia van a la Pobla de Mafumet.,,3,0,fourties,male_masculine,,Nord-Occidental,ca,,northwestern,common_voice_26_ca,train.tsv,cv-corpus-26.0-2026-06-12/ca/clips/common_voice_ca_31806426.mp3
5373d9b5ddba5b3c9b74f66afc69eb5e2c2be533b6326125a45ecf198b498a83017c558851b0513fa1a120cd78155a5033b794b59dc88997622f1ac06db2f570,common_voice_ca_31929942.mp3,4d03dfd1d97e0e01f7ea3aac4e7c8d58ceb1127c90d8e6a63de639abb7f35629,Dilluns na Núria i en Jofre van a Atzeneta del Maestrat.,,4,0,,,,Septentrional,ca,,northern,common_voice_26_ca,train.tsv,cv-corpus-26.0-2026-06-12/ca/clips/common_voice_ca_31929942.mp3
cd6286f379b071fb084f15c02771115ad2a4a5a12e5d75f2c2d447722198e60667a5bae96b02d7bcbebce9e03e0b1fd07da5cbbc0adb564845d4b085e6fd6e01,common_voice_ca_35016711.mp3,3f6cad5eac5cc27d538900ba003a92f70dda656484fc7fb4c16cd56bdeaf5e9a,És la més petita en àrea i és plenament urbana.,,2,0,,,,Balear,ca,,balearic,common_voice_26_ca,train.tsv,cv-corpus-26.0-2026-06-12/ca/clips/common_voice_ca_35016711.mp3
c047538c727dfe0d9ece19b8cfb4cc842876eb092de5cdce09ab3df9f65324f96db960cc2fc52be9147f25140c80e64e4f4dbebc5b9e2ac3be58086b539feacd,common_voice_ca_36371888.mp3,515816d625d3cd80d3e62df06c61f24df12a23621293802d6b4de4f0b728d11f,A l'est es troba Moreton Bay.,,2,0,,,,Balear,ca,,balearic,common_voice_26_ca,train.tsv,cv-corpus-26.0-2026-06-12/ca/clips/common_voice_ca_36371888.mp3
02eecc0d9bc8c8f492ad62ab7a0b057cb83436e2c6f39921188156409e1a08f618374745b21907cab4e51172f39c47460c4be466ae62b13d7b3fbfdd54b99486,common_voice_ca_37589924.mp3,2e53fd8e43366b615ee34a051e23a9997fe5d4bdc72f53ce6d265e42e21a4cf2,"Quan canta el gall a la vesprada, pluja o nevada.",,2,0,,,,Central,ca,,central,common_voice_26_ca,train.tsv,cv-corpus-26.0-2026-06-12/ca/clips/common_voice_ca_37589924.mp3
b61fad17a5c0f6d01ba3d63a125d545265372b9d4a53e5dafec55f60691c40f8aa35bfb64cfaba5dceb822efb9116b8fb30016baee1d389a8070f55c062cfe11,common_voice_ca_22970588.mp3,9ae4539288241ad44111621a4b9b1945b66ea5ce262b7f06b7a3b0f71c9a49b0,"Amb l'ensenyament es crea la Zona de Desenvolupament Proper, estimulant els processos de desenvolupament interiors.",,3,0,fifties,male_masculine,valencià,,ca,,valencian,common_voice_26_ca,train.tsv,cv-corpus-26.0-2026-06-12/ca/clips/common_voice_ca_22970588.mp3
526b81d374211f29f84839098750bd39a2644a168eb7d21ab5e6ffbb912cec5f3a5255ee7c8c8f01a3603b2cfde3c27514d834275d83b9381886e2ee477a2ac2,common_voice_ca_40869712.mp3,45d38cda653305a30d6eac1b4b5d96a8396f9c50d28cc17bfcee29e7a929ee8d,Després de la trobada el protagonista està igual d'animat que abans?,,2,0,fifties,male_masculine,,Nord-Occidental,ca,,northwestern,common_voice_26_ca,train.tsv,cv-corpus-26.0-2026-06-12/ca/clips/common_voice_ca_40869712.mp3
eb6387e8db6ff606efa8ac803e1a0dc6f4e21160f5498f71bf11758d7938e9dbcc4be485be5b5b9159b79bd563d18f2e2fa0838f80980993279616a52abb525b,common_voice_ca_38748359.mp3,c16ece7f852b26ff05a42ed48931ba6d397ad321d3175308e4584fc572652022,Per Sant Josep cada gripau salta en son indret.,,4,0,thirties,female_feminine,castellonenc,Valencià septentrional,ca,,valencian,common_voice_26_ca,train.tsv,cv-corpus-26.0-2026-06-12/ca/clips/common_voice_ca_38748359.mp3
30f6a9704c99493898ff346ecd7e689f1187e0f98a450384fad5c883e20d059584a1b3af8239cd9716f55f925ba3a235bc173ddb1bdc6ae7c77f8cd2d71bd8ce,common_voice_ca_41103944.mp3,c6533b0b0ae1fe7316983f273798f615bc59789b0feec43a0a069058063de6d7,Quina cosa no considera admissible?,,2,0,,,central,Central,ca,,central,common_voice_26_ca,train.tsv,cv-corpus-26.0-2026-06-12/ca/clips/common_voice_ca_41103944.mp3
0b0b21a3b262b02e67da22a511b969ce9466cc08cc53f10a2c1a349481ea1e60e206538c1e41ff690df1c247ea35ea6704aabe3ab67530f491fc430eab012e3a,common_voice_ca_21357230.mp3,4ead8c5cd5123cb37c071cdbcb9625e067189a091dbae47d34b90bc40000b014,Els darrers anys ha experimentat alguns canvis.,,3,0,fifties,female_feminine,,Central,ca,,central,common_voice_26_ca,train.tsv,cv-corpus-26.0-2026-06-12/ca/clips/common_voice_ca_21357230.mp3
afc88395b31b54a9b7cf764a503de6760232172ddbd6cac3d207a3556396cc30b611f60fc7aeee1d119029e73621133868c83d5ba74a24af2757d8ea382769dd,common_voice_ca_19037007.mp3,35dccadb2921c245c5a200492bd9df153ba83d8920df3f8f2f0517aba83a463c,Qui és?,,3,0,twenties,male_masculine,,Central,ca,,central,common_voice_26_ca,train.tsv,cv-corpus-26.0-2026-06-12/ca/clips/common_voice_ca_19037007.mp3
6b5abe7b5676724b1091ef0916c09d04403ac5dcaaa1ab4fb46b0ab60769d12167067495f9cbe1aa7c5ca2cfb8a7e22e3a7174167b78432fa4533b80a738a4e0,common_voice_ca_36826331.mp3,5c7930630d22b80196d6a65eb53211fde72ed752e5c23ab0a5c8cbee849ec9d2,La formació en línia és més tradicional.,,2,0,,,,Balear,ca,,balearic,common_voice_26_ca,train.tsv,cv-corpus-26.0-2026-06-12/ca/clips/common_voice_ca_36826331.mp3
441a5b29ade18d0ce68a276cd9b6b999da3b6097962adf5087d6ded038db30a615f4a7ad5388fea32da20a683c5f22ba382af31ec2179ffa1da247178dfe5cf4,common_voice_ca_21197375.mp3,4221beba56392cb5d9ab06e154a16372d55bc05b0fdaa78fb725cb12d71b3336,Es va quedar òrfena molt d'hora.,,2,0,thirties,male_masculine,valencià,,ca,,valencian,common_voice_26_ca,train.tsv,cv-corpus-26.0-2026-06-12/ca/clips/common_voice_ca_21197375.mp3
4dafd3b98609177f1469270b4fa9646197ec854606af7afdf8d3f84f2af72c8f33a6e568e547e3039ee5dab2185aac4d318a5f416ec15a3bf40ec96bd92ef137,common_voice_ca_22067150.mp3,75f4221fc8f20e380a4ddf322dc637383ed927392d13cd689f0d94e0ab44c1cd,Les pintures de la vida diària combinen els estils grec i egipci.,,2,0,teens,male_masculine,valencià,,ca,,valencian,common_voice_26_ca,train.tsv,cv-corpus-26.0-2026-06-12/ca/clips/common_voice_ca_22067150.mp3
a8be29239309ec46a2d45aeae724bc7e86552a95837aa5364266a0b99a1413174b0b5fb4882078df8986562307e2451d3b150d49260fbf1b1d14f994a95ddb82,common_voice_ca_34987734.mp3,3e68c076b937978fc914bf79b23f7a66d06ac864840bc55b0d8906aefe4e25c9,La malaltia que el mina.,,2,0,,,,Central,ca,,central,common_voice_26_ca,train.tsv,cv-corpus-26.0-2026-06-12/ca/clips/common_voice_ca_34987734.mp3
46098bc705768ba56decc92e627fc907363d2e384241e8df3305944a2a5c707f72d4bf6c029e0352447e7f3a27ee52e1e767a8ed4d1769579e7eb82efb003bbe,common_voice_ca_31318026.mp3,06f27b98c132203932454c1e6a0e11f4960ffe819880cacbaf78a717728a583e,Se celebra en dues sessions de tres hores.,,4,0,,,valencià,,ca,,valencian,common_voice_26_ca,train.tsv,cv-corpus-26.0-2026-06-12/ca/clips/common_voice_ca_31318026.mp3
0111c49e745e4d0df4a25f60fab585b26cd118675d44d8d0ae4d372fce1a6e7d0cf91e95efacee7f9a5c427bebbe626b6cd5827d562a916970ff4a5b8ad7c0cf,common_voice_ca_39959766.mp3,d7455692c7190ec5fb0dbd13ab0918b595e4c230e0c74436f0e11a1d1200ea28,"Es troba al municipi de Gisclareny, a la comarca del Berguedà.",,2,0,,,,Septentrional,ca,,northern,common_voice_26_ca,train.tsv,cv-corpus-26.0-2026-06-12/ca/clips/common_voice_ca_39959766.mp3
32e924cad766e548f527602e2ee436b05a7c234a0887f2dc10b0236f4373ee20ce02ff66083b03330f72f7d6396a19abad0de40d4210fe4f2b37057a1541cd73,common_voice_ca_31858703.mp3,399e4c3e3829172943c8179e3ec0499df15ef312cc45d099437cee2e5fd6f973,Demà en Drac i na Júlia aniran a Celrà.,,4,0,,,,Septentrional,ca,,northern,common_voice_26_ca,train.tsv,cv-corpus-26.0-2026-06-12/ca/clips/common_voice_ca_31858703.mp3
56c45f3884d73543ed6443d6eda60ba1c20483ee159da2ce6723e256e09d46b9c91d499f2a986de242659676a636cb4d49a05f97ffc51f98c22aaa67492c7fb3,common_voice_ca_20505577.mp3,2f3678e35f53e8c79d15c835b1ec1e47eee0ae82530139675194852e5be73424,Abona la idea d'incorporar Kirkuk al Kurdistan Iraquià.,,2,0,fifties,male_masculine,,Nord-Occidental,ca,,northwestern,common_voice_26_ca,train.tsv,cv-corpus-26.0-2026-06-12/ca/clips/common_voice_ca_20505577.mp3
7b2785d42b6f49f98aab6a1e8bf3425d7d1e54e15b7213b7a72cb6006a5fc7eaa4d318bea3a389046d8c609cf685d0499f98f6e59c7420cef684281362051317,common_voice_ca_31501461.mp3,24de67ba48cedc1abfac54d1328bee8473c748d1010e64f28059673233822af3,Actualment és considerat el poeta salvadorenc més destacat de l'època.,,2,0,,,,Nord-Occidental,ca,,northwestern,common_voice_26_ca,train.tsv,cv-corpus-26.0-2026-06-12/ca/clips/common_voice_ca_31501461.mp3
510790c5f6aafac8a398ef3ca0627eb095cbe5b7d1b1009e90ca468ffaa2fa674f00e0e0b96ab3e0efb94d0b87914b0bd6dc9b95d53d8c0dcad28942e0ff701e,common_voice_ca_37206167.mp3,6ce05faa6cd0266bcf7f53d09f0c608d9a7ed19ec0815e5f10398dd77afbb523,Estava al càrrec dels hospitals militars confederats durant la guerra civil.,,2,0,,,,Central,ca,,central,common_voice_26_ca,train.tsv,cv-corpus-26.0-2026-06-12/ca/clips/common_voice_ca_37206167.mp3
de44c31b2c3b8d65fa6f0e2d4d770bdf7557effd4905cf1057e2e4ff4ea8d762ee44dc776e8843e0af9fc3912044a5647578d07f7846620150b686bd7d3450f1,common_voice_ca_20502665.mp3,2f7de277f910e3b2c4ef640ce10956006f448830bd98fc962891bfb0cf697c8c,"La major part tenen un color predominantment verd, encara que alguns són grocs o taronja.",,3,0,fifties,male_masculine,,Balear,ca,,balearic,common_voice_26_ca,train.tsv,cv-corpus-26.0-2026-06-12/ca/clips/common_voice_ca_20502665.mp3
96c84c7c66b310b164bb3aa8b0cfa5bde4962f6e040bab0b25c4bfe48ddcdfc268960baec2cfb19a5e7d6c3d72875bfbfc0ac8fdc1b72044a2b9916fee8519d3,common_voice_ca_34972875.mp3,3d75f67d3a98db83ef1b51f34851ce2889c3ad7486f008b8f6f1e6dcd223a42d,La seva cua sempre és peluda i no prènsil.,,3,0,,,,Balear,ca,,balearic,common_voice_26_ca,train.tsv,cv-corpus-26.0-2026-06-12/ca/clips/common_voice_ca_34972875.mp3
35d47ae14ea5478f3fb4daec30f1b785f0e8dcc117d1a8fae17ac41c1f1da58040c2f0e568d678bead1c1005fd9d0ecd86f5f308f58e18870334ef2d87399dd2,common_voice_ca_37848654.mp3,85f3e7dc4156989006e83a69c577ba413ffb3c014c6f7a5bc323224012b1203b,El South Medford com el North Medford High School comparteixen l'estadi de futbol.,,2,0,,,,Balear,ca,,balearic,common_voice_26_ca,train.tsv,cv-corpus-26.0-2026-06-12/ca/clips/common_voice_ca_37848654.mp3
c02ffc5fa43cd0ca941b62649b0cdc6a2a37de7858ee5026c9948b1b590517b57304efaac6a738e85c001a179ceeabe37e9e9eb2791cb5c88e273ff5eb73ea96,common_voice_ca_38209068.mp3,a0d2eb3e3d049796fb9060f7a9b377b021b3c154bec36228279771951a39f31f,Per aquestes accions se li concedí una Estrella de Bronze.,,2,0,,,valencià,Valencià meridional,ca,,valencian,common_voice_26_ca,train.tsv,cv-corpus-26.0-2026-06-12/ca/clips/common_voice_ca_38209068.mp3
a6ad74ea6260e8219c45e05c77e755fd37612c2f9de1ab7104fb87a28bf8044e432a88448ef0485800886a333e08ae07b5df37522cdc248ae34b4e77ff386d26,common_voice_ca_30495779.mp3,588e7f2797114f33a3b276da3fec15899d33d0c11d9b9220df5d07176c45d188,Com ho puc fer per anar a Santa Cecília de Voltregà sense agafar el cotxe?,,6,0,,,valencià,,ca,,valencian,common_voice_26_ca,train.tsv,cv-corpus-26.0-2026-06-12/ca/clips/common_voice_ca_30495779.mp3
b7fc6c36d8fb8d799a53b2157da00ae1aa34e3c0eeaa96154da4f287479bb7ef2d0ba725382ebe5941e66e16765eeef6becd705c750d1ea279a4cf1ef43215a2,common_voice_ca_30809837.mp3,8a101ddd303b391f636f1a65f16a24a8f2a3e83ea3ca8709c2627e3c0eff7faf,Ni se'ns va acudir que això arribaria tan lluny.,,3,0,,,,Central,ca,,central,common_voice_26_ca,train.tsv,cv-corpus-26.0-2026-06-12/ca/clips/common_voice_ca_30809837.mp3
f07ea303db05d584a1355f789061116feb322212116d2e2dd559dc358adc2aa03272363d807510b240ce041cd72f3a7cf3d0898f2db77875dc9723fd0b59c7d4,common_voice_ca_32155805.mp3,8d345930788045b292e7243a6b6ff1089f0c1c237d650cd7e38370452e078d90,Dissabte en Genís i na Mariona aniran a Parlavà.,,2,0,,,,Central,ca,,central,common_voice_26_ca,train.tsv,cv-corpus-26.0-2026-06-12/ca/clips/common_voice_ca_32155805.mp3
5a97b67f511c43a6181edecf55c4b9fca7cebb7db30405a4cca4c0e5e6f8198288aa774ce0dfd977d1bb8f9cb9c2ecd03f2f9a596e0890fe535048e90f0d5e88,common_voice_ca_37853604.mp3,8679535e3f65a1291a9713f213b1cb003107d65353828dfd440887b9d7d68b87,La responsabilitat de rehabilitar-los fou assumida pel seu govern.,,2,0,,,,Nord-Occidental,ca,,northwestern,common_voice_26_ca,train.tsv,cv-corpus-26.0-2026-06-12/ca/clips/common_voice_ca_37853604.mp3
80923f53da66acf2b0f28ec60df4d3abd235f02e36e3f2e0984dfa8bb02386f8cefc915b10962d35598ff7412bcf483f1aa96efb129bee999e5efb5d532ff968,common_voice_ca_37545995.mp3,c02e566c534881ac806d59e3182790380f8ae4fc38bb8a65e1db291d6edefcdc,Guardar una poma per a la set.,,2,0,,,,Septentrional,ca,,northern,common_voice_26_ca,train.tsv,cv-corpus-26.0-2026-06-12/ca/clips/common_voice_ca_37545995.mp3
6389e78135c64c14efff215cd424090190ed6a0c05b5c3ef000c4a7d36c6e184b61f3a383115b1df9723a43971a4d75ccd98921a1a9a10367f85aff41943caed,common_voice_ca_37551784.mp3,c6cd48034a01ab28bfa17dd3d28661c173a5b6427647ce7a5fe0d07024703413,"A casa del saboner, qui no cau, rellisca.",,2,0,,,valencià,,ca,,valencian,common_voice_26_ca,train.tsv,cv-corpus-26.0-2026-06-12/ca/clips/common_voice_ca_37551784.mp3
972b8acae1d502748ea9ca19488b8dd7fef817780e500b093ade8423be685e9bc3e7a47d3346e000819342bd8a8ae3bcb082513fa6fbd99e86995d514e81fb6e,common_voice_ca_32120563.mp3,76a83ace794c62f76f827c28905872e54a7b06380fd79d8cfc12b445121ed51e,El vint-i-tres de maig en Gil i na Frida aniran a la platja.,,3,0,,,,Septentrional,ca,,northern,common_voice_26_ca,train.tsv,cv-corpus-26.0-2026-06-12/ca/clips/common_voice_ca_32120563.mp3
19e69c883010f29aea1b0eccba82df8d5fac1852cb63bae246a074f43a718a7e975de4a6f229fa6f75f050a09abba65bfc265b452e3a49122098ae9eecd12b2c,common_voice_ca_37574330.mp3,f6d883c2eaa48ed92df9c6f4f77e02dc7d428a8ecbfc9fc3e7fe071d9236c29c,Amb quatre queixalades.,,2,0,,,,Septentrional,ca,,northern,common_voice_26_ca,train.tsv,cv-corpus-26.0-2026-06-12/ca/clips/common_voice_ca_37574330.mp3
56c45f3884d73543ed6443d6eda60ba1c20483ee159da2ce6723e256e09d46b9c91d499f2a986de242659676a636cb4d49a05f97ffc51f98c22aaa67492c7fb3,common_voice_ca_20505521.mp3,2f9d5f59152e02db01caaebb9d662498267e86e4ffc71cccd5800af876401d86,"Recollí també un gran nombre de llegendes populars catalanes, que no foren publicades.",,2,0,fifties,male_masculine,,Nord-Occidental,ca,,northwestern,common_voice_26_ca,train.tsv,cv-corpus-26.0-2026-06-12/ca/clips/common_voice_ca_20505521.mp3
49537af2506ea55124b5031787600dbbecae39722d53d65c1b195f4d96fcb4c5543a280afd0c1df53705c2765733d96de52b30c82aeccbedd8f60a115194b7ab,common_voice_ca_36979172.mp3,64e248be73509c7e9f6b0d19c0af7d58ebf86afec0ec7b0b5a545caa29f3fd83,El capitalisme inventa noves formes de lluita com ara el dirigisme del mercat.,,2,0,fourties,female_feminine,,Central,ca,,central,common_voice_26_ca,train.tsv,cv-corpus-26.0-2026-06-12/ca/clips/common_voice_ca_36979172.mp3
6bc377b7e95c94a750885fb3982cc69b4e98b35af5a224932eaba44c89dd9cc1a219024b20932dd28b92a27900a8e20a7469d132dde3bda9a1d71055c39aee27,common_voice_ca_30882820.mp3,a391961781a0704b7583ac068e4afd0c1227e618c327b6bf9aeecf144dd34187,"Haddad ha aparegut en el canal de jocs de Xavier Woods en YouTube ""UpUpDownDown"".",,2,0,,,,Septentrional,ca,,northern,common_voice_26_ca,train.tsv,cv-corpus-26.0-2026-06-12/ca/clips/common_voice_ca_30882820.mp3
b1cdf65f915e2c32cf4649f2a8420e97034eaa6180c1626efb966b8f3f38d0c656f1a7cc2b571571520fe1b7c6c7e62510f203ac38b60bbc3bc5045d11fabbd1,common_voice_ca_30917236.mp3,b04f370d8b16458675d6e9d44c2040dd70c91bb1b65f610e6effdc99645a9bf7,Les convocatòries fraternals no apareixen al bolcat de pila.,,2,0,thirties,male_masculine,,Central,ca,,central,common_voice_26_ca,train.tsv,cv-corpus-26.0-2026-06-12/ca/clips/common_voice_ca_30917236.mp3
6d074637b0f35732f59856ff6e68bbd5fa16269274ddd0d5b7672a7f2a7bd052459d420d2dee3084c67fee51bc31e0ddb4cc772d1f54b49e809fb55f057a936a,common_voice_ca_30766693.mp3,7b4439d3fddf29c80677c216538b1195a323e08998a51525df96d70ee17cc987,També va ser l'últim cotxe de pista de terra en guanyar a Indy.,,8,0,,,valencià,,ca,,valencian,common_voice_26_ca,train.tsv,cv-corpus-26.0-2026-06-12/ca/clips/common_voice_ca_30766693.mp3
565f03cca6b2bb3c02843c581c78e85b723acc1ebaa2152d2076f4b58cefd832f57137320c5c5f3941739271c6384e9cae65fba563a365530acaa606d3205e66,common_voice_ca_29388448.mp3,18517c0e9ad19a602a7f0536689bf90929d45a16b385dcf404d216fd9f8d9eb4,Com consideraven que era la llegenda de les quatre barres els historiadors?,,3,0,fourties,female_feminine,valencià,,ca,,valencian,common_voice_26_ca,train.tsv,cv-corpus-26.0-2026-06-12/ca/clips/common_voice_ca_29388448.mp3
510790c5f6aafac8a398ef3ca0627eb095cbe5b7d1b1009e90ca468ffaa2fa674f00e0e0b96ab3e0efb94d0b87914b0bd6dc9b95d53d8c0dcad28942e0ff701e,common_voice_ca_37206114.mp3,6ceac5088d7654bf5ae6944cb8c36a651c8663e721887d9f613252a90cb59393,Dimarts na Nit i en Pep aniran a Palau-solità i Plegamans.,,2,0,,,,Central,ca,,central,common_voice_26_ca,train.tsv,cv-corpus-26.0-2026-06-12/ca/clips/common_voice_ca_37206114.mp3
b4897fbb47c0ff0027b395498cff80235b5ff3936e43a009c63ca3ac0c224c867cad8497378b5f0cd896ce1dc97fe3b118227b1085c02f8793980acc2251e564,common_voice_ca_37766170.mp3,7f8cc309c4303c66391d7e465dcca3c361f1230960344a61d04ab27746aa204e,També va afirmar que el fet de no portar armes generava una major confiança.,,2,0,,,,Septentrional,ca,,northern,common_voice_26_ca,train.tsv,cv-corpus-26.0-2026-06-12/ca/clips/common_voice_ca_37766170.mp3
8b9cea1a985f62e985f28a0af9cbe8dbc4a1629fba038a4e0e4257151537b42825ea8be440fbab03e9eeb30fe86378ea15c26d93326f9b13abb74cef3dcde4aa,common_voice_ca_37568492.mp3,ef8ed7765ba78b7f638350eb725797dccc35bb91af3fb01fc80bdebf227dfa96,Què vols? / —Caragols amb bunyols.,,4,0,twenties,female_feminine,menorquí|mahones,Balear,ca,,balearic,common_voice_26_ca,train.tsv,cv-corpus-26.0-2026-06-12/ca/clips/common_voice_ca_37568492.mp3
ae35e75f30225a20bb901a052db2d74dd3edde81a33eaeb3a5170543a320b28f54c520fe52c491b102cc9baea7059d728b0a70bc7368444854a7ecfe673ffdc3,common_voice_ca_41691743.mp3,2fbe2778904ecb7e7a7659abb1474443e34564cd072bc260389133cd877aa510,De qui es va enamoriscar?,,4,0,,,septentrional,Valencià septentrional,ca,,valencian,common_voice_26_ca,train.tsv,cv-corpus-26.0-2026-06-12/ca/clips/common_voice_ca_41691743.mp3
54fb9f7404b5fdc62c215618683436be38e5640e8e1c1c8042d66d36074dc0a25bc96d9efba718d672b573deedb3031988817f7935737e293e8f8ed9d4961209,common_voice_ca_31024215.mp3,d7156aa6e1fff79ac9e43a6154d56d6f0af1a1267e9164ba94985e79be0a1cfa,Dos acusats van ser absolts perquè el jurat es va estancar.,,2,0,fourties,male_masculine,,Central,ca,,central,common_voice_26_ca,train.tsv,cv-corpus-26.0-2026-06-12/ca/clips/common_voice_ca_31024215.mp3
c74df5b0c9d3aca9fe568886af71d181bacefb38885a0bd0c0211aeaad0bf4db5b6ec0968896578ed6b79fc445cc7a625932885dc20945416ee53dfb72f3e027,common_voice_ca_19031977.mp3,0d5c1f58a197b5e7847593fb27d6cce61a60fbc85e3773cb48812979b01eb437,El cor em fa un salt.,,3,0,thirties,male_masculine,valencià,,ca,,valencian,common_voice_26_ca,train.tsv,cv-corpus-26.0-2026-06-12/ca/clips/common_voice_ca_19031977.mp3
40075ea7c6e458a19c0c6b8de4bdcc3ec31df4ef3ace231161f19114ca5232a6b505056ac237f8c58275b2e5b539014b86189b1d7cb757b5ff6d7fe3cbcc2506,common_voice_ca_37601891.mp3,5529b4ca245d87f778467c304559375a5db59e9fb8044039c63ce993a4356e6f,"Quan vegis trencada una espardenya, no estarà millor la parella.",,2,0,,,,Septentrional,ca,,northern,common_voice_26_ca,train.tsv,cv-corpus-26.0-2026-06-12/ca/clips/common_voice_ca_37601891.mp3
897c3401b4a35d8fad5966bf8c4dce6d94837c76e46e8131a8bd70527f6e1d8c9f59053d0a56425d7dee71939280ac3c38df14e976f613cb906d7187d6141297,common_voice_ca_23760721.mp3,af8051ded2d51143a1f6d35718eaa79d5c3dd4bba699a663c8f8ea6a5b69a147,Els brots de bambú d'aquesta espècie es mengen bullits i de vegades com planta medicinal.,,2,0,seventies,male_masculine,,Central,ca,,central,common_voice_26_ca,train.tsv,cv-corpus-26.0-2026-06-12/ca/clips/common_voice_ca_23760721.mp3
c2be4f7a8e3952aecc0488ca451560ffab4199d88486c3c26fec5e00f11e9724ce012b2f76ee61c223acf5503a9d90422085f68366d995a31d586558dda7a2ef,common_voice_ca_37603153.mp3,5b2322e1ec4f0ec3063309d4aac1358a8f3a1acf20a8fa95c1d126f4c98a5726,De rialla fàcil.,,2,0,,,valencià,,ca,,valencian,common_voice_26_ca,train.tsv,cv-corpus-26.0-2026-06-12/ca/clips/common_voice_ca_37603153.mp3
8b9cea1a985f62e985f28a0af9cbe8dbc4a1629fba038a4e0e4257151537b42825ea8be440fbab03e9eeb30fe86378ea15c26d93326f9b13abb74cef3dcde4aa,common_voice_ca_37568652.mp3,ee045acd0ce0efde984f568c3a6b96e979932e7169ce48c29e8714d9e838b06f,Ser capa de lladres.,,4,0,twenties,female_feminine,menorquí|mahones,Balear,ca,,balearic,common_voice_26_ca,train.tsv,cv-corpus-26.0-2026-06-12/ca/clips/common_voice_ca_37568652.mp3
36221a9e7fec2de626bfd23c9ad1c7ba2b50d0ad5dceccce914d1d02903f9c097b6a6a870bfcbf4b5b9b2519209cc1954d9c66b8b9c50ea365873879dd9e1624,common_voice_ca_17378262.mp3,39ef782ce7ce94d9301892a8cf287b663545efa596c9e1345cc2533728cd6c83,La resta de talussos tindran uns pendents suaus i seran recoberts amb gleves naturals i sembrats.,,3,0,twenties,female_feminine,,Nord-Occidental,ca,,northwestern,common_voice_26_ca,train.tsv,cv-corpus-26.0-2026-06-12/ca/clips/common_voice_ca_17378262.mp3
8e5c6f3cc3342a01a9f0ff06a621ebd39a04b92fe240a1b83d41f3fd9cd2fa6e6f40fa1b2bd31e5d8e7b33442e2be4d4823c4595187c36f02e148ef7169e7de4,common_voice_ca_37593691.mp3,3c3f4bb1d8340e19a3d496fbae87515ff36db67a4750d59b0e2272e38cc20190,"A Molins de Rei, lladres.",,2,0,fifties,male_masculine,,Nord-Occidental,ca,,northwestern,common_voice_26_ca,train.tsv,cv-corpus-26.0-2026-06-12/ca/clips/common_voice_ca_37593691.mp3
872c70c8e020dbc2b83e883096316d7378e567905778dc1ccaa8e30d2f373496d7ee0d9b73aeaef6465a87afa54b15ffd29992b8b4d7c8476238168df51a456c,common_voice_ca_33418024.mp3,ed5c734942e435a3b1e1379f4994559f95b7e52be45b6a897b2c8fd4f2d66884,"I cap no n’ha pagat un preu tan alt, ha reivindicat.",,3,0,,,,Balear,ca,,balearic,common_voice_26_ca,train.tsv,cv-corpus-26.0-2026-06-12/ca/clips/common_voice_ca_33418024.mp3
36fe013dbca4fa216e65d5462b17ab01ce129aec7cbf31bb0514978c694936625d0d34a741f2def54cda3b075777e3376e6ebf6d5372377ccfe37d9e6f13d067,common_voice_ca_30845572.mp3,96774e8b6171d3ba29604e43ba99b4d3339ef750e0364cce362036e574826424,El combat es va aturar trenta-vuit segons en el primer assalt.,,3,0,sixties,male_masculine,,Nord-Occidental,ca,,northwestern,common_voice_26_ca,train.tsv,cv-corpus-26.0-2026-06-12/ca/clips/common_voice_ca_30845572.mp3
41bdeb7b29261ebf93c9c26d118d48e696a5c5a146bf899edef0e3328f89bc91033cef23d3bd9c17627f396ba8841cf9e4326a78d11d8a33f39301358f229767,common_voice_ca_30742051.mp3,71eff92048d8acd627e136c22a254f08a05e1b1138abba542ae731802381036b,He d'anar a Traiguera amb tren el disset d'octubre al matí.,,6,0,,,Lleidatà,,ca,,northwestern,common_voice_26_ca,train.tsv,cv-corpus-26.0-2026-06-12/ca/clips/common_voice_ca_30742051.mp3
ca4f36c6da1079f48fa29ba34af568a122410ff6ec072c88089450792e91fdfa082487fcedca663069120695d64e941cda6150b817cc76f035da7316ef1ae453,common_voice_ca_31891492.mp3,3fb10caf180c88ad4e35c99f3016900e4bf08694c3fbae1ec326af7b3475cf55,Demà passat na Tura anirà a Portbou.,,6,0,sixties,male_masculine,valencià,,ca,,valencian,common_voice_26_ca,train.tsv,cv-corpus-26.0-2026-06-12/ca/clips/common_voice_ca_31891492.mp3
360035274e162bced4d642301046971a53f1ffd2c85fa1e2cfdbc381d6c090d5a0cb251a84e65e15ae25c29b01bb35825825dbc95ad147749e01c92506b89ae0,common_voice_ca_31436367.mp3,1af35ee168e39b43c58e3e4ec2833634c6ab18c3ee2e7c573e1545f8805dba29,L'entitat ha estat premiada en diverses ocasions pels seus projectes d'interès social i mediambiental.,,2,0,fourties,female_feminine,,Nord-Occidental,ca,,northwestern,common_voice_26_ca,train.tsv,cv-corpus-26.0-2026-06-12/ca/clips/common_voice_ca_31436367.mp3
2f5536ba6dc7d8e76ec8a5246235aed684faac48f165350b5a44652704514d7aedca474fbba37786bd502025a29c98c100b326711bf109af66b555c3a916e020,common_voice_ca_37007794.mp3,6674c3c86ae655a2c525ed0b1275372aaf19a441af7a5a07eda890e8a8ff443e,"Em dic Yahya Morte: ema, o, erra, te, e.",,2,0,fifties,female_feminine,,Central,ca,,central,common_voice_26_ca,train.tsv,cv-corpus-26.0-2026-06-12/ca/clips/common_voice_ca_37007794.mp3
80923f53da66acf2b0f28ec60df4d3abd235f02e36e3f2e0984dfa8bb02386f8cefc915b10962d35598ff7412bcf483f1aa96efb129bee999e5efb5d532ff968,common_voice_ca_37545993.mp3,bf98d20d4a0cca4828ef347bf89b475b2b2bf1e7df53588bc887d4c0b5fd6abf,"Bugada de divendres, no hi val sabó ni cendres.",,2,0,,,,Septentrional,ca,,northern,common_voice_26_ca,train.tsv,cv-corpus-26.0-2026-06-12/ca/clips/common_voice_ca_37545993.mp3
c8c124b53f85679a623f43977d1e02b0b627942c95f1a893c9cb164dbb28522c75c323809432e839804c78fbe258c618335eac5515d94754163d0c5bf90b50dd,common_voice_ca_34505526.mp3,387b89b302bdcfb6f2f0fc00dcbdaec2f6b859d5f6f86144a4aa8f91f22d6186,La filologia comparada pot considerar-se en gran manera una conseqüència directa del moviment romàntic.,,2,0,fourties,female_feminine,,Balear,ca,,balearic,common_voice_26_ca,train.tsv,cv-corpus-26.0-2026-06-12/ca/clips/common_voice_ca_34505526.mp3
f857e92f68329b5f04cc61eead534ce1764f37d3bc581509843cffec05c329f47c206677cfd3c88f7dacc5382d7a5d207bdc133576e390da145d74327741e705,common_voice_ca_37588866.mp3,2a57679a4ba31b870fbced5c40cfda6aa4c62cb3967062140428bac92622edcf,Fer anar la cua.,,2,0,fourties,male_masculine,,Central,ca,,central,common_voice_26_ca,train.tsv,cv-corpus-26.0-2026-06-12/ca/clips/common_voice_ca_37588866.mp3
974b5ddd7809db7af95f3ba217120eaadeb222515d7525c383cc7e8fc3e1fbc99b3f666c01577638b1d00edef3cc52c1bcadc249e97ab5f203be0f727a73c5fc,common_voice_ca_37562890.mp3,df1f7af649f1b73cb67bb35a7ade694c6d21d0bccedf5f08ffd79b2bd4f66216,Concurs de truita de la Societat Diadema.,,2,0,,,,Balear,ca,,balearic,common_voice_26_ca,train.tsv,cv-corpus-26.0-2026-06-12/ca/clips/common_voice_ca_37562890.mp3
5817204189c6965681027eacbcc1548ac8192871f4e4d2a6e11855f4554073fbde5c6d955946da43a95a60575540501aae933a5816c79ca5a4a07f9d29418046,common_voice_ca_37602957.mp3,59dddfca5fa269980fd6dce1674e4119f40929726062da7e84fb815e96b32da1,"En acabar, animació infantil i repartiment de coca i xocolata.",,3,0,,,valencià,,ca,,valencian,common_voice_26_ca,train.tsv,cv-corpus-26.0-2026-06-12/ca/clips/common_voice_ca_37602957.mp3
bdd1b47ce29b646516e4a4b340094feab0e8930daf97cd937e184a420467c48bedc28154d825fd129693106087716f82df9b17ffa34e516c4165724dc12cbca3,common_voice_ca_17479079.mp3,650d9ca201b67f0d92128b99e33ac548217e90915d23af540359a85179b53d79,Ara se'n recordava.,,3,0,twenties,female_feminine,,Nord-Occidental,ca,,northwestern,common_voice_26_ca,train.tsv,cv-corpus-26.0-2026-06-12/ca/clips/common_voice_ca_17479079.mp3
110ca2a81f7cd0de47f6abe2307c142e480b4dfa03aa00f08471ffbb181d416d1ee8b0703af74e45c67ea544c431dca69035d8e8e25aa288b84f41f48dadca3d,common_voice_ca_21333396.mp3,4b5f2ad96eca07aa8d8b9621b7ba6745df324c9202f55ed3c5cff3dbede0660a,"Prop de la torre, a l'angle nord-est, es conserva l'arrencada d'un bastió.",,2,0,twenties,female_feminine,valencià,,ca,,valencian,common_voice_26_ca,train.tsv,cv-corpus-26.0-2026-06-12/ca/clips/common_voice_ca_21333396.mp3
605a725b8477f13ae3609b9c9806223a494942e9b1f78aeab7ac4271501e631ff1545dd649b06c4d9480a05aa55cec567a3d507fde6d5696a2bf42829ee7c5ee,common_voice_ca_31854142.mp3,3796cf1ee26c30e67e25507490e600def28e0191ba7e1a0bff2feedc139227c4,El vint-i-nou de febrer en Marc i na Laura volen anar d'excursió.,,5,0,,,,Balear,ca,,balearic,common_voice_26_ca,train.tsv,cv-corpus-26.0-2026-06-12/ca/clips/common_voice_ca_31854142.mp3
a6051fd230a2e09f163c8c3a57967e239caaadfb88ba63ea5b74639db75f398553e2f81a1d9fa2a1aea1157bc435c1d81cb1a9343e711e6fcce668d5f89954e3,common_voice_ca_38040187.mp3,94e8eebd1431fd713d3a08293cd4e3037db0e79611455da460070699bc41e2e4,Posteriorment també hi va intervenir Frederic Marès.,,2,0,,,,Balear,ca,,balearic,common_voice_26_ca,train.tsv,cv-corpus-26.0-2026-06-12/ca/clips/common_voice_ca_38040187.mp3
e47ba84149ba38207e7afbf7dd42eb2cd9f211ffe9e3f77b0d01f290ce5020039a39fe44b8156c122b41205afe53cb26f200f5d56156e45eb47a8f4f4b5497f0,common_voice_ca_33486348.mp3,19f834c1fe991e772e4d3e40b01d48b00a0c53784fa739efd0a370209b8ae906,"El Tribunal Suprem, amb majoria conservadora, podria tenir l’última paraula.",,2,0,thirties,male_masculine,,Nord-Occidental,ca,,northwestern,common_voice_26_ca,train.tsv,cv-corpus-26.0-2026-06-12/ca/clips/common_voice_ca_33486348.mp3
107839c0a57701a2cb8b87344d30ac8f93828c76afde5d281264928a93715f923e4ec713b727979c85c6f6f4024eff43a326b31723e343c6cb5ce2055b8351b5,common_voice_ca_32241318.mp3,a8049e0caf3686bba98cbf3c7cff655ba3893de2ed86ee72416c14a58913300b,Diumenge na Gal·la i na Jana aniran a Carlet.,,2,0,fourties,female_feminine,,Septentrional,ca,,northern,common_voice_26_ca,train.tsv,cv-corpus-26.0-2026-06-12/ca/clips/common_voice_ca_32241318.mp3
4f0c1f38d95a7619d3e26688a1563af5c9777d262bd8ef2cf43ac2ccc2f450ac26dee0255f8a36d9a8287bad2b2d437ad8a338ebaedfc96df54866af6bb73575,common_voice_ca_27579008.mp3,463878a4a84039905e8b28a20dae428a70852b1b7734f7cb4468dfdf438ebcc7,"El bisbe Clarke va servir a l""església en senti ampli com a president del Comitè educatiu provincial.",,2,0,fourties,male_masculine,valencià,,ca,,valencian,common_voice_26_ca,train.tsv,cv-corpus-26.0-2026-06-12/ca/clips/common_voice_ca_27579008.mp3
5e1cddcfdda2f98aa92e0567716a9af5f3623fe6c8c87847c264d2e33a4f5d303c99564beb09bf741e5bca3a027f7f6ad9701a9cb9fd94c70a5525f9e8da2b2e,common_voice_ca_32197264.mp3,96cba2be6b3aa1eb627f81c5e65a464706c7c75b7dcd92013e5b1328ce27f47b,Així comencen els aparells per a mesurar la intensitat d'un corrent elèctric.,,6,0,fifties,male_masculine,valencià,,ca,,valencian,common_voice_26_ca,train.tsv,cv-corpus-26.0-2026-06-12/ca/clips/common_voice_ca_32197264.mp3
dd8068a400119e6797c71b945d381d7f4b68c0806e749c8a8df42764541332dd550b4883f688e6aa9f8dbdc0a2abe2845dc0c76163e3bcc3019b27a81e945c8a,common_voice_ca_17539369.mp3,e0adbce60a9d70321ce8705093d66cc33b24ee071fe0e33792220823728856ad,La sarsaparrella és una beguda refrescant feta amb el suc de les móres que va tindre en altre temps un cert èxit.,,3,0,fourties,male_masculine,,Nord-Occidental,ca,,northwestern,common_voice_26_ca,train.tsv,cv-corpus-26.0-2026-06-12/ca/clips/common_voice_ca_17539369.mp3
2f55a7c95d32f67466d47753c4c565c390df971606ab50b9d90a997bcaba14e94bee8857c7db84f731956c77d7c6fe788925ba3b04457ef94f4b8eae25303dfe,common_voice_ca_36828359.mp3,5cb713601fc0b57df8c6d56f3e00a034e737306ece3854007f889f504fe76bce,"Estació de l'aeroport, connectada a la terminal per una passarel·la.",,3,0,sixties,male_masculine,,Nord-Occidental,ca,,northwestern,common_voice_26_ca,train.tsv,cv-corpus-26.0-2026-06-12/ca/clips/common_voice_ca_36828359.mp3
0336780475a5c299071b7ee8249d4d4f348cfd9cf41651af74abde09d3b98a702ef33c7b0f7aa6e7ccb3bb0f198c604cd5dfdcb5bdf01bbbe5bad0b699b434ff,common_voice_ca_30846509.mp3,96915000bdc5df32c235caa714e40168421e21854e14afaa2dc695dc2672ced7,Quantes parades té el trajecte en autobús fins a Fontanals de Cerdanya?,,3,0,,,,Septentrional,ca,,northern,common_voice_26_ca,train.tsv,cv-corpus-26.0-2026-06-12/ca/clips/common_voice_ca_30846509.mp3
c0f253613a9e4ee63818a9cd4aa7a7f4e91526b887640ad26dd23d57311e7b26545b72dc8de3ed1fb41bf7cdd9fcc4d0c60c16890bca334891a915cc34d25c1f,common_voice_ca_38080871.mp3,97fef1e21604de1e537ecc308ed77796672297a0ab7bd1ba5b8aa8d7e2dfefc8,És una església d'una sola nau coberta amb volta apuntada.,,2,0,,,,Nord-Occidental,ca,,northwestern,common_voice_26_ca,train.tsv,cv-corpus-26.0-2026-06-12/ca/clips/common_voice_ca_38080871.mp3
a0af491c763451e72794d696fa2984e66da789fc4a422c93c4710ca5e82ca38b36dfbd0a2638a990cbe838b5e31002e97ef7edb2f80cbcfc3a02c6693b8f3177,common_voice_ca_30757971.mp3,77c472a155642bd282bb3b4530a1bbdcb7cc533e1ebb40019cb563b2a4cba23a,Hauria d'anar al passatge de Tàrrega número cinquanta-quatre.,,3,0,fifties,female_feminine,,Central,ca,,central,common_voice_26_ca,train.tsv,cv-corpus-26.0-2026-06-12/ca/clips/common_voice_ca_30757971.mp3
f213253eb290eb8068851d9d5625cd99a2d9548d5584a70b59e70c7107221ef5177cdd291dbe623d0f1ec45b983f163ec3ab9ade0a3a43c1b309d437dd08068e,common_voice_ca_38491038.mp3,b2d76806eadf15cdb99f1390c1b627d4cd6f086652f11f592a3448eb8c99c4f9,Els personatges marxen alegrement a la revetlla.,,2,0,,,nord-occidental,Balear,ca,,balearic,common_voice_26_ca,train.tsv,cv-corpus-26.0-2026-06-12/ca/clips/common_voice_ca_38491038.mp3
88ec4ff5a1b0ffdabfe62d068286c851ee64c428883e56f32af14b59756d5846be9d46e5a777c4c22f2dec9596a1a44ed3aa75f1fb0231923cbd4ab59f1f9c47,common_voice_ca_31111104.mp3,ec995beb8dcdda25bf09f122e7ca9a5b05ff5813aa8c7d2677e8a5f1802516c9,L'estació ferroviària de França es caracteritza per la gran monumentalitat de la seva fàbrica.,,3,0,fifties,male_masculine,,Central,ca,,central,common_voice_26_ca,train.tsv,cv-corpus-26.0-2026-06-12/ca/clips/common_voice_ca_31111104.mp3
66bd67e6893a5a8d1f1c24ddf17636e04d1623c17c11d57a83fc022a43c38796544cdfee368fe8783d48b8f2745d551e57aca0a81fbcf5971fade8516eb02001,common_voice_ca_31241499.mp3,fc5a0b96db24ba8ff141d179e832fe10eb81f2b5cd6774d378be106b13390bee,"Es glaça des de finals d'octubre, començaments de novembre, fins a finals d'abril.",,3,0,sixties,male_masculine,,Central,ca,,central,common_voice_26_ca,train.tsv,cv-corpus-26.0-2026-06-12/ca/clips/common_voice_ca_31241499.mp3
cc69090f1f4fe27135992102671f6d8a93793d68bdb2719f295f52385192845cab544b6ae27f74e4540e25cb3d3c06e200db332cb5332bb6a06fbc6d25a1fb45,common_voice_ca_37634644.mp3,78c869104b536bdde2302cb4dda876146ba3bd790870908146af801a643409f6,"Pretén que torni a l'estat primitiu, a l'home natural en la seva essència.",,2,0,,,,Central,ca,,central,common_voice_26_ca,train.tsv,cv-corpus-26.0-2026-06-12/ca/clips/common_voice_ca_37634644.mp3
d6e066325d407aef9743f94335a75f6b2efd577791082b52b5df5033c543b84774a0204eae3762dd3e2536307a26a49ab4bcebdb7154f504e369fe6a41f88118,common_voice_ca_40670528.mp3,0d54b491aa46e69b91969aa15b6cc70a4c074e06c59756c808e1f6baa3c1ba5f,Per a qui serien les dues versions que va fer la junta electoral?,,2,0,twenties,female_feminine,valencià,Valencià meridional,ca,,valencian,common_voice_26_ca,train.tsv,cv-corpus-26.0-2026-06-12/ca/clips/common_voice_ca_40670528.mp3
20b276c981cfe43e0e92f612abeb9d79cf59ad4feb6f99a415e32bf5a79d0b69c003918aa38e92b43793417f7c4b498b1e650906a4b26247fc67a522bb92a05f,common_voice_ca_27549479.mp3,4421aa1d65824f724ff8eef9cb7c388ff3821c3e751f1609e9f75da06e1ff024,Laghi era amic personal de Golda Meir.,,2,0,teens,female_feminine,,Nord-Occidental,ca,,northwestern,common_voice_26_ca,train.tsv,cv-corpus-26.0-2026-06-12/ca/clips/common_voice_ca_27549479.mp3
091c2bf8b5acbdea9e7719829a24ccbe15f756a3485cef6652c5814fcdad91078f6ef53c19048e5ff201c8331dc8bf9fa69a64dbaef160f3da2222c5be93d85b,common_voice_ca_31183253.mp3,f032ca920cad44c2d30550f57e40ee2ff7663cd0a98fcce4542ebabfc072c7c4,Maria Cristina Cristóbal Ruiz és una candidata política nascuda a Barcelona.,,3,0,,,,Balear,ca,,balearic,common_voice_26_ca,train.tsv,cv-corpus-26.0-2026-06-12/ca/clips/common_voice_ca_31183253.mp3
8d696eed43c55020f1b591ce0e6f9548fa4e4c558290587f9eb8209fd580dfb48aad892e442678528bf76ce1874e9e29ca51b795fbf6080060cf086fc5e93457,common_voice_ca_32413002.mp3,eb442940441d5139d02b5cfea4c2fc0550ee401ee3c9ce5e4a571b6b923e1dbd,El vint-i-tres de maig en Garbí i na Txell volen anar a la biblioteca.,,6,0,,,nord-oriental,,ca,,northern,common_voice_26_ca,train.tsv,cv-corpus-26.0-2026-06-12/ca/clips/common_voice_ca_32413002.mp3
ae35e75f30225a20bb901a052db2d74dd3edde81a33eaeb3a5170543a320b28f54c520fe52c491b102cc9baea7059d728b0a70bc7368444854a7ecfe673ffdc3,common_voice_ca_41691746.mp3,2eff483dde62edeb3b84b5f9321f771541b899a343934c23557ac2d9055c10f0,Què li passarà ara?,,4,0,,,septentrional,Valencià septentrional,ca,,valencian,common_voice_26_ca,train.tsv,cv-corpus-26.0-2026-06-12/ca/clips/common_voice_ca_41691746.mp3
956dfaa558d895a75bffb37d8a3a8e035f52206724b543e3c4f43ad9fbf0acdbac23d8e811e1c162595f62e9b7bfc88363482feceab47260ff1ab36adcf7fa61,common_voice_ca_38078676.mp3,97e1535073f00650d5c3a035060172a74b7270eb185707b6918fddb11beadba1,Just com un òrgan.,,2,0,,,,Nord-Occidental,ca,,northwestern,common_voice_26_ca,train.tsv,cv-corpus-26.0-2026-06-12/ca/clips/common_voice_ca_38078676.mp3
68eb1f2c559fced575a78518ab0b267a60f1877dbe6d27410d56a1d8b178f1d16e428e59044ccc5aec49404a487c82ff27d848a06453ebdb52b24222513ba302,common_voice_ca_21565545.mp3,5b4b3f57fbe598d3310e5833e2f569e4c48b02e36630f0a172e01b9312e50aa9,"Durant les dues següents temporades forma part del planter de San Mamés, sent suplent.",,2,0,fourties,male_masculine,,Balear,ca,,balearic,common_voice_26_ca,train.tsv,cv-corpus-26.0-2026-06-12/ca/clips/common_voice_ca_21565545.mp3
fad66bef17544deb356033bebb30d9ca9073f2ce2b272a20bfe61491474e14b2060bb27b1bd58a9a1e3e58e037c419340fa4de5ffdd780a88d84858c3d0a5c53,common_voice_ca_19136258.mp3,ffd82543bdc07025ca27812170ba498fa1614ab83e7d4b2fb1d4baa21cf8eddb,Instal·lacions que utilitzen carbó de l'apartat dos.,,3,0,twenties,female_feminine,,Central,ca,,central,common_voice_26_ca,train.tsv,cv-corpus-26.0-2026-06-12/ca/clips/common_voice_ca_19136258.mp3
bfc416e200027b9e71a4745707f20d89488ec3b24c9e6877a5127bb3d2a174628c59264a42697f603ad733cdda043fddb9499f61c861cb7f78536160c14e3c67,common_voice_ca_30956098.mp3,c000094f80e51d6bdfcd84f01a957e8e38b676a1f6d7d3dae2531f0bf580caf3,"Per sort, el mòdul de l'equipament va cremar el mòdul d'origen i la càpsula es va reparar automàticament.",,2,0,,,,Nord-Occidental,ca,,northwestern,common_voice_26_ca,train.tsv,cv-corpus-26.0-2026-06-12/ca/clips/common_voice_ca_30956098.mp3
c4034d52d21c475bfc0be93cbc9f02368f578817f838c25abd702e39d477a45f551db8b839f00bbe9c9aed5511ce1f083f8cf1add51797e85151bd324a2de6b7,common_voice_ca_32119716.mp3,76e42b8804cfb83f6bcc3809c08fb33be2534fc510751f3440b95c991c229e01,El deu d'agost na Nàdia i na Nara van al Poal.,,3,0,fifties,female_feminine,,Central,ca,,central,common_voice_26_ca,train.tsv,cv-corpus-26.0-2026-06-12/ca/clips/common_voice_ca_32119716.mp3
efc9a3c13444af1a75d84479ccd9c4ea35a31e47fa9917d992b2742e0f696388c874719786e52fef27a1ac296726131d8227276490163476128f0b1b2d6ae74b,common_voice_ca_19047562.mp3,66120324e1e9ec728140ffb9973ee272c5152bb62aacfe904f3bbd81cd92410b,"Qui t'ha fet el nas, que et tinga al braç.",,2,0,fourties,,,Central,ca,,central,common_voice_26_ca,train.tsv,cv-corpus-26.0-2026-06-12/ca/clips/common_voice_ca_19047562.mp3
b3f29c709dffc40ad1bb2bc100e0358eaab5a36387427cff9d58aa4af1d5f4e58d409bb31e79fb22d4e9b876e34c4426abb3ec2e2b393253e3f1beede50c6684,common_voice_ca_31179174.mp3,d2349737688f48b9149a314a313ebe697e9d32d55cd1a2a40d716f5352d345c3,Eusebi Fargas i Alió va ser un pedagog nascut a Olot.,,3,0,,,,Septentrional,ca,,northern,common_voice_26_ca,train.tsv,cv-corpus-26.0-2026-06-12/ca/clips/common_voice_ca_31179174.mp3
5704bc36cf6ca14a600d3d134945ba90accca770b1c14da9f4134ae166e0b1485a3d1688978378e2c022e86c2e601deb1a4aa097c0f7a69e2113c18d9abb31cc,common_voice_ca_40351984.mp3,e3c09ebce0f460734ab693708597d558d052150d97f4a9bd46faea2571f86b31,Demà na Nina i na Clara aniran a visitar mon oncle.,,3,0,twenties,male_masculine,valencià,Valencià meridional,ca,,valencian,common_voice_26_ca,train.tsv,cv-corpus-26.0-2026-06-12/ca/clips/common_voice_ca_40351984.mp3
c6d5583019e9e0b98276e10adbb27249fdedb360eb40333ae87b623b085db10f32ee3e5b5f3a953ffbba442aa082941cce3bfff998af37b280b3fbfaff29aca5,common_voice_ca_30929384.mp3,b57d015bc5d37dd7883a5b0ca393dfe839b2a08ebc756f5ec4cda035b87d6c8a,"""Trump"" va ser un dels diversos submarins de classe T totalment soldats que es van reconstruir per un millor rendiment sota l'aigua.",,2,0,,,,Central,ca,,central,common_voice_26_ca,train.tsv,cv-corpus-26.0-2026-06-12/ca/clips/common_voice_ca_30929384.mp3
ac65c7953270b4e8ab5356dbb3620504b2ecbdaf7c6153581995dd41e3b4d1fccc5bd345c6ff10c85fe793c4b1e39f9cc72106aa910dd7c62088bf0675f06732,common_voice_ca_38625882.mp3,bc4aadbd421bd972bc728fad133118fcba78ce405707ea5c0562bac1f790e50e,Vull que s’aclareixin i s’esbrini si hi ha hagut alguna injustícia.,,6,0,thirties,male_masculine,central|valencià,Valencià meridional,ca,,valencian,common_voice_26_ca,train.tsv,cv-corpus-26.0-2026-06-12/ca/clips/common_voice_ca_38625882.mp3
eb4b7c51d4407ab5b1e88529b5c688c9b4a52390978bee845d65e249cedcce08709f7ed1555321ee5ec18a9a333be53a8fd62228ef789e3ca91755b40d5e16c3,common_voice_ca_31861534.mp3,3a5c7abd49cdcf894335e656bf0375be946dabd3546c2be94f59284651b2b024,El nou d'octubre en Julià anirà d'excursió.,,3,0,twenties,female_feminine,,Nord-Occidental,ca,,northwestern,common_voice_26_ca,train.tsv,cv-corpus-26.0-2026-06-12/ca/clips/common_voice_ca_31861534.mp3
441a5b29ade18d0ce68a276cd9b6b999da3b6097962adf5087d6ded038db30a615f4a7ad5388fea32da20a683c5f22ba382af31ec2179ffa1da247178dfe5cf4,common_voice_ca_21847024.mp3,6bfb84c55ca5300e98b563f9673b601a03a5449b1a9acdd5c6d2772a1345e57f,Hitler va prendre això com un senyal del destí.,,3,0,thirties,male_masculine,valencià,,ca,,valencian,common_voice_26_ca,train.tsv,cv-corpus-26.0-2026-06-12/ca/clips/common_voice_ca_21847024.mp3
5373d9b5ddba5b3c9b74f66afc69eb5e2c2be533b6326125a45ecf198b498a83017c558851b0513fa1a120cd78155a5033b794b59dc88997622f1ac06db2f570,common_voice_ca_31929943.mp3,4cf453759291583be0095c54120ccc8d893b014cd5b27e5da50de58628eae452,Demà passat na Cira i en Drac aniran a Quesa.,,4,0,,,,Septentrional,ca,,northern,common_voice_26_ca,train.tsv,cv-corpus-26.0-2026-06-12/ca/clips/common_voice_ca_31929943.mp3
946e48221165eebfad8f2d37915272b8b380feda6affd1c01f5cf7162702c61c6bf6080a5600981da49cc0827835c46c897f009bd8c78365ee4c59f38f121f2e,common_voice_ca_30853541.mp3,98e75231e8b3fcd629829d9c2604026750f7347a62ec0de9d05b42a53c74f919,Servei d'informació professional,,2,0,,,,Central,ca,,central,common_voice_26_ca,train.tsv,cv-corpus-26.0-2026-06-12/ca/clips/common_voice_ca_30853541.mp3
5d2ff0fe49bb35783381063aa086ce674487e7aa588e122f12366d7c861335538d3f40025d7db5b7bab6ad1926aefda6b049690d940baccfbaaabdb5d709d39f,common_voice_ca_31507727.mp3,2591f873ee3d2eb3f28c8b6c723785fa1058d3254aab88e4e54d7a11b1df84da,"Durant la Guerra de Successió espanyola, va prendre partit per la causa borbònica.",,2,0,,,,Septentrional,ca,,northern,common_voice_26_ca,train.tsv,cv-corpus-26.0-2026-06-12/ca/clips/common_voice_ca_31507727.mp3
b3f29c709dffc40ad1bb2bc100e0358eaab5a36387427cff9d58aa4af1d5f4e58d409bb31e79fb22d4e9b876e34c4426abb3ec2e2b393253e3f1beede50c6684,common_voice_ca_31147181.mp3,f30f9d83482d8f6894a0a527cca3e0d6458faa151f9f85675be4cd6dac1c5370,Cada llar va oferir refugi a una família ampliada.,,2,0,,,,Septentrional,ca,,northern,common_voice_26_ca,train.tsv,cv-corpus-26.0-2026-06-12/ca/clips/common_voice_ca_31147181.mp3
cc97b8b421c6c7d658ad352bc6c268206077f77aae7f626582c236e014698664ae5dd461c28ca0a6dd86526321b3584abae888294e3d87ef838009907ca8cf8b,common_voice_ca_39808378.mp3,d2da3c3eda07e48fb1f81499abf8f2d2cd8f77462e6ad37ac7a8576b5cfb2815,La professional de la pedreria que sempre ha assistit a tot.,,4,0,,,,Central,ca,,central,common_voice_26_ca,train.tsv,cv-corpus-26.0-2026-06-12/ca/clips/common_voice_ca_39808378.mp3
e8ebb1a7077837d668a0d217ec51b26816a06d43b206b1fffa2150fa9a37365405a1532b7ef60fe14f656c3d6e1c56b739fd12b039bb37ac4830511907a000c6,common_voice_ca_37621221.mp3,777b0df9fb38d1aef563a70d92be8c18c59ce94c1999c25517dbbe85893a9b48,Mar gris.,,2,0,,,valencià,,ca,,valencian,common_voice_26_ca,train.tsv,cv-corpus-26.0-2026-06-12/ca/clips/common_voice_ca_37621221.mp3
9a460810552af088edc43c43389d91e9f2844641708b8adae4bfb5a84a2899114dbcaa3fb2ed94ea40619735db3b2180d3ada4e8e54e00e4e588ca8eab2a3253,common_voice_ca_38153416.mp3,9c5046f7a3b9ad5a13a878233797e0ddd3eb061a090b21949fb835e7adb84355,Borrow és un home gai declarat.,,4,0,,,"balear|aprenent (recent, des del castellà)",Balear,ca,,balearic,common_voice_26_ca,train.tsv,cv-corpus-26.0-2026-06-12/ca/clips/common_voice_ca_38153416.mp3
b3480025157f80b54a8ec0282b27baa14ebcf849e06354bb7c4caeed9b00ccd98e433465316ee7a8e92edd7131d002754dff0b7ed8a5a9cefd8452bceaf78696,common_voice_ca_30920486.mp3,b17bc6d8b697450d1744cc69a8e61c5a46ceaf5f4de08fe0dc0ed33070bfdc81,Així era l'home que havia estat seleccionat per comandar el nostre vaixell.,,3,0,,,,Nord-Occidental,ca,,northwestern,common_voice_26_ca,train.tsv,cv-corpus-26.0-2026-06-12/ca/clips/common_voice_ca_30920486.mp3
4fc86c8b4067c3bc7081290a4339e2599b24a8d27c8dc634f622a70c4cd321b2074c9696c1a85217a9811c8e49bc3612a2d682eec12958e60eeeb347421d4b18,common_voice_ca_37903947.mp3,8ab18000942ae0f84d3c919c20e352bc7d420e72cf9a912f7b9366a6b5be2287,A pèl i a repel.,,2,0,,,mallorquí,,ca,,balearic,common_voice_26_ca,train.tsv,cv-corpus-26.0-2026-06-12/ca/clips/common_voice_ca_37903947.mp3
19e69c883010f29aea1b0eccba82df8d5fac1852cb63bae246a074f43a718a7e975de4a6f229fa6f75f050a09abba65bfc265b452e3a49122098ae9eecd12b2c,common_voice_ca_37574327.mp3,fb18cce63065281313969c648bb6699f93548722fa540324b40959d330885669,Totes les mosques tenen tos i els mosquits prenen tabac.,,2,0,,,,Septentrional,ca,,northern,common_voice_26_ca,train.tsv,cv-corpus-26.0-2026-06-12/ca/clips/common_voice_ca_37574327.mp3
c777d3358a0aff067b64f254ac462fa223a1650af20ce2af341de610eebbb55a128a1dc43c91da7a1844848b5920b7dd5c5e0a1e8651d6442a2418709dad8c87,common_voice_ca_22757144.mp3,929eb844e211a99e138a717243ec4803d2252719113b88963991c3e27e33db1c,És a la zona oest de la comarca.,,3,0,fourties,male_masculine,valencià,,ca,,valencian,common_voice_26_ca,train.tsv,cv-corpus-26.0-2026-06-12/ca/clips/common_voice_ca_22757144.mp3
5817204189c6965681027eacbcc1548ac8192871f4e4d2a6e11855f4554073fbde5c6d955946da43a95a60575540501aae933a5816c79ca5a4a07f9d29418046,common_voice_ca_37602964.mp3,57c2bc4f9fcf8edbd3f5f94e53eae5a8b59d56ee7892776baf71bd8fa56bf98b,Sense urgents ocupacions no deixis d'oir sermons.,,2,0,,,valencià,,ca,,valencian,common_voice_26_ca,train.tsv,cv-corpus-26.0-2026-06-12/ca/clips/common_voice_ca_37602964.mp3
cd6286f379b071fb084f15c02771115ad2a4a5a12e5d75f2c2d447722198e60667a5bae96b02d7bcbebce9e03e0b1fd07da5cbbc0adb564845d4b085e6fd6e01,common_voice_ca_35016707.mp3,3f35a7eb6fc046dc9be697b9fe298d50ea2c671dc614023ff8b1fa04be21faab,Les mitges ja són empaquetades i a punt d'enviar.,,2,0,,,,Balear,ca,,balearic,common_voice_26_ca,train.tsv,cv-corpus-26.0-2026-06-12/ca/clips/common_voice_ca_35016707.mp3
f30766821d1b495bb6f9c9ca5a802bcaffb4ab03beb9a7ae6cb9d1554d97bff529ccff7f549559b21c46fde9ffd8dd0cd64344e99882aee09f19dc77f1d2975c,common_voice_ca_37637214.mp3,79385e200be0cab99ba6cb2096fec9d8b8d31fb719b456ed687a55e767efd407,"Hurstbridge celebra el festival anual de Wattle cada primavera, i un mercat de pagesos cada mes.",,2,0,,,,Central,ca,,central,common_voice_26_ca,train.tsv,cv-corpus-26.0-2026-06-12/ca/clips/common_voice_ca_37637214.mp3
91f88f43f58cfab40476d5cf53fd90071a136bd7cb6600bfafa6c3c617ab78750c0de3f341d8c68e8de7767930a2417e36ff8efc17c21074a6637769e07f624a,common_voice_ca_33388181.mp3,cf7cba4bf79f81eaec7486d0eddf90099c564f22f9505a0ab2b19a2098274cb8,"A més, els troians terrestres són candidats ideals per a possibles missions espacials futures.",,2,0,,,,Balear,ca,,balearic,common_voice_26_ca,train.tsv,cv-corpus-26.0-2026-06-12/ca/clips/common_voice_ca_33388181.mp3
adacb03db06fb0eb8def5bc9900fa93e0712379c5ba92ab4d0aab565ec71889de36f5c88b437ab43878ee67f01837b3f0cc6d488fcbc450d07b21c8bdc0aa8e2,common_voice_ca_33510174.mp3,2492d98fecd9914fdf376c10c5496e66359bd6c0ef89954087cf7ba59b729c23,I quan va tornar vaig demanar-li: ‘Com et va?’,,3,0,,,,Balear,ca,,balearic,common_voice_26_ca,train.tsv,cv-corpus-26.0-2026-06-12/ca/clips/common_voice_ca_33510174.mp3
c18ab362acd0badd389cda7826ee8bc10a85330920a1a3e46cda23d1340f726c1a5b149c07cc29b472117062692d14e54610c25759059cad6c7fa617f0d942d5,common_voice_ca_37545633.mp3,bbc2144253f19b060c362b4658e5d6b15a9165aa5e7056833b90ba182c1eb928,Hi trobareu els expedients de les normes en tràmit i finalitzades.,,2,0,,,,Nord-Occidental,ca,,northwestern,common_voice_26_ca,train.tsv,cv-corpus-26.0-2026-06-12/ca/clips/common_voice_ca_37545633.mp3
8e722ded73031e261cb74373015022b361f54356a79590783369450eaa41bc4f1138aa519f362c33e4d5b4f795aae97c18e9bcb446360d4465a420862e27b4ea,common_voice_ca_30859026.mp3,9b1972b8d9ea4f28937ae8cf538fe259bf8745232719aaf024e840608202e6b4,"Vull que m'hi portis, si pots.",,3,0,,,,Central,ca,,central,common_voice_26_ca,train.tsv,cv-corpus-26.0-2026-06-12/ca/clips/common_voice_ca_30859026.mp3
05defde387b21105cd91803c9ef30f882788aad00e9ebdbe3718247bc1bce53259bdbf99873b104f56d7e3660d74982fd75dc06002d5e83c1ca901a548a5d033,common_voice_ca_19050996.mp3,732b4f1915646f3ebf41234e273283a9ecb2c82c5cc5260003e4ef4d8f788dae,Les persones que no superin la puntuació esmentada no continuaran en la convocatòria.,,3,0,thirties,male_masculine,valencià,,ca,,valencian,common_voice_26_ca,train.tsv,cv-corpus-26.0-2026-06-12/ca/clips/common_voice_ca_19050996.mp3
c18ab362acd0badd389cda7826ee8bc10a85330920a1a3e46cda23d1340f726c1a5b149c07cc29b472117062692d14e54610c25759059cad6c7fa617f0d942d5,common_voice_ca_37545634.mp3,bcbafb22512dce650242abc483cd1dd20e4ed0f681d8b2d6a6876ce63bd82106,Santa Llúcia treu les fires i les festes de la bústia.,,2,0,,,,Nord-Occidental,ca,,northwestern,common_voice_26_ca,train.tsv,cv-corpus-26.0-2026-06-12/ca/clips/common_voice_ca_37545634.mp3
79987c7514fcc2f5b17ad6b3a8871db730610523adefe535099ba0058a534fd3f405814202487ba7aa9c104ac571e837ef666eddf8b23f50bad1cff78693d514,common_voice_ca_37766386.mp3,7f8cabb5400600784cf8255832bd91a9f57119cb4d602e22894badb62fbff8cf,"Per això, em vaig quedar dreta i ferma.",,3,0,,,,Septentrional,ca,,northern,common_voice_26_ca,train.tsv,cv-corpus-26.0-2026-06-12/ca/clips/common_voice_ca_37766386.mp3
e3f07bdc11e3a50eeb314cdedec47101c684fbdf36ab84b3cecb5233b7de3d0ee435934f614d34fc3014ce38a4428a90f9e780fb1607e51bb5aad1e07913f4d6,common_voice_ca_37565303.mp3,ea19ab2b07f0cf973359a93dffa905be4c4a99bbeda3db4f92152b88961d9444,"Per fer-ho, trieu l'oficina més propera.",,2,0,,,valencià,,ca,,valencian,common_voice_26_ca,train.tsv,cv-corpus-26.0-2026-06-12/ca/clips/common_voice_ca_37565303.mp3
b71989a7c887e2872082ff8207b77f0fe176eca771534a27229c3b3aee08b8b36746638f984938c98f1ab232b978602f451c1a960f634a833073708a6a33f476,common_voice_ca_19797403.mp3,0e30f1994a95df544f38ca68e9c748e1d3ae5659d88ec7bbb84e90359ef2a70d,Una proporció considerable de terra era propietat de monestirs i grans empresaris.,,9,0,thirties,male_masculine,central|valencià,Valencià meridional,ca,,valencian,common_voice_26_ca,train.tsv,cv-corpus-26.0-2026-06-12/ca/clips/common_voice_ca_19797403.mp3
4c907ac8ef063bb681d6787d2ec0511a7ed131ccecb62396725944889d00d9553bd7964b399f51360bebec005cbae92f3037fa191641654e1f491bb98a559166,common_voice_ca_33447908.mp3,00a1a2e5952058a2e8d93ed1a52fb154987e2dd1e9af35e958c2dfbc48bd9d9b,La història es fa lluitant contra lleis injustes.,,3,0,,,,Central,ca,,central,common_voice_26_ca,train.tsv,cv-corpus-26.0-2026-06-12/ca/clips/common_voice_ca_33447908.mp3
19e69c883010f29aea1b0eccba82df8d5fac1852cb63bae246a074f43a718a7e975de4a6f229fa6f75f050a09abba65bfc265b452e3a49122098ae9eecd12b2c,common_voice_ca_37574328.mp3,fae134b9751063646db02481822af6ed3cbb13334ad1435183fd085bb0c65557,Tendre com un all.,,2,0,,,,Septentrional,ca,,northern,common_voice_26_ca,train.tsv,cv-corpus-26.0-2026-06-12/ca/clips/common_voice_ca_37574328.mp3
aa8d56848569c88eec9d265620d514cd7df53bbaba013716b7a1794e29b40520e6a6c36f0abb54331b5a0e34abb8484eceda9cc3668f8e3df6dca44d99d8c6e6,common_voice_ca_37427653.mp3,005798d63d6bce8d768fe6487cc3dfe4edf724acc5796c42346dc738f3437380,"El matí al port, a la tarda a l'hort.",,2,0,,,,Septentrional,ca,,northern,common_voice_26_ca,train.tsv,cv-corpus-26.0-2026-06-12/ca/clips/common_voice_ca_37427653.mp3
4a6bad1e8fd16f2a0f87bc990eb8baed371accabad2d1073dc9cb7738af65d8106acfe99ce957dafba0c6e52c2212fd511b6d1fbd920aa17b08e958e35835c6f,common_voice_ca_17456180.mp3,55a877e5d0fe037f74cb7f87c539f3fa63301cdafc012ec61bcc25365cbdf2de,"Qui vinga darrere, que tanque la porta.",,3,0,twenties,male_masculine,valencià,,ca,,valencian,common_voice_26_ca,train.tsv,cv-corpus-26.0-2026-06-12/ca/clips/common_voice_ca_17456180.mp3
96a20fd33c05a6777e1611b65b12ac2ec2060662e68c003d533fc477dcef30aa29ea77ad76451009a68a8e932584152cf34aaaa76c5db2b8af871ede8fc0aa1c,common_voice_ca_37762068.mp3,7ef760304f74b66f900377779af4be8e695d41240d9db255346e3fbfa18d9355,El tràfic il·legal i l'ús indegut d'armes lleugeres continuaven causant moltes morts arreu del món.,,2,0,,,,Balear,ca,,balearic,common_voice_26_ca,train.tsv,cv-corpus-26.0-2026-06-12/ca/clips/common_voice_ca_37762068.mp3
d3198e43f18f817bcbe28ff226a8c2dd2d1521c6980311c26807292ad3d285cf8f08affb22f626ff3b698438db564a94f4a7fdc9f77f77397a8780a74a553499,common_voice_ca_28579039.mp3,58eecbf6f7d8ab069896ecb274823184be52930b87d781bd58c15021782edcaf,Senzillament vol redescobrir els motius de la felicitat.,,2,0,thirties,male_masculine,valencià,,ca,,valencian,common_voice_26_ca,train.tsv,cv-corpus-26.0-2026-06-12/ca/clips/common_voice_ca_28579039.mp3
31e6f3a011661320b2e59b6f8be43f6db2243e9feabc2b9787c1413788e13eb0e5810bed983bf7ff66e46417d183a91ed50b3b9be9d89e4f51aada72293b9881,common_voice_ca_32240313.mp3,a5b035e5ce024ec65f5389318ffa94c0102670273a5cc4550c24b888efd22ff2,Barcelona es una bella ciutat mediterrània,,4,0,sixties,female_feminine,,Septentrional,ca,,northern,common_voice_26_ca,train.tsv,cv-corpus-26.0-2026-06-12/ca/clips/common_voice_ca_32240313.mp3
eece1668876f4f2aacca3a18b1e76b4ed4255adfe39495d96636455bca6a4db83073e329181f20c89b0bed9164a241e6597b04346cf5f2bf418a24d6a23d2ef5,common_voice_ca_33566368.mp3,2c4a001e97748693ed7fa84557ffe6fc03d21e8e05b73d352148cdd093801069,"Actualment gestiona dues galeries, una a l'Empordà i l'altra a Barcelona.",,2,0,,,,Balear,ca,,balearic,common_voice_26_ca,train.tsv,cv-corpus-26.0-2026-06-12/ca/clips/common_voice_ca_33566368.mp3
7ad206da91986f793df17c4f941c13af36cb9328fe788b1aedea57ca4c9160f4e5d047e9e0de94712935ff4f0ce7adb0eb6db3864b299ec6f42f56639958fc3c,common_voice_ca_30858238.mp3,9abdb20f56cfae2d6ecac2e08aa8077be4af6168f00df035749e7b2b07e4d14c,"El segon volum va ser una minisèrie, que va abastar quatre números.",,3,0,twenties,female_feminine,,Nord-Occidental,ca,,northwestern,common_voice_26_ca,train.tsv,cv-corpus-26.0-2026-06-12/ca/clips/common_voice_ca_30858238.mp3
c777d3358a0aff067b64f254ac462fa223a1650af20ce2af341de610eebbb55a128a1dc43c91da7a1844848b5920b7dd5c5e0a1e8651d6442a2418709dad8c87,common_voice_ca_23947873.mp3,c2efbfc94b600e2ccf3e1f61db9fb470e66f82089d30da54be0ba4d2918861b9,"Majoritàriament, les obertures són rectangulars, amb portals d'arc rebaixat i galeries a la planta superior.",,2,0,fourties,male_masculine,valencià,,ca,,valencian,common_voice_26_ca,train.tsv,cv-corpus-26.0-2026-06-12/ca/clips/common_voice_ca_23947873.mp3
f2f1e673646ffb5bb91f154130ac4e9f922f6f9a89eb8fd41620feec7a633c65c78c65aeb65499eaf619f5e2d7fe04893f9830970530f76f737c26e627948e94,common_voice_ca_36699497.mp3,591c6d358d14fd0d4c4a458673d5fc3ab564e9f82d81322f8b9461a5ea1c0b69,El vint-i-tres de maig na Nàdia i na Noa volen anar al Cogul.,,2,0,,,,Septentrional,ca,,northern,common_voice_26_ca,train.tsv,cv-corpus-26.0-2026-06-12/ca/clips/common_voice_ca_36699497.mp3
2930bfb00e4b26cc7776d7d8025ea2fc5988dde8e68c64fcb45fd4cbf87f5a7f6984bb7e6c100f6aa3356cb7e2dc4fc7024bf611df9c86367feab4997ed48ac6,common_voice_ca_31012499.mp3,d3d4f249ab4c0506064c6de252b3eaeb038818bf88eee236e4c9e49329a96d74,"Era una criatura amable, d'ulls foscos",,6,0,,,valencià,,ca,,valencian,common_voice_26_ca,train.tsv,cv-corpus-26.0-2026-06-12/ca/clips/common_voice_ca_31012499.mp3
e70e62d6ed6985015e987da40391de410088f0825dfdbbee04963da4ae6be33b9ca19f2b77267b1457e26eee22db639cdce7587435c764d9fede1c005b17561f,common_voice_ca_37574313.mp3,fc0e2efb1873cafd39b3b37591c7dcffdda9594d62db45662d63ac43080f6182,Quan i com rebré resposta de l'Administració?,,2,0,,,,Septentrional,ca,,northern,common_voice_26_ca,train.tsv,cv-corpus-26.0-2026-06-12/ca/clips/common_voice_ca_37574313.mp3
fad66bef17544deb356033bebb30d9ca9073f2ce2b272a20bfe61491474e14b2060bb27b1bd58a9a1e3e58e037c419340fa4de5ffdd780a88d84858c3d0a5c53,common_voice_ca_19136280.mp3,08162555a128cd554c25005c8d40138b3b95e3f22b89c3a79709a27c7e0faff3,"Viatjar o volar és una forma d'aprendre, d'adquirir coneixements.",,2,0,twenties,female_feminine,,Central,ca,,central,common_voice_26_ca,train.tsv,cv-corpus-26.0-2026-06-12/ca/clips/common_voice_ca_19136280.mp3
2aa75a6e963c05667675f27208926711d3473f11c6554928520938b7a0c693918229fc2d09179841d46a52c6752f9eab8468c55821a2ac828d02365c3f6e0295,common_voice_ca_31966737.mp3,55c58096901ec1c7afc21102f2f1796f97773eea598030ce019d8e9136e9413d,El nou d'octubre en Blai i na Carla aniran a Folgueroles.,,4,0,,,central,Central,ca,,central,common_voice_26_ca,train.tsv,cv-corpus-26.0-2026-06-12/ca/clips/common_voice_ca_31966737.mp3
eb4b7c51d4407ab5b1e88529b5c688c9b4a52390978bee845d65e249cedcce08709f7ed1555321ee5ec18a9a333be53a8fd62228ef789e3ca91755b40d5e16c3,common_voice_ca_31861210.mp3,3a8227b3fe4363176568b9298d8dace06321b60b3154df913ee57fc4322631d7,L'Adriel es va posar en guàrdia.,,2,0,twenties,female_feminine,,Nord-Occidental,ca,,northwestern,common_voice_26_ca,train.tsv,cv-corpus-26.0-2026-06-12/ca/clips/common_voice_ca_31861210.mp3
eb6387e8db6ff606efa8ac803e1a0dc6f4e21160f5498f71bf11758d7938e9dbcc4be485be5b5b9159b79bd563d18f2e2fa0838f80980993279616a52abb525b,common_voice_ca_38748329.mp3,c16b364fac37cb653f1200fe13aa7d07c17ff49c54b1c85f1c702a77b1fb0457,"Per aquesta raó, la mètrica d'una geometria torçada és sovint anomenada un producte mètric torçat.",,4,0,thirties,female_feminine,castellonenc,Valencià septentrional,ca,,valencian,common_voice_26_ca,train.tsv,cv-corpus-26.0-2026-06-12/ca/clips/common_voice_ca_38748329.mp3
0e712fb95a5a5ef9c3a9f2a4d157a540a1a0f805ea7718c827a052b9db0536d7fa79d6cddc542e6958f1ab1da5a8c69f115173db79cad4e4f95e12458077bf66,common_voice_ca_31210734.mp3,f7533f245ca956cea1585bd3518cea687c95cf6956a7b2e9fd4c385b397fdf6d,"També es van recomanar cremes experimentals per afavorir el creixement d'un hàbitat amb ""spinifex"" adequat.",,2,0,fifties,male_masculine,,Nord-Occidental,ca,,northwestern,common_voice_26_ca,train.tsv,cv-corpus-26.0-2026-06-12/ca/clips/common_voice_ca_31210734.mp3
c8093022917792f01f23720f4ad3d78b2b331cecf07de94019070ede86f7af8b819800460501a2af6ba5f22ee41df83e6bcff7bb647012a895ceb3412142b484,common_voice_ca_31797706.mp3,2206897f516124cd0ed491acdb942f60549fe492edac071433517d5993c6ec75,Dilluns en Gerai i en Julià iran a Maria de la Salut.,,3,0,fourties,male_masculine,,Nord-Occidental,ca,,northwestern,common_voice_26_ca,train.tsv,cv-corpus-26.0-2026-06-12/ca/clips/common_voice_ca_31797706.mp3
956dfaa558d895a75bffb37d8a3a8e035f52206724b543e3c4f43ad9fbf0acdbac23d8e811e1c162595f62e9b7bfc88363482feceab47260ff1ab36adcf7fa61,common_voice_ca_38078673.mp3,97efb6b8c5598aa6820e5edf258daf614efb14d563d7ee3f373c8d4b4ccbd1e7,La reelecció és possible per un nombre indefinit de períodes.,,2,0,,,,Nord-Occidental,ca,,northwestern,common_voice_26_ca,train.tsv,cv-corpus-26.0-2026-06-12/ca/clips/common_voice_ca_38078673.mp3
3de1ec298f76b173db5d690cfe5f623db2137648ba134ecfdfe08ec58e0cf0880e6717f1c92e6ff3bfd3f736390383fabe6cd4f0d0bdef61a3cd523e2b82cce1,common_voice_ca_30770326.mp3,7c9af14f05af41e04dd4e23f60f75d70805e9bad93da21bb40d7e4b95f1e1d66,"Les ""instal·lacions ajornades"" es van modificar moltes vegades al llarg dels anys.",,4,0,,,,Central,ca,,central,common_voice_26_ca,train.tsv,cv-corpus-26.0-2026-06-12/ca/clips/common_voice_ca_30770326.mp3
526b81d374211f29f84839098750bd39a2644a168eb7d21ab5e6ffbb912cec5f3a5255ee7c8c8f01a3603b2cfde3c27514d834275d83b9381886e2ee477a2ac2,common_voice_ca_42051318.mp3,7d1cc8e11e61645d7899a49f061ebadfd45018b7bf878f6f13a64e5856f2c61f,Es dedicaven al trànsit d'haixix.,,2,0,fifties,male_masculine,,Nord-Occidental,ca,,northwestern,common_voice_26_ca,train.tsv,cv-corpus-26.0-2026-06-12/ca/clips/common_voice_ca_42051318.mp3
e8ebb1a7077837d668a0d217ec51b26816a06d43b206b1fffa2150fa9a37365405a1532b7ef60fe14f656c3d6e1c56b739fd12b039bb37ac4830511907a000c6,common_voice_ca_37621220.mp3,779223de22175e22b696a4eef4751a5ed347b8d37d3a596702ecd23eb38ba7e3,Va ser la venda més cara d’un immoble en la història del país.,,2,0,,,valencià,,ca,,valencian,common_voice_26_ca,train.tsv,cv-corpus-26.0-2026-06-12/ca/clips/common_voice_ca_37621220.mp3
f07ea303db05d584a1355f789061116feb322212116d2e2dd559dc358adc2aa03272363d807510b240ce041cd72f3a7cf3d0898f2db77875dc9723fd0b59c7d4,common_voice_ca_32155670.mp3,8b2610fdfcf95fe187623d8c66493bae3a555932b5c36a06a15eacc75163a01a,El deu d'agost en Jordi i na Paula van a Sant Joan Despí.,,3,0,,,,Central,ca,,central,common_voice_26_ca,train.tsv,cv-corpus-26.0-2026-06-12/ca/clips/common_voice_ca_32155670.mp3
265307c336a7589391ded724eeb61b46ddccec87226efeca7b0cd10c0659ab21eb3bbe434831ad4078733a4c780d2ac6a109db42da6858e54ca9ec1e4f2925b9,common_voice_ca_31357624.mp3,0db1ab8f49c8b1aaf8e1504c71833efb836a410d5450f8e78e2bcc1d94de3705,Ràdio Dinamarca té una oficina a la localitat.,,3,0,fourties,male_masculine,,Central,ca,,central,common_voice_26_ca,train.tsv,cv-corpus-26.0-2026-06-12/ca/clips/common_voice_ca_31357624.mp3
54fb9f7404b5fdc62c215618683436be38e5640e8e1c1c8042d66d36074dc0a25bc96d9efba718d672b573deedb3031988817f7935737e293e8f8ed9d4961209,common_voice_ca_30996819.mp3,cf50f109a7b736aa30e1ec7d449672c666f8986e8edb7c569fc307b81d50a4ac,Va baixar i el va escollir ell mateix.,,3,0,fourties,male_masculine,,Central,ca,,central,common_voice_26_ca,train.tsv,cv-corpus-26.0-2026-06-12/ca/clips/common_voice_ca_30996819.mp3
95c2c4433dd41d7dced5df4673508fb07bc2214f67c327f08a4d666a489c863acd883e9fd72c01070c3b828c8531394363d706e2943439d655d8156aca1e3451,common_voice_ca_30785045.mp3,8209fb71728cc5b538e176de88396d5c4ec1bbb66698ed9560b393459b904a61,El futur dels cotxes és l'energia Hydrogen Electric.,,2,0,fourties,male_masculine,,Central,ca,,central,common_voice_26_ca,train.tsv,cv-corpus-26.0-2026-06-12/ca/clips/common_voice_ca_30785045.mp3
d87e98b2c3f59260812443d0a368404de6b874cffd92e77e1dfd6ce6e41d978b86ed5cf5c87f6138076acd9d8cc4d19a59828d9d4945674d83e5f7a7c39a32e0,common_voice_ca_38398132.mp3,b00369d5b64c46b71412eb3e167ea55b063f127f9936b1717651d251d3b565b2,El nou d'octubre en Manel vol anar a la biblioteca.,,2,0,teens,male_masculine,,Alacantí,ca,,valencian,common_voice_26_ca,train.tsv,cv-corpus-26.0-2026-06-12/ca/clips/common_voice_ca_38398132.mp3
01ec2bedd32c841ddd93670183677ce0c5964c9516beaf52a6b70467370b33b11c8b12ec3313947fbc37b4133dd45a50dc799d65c823c1b318846c6aa15b93c8,common_voice_ca_31089765.mp3,e8dfa07bc2ef127774eadb1491b53f584b9040e91c9d0e4216c9c312c93f0e0e,Es desconeixen les circumstàncies de la seva ordenació sacerdotal.,,2,0,,,,Septentrional,ca,,northern,common_voice_26_ca,train.tsv,cv-corpus-26.0-2026-06-12/ca/clips/common_voice_ca_31089765.mp3
9e3c975b3f890ed3322dda9539f0d283083320a5f0e6b822bf339693f2680f288993b3955de33833a2ec4a64a45a3f4f2f4cf1f06ecae044ea1450fece58c394,common_voice_ca_31214053.mp3,f7f72345317b182fcd8080aa798e623233d52b3454600d2d5b10c1113d6c061d,La Sybo continua amb el ritual de contacte empàtic.,,3,0,sixties,female_feminine,,Central,ca,,central,common_voice_26_ca,train.tsv,cv-corpus-26.0-2026-06-12/ca/clips/common_voice_ca_31214053.mp3
dd67b63c4d68b2490175ec46ce1d55d39f69e8926bf7bc17f983bbcf69b36887e328230c16c3c779a345b63261e2500295015ce2013f81bc5b643029e51af1db,common_voice_ca_21368896.mp3,4fd03bb03d0c41e79f825e492863c53341c3b992811872d0c06be70ad949357f,Estan en contra de la Unió Europea i d'altres organitzacions internacionals.,,3,0,fourties,male_masculine,valencià,,ca,,valencian,common_voice_26_ca,train.tsv,cv-corpus-26.0-2026-06-12/ca/clips/common_voice_ca_21368896.mp3
399bd6b2bb47fe6dbf290ff7fb85ab566cd9d508a45e7a44aec10fe1f96bff46b2285335b00b16fc3a1c35c75202a5a592037097593814d5df65d550c009bfd2,common_voice_ca_33872010.mp3,310226f6ecb600e0dd92ba093b65c154874722fc9cc2cdaf87575e0e2da7dab2,"Malgrat tot, segueix submergit.",,2,0,fourties,female_feminine,,Central,ca,,central,common_voice_26_ca,train.tsv,cv-corpus-26.0-2026-06-12/ca/clips/common_voice_ca_33872010.mp3
a8e6a1b59d13a928f7c4c37994e082e745aed39a566e7a7bdd87f8d90af8a6d9234159c5e28bd4d5ca7f073d6cd0cb71412d60f075b3207d15042d495398a454,common_voice_ca_37590059.mp3,2a5eb53d4685abd3c02f1d982d928734245c6a0063e1a44e9c8534020dbde301,Mal no diguis que xacra no tinguis.,,2,0,,,valencià,,ca,,valencian,common_voice_26_ca,train.tsv,cv-corpus-26.0-2026-06-12/ca/clips/common_voice_ca_37590059.mp3
68e5c1e2b5909f71bf20a581dcae64f9764420ec24d53ae26e945bf2e3575f8cc0b881fac0a1153f164d1699942b87d64d2a6eac7f94edfadfc8c8d915193c52,common_voice_ca_37903782.mp3,8abd79bea63368073669f6c19a86a074a2cc89f1d5cd23c56219db91994a44ea,Aquesta espècie presenta un dimorfisme sexual notable.,,2,0,,,,Balear,ca,,balearic,common_voice_26_ca,train.tsv,cv-corpus-26.0-2026-06-12/ca/clips/common_voice_ca_37903782.mp3
96c84c7c66b310b164bb3aa8b0cfa5bde4962f6e040bab0b25c4bfe48ddcdfc268960baec2cfb19a5e7d6c3d72875bfbfc0ac8fdc1b72044a2b9916fee8519d3,common_voice_ca_34972816.mp3,3d85f1e2b531a94156dba1711c91b378c8c9de021aece51dd1e2795ffbde273a,No s'ha de confondre amb el trèmolo.,,2,0,,,,Balear,ca,,balearic,common_voice_26_ca,train.tsv,cv-corpus-26.0-2026-06-12/ca/clips/common_voice_ca_34972816.mp3
fb9db0ac7f6f7e8e2ae35b47d20d6a0598c53c539ace3cd4f0ce09822d7bc844f4a086652390bb24d7e416de020f199cd945274bb76e635d95fddc26a9b45bfd,common_voice_ca_30891801.mp3,a65a5b24f4b190f4cf74886bafac558ec3eb69e0108f2a89baa45c4a17629e11,Moltes vegades ens critiquen per això.,,5,0,fourties,female_feminine,,Nord-Occidental,ca,,northwestern,common_voice_26_ca,train.tsv,cv-corpus-26.0-2026-06-12/ca/clips/common_voice_ca_30891801.mp3
5562088adced9c13adbe151f58bdb1531f8098c563fb23dda280a34dd600eb096d253eeeafeb345a830c3c4ea8ceef90268fb84e978d13cba5a2e31c2be5c69d,common_voice_ca_38573580.mp3,b99d5dd250e46532a0bbca62980b44919cff680998a6a020780509224f893c1b,"I encara: Famílies, nens, avis han intentat anar a votar.",,2,0,,,,Balear,ca,,balearic,common_voice_26_ca,train.tsv,cv-corpus-26.0-2026-06-12/ca/clips/common_voice_ca_38573580.mp3
94acceadbaee99eb2b95d98e5bcb9e86fd612bd337fb86fc65f06261d3906af9638e5b78058a8038b1d28f0d061bebc36dc9dee9772e03171140be32aabfd2bb,common_voice_ca_31121983.mp3,eeb1e6dd2772b77383ccefcadbf4624ddec6951f7cd39b08cd83b4360ffde1ac,Volies veure-la per parlar d'un assumpte important?,,3,0,,,valencià,,ca,,valencian,common_voice_26_ca,train.tsv,cv-corpus-26.0-2026-06-12/ca/clips/common_voice_ca_31121983.mp3
98ea0f2756db65292f2e21b88a18a0ddb28febe3979509a4be61bbc9a2be55054c73090ec67c081e1f54a5d188d4b5e4f102f607af7238a17d501cc6d2c28024,common_voice_ca_32140324.mp3,839d37adef471fc6495a3e8dd58d99d3a2675e13adb1de8004c570394858d75f,Plantejament cent tres comencen i no tenen cap poder.,,3,0,fifties,male_masculine,,Balear,ca,,balearic,common_voice_26_ca,train.tsv,cv-corpus-26.0-2026-06-12/ca/clips/common_voice_ca_32140324.mp3
efc9a3c13444af1a75d84479ccd9c4ea35a31e47fa9917d992b2742e0f696388c874719786e52fef27a1ac296726131d8227276490163476128f0b1b2d6ae74b,common_voice_ca_19054516.mp3,7ff6c92d1ac589d526561062e93a39b6db5ab7d1808c3df57b975e7ac79297f9,"El Firefox és una aplicació molt lleugera i ràpida, alhora que compleix amb els principals estàndards d'Internet.",,3,0,fourties,,,Central,ca,,central,common_voice_26_ca,train.tsv,cv-corpus-26.0-2026-06-12/ca/clips/common_voice_ca_19054516.mp3
ebdd260d32c844973f080135fff8e1e957874d75c73329c9bf01473084a2a1e1bc54acc2eae46c67634e04ad5a7fe43da60a3423fc922f52c4408b853f0dfd3d,common_voice_ca_39926367.mp3,d62ea2d19accde676dfe844766901c0f8d9e96f40c1ce962ac61a178bdb9c0ec,En algunes zones hi ha fonts termals de grans dimensions que emanen aigua prop del punt d'ebullició i torrents de vapor.,,6,0,twenties,female_feminine,vinarossenc|BAIX MAESTRAT,Nord-Occidental,ca,,northwestern,common_voice_26_ca,train.tsv,cv-corpus-26.0-2026-06-12/ca/clips/common_voice_ca_39926367.mp3
4186d22e6c118ff9efb712d7f90f14e13d83cfdff8d2552881560a4421ed5aa272534eb0eee83e809c1f5855e578cd4c093d9eabe667eaefe436339757032e6d,common_voice_ca_33405059.mp3,e719fa8e4afce3d69a5cf02d12af18a0fd67074c06b42ea34ad413faab19a72c,Ni vull ni puc autoritzar aquest referèndum.,,6,0,,,valencià,,ca,,valencian,common_voice_26_ca,train.tsv,cv-corpus-26.0-2026-06-12/ca/clips/common_voice_ca_33405059.mp3
f4876ef39bda4d5be1bce2491b5a33de77df6c2b0c2ef119b3ae07aac9e00f83325606fdf925f154c44eda0a27d6c4d5248828e427cf4ee37d0180592d4000c0,common_voice_ca_37699514.mp3,7d45a88260f74d1e0b1695e02dd7dd80140e5da0b4bc8f96997b0f7399b9be76,Antonia Opisso va ser una escriptora nascuda a Tarragona.,,3,0,,,eivissenc ,,ca,,balearic,common_voice_26_ca,train.tsv,cv-corpus-26.0-2026-06-12/ca/clips/common_voice_ca_37699514.mp3
67cf78b6ac32a0a7d46435961796f65219a42f4e88b51dbcd424a6b164b5d4fca1e63a21d63369854ad4507640c6714aa909ae1d91e21d18fc311a4c82ac72e1,common_voice_ca_37760802.mp3,7eda3cba7ba8db5d69ebe68f1acfd6d8bcab564b8d06ba6e2b94d86975ca2777,"Posteriorment, i sota la influència de la Il·lustració aquesta percepció va començar a ser modificada.",,2,0,twenties,male_masculine,,Nord-Occidental,ca,,northwestern,common_voice_26_ca,train.tsv,cv-corpus-26.0-2026-06-12/ca/clips/common_voice_ca_37760802.mp3
e0ad16d352572720e8e414af07c5165f19b9a98996db14157a31544f4429da864ab334246f39ca470d72302bb92c98e02cef923d00d1e891d39c6d6cd39bfdb2,common_voice_ca_32230478.mp3,a508f1df819e0140e2260a8ac3935cc40153ec52898e593297f50503e9302127,Dijous na Lena i na Lia aniran a Benigànim.,,2,0,,,,Balear,ca,,balearic,common_voice_26_ca,train.tsv,cv-corpus-26.0-2026-06-12/ca/clips/common_voice_ca_32230478.mp3
7782ea0548fc2a3e3b4a74ea15b4d70f7187654670abfaf2a294e60ec8801d0c7e99205f73220eb9f6f87883de6d94bb3fb93b006d52378096a0a9da91b98608,common_voice_ca_23978351.mp3,c6c4704491e85873a39ee515012ebc532b9cb7941ff490193adc6394d4ab6558,Els impostos estan dividits en directes i indirectes.,,3,0,thirties,male_masculine,,Central,ca,,central,common_voice_26_ca,train.tsv,cv-corpus-26.0-2026-06-12/ca/clips/common_voice_ca_23978351.mp3
b5267f30905da68d805996a53384b578c0388b6a2b8e79c2af3002722be9db8a9f1206e6a3506af257f17e8d363ba056e1542819c481adca98ce8fb915038f06,common_voice_ca_30859446.mp3,9b3211a1d8a47dddf43730fdf913a627b008e38c679fef5a2fb2da6e06b040ae,"Si algun cop he necessitat un lluitador a la meva vida, el necessito ara.",,3,0,,,,Central,ca,,central,common_voice_26_ca,train.tsv,cv-corpus-26.0-2026-06-12/ca/clips/common_voice_ca_30859446.mp3
4229c53b6221231edbec158b6c9a70d2533d2cff3ad96b0e7cb823cb7fd4157c41d21e9a949c64a0ec8ae06703c7b20b81a760e933edc752f486064429111558,common_voice_ca_38001827.mp3,9242fc06b98e736ea036b00b8aa0a6ae4989d8c0ea8424965286f98201648cd7,Als baixos hi ha una bonica entrada de tradició barroca.,,3,0,,,,Nord-Occidental,ca,,northwestern,common_voice_26_ca,train.tsv,cv-corpus-26.0-2026-06-12/ca/clips/common_voice_ca_38001827.mp3
4c1dae8a64087b6628c9d663dd83c918d726cbf6cb3e9feeebcdbe056b1191b950531f416a6ab8044efb37741796d5d27226ab749effa2fb8492accf5af3cf91,common_voice_ca_37577401.mp3,02efad172cde1b3eeb154e6aa183b6f08ed5ee5b0e352647863e5d14c8c40ec3,«El llibre de Carner que inaugura la poesia catalana moderna».,,3,0,twenties,male_masculine,valencià,,ca,,valencian,common_voice_26_ca,train.tsv,cv-corpus-26.0-2026-06-12/ca/clips/common_voice_ca_37577401.mp3
118c00708699c6554615ddc94256b8bf8a8545fdf703f2f1e3a5dbdc07706cf7c82be2e6948df7b9f481be3df8bd6d042032703869879a009fb869a7a7060b05,common_voice_ca_19403976.mp3,025d0394c345dff3a369ed65e7cdbf523871f913bcc80bbba5f95edfeef6770e,Pot estar assistit per una cuina o un altre cambrer en el cas que existeixi.,,3,0,twenties,male_masculine,,Nord-Occidental,ca,,northwestern,common_voice_26_ca,train.tsv,cv-corpus-26.0-2026-06-12/ca/clips/common_voice_ca_19403976.mp3
76ad602456b3356c306e98c6ed857d06291bb0f4f62c7655833bbe3896d13a52f69df220d2d5d7ccaaaa25112ba3f8ac9a82bc0f2cfdbef99861ab54228a61c3,common_voice_ca_37633728.mp3,78afaa4edaeb0046e564e1c8c2031321c784a605909dcd7fc9ed9dcc2926ab38,En aquesta reunió s’ha d’enllestir el nou organigrama del partit.,,2,0,,,,Nord-Occidental,ca,,northwestern,common_voice_26_ca,train.tsv,cv-corpus-26.0-2026-06-12/ca/clips/common_voice_ca_37633728.mp3
ae35e75f30225a20bb901a052db2d74dd3edde81a33eaeb3a5170543a320b28f54c520fe52c491b102cc9baea7059d728b0a70bc7368444854a7ecfe673ffdc3,common_voice_ca_41691750.mp3,303690770d314869f20d2e6815b12259ece1496c6b21873509d8f121e58d590b,"Creu que hi ha hagut bon diàleg, malgrat tot?",,4,0,,,septentrional,Valencià septentrional,ca,,valencian,common_voice_26_ca,train.tsv,cv-corpus-26.0-2026-06-12/ca/clips/common_voice_ca_41691750.mp3
e279eecdd6e99a03e55130e2201a5f0b61ad97e4998ba7a345fdf00e8f2ff5726ef8187f45d0e6bd9938f39c30a06d52da91fd58100223043ba5b0654a0adcc4,common_voice_ca_17513255.mp3,d3315f86014252e53c5074ef1aa32c67b73b16c071d86e88a8cd1329fff10005,Les dades del bé abandonat són les relacionades a l'annex del present Edicte.,,2,0,twenties,male_masculine,,Central,ca,,central,common_voice_26_ca,train.tsv,cv-corpus-26.0-2026-06-12/ca/clips/common_voice_ca_17513255.mp3
96c4d1dc872b9e5b1fc500686bbd73f6348b56ecca9fb7d942c11447ee468ee226fde504251282725d99a732f7d082aa45c43726ba68e31bbc85a881b0af48c1,common_voice_ca_30969688.mp3,c5adc3ebf0319f71fc4a76576a8f422525df2709437db9389d606f7ef13316c1,"De sobte, vaig pensar en una altra possibilitat.",,5,0,,,,Septentrional,ca,,northern,common_voice_26_ca,train.tsv,cv-corpus-26.0-2026-06-12/ca/clips/common_voice_ca_30969688.mp3
c1a9158cfa967457976230cebd211d3e55cb3e7ee3648c1d4655f4d6a82f234c15a54f869eee010b8215d5ad33f855df2d138e99bd9d1fc0142552b3df5021f9,common_voice_ca_37573597.mp3,fc6330d6fab888a4471bf8050e5182e5aeac3b6b00c073e14d690744a93d5033,"Parades de llibres, roses i altres objectes de regal al mig dels carrers.",,2,0,,,,Balear,ca,,balearic,common_voice_26_ca,train.tsv,cv-corpus-26.0-2026-06-12/ca/clips/common_voice_ca_37573597.mp3
94e35257b313c65bf8a4be9eb63b11e988ebbc244ef1fdcbe1e2cd71d0af95ac8017134ae4a7c3b255d20d4a703fb4b2333508ecfba56a0b602e23dd2cb4fe7d,common_voice_ca_36875991.mp3,5f5004030ae620c22bc4e7efaf2b2c982049f12c126af027c7b4d4cb05c3307a,Aquesta línia es va construir per amidar i és llarga.,,2,0,,,,Balear,ca,,balearic,common_voice_26_ca,train.tsv,cv-corpus-26.0-2026-06-12/ca/clips/common_voice_ca_36875991.mp3
afc88395b31b54a9b7cf764a503de6760232172ddbd6cac3d207a3556396cc30b611f60fc7aeee1d119029e73621133868c83d5ba74a24af2757d8ea382769dd,common_voice_ca_20170243.mp3,208f3a6856bdbf1f1853dfc4ce83413b768897cd1345e65b89c7f5ed1cbd1e4d,"A la planta primera també es va obrir, no fa pas massa, una nova finestra.",,3,0,twenties,male_masculine,,Central,ca,,central,common_voice_26_ca,train.tsv,cv-corpus-26.0-2026-06-12/ca/clips/common_voice_ca_20170243.mp3
bdd1b47ce29b646516e4a4b340094feab0e8930daf97cd937e184a420467c48bedc28154d825fd129693106087716f82df9b17ffa34e516c4165724dc12cbca3,common_voice_ca_17479058.mp3,0e5dd2dd03334500daafa7773ad7706338d0634e07fd4d7450f000f3f91479ce,Vaig vacil·lar.,,2,0,twenties,female_feminine,,Nord-Occidental,ca,,northwestern,common_voice_26_ca,train.tsv,cv-corpus-26.0-2026-06-12/ca/clips/common_voice_ca_17479058.mp3
905c6228ee908a3fa1aa46cf051812fde060aba13cee71540d4467db5faa0c12b9c2cbbb26e764f7c3ad7969480a7736f8374333eb0509b970606df1958c1add,common_voice_ca_38713645.mp3,bf97a6c113c6c473bb4d195d354382351da4c0f2a7417d7684d4e1752f3100f8,El deu d'agost en Dídac irà a Oliana.,,4,0,sixties,male_masculine,valencià,Valencià meridional,ca,,valencian,common_voice_26_ca,train.tsv,cv-corpus-26.0-2026-06-12/ca/clips/common_voice_ca_38713645.mp3
4d2c8a9f25d2db18368831eae4c6c4ea3d493707b9365edcb20b1519bf30635a627edbdfeb041cbbdfdaaeca1f0fb31e0a47713e3457131494c4888e32a697d4,common_voice_ca_34349150.mp3,36fec8de84aa44c5c85538b39f898df664dfb798f9ae3fa4eccf1ee68bd3f233,dilluns hauria d'anar a Massalcoreig.,,2,0,,,,Balear,ca,,balearic,common_voice_26_ca,train.tsv,cv-corpus-26.0-2026-06-12/ca/clips/common_voice_ca_34349150.mp3
3aa4468cd1ad041bbfcd0622a4f34206d8b993ce6a72bd5d0d35b40bbccf057d5f48544db7ea1fc3a7ec886f3373a819a053c8a87251f2c059d5c3ca8effa7bd,common_voice_ca_27557966.mp3,457d370f8db707b99c259cf20598be98ac8095cd2b1a1a9babc60f3c2479bb98,Les edicions posteriors van seguir rebent atenció acadèmica.,,3,0,twenties,female_feminine,valencià,,ca,,valencian,common_voice_26_ca,train.tsv,cv-corpus-26.0-2026-06-12/ca/clips/common_voice_ca_27557966.mp3
5f97d8f65a3e3666ea465030b24201882aa89fd967feadc60cd67e642cb95f868a74d9ccc8af9ed14de64ca4972c162e58a679ec99b1cc88344af1b09e49e01f,common_voice_ca_37071977.mp3,6891a1a7f572177c6f916f3382ffaa8f51d925c1bbb7b94b3f466a403a76a90c,Pastís de poma del revés.,,2,0,fifties,male_masculine,,Central,ca,,central,common_voice_26_ca,train.tsv,cv-corpus-26.0-2026-06-12/ca/clips/common_voice_ca_37071977.mp3
70caf79a6b1b8ff3a11969638d9b352df26e20d5e5ce26e7d7fe0dc18e18fa99fa15b180d8b510e4d6ff869eb529226d58eec649467817723bcac344c8059ee4,common_voice_ca_30762731.mp3,79547d43927a25fa4e51b1b119a29c64af5d46db90ded4e4f0f4470b89572d92,"Mentre que l'arma proporciona efectivitat augmentada, el seu pes és un fre per les tropes.",,2,0,fifties,female_feminine,,Balear,ca,,balearic,common_voice_26_ca,train.tsv,cv-corpus-26.0-2026-06-12/ca/clips/common_voice_ca_30762731.mp3
61af903b928d0a482f4e5cf4c597aeb89a22da67efa4c2850b2f473517f789f2e0b6279af49a4f21560ffb7a32bd6495d47a6fcf4b73bf6d80d58b0b3e17b616,common_voice_ca_30789864.mp3,834979158dab7835773fcabaf715c0990eacf176c48f7317450aa225e544b4a2,Qui viu a la plaça de Jaume Sabartés número cinquanta-dos?,,5,0,,,,Septentrional,ca,,northern,common_voice_26_ca,train.tsv,cv-corpus-26.0-2026-06-12/ca/clips/common_voice_ca_30789864.mp3
22958f42a50ef3a5c2ec4d3fb30bec33a55c1d1a6a85d5bea86ba8c8107415837c8494ff7dbdea01385859ebf381c231be0ebc45dc26f0129c228e4cc3ea4586,common_voice_ca_33387156.mp3,d43232300b4f17834e9c34f422dd48c7c347efddf38c41dac19ac3dd7373a8ad,Com vols que torni amb aquest processament?,,4,0,,,,Balear,ca,,balearic,common_voice_26_ca,train.tsv,cv-corpus-26.0-2026-06-12/ca/clips/common_voice_ca_33387156.mp3
e87c223c10948df883fde70612dd5775987eef220cc4e30441fea1c3746ee8af14cfc61bc399b7b21de42173d5f40309fb7337f9a7f4012573208636fd0ac379,common_voice_ca_38786705.mp3,c2a56a693005241d3ecd4dec1ec5b6542682d2f51bd4a9804caa587e5c371966,"La teulada sembla de pissarra, o si més no la intenta imitar.",,2,0,,,valencià,Alacantí,ca,,valencian,common_voice_26_ca,train.tsv,cv-corpus-26.0-2026-06-12/ca/clips/common_voice_ca_38786705.mp3
a8264dd930d1b0b3cedb8ad09a5948f6ebbac873d0017cde0712f25af6db5897db89a352454da9f31f15d51809b987819871860f9df906ab76fc230f8c980bf1,common_voice_ca_34203288.mp3,357cd452396a98ab61411bcd3659d2a8e716ed827e4b2d201f64a6f2373d4515,Pintava en l'estil calvinista.,,4,0,,,Mallorquí de Palma,Balear,ca,,balearic,common_voice_26_ca,train.tsv,cv-corpus-26.0-2026-06-12/ca/clips/common_voice_ca_34203288.mp3
97f12240658ae96f64c342e2048018f4348cc5bb87ad4c4ea0bd02b10d0585444ec6e77ff4cf1a144c2f50a4a209fbfe7ba9caed6c6e3ac84177ead4aa2c1b6b,common_voice_ca_35051124.mp3,40a561bb77f6ecaf6d386a1b3bd025080ac07afb0d8d8fd3587ce6a82a16af28,"En les dècades recents, la Banya d'Àfrica ha estat una regió en crisi constant.",,2,0,fourties,female_feminine,,Balear,ca,,balearic,common_voice_26_ca,train.tsv,cv-corpus-26.0-2026-06-12/ca/clips/common_voice_ca_35051124.mp3
46513e8760ea724153fcd1accce8325e3b59d50bd1d37082276b35dfdff1caaa22b09f49d85010a21accc25bcbbf01d587efebf7b011ac8226f4c1750e1bbcbc,common_voice_ca_37601865.mp3,5719663771936159a02dbd5a3223666705609fdc2690f5ef16dda4410a787273,Estar al plat i a les tallades.,,2,0,,,,Septentrional,ca,,northern,common_voice_26_ca,train.tsv,cv-corpus-26.0-2026-06-12/ca/clips/common_voice_ca_37601865.mp3
78c598ab1383d31ef99c340688e8fe5042f5989618ba1010a9d41c7de6038827d60fb12c137f1304e266157e64f12dba080e920ad0276d7a6a843986462e9b52,common_voice_ca_38882795.mp3,c62d19b583d055a47021f6a227be6cb47503244dd9264684b0b0dc5af2eac342,L'autopista té aquí tres carrils en cada direcció i un límit de velocitat variable.,,2,0,,,Lleidatà havent viscut a Barcelona 20 anys. ,Septentrional,ca,,northern,common_voice_26_ca,train.tsv,cv-corpus-26.0-2026-06-12/ca/clips/common_voice_ca_38882795.mp3
9460bcd422ae7bd8f1ab521b77c9ca101d9207c3bfb9efd2649705fd4c9fad08a1b175b1fa3f0036d514989834bb742b5951970d69530259825b384af6ebfcb3,common_voice_ca_31417774.mp3,1824986e6f2537bc66adc231dc0268e1429105969bd6ea30e26d06d5a65d0e06,L'heurística d'alguns antivirus és capaç d'analitzar el codi font dels programes sospitosos.,,2,0,fourties,male_masculine,,Central,ca,,central,common_voice_26_ca,train.tsv,cv-corpus-26.0-2026-06-12/ca/clips/common_voice_ca_31417774.mp3
4f0c1f38d95a7619d3e26688a1563af5c9777d262bd8ef2cf43ac2ccc2f450ac26dee0255f8a36d9a8287bad2b2d437ad8a338ebaedfc96df54866af6bb73575,common_voice_ca_27578993.mp3,45dce5eddb6705baec6addd95802d675e8f6abed7d6a023e43990cf439a51413,"Van llançar el primer episodi, ""A Lesson with John McEnroe"", amb Dimension Films.",,2,0,fourties,male_masculine,valencià,,ca,,valencian,common_voice_26_ca,train.tsv,cv-corpus-26.0-2026-06-12/ca/clips/common_voice_ca_27578993.mp3
67b67cfc054332945b878e7a2b10afbb309ed9f6b2cbd66436f6ef82d08e7c704219062671cd1b8dcd185225adb750d2e6edf4467dffda5702642950836350d0,common_voice_ca_36846722.mp3,5da6f1c0060f4ceb3181cd87a25de1361f0e2151fe936f1ebe420fb39ffc6c77,Anava ben vestit i portava una bossa de mà.,,2,0,,,,Balear,ca,,balearic,common_voice_26_ca,train.tsv,cv-corpus-26.0-2026-06-12/ca/clips/common_voice_ca_36846722.mp3
e1342a862238bf4a6682fd05e40bd4dd9bcc56081a99abcd02dfc102489a7b464f5ae0e9354c1645feabfc05435b3c2b43804ede89bd255cf61c8b86234203f1,common_voice_ca_33723751.mp3,2e2d386b80b339c6f4475a8b199970dc4c9dea376e8689acb1c6946b68810468,Assimilar els nostres gusts als seus.,,9,0,fourties,female_feminine,mallorquí|Palma,Balear,ca,,balearic,common_voice_26_ca,train.tsv,cv-corpus-26.0-2026-06-12/ca/clips/common_voice_ca_33723751.mp3
872c70c8e020dbc2b83e883096316d7378e567905778dc1ccaa8e30d2f373496d7ee0d9b73aeaef6465a87afa54b15ffd29992b8b4d7c8476238168df51a456c,common_voice_ca_33418022.mp3,ecb91854752b1c38cd852f0b83511f9f23075d0f87bf27c7d6f4bce448f1bd0c,Gràcies a tothom per tantes mostres de suport i afecte.,,3,0,,,,Balear,ca,,balearic,common_voice_26_ca,train.tsv,cv-corpus-26.0-2026-06-12/ca/clips/common_voice_ca_33418022.mp3
adfc36159adf953cc5b31b1cbc1601d93ffa05ba1825b3d67a481db5100c9a401783b34ae5338b41ce2b57944d720876a16db8faebca850d95408b79eaed3d9b,common_voice_ca_36957432.mp3,63e8888e1e2b93b5d22d57e5a3abe45bd6e394d775b8d862347d76858c8af575,Per Sant Jordi na Lola i na Jana iran al cinema.,,2,0,,,,Nord-Occidental,ca,,northwestern,common_voice_26_ca,train.tsv,cv-corpus-26.0-2026-06-12/ca/clips/common_voice_ca_36957432.mp3
dedadd5b374e9d2f99efb7f38710d2925ff24d9b1cecd73821b7cf97dd5068eadefe5af272a4e4c9077bbf0a06620d0125a0410ae472606a80a0a2ed1f18a15d,common_voice_ca_37587887.mp3,1cbd4a8bc96e4aeb2c5c3008f8928cacf46be5e6906c90c4a2e6f1f363912fe1,"Picada de salamandra, la mortalla.",,3,0,,,valencià,,ca,,valencian,common_voice_26_ca,train.tsv,cv-corpus-26.0-2026-06-12/ca/clips/common_voice_ca_37587887.mp3
8e722ded73031e261cb74373015022b361f54356a79590783369450eaa41bc4f1138aa519f362c33e4d5b4f795aae97c18e9bcb446360d4465a420862e27b4ea,common_voice_ca_30949797.mp3,bd7882988500561f5dee25f291ef3d8860a41fdc9451933be262c8cb798bb4d3,El patetisme és un mal artifici per a cobrir la manca d'art.,,3,0,sixties,male_masculine,,Central,ca,,central,common_voice_26_ca,train.tsv,cv-corpus-26.0-2026-06-12/ca/clips/common_voice_ca_30949797.mp3
36221a9e7fec2de626bfd23c9ad1c7ba2b50d0ad5dceccce914d1d02903f9c097b6a6a870bfcbf4b5b9b2519209cc1954d9c66b8b9c50ea365873879dd9e1624,common_voice_ca_17378404.mp3,42a15ac557fa4e20de6449ce59e1c44a282f7e45e2edd3d368164e8f88db155f,Per als xiquets la vida transcorre en un autèntic somni.,,4,0,twenties,female_feminine,,Nord-Occidental,ca,,northwestern,common_voice_26_ca,train.tsv,cv-corpus-26.0-2026-06-12/ca/clips/common_voice_ca_17378404.mp3
ae7fc163935f49205e1751378026226f6e1f13d3eea467872297abe2dfe37082ff66ce4cdadebb6ee4b80c85ff06626e67621abde9e06811bd2dd31eb7699bc2,common_voice_ca_30963363.mp3,c323d71245e0df6435eacf4bb54ab97a7ab074bcc7d77bf223333b62bb5ab781,Tant Bradbury com Duarte pertanyen al districte escolar unificat de Duarte.,,2,0,,,,Septentrional,ca,,northern,common_voice_26_ca,train.tsv,cv-corpus-26.0-2026-06-12/ca/clips/common_voice_ca_30963363.mp3
f5a157dcc1db9578aa5f53a05a9bf67d2ba43f4e816817b9fa3cded6a599e9aeda835c72f73ddfad962d39abc09c4f63e53a6950905bf0e81023346cf27b8f35,common_voice_ca_38648857.mp3,bd79a8d48a8def8b2f1a06e82d6cd598cfa0ef2599a93da7ab2178f149713be2,"Poc després, assetjà Girona i tornà a territori musulmà.",,2,0,,,valencià,Alacantí,ca,,valencian,common_voice_26_ca,train.tsv,cv-corpus-26.0-2026-06-12/ca/clips/common_voice_ca_38648857.mp3
1b537ba9f00aee8dede17c1a6be09b15fff9ed2a4c466ba3c3dd74059309c9157c3281626d7fc99fd26345776652554c18b4162fb3e3e41bce529f3cedbc33a5,common_voice_ca_30817227.mp3,8bfc9ee3ee887b8269d429d908f3e3ef05509dad12dddb1b367d7af2d652964c,Per Cap d'Any anirem a Deià amb tren.,,3,0,teens,male_masculine,,Nord-Occidental,ca,,northwestern,common_voice_26_ca,train.tsv,cv-corpus-26.0-2026-06-12/ca/clips/common_voice_ca_30817227.mp3
e37215bdb0c49eca39f2090f4195836247b2f48d02e68693956e9b34214682d5b6ee0d43b8213ad3f1b95df77e12fef2fd1743b84bb07d17e230e32e10993d04,common_voice_ca_37636927.mp3,79334db968fa701f02e6bf86eae37320b4464e04893432f228b4bf8db7639990,"El moviment perpetu, brillant, no s'atura fins al final.",,3,0,,,,Septentrional,ca,,northern,common_voice_26_ca,train.tsv,cv-corpus-26.0-2026-06-12/ca/clips/common_voice_ca_37636927.mp3
6e3a1eee9a9a1bb77df022a5c8371e2284082b4d7c8e3712843fd217fee7bb980f6bc944830b8853056c76b40982371c00e8cb7dee1bccc0973b461c4ccb7ec1,common_voice_ca_37636920.mp3,791a68a6ee65c194c8ffc1637944b3e921282b1fa508ae75305b22a47710f801,Va ser alumne de l'Escola Pia de Sant Antoni de Barcelona.,,2,0,,,,Septentrional,ca,,northern,common_voice_26_ca,train.tsv,cv-corpus-26.0-2026-06-12/ca/clips/common_voice_ca_37636920.mp3
3b39ea8834e1e7344269a40621f63498bdcbd5524c1fb30637d4352680ca5e9966bc4157f8679b49477abb09f24b232751dbadcc48426259e9a1f2c9aef7dd1b,common_voice_ca_30882289.mp3,a3508754e2b778f55a30b938df404eb111f4b54a7b54c4ea6a2a605c44541db7,"Desa el sis, setanta-u, cinquanta-vuit, seixanta-set, noranta-cinc com a telèfon de la Mara Giner.",,3,0,fifties,female_feminine,,Nord-Occidental,ca,,northwestern,common_voice_26_ca,train.tsv,cv-corpus-26.0-2026-06-12/ca/clips/common_voice_ca_30882289.mp3
c8c124b53f85679a623f43977d1e02b0b627942c95f1a893c9cb164dbb28522c75c323809432e839804c78fbe258c618335eac5515d94754163d0c5bf90b50dd,common_voice_ca_34505549.mp3,3899c6590db985910cabd469110b79b14da27fe600aeb9d27ef5647e5667040f,Alguns hàbits d'un mineral són específics d'una localitat.,,2,0,fourties,female_feminine,,Balear,ca,,balearic,common_voice_26_ca,train.tsv,cv-corpus-26.0-2026-06-12/ca/clips/common_voice_ca_34505549.mp3
6f108595766a81723439ea3206439af964707132aab7ec8ac6007dbc364c6fa2f409351576bf5a236da2d1ecdbf577b73c09fca85d9543a8069bad36e74c7fdd,common_voice_ca_30904041.mp3,ab8215fb57cb35a339c6ae6c1dc5082567d0abf88d4c3e3c3fc93d61d066ba55,"Apunta el sis, vuitanta-u, setze, trenta, trenta-vuit com a telèfon de la Sia Campillos.",,5,0,,,,Septentrional,ca,,northern,common_voice_26_ca,train.tsv,cv-corpus-26.0-2026-06-12/ca/clips/common_voice_ca_30904041.mp3
399bd6b2bb47fe6dbf290ff7fb85ab566cd9d508a45e7a44aec10fe1f96bff46b2285335b00b16fc3a1c35c75202a5a592037097593814d5df65d550c009bfd2,common_voice_ca_31076676.mp3,e643d662fb5063f0da6a176f1d50fb9f1290bcb38c84afaf379425278ba4fb78,Dos nens un vestit de vermell i un de blau que fan àngels a la neu,,3,0,fourties,female_feminine,,Central,ca,,central,common_voice_26_ca,train.tsv,cv-corpus-26.0-2026-06-12/ca/clips/common_voice_ca_31076676.mp3
3449d56106b37bb27ccceb1ce5b668c40eeaa4e90d389e03f0b1ba3098b2a6159298cd57279140223b8d5969b8e6394be7e497e67a9ac29cdd299152bfcaf17f,common_voice_ca_38154040.mp3,9c701ac17d57c30d8619b10124244a34b62bafe85221e1e21e27498f33a4b924,Lluís Canut Permanyer és un periodista esportiu nascut a Barcelona.,,4,0,thirties,male_masculine,"balear|aprenent (recent, des del castellà)",Balear,ca,,balearic,common_voice_26_ca,train.tsv,cv-corpus-26.0-2026-06-12/ca/clips/common_voice_ca_38154040.mp3
a4a36850664b1bd2d38eaca73a2976282767d15263906b267fe66015f35ff62cce47e513979ac8461511a52d7282281a6be0f2d9abc9b1ad061d67351483b6af,common_voice_ca_24384493.mp3,d2fba597a76abecae861148a9cdfcd724d6b16be76ab6b9a54188861219a1019,En aquestes zones acostuma a produir-se una forta activitat sísmica i vulcanisme associat.,,2,0,,,,Nord-Occidental,ca,,northwestern,common_voice_26_ca,train.tsv,cv-corpus-26.0-2026-06-12/ca/clips/common_voice_ca_24384493.mp3
554c32262a3e3f235aec9f0ac4b6b435f7684abfddded03b67acee1b3eee5b1a82f5c109fc794b974042c8807280a1dd5f2beff5082bfa55d7af845a3b7b768f,common_voice_ca_22796276.mp3,964248fdf803d7f3d2fae81cf705e9882ed152e9bb44d47f1da8eeca7ab41516,Es considera una planta de toxicitat lleu.,,3,0,twenties,male_masculine,,Nord-Occidental,ca,,northwestern,common_voice_26_ca,train.tsv,cv-corpus-26.0-2026-06-12/ca/clips/common_voice_ca_22796276.mp3
9f1afd79e6aecbb20b862331a21b66e410f9a340405059ce47663e9da68b4463cf2de7b9fc3af6909c1ab800b9a0b883ec1877f557c64e753101f3a1497644bc,common_voice_ca_30819147.mp3,8ce8c4a526958c8d9a274c5fc9ba7dac05135dbc93a84a0603623de1bdc813f0,El temps de canvi de moneda implícit era de com a mínim una dècada.,,3,0,,,,Septentrional,ca,,northern,common_voice_26_ca,train.tsv,cv-corpus-26.0-2026-06-12/ca/clips/common_voice_ca_30819147.mp3
01ec2bedd32c841ddd93670183677ce0c5964c9516beaf52a6b70467370b33b11c8b12ec3313947fbc37b4133dd45a50dc799d65c823c1b318846c6aa15b93c8,common_voice_ca_31089703.mp3,e8eaeaaf715b0fbd400147a69bd961d1b19c002570629262fb2a9394615b70ca,Destaquen la decoració amb maons i els poderosos ràfecs de les teulades.,,3,0,,,,Septentrional,ca,,northern,common_voice_26_ca,train.tsv,cv-corpus-26.0-2026-06-12/ca/clips/common_voice_ca_31089703.mp3
a9d13612a619ba94b2e0e3d7804b7d2e482db94e2a03949b6e0f9955d386ee0519f77296f7496a107eac39b0a6b56718cdb127a43384241a5ef932fd04619247,common_voice_ca_19157710.mp3,130661ca1f8a15450653070516dcf1b016e690a655f6ae648108bd62b440dcd6,Provem de rectificar aquesta visió incompleta.,,2,0,fifties,female_feminine,,Central,ca,,central,common_voice_26_ca,train.tsv,cv-corpus-26.0-2026-06-12/ca/clips/common_voice_ca_19157710.mp3
1be5f58ac7d1201ed6ff1267108729c8b9c74d3a28aeed8515fa262de2793ee2cd89b19064e50b08d6d86be0c211e6e36375144e53fe43d3222b74f5df0c4443,common_voice_ca_31141774.mp3,f228e59f9d2ddbf9cae3992f903585d685d1ae87973681a4158868c734502202,Aquestes substàncies són sovint anomenades drogues de disseny.,,3,0,thirties,,,Septentrional,ca,,northern,common_voice_26_ca,train.tsv,cv-corpus-26.0-2026-06-12/ca/clips/common_voice_ca_31141774.mp3
50362a6ec44d908b28a697d600df5d9d254a9248f6ff69976d35c83f9970b0d6936e0c6f18aa94ee09d735a588eae87f19165ae1d84c797a9ccf2091ffb1ed97,common_voice_ca_31340311.mp3,0a6a9af4c72c3c06eb11321629e6e4496ed47fd032550aeff3814c2c6a6b927c,"Vola des de finals de març fins a juny, depenent del clima de la regió.",,2,0,fourties,male_masculine,valencià,,ca,,valencian,common_voice_26_ca,train.tsv,cv-corpus-26.0-2026-06-12/ca/clips/common_voice_ca_31340311.mp3
7734865457a855a64a6108f9baaf8811833caa1d31f0d340ecfaac06757fc2467981f1c2008f2c0f4524163351052f13bc777c3aa1c88b0373d39abcd364c1ff,common_voice_ca_30967646.mp3,c4f10fa739e9aaf274daf30d3bdad6e471e7c18a15b914a4631c15fb01608138,Però no pensava que contenia cap criatura viva.,,6,0,fifties,male_masculine,valencià,,ca,,valencian,common_voice_26_ca,train.tsv,cv-corpus-26.0-2026-06-12/ca/clips/common_voice_ca_30967646.mp3
a4b8fb205426522c83da0168badd4ea631f206801d3359ddb24b12c4ba4ede036836c0280bad4be95c791bf42761f08d1c65615bd22589ad9c73bdb5be23ff32,common_voice_ca_23432367.mp3,a1612b240283ff06b18c414aa947a87e319a83dc87971ae89dd56fec1f3f7ea0,És a l'entrada del poble des del nord-oest.,,3,0,sixties,male_masculine,,Central,ca,,central,common_voice_26_ca,train.tsv,cv-corpus-26.0-2026-06-12/ca/clips/common_voice_ca_23432367.mp3
441a5b29ade18d0ce68a276cd9b6b999da3b6097962adf5087d6ded038db30a615f4a7ad5388fea32da20a683c5f22ba382af31ec2179ffa1da247178dfe5cf4,common_voice_ca_20560027.mp3,31d41fd35820c9761bbe3d3ee1650d032d796a62113ce791bb97f25e6be8c7a6,L'origen de la paraula és persa.,,3,0,thirties,male_masculine,valencià,,ca,,valencian,common_voice_26_ca,train.tsv,cv-corpus-26.0-2026-06-12/ca/clips/common_voice_ca_20560027.mp3
6df06b1d6117b1191647118223c2f54ae0d9b673418e24e3928c8dba76eef9adaf7be82ea7e0c5a5d7a91eab6eda863f8e42761b438b78fdd6e8c32ee044d4e6,common_voice_ca_32552059.mp3,15095acc69c4bdf40a21e02e93b257a33144b4fb52b83add1c2c035946109226,El deu d'agost en Jan anirà d'excursió.,,3,0,twenties,male_masculine,,Nord-Occidental,ca,,northwestern,common_voice_26_ca,train.tsv,cv-corpus-26.0-2026-06-12/ca/clips/common_voice_ca_32552059.mp3
107839c0a57701a2cb8b87344d30ac8f93828c76afde5d281264928a93715f923e4ec713b727979c85c6f6f4024eff43a326b31723e343c6cb5ce2055b8351b5,common_voice_ca_32280341.mp3,b81ea44339eb007eeb1a9201127cd0c3502d660dd4987d3f3cae059691c7deb3,Per Cap d'Any na Blau i na Berta iran a visitar mon oncle.,,3,0,fourties,female_feminine,,Septentrional,ca,,northern,common_voice_26_ca,train.tsv,cv-corpus-26.0-2026-06-12/ca/clips/common_voice_ca_32280341.mp3
d3728ba9c4b430ac8de2cae654e5f82df2f4d0a6dfb848476b737738b7f15bf69c5716a2869c7bec6b1836a4a60d99d479c10bdebd6d1c0153a08371a46c6665,common_voice_ca_33637863.mp3,2cc5eec7502894c1e9c5c4beb7a3df3e3cd7cce4115f31f981a12367655faa1f,Homs va quedar com estat vassall.,,8,0,thirties,,balear|mallorca|Palma,Balear,ca,,balearic,common_voice_26_ca,train.tsv,cv-corpus-26.0-2026-06-12/ca/clips/common_voice_ca_33637863.mp3
dd861f9c59e6769502fcd330a174bb26308379a5a95cc8416bbf338aded7ca4ee103b04df5deb014e1a41ef4e672a0f4ba9c583af8e6c4536f86ee6d9e8f6c4a,common_voice_ca_40602434.mp3,0108dc3ca572e54ee81422c3e9d91f9ae7156ed59d539d71139a3e8aebcda498,Quin cas ha utilitzat com a referència?,,2,0,,,,Septentrional,ca,,northern,common_voice_26_ca,train.tsv,cv-corpus-26.0-2026-06-12/ca/clips/common_voice_ca_40602434.mp3
c8039cce170534e4dabd8a34cb9c8959342f588b7d737351d2ef24ca2be9f18cd19a5ab843c890729233226942d6a9ef8fcffc1e8ee6566f337eebb06a56a612,common_voice_ca_32113750.mp3,75beb444dbc148cb264312838d8b7966903ef0d9574ed4638e31077931b7ea85,Demà passat na Cel i en Guim aniran al cinema.,,4,0,,,,Balear,ca,,balearic,common_voice_26_ca,train.tsv,cv-corpus-26.0-2026-06-12/ca/clips/common_voice_ca_32113750.mp3
99c2996aed58c3abac77663a3a91503ede747113ba26b034f6caf24715f8d5f6591193023e369af11d77077ce615b1de643403093cf8c4d8dcb7e7c07dfd3ed8,common_voice_ca_17397642.mp3,3ed489dd13cde02bc20fed4af4586b77845da5f0f40c4e0684a384aa42475af5,"Cànem gentil, sembrat en març i eixit en abril.",,3,0,twenties,male_masculine,valencià,,ca,,valencian,common_voice_26_ca,train.tsv,cv-corpus-26.0-2026-06-12/ca/clips/common_voice_ca_17397642.mp3
bad955503d2f235af9f5bcce55ab22dc5cccdef16acacbb617851090c0c47aff26a88cbd113487274e9b277f8b8e72612c036f9dd9a054d63cd914d797ff2cca,common_voice_ca_37812602.mp3,82b075fd2cbcb226e7dc7855a3206f2810058c81ba5f0b1336692929f5af3ce6,Divendres na Blanca anirà a visitar mon oncle.,,4,0,thirties,female_feminine,,Nord-Occidental,ca,,northwestern,common_voice_26_ca,train.tsv,cv-corpus-26.0-2026-06-12/ca/clips/common_voice_ca_37812602.mp3
4a6bad1e8fd16f2a0f87bc990eb8baed371accabad2d1073dc9cb7738af65d8106acfe99ce957dafba0c6e52c2212fd511b6d1fbd920aa17b08e958e35835c6f,common_voice_ca_17456286.mp3,221f6438d29151c8056443ee1c29a549333404c2e08c902daa66641655f278e8,"Essent això una regla d'or, ens queden molts referents pictòrics que caminen en eixa tendència.",,2,0,twenties,male_masculine,valencià,,ca,,valencian,common_voice_26_ca,train.tsv,cv-corpus-26.0-2026-06-12/ca/clips/common_voice_ca_17456286.mp3
90aacb6e5884a88c78cf93e77ad46f5b2c643042e24cf33f6fc3edf4c4ae9fbb76517000acd023ec4d19fa1854d7bbf4c21839576ed6cc0661f6533339f50bee,common_voice_ca_25961048.mp3,2def658f4f2e7cd05a412951eed301e357b08a8717046dc66b10569d0acc41b9,Peter Kirwan-Taylor va fer els dibuixos originals de l'Elite.,,2,0,,,,Central,ca,,central,common_voice_26_ca,train.tsv,cv-corpus-26.0-2026-06-12/ca/clips/common_voice_ca_25961048.mp3
bbb66a66e7f74b028ae63e72b99097e296f9792d1cb02bf5b6a7d1d6925b47d50a34bf492a899ba50c0ee665c59db387950f0146b3c0a2eb1159b37131290a28,common_voice_ca_37602360.mp3,5733348cb7d048776cdd2c63100bd8b7e2fd9149b1c9c71b3167420614d6a720,"No fugis mai de la creu, perquè es troba a tot arreu.",,2,0,,,,Septentrional,ca,,northern,common_voice_26_ca,train.tsv,cv-corpus-26.0-2026-06-12/ca/clips/common_voice_ca_37602360.mp3
5e1cddcfdda2f98aa92e0567716a9af5f3623fe6c8c87847c264d2e33a4f5d303c99564beb09bf741e5bca3a027f7f6ad9701a9cb9fd94c70a5525f9e8da2b2e,common_voice_ca_32197332.mp3,95e3a4d1b0a7fd69190db800a6877cc4de5e4bf7e45e90e2762404204e39ee96,Dimecres na Laia vol anar a la biblioteca.,,4,0,fifties,male_masculine,valencià,,ca,,valencian,common_voice_26_ca,train.tsv,cv-corpus-26.0-2026-06-12/ca/clips/common_voice_ca_32197332.mp3
4229c53b6221231edbec158b6c9a70d2533d2cff3ad96b0e7cb823cb7fd4157c41d21e9a949c64a0ec8ae06703c7b20b81a760e933edc752f486064429111558,common_voice_ca_38001930.mp3,921ebe313e98c3cea882179d11c311c22b31f6347591062e963dc5f80fc32ff8,"A la vegada, també evidencia la incapacitat de l'estat per garantir la seguretat ciutadana.",,2,0,,,,Nord-Occidental,ca,,northwestern,common_voice_26_ca,train.tsv,cv-corpus-26.0-2026-06-12/ca/clips/common_voice_ca_38001930.mp3
b8ed3a91998c5f59709e1aec2a5c3f75149c681b8e68d4e71eebc6a05382317bc0efedb6a98db832136d499567f64ece8d537e2f35d4f37c17ed13474e83ab9c,common_voice_ca_37594514.mp3,3e4aeaa7fdd4a5fa0c151e712e83b2f3b12b3c11ef161a9bdf5969ae0de8657c,L'aligot no engendra el colom.,,2,0,,,valencià,,ca,,valencian,common_voice_26_ca,train.tsv,cv-corpus-26.0-2026-06-12/ca/clips/common_voice_ca_37594514.mp3
7d19e719dcd616293603080de330b15c87b728c659c3adee71fdc2b87e9e2ca7088aac468708df56b7ef0a5ec7534edcffd0e34b48a32ebd7eee9f106a77bcc3,common_voice_ca_21837195.mp3,6af485a5697aa1e2b578a7683af59522a571fd8d4fde1f1ab44ae4e40ae163c3,"Habita Còrsega, Sicília, Itàlia peninsular i regions adjacents de França, Suïssa, Àustria i Eslovènia.",,2,0,teens,male_masculine,,Central,ca,,central,common_voice_26_ca,train.tsv,cv-corpus-26.0-2026-06-12/ca/clips/common_voice_ca_21837195.mp3
6c8e83efd1b46f8af144f096bb0affa570e3f2936d62f0568506b2ab357a55e48018e4a24ed94a9110e3eeac6785364e74cfd0ff8e71945908bc2f89b774b563,common_voice_ca_37942332.mp3,8e43e14ca3182e6c69267edcde7523ef50cc2342bd7fd0054503a8127c668371,En la descripció general de qualsevol procés químic existeixen diferents operacions involucrades.,,2,0,fifties,male_masculine,,Central,ca,,central,common_voice_26_ca,train.tsv,cv-corpus-26.0-2026-06-12/ca/clips/common_voice_ca_37942332.mp3
459688455ad5a81f0f4619a61b3eb4a0bed7d2cfc61ab7e378d63c8330a965df0b107202edac7bad64b8e3f60364928d7ddc345b929410d7f243953f0ff6b4a9,common_voice_ca_31933655.mp3,4bbe273e2a6b74c5118a61cd19695441c931b36a9b82ec40c849b88f4a75abfa,Demà na Clàudia i n'Hug volen anar al cinema.,,8,0,fifties,male_masculine,balear,Balear,ca,,balearic,common_voice_26_ca,train.tsv,cv-corpus-26.0-2026-06-12/ca/clips/common_voice_ca_31933655.mp3
8e8f74c8c28909256f92e896a1777630f0338f3e1c1887d07e6e4d7393c6b32515193494d2e5e36a8b2610145ac7695369bcb405f1dca71edc2b5f99699a73f7,common_voice_ca_30903579.mp3,ab319c26f2d797ad00960d8cfe294bbe5789561eb776951ac249d9d01de60e71,"És intel·ligent, però no es pot comparar amb l'altre mestre.",,2,0,fourties,female_feminine,,Central,ca,,central,common_voice_26_ca,train.tsv,cv-corpus-26.0-2026-06-12/ca/clips/common_voice_ca_30903579.mp3
45e8b22a57ebabca15b2f26029334e8aa7238bb53750ee7acfed631e737015b099e15f718e27f74d082c5f51867d3fd4b097e9ee8092a7177e8e88dd0411617e,common_voice_ca_30979170.mp3,c9722aa2745ad280c265aff36650c6996cbf7c8e9d756469538d5184acc9c61f,"Em dic Naia Noval: ena, o, ve baixa, a, ela.",,3,0,,,,Septentrional,ca,,northern,common_voice_26_ca,train.tsv,cv-corpus-26.0-2026-06-12/ca/clips/common_voice_ca_30979170.mp3
430858a4e8f1edf1598fb0ec994b619f37e78cbf576a431c639ed23645f21652933036cf45763d96115e25e5cca883fce7e324c03232d67b2afe9c1c9743cd41,common_voice_ca_33479867.mp3,15d561807b9cb8133f2953ffc3a832947702db087581549118a7c2662ec12c99,La setmana passada es va produir una imatge històrica.,,3,0,,,,Central,ca,,central,common_voice_26_ca,train.tsv,cv-corpus-26.0-2026-06-12/ca/clips/common_voice_ca_33479867.mp3
fe753134f697e49b5a132123c0b6b4c5ff486e237638e2f2760abb3fb264daf1b413b984b2b78c7cab2a10677a6f8a6c8fdcc89a2b5c875b30c99a9f1347f0bc,common_voice_ca_30708320.mp3,329af9c555af6cdc16ca8b1468d7b3e982cb75f207673b0aaf82f8e03312b79f,Pagar un escrit a tant la ratlla.,,3,0,,,,Septentrional,ca,,northern,common_voice_26_ca,train.tsv,cv-corpus-26.0-2026-06-12/ca/clips/common_voice_ca_30708320.mp3
c6d5583019e9e0b98276e10adbb27249fdedb360eb40333ae87b623b085db10f32ee3e5b5f3a953ffbba442aa082941cce3bfff998af37b280b3fbfaff29aca5,common_voice_ca_30929686.mp3,b546e0b5ed5f9ca2c47fa5cd5b009a14aad421dd9d9c5845661705bfd0e3e603,Els crítics afirmen que el document ha estat utilitzat per evadir la persecució dels delictes sexuals.,,2,0,twenties,female_feminine,,Central,ca,,central,common_voice_26_ca,train.tsv,cv-corpus-26.0-2026-06-12/ca/clips/common_voice_ca_30929686.mp3
d3198e43f18f817bcbe28ff226a8c2dd2d1521c6980311c26807292ad3d285cf8f08affb22f626ff3b698438db564a94f4a7fdc9f77f77397a8780a74a553499,common_voice_ca_28579042.mp3,5a47b5fe4b87aac6d30a51b7d3e15f1a85d34dac5a33329baca38b19e479d707,Hi ha un accés sense escales a les dues andanes amb rampes.,,3,0,thirties,male_masculine,valencià,,ca,,valencian,common_voice_26_ca,train.tsv,cv-corpus-26.0-2026-06-12/ca/clips/common_voice_ca_28579042.mp3
eb6387e8db6ff606efa8ac803e1a0dc6f4e21160f5498f71bf11758d7938e9dbcc4be485be5b5b9159b79bd563d18f2e2fa0838f80980993279616a52abb525b,common_voice_ca_38748356.mp3,c14416d032b5617622c1e52749505d003a364dd680cb6deae67c0a7b700270cd,Es tracta d'un grup de mamífers marins carnívors molt divers i d'àmplia distribució geogràfica.,,4,0,thirties,female_feminine,castellonenc,Valencià septentrional,ca,,valencian,common_voice_26_ca,train.tsv,cv-corpus-26.0-2026-06-12/ca/clips/common_voice_ca_38748356.mp3
a4a36850664b1bd2d38eaca73a2976282767d15263906b267fe66015f35ff62cce47e513979ac8461511a52d7282281a6be0f2d9abc9b1ad061d67351483b6af,common_voice_ca_24360231.mp3,d2531e99faf832cf9d1fd564f017b7f2e88c2003eb27dc25a9c000bbf5b46e36,L'economia estava estancada i romania estretament depenent de l'ajuda de França.,,3,0,,,,Nord-Occidental,ca,,northwestern,common_voice_26_ca,train.tsv,cv-corpus-26.0-2026-06-12/ca/clips/common_voice_ca_24360231.mp3
c2be4f7a8e3952aecc0488ca451560ffab4199d88486c3c26fec5e00f11e9724ce012b2f76ee61c223acf5503a9d90422085f68366d995a31d586558dda7a2ef,common_voice_ca_37603152.mp3,5acef8ca5089ccc7bd63125996b5f73057c8fa41751ef40acf672030f625323e,"Plat d'estany, cullera de fusta.",,2,0,,,valencià,,ca,,valencian,common_voice_26_ca,train.tsv,cv-corpus-26.0-2026-06-12/ca/clips/common_voice_ca_37603152.mp3
79dab57f773e28ed929f09aa000de735875cf37cdd8809dbd9e4cdb4474d03c81bc625a7d33d6b5f38f787fd077f0faac4b9c1cedb4541a7f3bc3de86ec99d48,common_voice_ca_31316055.mp3,069a2825bd44f8945d715cbffcda1bf68957747d46c47dc41a0400920518f63e,És la idea coneguda com a hipòtesi indoxinesa.,,2,0,,,,Central,ca,,central,common_voice_26_ca,train.tsv,cv-corpus-26.0-2026-06-12/ca/clips/common_voice_ca_31316055.mp3
46f14091d04ccc9ef74d0d814c7a5902c67b5b88729b5c5d621d02a8d260822fb988b6520c5df4913daae67757a0b6331f69b52f935ab162efc58baf056a02e6,common_voice_ca_32810724.mp3,290407e6dbfe8b73dee357712ed040921fb3af830a4bdf0f9e10666754f7587e,Forma part del districte de Mid-Ulster.,,3,0,twenties,female_feminine,,Septentrional,ca,,northern,common_voice_26_ca,train.tsv,cv-corpus-26.0-2026-06-12/ca/clips/common_voice_ca_32810724.mp3
518e58a4f0a5b66120d2443edfa57078192a07bde1fdf9b4d4c10247089d9acca79fff09bbff9ec3a7892261b34375eb71f33f5b9123a729afd0789f3de803e6,common_voice_ca_38844156.mp3,c4b6a6428be845de43128592362476eea331cbe35227b9a2c8c9d956541422f1,Es treu el guant per treure diners del moneder.,,2,0,,,septentrional,Septentrional,ca,,northern,common_voice_26_ca,train.tsv,cv-corpus-26.0-2026-06-12/ca/clips/common_voice_ca_38844156.mp3
042ecaaba5d85450cfaef7b74e0c43fd12cc16c188f96993910b1fff3c089234de7437bb923b250b18e88606acb3a666bf041c99148474bb6e8ccdf5af40b33d,common_voice_ca_37588381.mp3,284cb88b3f9b408e5ad6a58e1b355631647f6d418da77c839d4926da1a0fb55a,Comprovar si s'obren i tanquen sense problemes.,,2,0,,,,Nord-Occidental,ca,,northwestern,common_voice_26_ca,train.tsv,cv-corpus-26.0-2026-06-12/ca/clips/common_voice_ca_37588381.mp3
5860d0a58f8310ecbb5b21f9ce649a86537eabeae1fdd4fcd7a7d8bca8a16c4c1f18cecd657869574d8993f4f59ef76da750bbab742ced93eda1455d017402c8,common_voice_ca_31172303.mp3,97a5bfacc5df3ec191ac9d94bfffb767c3b1bca1a47ca7f044c963d5d01da0d6,"Què fan a l'Horiginal, aquesta setmana?",,2,0,fifties,female_feminine,,Central,ca,,central,common_voice_26_ca,train.tsv,cv-corpus-26.0-2026-06-12/ca/clips/common_voice_ca_31172303.mp3
ef13a36683437189a3141df74ca8b08e86a2c92a71c4a12e4ffd385d2082a9876739ead2b5d98346307edb87e0672df6a530461f08e55dc92df0d75f1894d485,common_voice_ca_30843265.mp3,951c2354ba4708147a94cd8c3eea877426686c2f4a9eaa68d641c7ce5647c8c0,Grup de nenes musulmanes de peu.,,8,0,fourties,female_feminine,nord-oriental,,ca,,northern,common_voice_26_ca,train.tsv,cv-corpus-26.0-2026-06-12/ca/clips/common_voice_ca_30843265.mp3
fb9db0ac7f6f7e8e2ae35b47d20d6a0598c53c539ace3cd4f0ce09822d7bc844f4a086652390bb24d7e416de020f199cd945274bb76e635d95fddc26a9b45bfd,common_voice_ca_30845725.mp3,968bf16e28581b0ecbb8c121086db5e82b832d924ca4bf20fd68aa1bb6de64c3,Els quatre quarts es juguen amb un límit de temps.,,3,0,fourties,female_feminine,,Nord-Occidental,ca,,northwestern,common_voice_26_ca,train.tsv,cv-corpus-26.0-2026-06-12/ca/clips/common_voice_ca_30845725.mp3
8d0085a66d64058fd3c49768bf6703bcd43abe57c1fc40539c08dc790714319b63a6c413a5b92655d6785231e18a3b93b7e831ca098f8554d9c106b571e7e3ed,common_voice_ca_37433774.mp3,0c4da5bf4723b2ea09910e376af164d50baa33f2ad66f363e20ca35f6483064d,"Si la Mare de Déu de Bellmunt porta mantellina, senyal de pluja.",,2,0,,,,Balear,ca,,balearic,common_voice_26_ca,train.tsv,cv-corpus-26.0-2026-06-12/ca/clips/common_voice_ca_37433774.mp3
b5fc7461c0713292e1a706d6892acce90fd686ddc76af7048579d5721583007682b6916b141e62b566eaca33e0211774f221d1d7e56d7b8c81186a8cdd61309f,common_voice_ca_37567503.mp3,eda0e727c89eaef2ef8e65a432309cf0a38da9ffe29132c823995aa72385254a,Posar-se en bon o mal terreny.,,2,0,twenties,male_masculine,"De Binissalem, amb s'è i mallorquí",Balear,ca,,balearic,common_voice_26_ca,train.tsv,cv-corpus-26.0-2026-06-12/ca/clips/common_voice_ca_37567503.mp3
bb46e50398bf1b0dbc50c497b4db5be0900860bf36bcc718b76e3483f8e5c6a87e66c8df1e6873665d5aff1b797ae746fa83faaeb7787a160d43593ea7bdc7b2,common_voice_ca_30748932.mp3,74a003cf24e1150fed51702cc3afd6a793f1b82a645e858be90dfb6374053020,Quina és la millor manera d'anar del carrer de la Cartoixa als jardins de les Voltes d'en Cirés?,,2,0,,,,Septentrional,ca,,northern,common_voice_26_ca,train.tsv,cv-corpus-26.0-2026-06-12/ca/clips/common_voice_ca_30748932.mp3
68eb1f2c559fced575a78518ab0b267a60f1877dbe6d27410d56a1d8b178f1d16e428e59044ccc5aec49404a487c82ff27d848a06453ebdb52b24222513ba302,common_voice_ca_31313008.mp3,064bcc133ce4556101c9f1a891d4f4f38f7f357251c34ce11ca9520bd2d03dac,"Cristal·litza en el sistema trigonal, formant habitualment crostes de petits cristalls romboèdrics.",,2,0,,,,Balear,ca,,balearic,common_voice_26_ca,train.tsv,cv-corpus-26.0-2026-06-12/ca/clips/common_voice_ca_31313008.mp3
69c2af9c5c4e925b32506edc6b7a9e1369ffa57c18169120ecb67c6a832d0f3562aa26e322a3333c5210006768051688a47f27e78986c32cd6d5104bee2ca6a8,common_voice_ca_20822945.mp3,38c2487e4db23bb1e5f3cf87f09fb4147666acc46e6bcec5a1e15d90cc7c6acd,Les seves aportacions han sigut base d'avenços importants en ciències físiques.,,2,0,thirties,female_feminine,,Central,ca,,central,common_voice_26_ca,train.tsv,cv-corpus-26.0-2026-06-12/ca/clips/common_voice_ca_20822945.mp3
091c2bf8b5acbdea9e7719829a24ccbe15f756a3485cef6652c5814fcdad91078f6ef53c19048e5ff201c8331dc8bf9fa69a64dbaef160f3da2222c5be93d85b,common_voice_ca_31183216.mp3,ed28ad593851d0569c66178d5d74393c6d05f73851da1b022f7a18dc0c770fa3,"Jo gallege, incruste, inaugure, electrolitze, incendie, empatxe",,2,0,,,,Balear,ca,,balearic,common_voice_26_ca,train.tsv,cv-corpus-26.0-2026-06-12/ca/clips/common_voice_ca_31183216.mp3
e2e95741e5a2cefda6d6bc3b7700fda1032a19a4471ebc939f537c0a8b184092f5591ca94d8c36a9c41f78e68bac93b5c6924b35e3ff362615440376ce92e657,common_voice_ca_30822749.mp3,8e46ec997d9cda307c1a488f17b433634b64731e0b758ca97a885757d44ddab8,No es va comunicar cap motiu ni explicació oficial per al comiat.,,2,0,,,,Balear,ca,,balearic,common_voice_26_ca,train.tsv,cv-corpus-26.0-2026-06-12/ca/clips/common_voice_ca_30822749.mp3
49537af2506ea55124b5031787600dbbecae39722d53d65c1b195f4d96fcb4c5543a280afd0c1df53705c2765733d96de52b30c82aeccbedd8f60a115194b7ab,common_voice_ca_36979187.mp3,6500e3a820648df20c1be325b32c2fd32ca7d1845df970f6bc104ab37285c236,També regula el flux de les crescudes del riu.,,2,0,fourties,female_feminine,,Central,ca,,central,common_voice_26_ca,train.tsv,cv-corpus-26.0-2026-06-12/ca/clips/common_voice_ca_36979187.mp3
bfc416e200027b9e71a4745707f20d89488ec3b24c9e6877a5127bb3d2a174628c59264a42697f603ad733cdda043fddb9499f61c861cb7f78536160c14e3c67,common_voice_ca_30956401.mp3,c01de34023d9ac24026f5140609411e03d2b66f022cd54dfc97ed9a83c0e2f52,Reserva'm un bitllet de tren per anar a Mont-roig del Camp dilluns a les sis.,,6,0,,,,Nord-Occidental,ca,,northwestern,common_voice_26_ca,train.tsv,cv-corpus-26.0-2026-06-12/ca/clips/common_voice_ca_30956401.mp3
ee03d192e1ba21bf30d2bb4951ae03eb289d2e7cfa0f5f855f717e5bdf95bdf1d23290a0db6b66d87b8450baf3bb530700fb67bfabe24149790cf4841eed3218,common_voice_ca_41108838.mp3,c9f50c57c2cd39a3fbb2266821c968c4c4e2ee198303f05df5c03cf14ac20aaa,La recompensa fa que valgui la pena el risc d'aquesta operació.,,2,0,teens,do_not_wish_to_say,valencià,Valencià septentrional,ca,,valencian,common_voice_26_ca,train.tsv,cv-corpus-26.0-2026-06-12/ca/clips/common_voice_ca_41108838.mp3
490e2caf11c64b7931abf75bcdadb334e8b4a7d55b263326c6bdd8f4c8a450161db6a799d44c62505374c2ebe3e29a0a7a2b757eb8b12181f9401e8b390d96c6,common_voice_ca_30870005.mp3,9ef9c94153f43cc168242aa3cf36fd9f0647333a7ba129eae3ce28de837137d1,"Al reglament hi eren moltes de les idees establertes al joc ""Lexicon"".",,4,0,,,,Septentrional,ca,,northern,common_voice_26_ca,train.tsv,cv-corpus-26.0-2026-06-12/ca/clips/common_voice_ca_30870005.mp3
872c70c8e020dbc2b83e883096316d7378e567905778dc1ccaa8e30d2f373496d7ee0d9b73aeaef6465a87afa54b15ffd29992b8b4d7c8476238168df51a456c,common_voice_ca_33418020.mp3,ed12b570189358f6436f9bb1f5667312716139f60c392eae248321b53b317b70,"Cada crit, cada puny, cada emoció ens han portat a ser com som.",,2,0,,,,Balear,ca,,balearic,common_voice_26_ca,train.tsv,cv-corpus-26.0-2026-06-12/ca/clips/common_voice_ca_33418020.mp3
c0f253613a9e4ee63818a9cd4aa7a7f4e91526b887640ad26dd23d57311e7b26545b72dc8de3ed1fb41bf7cdd9fcc4d0c60c16890bca334891a915cc34d25c1f,common_voice_ca_38080893.mp3,9802fa91c2079e91bef24a359a406fa89703b42e01a64b8af486128a20aac0ed,Divendres en Joan i en Telm van a Granyanella.,,3,0,,,,Nord-Occidental,ca,,northwestern,common_voice_26_ca,train.tsv,cv-corpus-26.0-2026-06-12/ca/clips/common_voice_ca_38080893.mp3
f5819f4b14e363a898d2580c093b6c5eb45688a07bea7881e1ad7533a19bd729dca30363f6f5f419c77f86fc0970c181b9ec31071c7c34280986c4773563dc64,common_voice_ca_37822030.mp3,837610defa92dc1db6056a924bedc8be7bf84889966108e558a21a4e99747f6b,El públic familiar també té una àmplia oferta.,,2,0,,,,Nord-Occidental,ca,,northwestern,common_voice_26_ca,train.tsv,cv-corpus-26.0-2026-06-12/ca/clips/common_voice_ca_37822030.mp3
35a724bdfe9ca06b6552bc1ac54da0f15ef5f4032790149316ecf1c195c8501ef5ea1a23760a8e4ad4ee39d8c9f065f9a8af6886a3794d91e72acbac4344e627,common_voice_ca_31340150.mp3,0a5eba1b307e9dab8c12f1f3e435a7cf8456d0e33fd36671085499d73bcda10d,Amb qui es reunirà Ernest Maragall?,,3,0,,,,Septentrional,ca,,northern,common_voice_26_ca,train.tsv,cv-corpus-26.0-2026-06-12/ca/clips/common_voice_ca_31340150.mp3
951d083c878fa72c30104e5ab547dab19da24d6b1c9c41277976c789f5d6d4ad112f1b61391509eae78a1b65556a73d9f963d9f829ffed3446a045b62d0711df,common_voice_ca_21774926.mp3,6593d95d7ac6edcb83b89db47f44f381dab421d63b692ee4b3f87ffdf2249991,No s'han conservat els originals dels retrats si bé han sobreviscut còpies d'ells.,,3,0,fifties,male_masculine,valencià,,ca,,valencian,common_voice_26_ca,train.tsv,cv-corpus-26.0-2026-06-12/ca/clips/common_voice_ca_21774926.mp3
6e0bde610f238b674017fa7320fa8095a2323a8b0e11bf837c522e9a8c1d0563570a181bcc17c1cdc5d0f6ffdc15d2487f927cec71116aec5ebca5cc8b87929a,common_voice_ca_37564290.mp3,e952f7c579f588105e18b1ab2e67dcc85192aad232cf429bee4da4c5195461c9,Parc Natural del Delta de l'Ebre.,,2,0,,,"Mallorquí, Son Servera",Balear,ca,,balearic,common_voice_26_ca,train.tsv,cv-corpus-26.0-2026-06-12/ca/clips/common_voice_ca_37564290.mp3
7f24896be12622e563222917ae8a855fc6f151b7a5e627055e95a83b1d0736d3bb85328a34d9ba38258b5f655ddbb8be027144871388d2390a98d0a870f8c672,common_voice_ca_37658967.mp3,7b25f2a70d2ad9fc1e8f9b83f169aa0fe48784883bc9c078198dfbcfa4300819,Ha servit al seu país des de diferents responsabilitats al congrés espanyol.,,2,0,teens,female_feminine,,Balear,ca,,balearic,common_voice_26_ca,train.tsv,cv-corpus-26.0-2026-06-12/ca/clips/common_voice_ca_37658967.mp3
b15280ab1cd085208970d2471b15bb5718d3df6f1f737edaaa89374960fc00681edc55c14bf837ba1b66eef022dc1d004aafce32391f9cc296716c28d07980a8,common_voice_ca_38846258.mp3,c4ae9babc2089262ee4bca3e76d1db8e64eab2c9258f423d83b822572385acf2,"És un edifici de quatre altures, planta baixa i tres pisos.",,2,0,,,,Septentrional,ca,,northern,common_voice_26_ca,train.tsv,cv-corpus-26.0-2026-06-12/ca/clips/common_voice_ca_38846258.mp3
56c45f3884d73543ed6443d6eda60ba1c20483ee159da2ce6723e256e09d46b9c91d499f2a986de242659676a636cb4d49a05f97ffc51f98c22aaa67492c7fb3,common_voice_ca_20505538.mp3,2f5438bf40ad06e831b86ee0bc35d0630902b6c8f891246cdcdd3df1b0f3a82e,"La paraula Assut vol dir presa, contenció.",,2,0,fifties,male_masculine,,Nord-Occidental,ca,,northwestern,common_voice_26_ca,train.tsv,cv-corpus-26.0-2026-06-12/ca/clips/common_voice_ca_20505538.mp3
fc5d1045328111af178c163d82993cdb8ebe763bc773d6e5c4184721bfde4e2ae331ab658d8395403f714bb704aa6a47946839a93cf30a0ba989ee752329e295,common_voice_ca_37568738.mp3,f1d5f0eba7c88e40f97ca29c20bc92e8e2d1b0a452b61cba3f134fef6b09ece8,"Posa el colomí al colomar, Colomer.",,2,0,,,,Balear,ca,,balearic,common_voice_26_ca,train.tsv,cv-corpus-26.0-2026-06-12/ca/clips/common_voice_ca_37568738.mp3
b536b3b9100f00b4d3d23dfb03c67b85a7795e8f3c37825a40e77b51af1c6259b35aad87c371c119da9034ccd717f3c6fdec3c11731cb9e69ea2360d9fd75a85,common_voice_ca_31448743.mp3,1c887d6fd2d4e44ae2b742be888912dba02f29302e6440980afe4d79dec5ea1b,Això li va passar per sobre dels mitjans en els passos que tenia per sota.,,4,0,twenties,male_masculine,valencià,,ca,,valencian,common_voice_26_ca,train.tsv,cv-corpus-26.0-2026-06-12/ca/clips/common_voice_ca_31448743.mp3
4e6157e12682d5026015894e16d15c67e09b5417ad6f2e128c4e466185d37a23d234108eb8e4e3981dd695709b618aa6699a6e0f07b8ce269220997118278bb3,common_voice_ca_31012261.mp3,d3b7235d963386308ea272967ce7468501f2d4af3e670e4e94b14d3e1be213d2,Avui a tres quarts de dotze no engeguis l'aire condicionat.,,10,0,,,valencià,,ca,,valencian,common_voice_26_ca,train.tsv,cv-corpus-26.0-2026-06-12/ca/clips/common_voice_ca_31012261.mp3
de16763b08989247481ab95b1f9cc0271e5f1b346f96a2ddbb632774948f060329ed8b46b84a37e79fde815aedc66ef709a883809b5922a3c2d0951ff46785b8,common_voice_ca_17455652.mp3,3fe90deff054cb93b2992887ff3276475894e184a9b4ee98282db2132abec5fb,"Blanc i negre, fa virat.",,2,0,twenties,male_masculine,,Central,ca,,central,common_voice_26_ca,train.tsv,cv-corpus-26.0-2026-06-12/ca/clips/common_voice_ca_17455652.mp3
960cdeb8db2a4e83095207c66ec36f0575b90151711ec23f21a5fc1e755f8d0667423c42a3b4d03a141875f84710d45e01b37474ccd63a11f82ca3616e8bc792,common_voice_ca_37577673.mp3,055b7eef99d8eff3d50844cb3ed6b93fa13d9815627d2b2111ca7f8ded482104,Qui s'amaga sota d'un arbre es mulla dos cops.,,2,0,,,valencià,,ca,,valencian,common_voice_26_ca,train.tsv,cv-corpus-26.0-2026-06-12/ca/clips/common_voice_ca_37577673.mp3
a8264dd930d1b0b3cedb8ad09a5948f6ebbac873d0017cde0712f25af6db5897db89a352454da9f31f15d51809b987819871860f9df906ab76fc230f8c980bf1,common_voice_ca_34202297.mp3,357625e525245eedfdaf229c0b55bb5de6d88ecd87754cec4195a4634b1c6c2c,"Tot i ser el primer grup de rock a la Xina, no eren xinesos.",,4,0,,,Mallorquí de Palma,Balear,ca,,balearic,common_voice_26_ca,train.tsv,cv-corpus-26.0-2026-06-12/ca/clips/common_voice_ca_34202297.mp3
f78cb83ad461b064e866b1e86fee9c72b14abff6a54c5c30780271cd288bdc35238935dce1aa3c35b5ec09d885c842ca71ddbc2d49304eea9bdfc5bed03aad0c,common_voice_ca_37913284.mp3,8b718ca77b700a6f33f05dfb59878c63b642ee7ef65333ee5acb6c5031da85e8,"Abans de tornar a Madrid, va passar per Alemanya.",,2,0,,,,Central,ca,,central,common_voice_26_ca,train.tsv,cv-corpus-26.0-2026-06-12/ca/clips/common_voice_ca_37913284.mp3
dd861f9c59e6769502fcd330a174bb26308379a5a95cc8416bbf338aded7ca4ee103b04df5deb014e1a41ef4e672a0f4ba9c583af8e6c4536f86ee6d9e8f6c4a,common_voice_ca_40602431.mp3,00445a63527b81eea0d82e2a55a95f04a4d7e157c3ca9d81daaa5f179ef4ea01,El feixisme i el nazisme són intocables.,,2,0,,,,Septentrional,ca,,northern,common_voice_26_ca,train.tsv,cv-corpus-26.0-2026-06-12/ca/clips/common_voice_ca_40602431.mp3
583278de14e1d78babd36b2768421d58d3b2a2a79f014e7b3d98f4b4a11c7a266dedbc7019af6d8c6a8068ce0aaeb5d822f02ef7756fb052675b2d92b4143cdd,common_voice_ca_33434127.mp3,f964c66ee79f2d0b2b1eb0ea2588d124f537aad5e9e559c78c7f4e0538e4633a,També es recomana de suspendre qualsevol activitat que pugui generar pols.,,3,0,,,,Balear,ca,,balearic,common_voice_26_ca,train.tsv,cv-corpus-26.0-2026-06-12/ca/clips/common_voice_ca_33434127.mp3
b7cabeeebd327e20e86dc7f329044ef1e505a8b5b06ec8730b35ec796179398d343c4612c462987483a552461ceb8746d845b5304f90a1ef4bae8f961c061f22,common_voice_ca_30834105.mp3,92a7f7e15e13faec1a99403808228f71469b786551bae3e5395a97d72abfe632,"""Blixen"" és un membre de la família Eos.",,2,0,,,,Central,ca,,central,common_voice_26_ca,train.tsv,cv-corpus-26.0-2026-06-12/ca/clips/common_voice_ca_30834105.mp3
90aacb6e5884a88c78cf93e77ad46f5b2c643042e24cf33f6fc3edf4c4ae9fbb76517000acd023ec4d19fa1854d7bbf4c21839576ed6cc0661f6533339f50bee,common_voice_ca_25961050.mp3,2df873ca3dba2f8ea3dd138644b581ee192efb9f6e6d140eeda3f2d9c01939d9,La delfina va quedar profundament afectada per la mort de la criatura.,,3,0,,,,Central,ca,,central,common_voice_26_ca,train.tsv,cv-corpus-26.0-2026-06-12/ca/clips/common_voice_ca_25961050.mp3
57fa79b868c0c413fa2429624a8e33321018004e077191aef26c5fb373243ce7b06acf48a1732e0692ee1f8e9b71bddc9683cb35ba8a3852cc19f7bbae568c00,common_voice_ca_32068230.mp3,5f132b7c75a09720003faa7c5174be9e40a754077cc85fa3953c32b770e07309,Dilluns en Gerard anirà a Alins.,,2,0,twenties,male_masculine,,Balear,ca,,balearic,common_voice_26_ca,train.tsv,cv-corpus-26.0-2026-06-12/ca/clips/common_voice_ca_32068230.mp3
f213253eb290eb8068851d9d5625cd99a2d9548d5584a70b59e70c7107221ef5177cdd291dbe623d0f1ec45b983f163ec3ab9ade0a3a43c1b309d437dd08068e,common_voice_ca_38491035.mp3,b31ead7edcb83ca2e62deb49507a8ff314583d29b91ffe3ebea9ef01e117f271,Tota la plomeria de la casa es troba en aquesta franja.,,2,0,,,nord-occidental,Balear,ca,,balearic,common_voice_26_ca,train.tsv,cv-corpus-26.0-2026-06-12/ca/clips/common_voice_ca_38491035.mp3
8dccfb605c83df1076d2b14598d15a614081a0b1972a28d62e99ee3a373c071e0fb17a28245681a76f481385197a59e44afc8f5e36636ce77a81b4c2a7adae6f,common_voice_ca_32293296.mp3,beeb466e24fbb53fb4d2430bda4dc32f02810ddd903ee74ded1690c5d10df656,Una introducció a la cultura alfabètica.,,2,0,fourties,male_masculine,,Balear,ca,,balearic,common_voice_26_ca,train.tsv,cv-corpus-26.0-2026-06-12/ca/clips/common_voice_ca_32293296.mp3
f7283162034bb86ce204d3c3051e0619089a5fd82b600c8eee8b6c5644c6c8d4e9bb8c69fbf68114123ab6fdef226d37c96ee3703d4f3b6897c1f4b6aaebdd20,common_voice_ca_38090125.mp3,9852be4407c6dfea2da2908d06e100884f70c2bd0d3a3f10c59e95691888037b,Al meu voltant hi ha de tot.,,2,0,,,nord-occidental,Nord-Occidental,ca,,northwestern,common_voice_26_ca,train.tsv,cv-corpus-26.0-2026-06-12/ca/clips/common_voice_ca_38090125.mp3
8d51028ac1e2f3eb980daec5cda1dec591001831416afa7ffc0d8c6b6f9e7a18d15f5f8fd47b84de71e6606bffd89f5847d7b20098a5fb8ef526bee9a3127ac5,common_voice_ca_30496257.mp3,59cd9ada9301876dd84ba9d6125b59bccf9b2f1e66474c960f8ebd115a5689d5,"Telefona al sis, noranta-dos, zero, nou, noranta-nou, trenta-vuit.",,6,0,fifties,male_masculine,valencià,,ca,,valencian,common_voice_26_ca,train.tsv,cv-corpus-26.0-2026-06-12/ca/clips/common_voice_ca_30496257.mp3
0990674a80136592cdd3fb52d32945b2972482c134aba7ba54a9e577ba0917ddb2518172c8ffe80d4fc5bd844e6c889e2da6763ae5ea0be655b03b53e9633489,common_voice_ca_30894024.mp3,a78225d735135527a992139d580f8b74cf2e012deea5222550009a91db9ac08b,El pont de Newport va ser un disseny de Ferdinand Arnodin.,,3,0,thirties,female_feminine,,Nord-Occidental,ca,,northwestern,common_voice_26_ca,train.tsv,cv-corpus-26.0-2026-06-12/ca/clips/common_voice_ca_30894024.mp3
e04cbd4307c7e5ef6d5d138feee440a220d8f45eac00a567b9bd33b6f5687b2b7312e131bd7ba26cfd6a344d0580f4aa0772851a0a30c8296bb542478ba1fce1,common_voice_ca_30756006.mp3,771b5172033a45af27fe87af2110d7a6db6d0d9388a421ff372ebe7c5e79fe27,"Dels edificis originals, en queden ben pocs.",,3,0,,,,Nord-Occidental,ca,,northwestern,common_voice_26_ca,train.tsv,cv-corpus-26.0-2026-06-12/ca/clips/common_voice_ca_30756006.mp3
5b78eeb212179631e404608b0b240f7692156f51a0ddbe77fe305335565b54c64128e65094ac112101d88f6ab4a554b27ee6af4fadd6e2d5be91e3c9ec37197b,common_voice_ca_31098641.mp3,ea8ff3118ca51478cef43d218ba09227fcde25ee9e8d8720d506153dd947dcaf,Les principals activitats són el turisme i la construcció.,,3,0,fourties,female_feminine,,Nord-Occidental,ca,,northwestern,common_voice_26_ca,train.tsv,cv-corpus-26.0-2026-06-12/ca/clips/common_voice_ca_31098641.mp3
25fd6b4ee846c6175a4b9aca430ea9c027648c5208c19e58af6219626b6e73418c62cb5ad9fb418620b0ee37b5c9cfb8219a8273cacbebb46009165848567757,common_voice_ca_31127291.mp3,ef8c9322dc88934f1266adb3df261c1ebc7d3f0e35a3d24413566bbf9608d90a,"En l'escriptura de ficció, els autors creen personatges dinàmics mitjançant molts mètodes.",,3,0,sixties,male_masculine,,Central,ca,,central,common_voice_26_ca,train.tsv,cv-corpus-26.0-2026-06-12/ca/clips/common_voice_ca_31127291.mp3
075b4a3d089fb0d6efb5b7dfeefd953428f734eb2d4ea26b3be6b03a3a65f71fb98bf2f4852e0db226b0918223f1fc2d386268913ac27a4d761cb44b2e081560,common_voice_ca_37569102.mp3,f306a3be6fe911ac2f8ef7ddcdbc0ad125ba59bbf07a1c5817fbe3492281a04a,"A Elx, magranes i palmes.",,2,0,,,,Balear,ca,,balearic,common_voice_26_ca,train.tsv,cv-corpus-26.0-2026-06-12/ca/clips/common_voice_ca_37569102.mp3
96a20fd33c05a6777e1611b65b12ac2ec2060662e68c003d533fc477dcef30aa29ea77ad76451009a68a8e932584152cf34aaaa76c5db2b8af871ede8fc0aa1c,common_voice_ca_37762071.mp3,7f20ac90223f4f5fe1bd3f15ace0e55f91e8de37e0899a9e1fa3f477fbe05da4,"Dijous Gras, coques de llardons.",,2,0,,,,Balear,ca,,balearic,common_voice_26_ca,train.tsv,cv-corpus-26.0-2026-06-12/ca/clips/common_voice_ca_37762071.mp3
4c907ac8ef063bb681d6787d2ec0511a7ed131ccecb62396725944889d00d9553bd7964b399f51360bebec005cbae92f3037fa191641654e1f491bb98a559166,common_voice_ca_33448245.mp3,0239a19439bcd1792bcb46ced54f71fba3be6d5d70f2f5bd9509324e8ee9b8c4,Això també afectarà al protocol a les escoles.,,2,0,twenties,male_masculine,,Central,ca,,central,common_voice_26_ca,train.tsv,cv-corpus-26.0-2026-06-12/ca/clips/common_voice_ca_33448245.mp3
9066801d6ea9e4a7fb62b7b0a77e7d35a0c15420776e63356c290df33f1c5e005bd711a408a0443f0b5b08608488dd9934fbabe22b7d1948e3bdfc5f0e91e07c,common_voice_ca_31336799.mp3,09e54b41ff39e3605b3acf82de4db48717a0e8b04c124045d4a2c0e900a707a8,"En aquesta època les dones laiques no comptaven, en general, amb la suficient instrucció.",,4,0,,,Tarraconí,Septentrional,ca,,northern,common_voice_26_ca,train.tsv,cv-corpus-26.0-2026-06-12/ca/clips/common_voice_ca_31336799.mp3
a6ad74ea6260e8219c45e05c77e755fd37612c2f9de1ab7104fb87a28bf8044e432a88448ef0485800886a333e08ae07b5df37522cdc248ae34b4e77ff386d26,common_voice_ca_30495764.mp3,591e186218229343a7e7f58b0a238f0541efadd4f641dd0203e7fe9fd281d649,Consulta el resum de totes les activitats a l'agenda en línia.,,6,0,,,valencià,,ca,,valencian,common_voice_26_ca,train.tsv,cv-corpus-26.0-2026-06-12/ca/clips/common_voice_ca_30495764.mp3
fc5d1045328111af178c163d82993cdb8ebe763bc773d6e5c4184721bfde4e2ae331ab658d8395403f714bb704aa6a47946839a93cf30a0ba989ee752329e295,common_voice_ca_37568737.mp3,ed93fea7e0eb4964acbbfb8c44d5ccb99428e66e52b768b39b841e06e9cc0d47,"Pregó, concerts, passejada en bicicleta, festa de les aigües, activitats esportives, plantada de gegants.",,3,0,,,,Balear,ca,,balearic,common_voice_26_ca,train.tsv,cv-corpus-26.0-2026-06-12/ca/clips/common_voice_ca_37568737.mp3
22958f42a50ef3a5c2ec4d3fb30bec33a55c1d1a6a85d5bea86ba8c8107415837c8494ff7dbdea01385859ebf381c231be0ebc45dc26f0129c228e4cc3ea4586,common_voice_ca_33387160.mp3,d4b55304e216656516ffcc06090c24db9db9de70d84cd7d56bb3cb1e086e218d,Avui tremenda bufetada s’endú el muntatge policial.,,2,0,,,,Balear,ca,,balearic,common_voice_26_ca,train.tsv,cv-corpus-26.0-2026-06-12/ca/clips/common_voice_ca_33387160.mp3
7734865457a855a64a6108f9baaf8811833caa1d31f0d340ecfaac06757fc2467981f1c2008f2c0f4524163351052f13bc777c3aa1c88b0373d39abcd364c1ff,common_voice_ca_30967206.mp3,c4b37e3057787c017a287558de0e3e4b789e0f487e912794e9317fec36102afa,Les eleccions han tingut una alta participació per part dels kurds,,6,0,fifties,male_masculine,valencià,,ca,,valencian,common_voice_26_ca,train.tsv,cv-corpus-26.0-2026-06-12/ca/clips/common_voice_ca_30967206.mp3
5562088adced9c13adbe151f58bdb1531f8098c563fb23dda280a34dd600eb096d253eeeafeb345a830c3c4ea8ceef90268fb84e978d13cba5a2e31c2be5c69d,common_voice_ca_38573582.mp3,b988ae044b8796678c68f46d44b25708b346c1431e1f41b9d9ce5a032d65fd4e,"Els preus, entre els tres i el sis euros.",,2,0,,,,Balear,ca,,balearic,common_voice_26_ca,train.tsv,cv-corpus-26.0-2026-06-12/ca/clips/common_voice_ca_38573582.mp3
0990674a80136592cdd3fb52d32945b2972482c134aba7ba54a9e577ba0917ddb2518172c8ffe80d4fc5bd844e6c889e2da6763ae5ea0be655b03b53e9633489,common_voice_ca_30893683.mp3,a74f778e02412a13ea116ab9449209649336d28bc27efa10578ce36d631f8d99,Cal més empatia entre pacients i metges.,,3,0,thirties,female_feminine,,Nord-Occidental,ca,,northwestern,common_voice_26_ca,train.tsv,cv-corpus-26.0-2026-06-12/ca/clips/common_voice_ca_30893683.mp3
f3c811d5547f908c9705854bb11f999c65b1a526bbb5f7c4813df0f9204dc1061c41c2ac825bed6f76415e93b4a78113a25b3c6426b3b7723b89bbde98be1729,common_voice_ca_33158973.mp3,63cee087e20161e81ade6a3072f51297abae4a26ebc0562af5e0541ff031ec68,"Amb encaputxats ni eixamplarem la base ni construirem la república, diu.",,4,0,thirties,male_masculine,valencià,,ca,,valencian,common_voice_26_ca,train.tsv,cv-corpus-26.0-2026-06-12/ca/clips/common_voice_ca_33158973.mp3
ebdd260d32c844973f080135fff8e1e957874d75c73329c9bf01473084a2a1e1bc54acc2eae46c67634e04ad5a7fe43da60a3423fc922f52c4408b853f0dfd3d,common_voice_ca_39926363.mp3,d63f7cfdda3c4fe4a7c355a0f9ea6cc8ae3cf15a53a28f9e84e9c1c105f0a84e,Completen la decoració quatre columnetes i altres motius geomètrics.,,6,0,twenties,female_feminine,vinarossenc|BAIX MAESTRAT,Nord-Occidental,ca,,northwestern,common_voice_26_ca,train.tsv,cv-corpus-26.0-2026-06-12/ca/clips/common_voice_ca_39926363.mp3
056223cbc144f14287eedeed46891f64566aead7761b8b139043adcf199ddf85b3f5a7a9c27d3ec818fc2554832bb2c9b298d1b2df54d6ff1733251487295b82,common_voice_ca_37479910.mp3,4ef96b1772edc1a6d37ad5e2f7d7da4613eae87b1a03e3bf7ea24890a76527d2,"Vinguin els diners d'on vinguin, el cas és que vinguin.",,3,0,fifties,female_feminine,,Septentrional,ca,,northern,common_voice_26_ca,train.tsv,cv-corpus-26.0-2026-06-12/ca/clips/common_voice_ca_37479910.mp3
63b5f483250d5d648f92d9f9ef07be2652f7c604b8216122701e0371603225d885014f251405a5c4671ef3c822ea0230475d600041667054b64adf2be0e7a58c,common_voice_ca_37577070.mp3,0276391904dbde0c7d59e2834862163affa6d6aeb3b9901228b3e2d379a1a2fa,"Qui llarga vida viu, molt mal ha de passar.",,2,0,,,valencià,,ca,,valencian,common_voice_26_ca,train.tsv,cv-corpus-26.0-2026-06-12/ca/clips/common_voice_ca_37577070.mp3
b8edd535430395b2f4455eca8daea243f8cc2f589f0f482c2dc271c0f605362c987738fb1c3dd20d3d4e6e6c33a22af7d6bbd73562227ecc660fc81fce0a53e1,common_voice_ca_38340403.mp3,aac585d9cd67a3538ccf8a338989ef254b8c4d3334bdd8cfa873f7b9dc166b55,Aquestes dues cases s'havien comunicat a través dels respectius jardins.,,2,0,teens,male_masculine,,Central,ca,,central,common_voice_26_ca,train.tsv,cv-corpus-26.0-2026-06-12/ca/clips/common_voice_ca_38340403.mp3
f8afdbedf7b4cf7c53322433ffb479349dfce968a871a5e865cf632d01a0a9c32dad8f25be62ff83050c9836f04f8b07fa157c669c26f5bb4d639ac997927916,common_voice_ca_36823649.mp3,5c4baa1a9035da4a04f3248fd628ce3f99152ae8c2647133b39f800cccfc2912,Divendres na Mar i en Nil aniran a la platja.,,2,0,,,,Central,ca,,central,common_voice_26_ca,train.tsv,cv-corpus-26.0-2026-06-12/ca/clips/common_voice_ca_36823649.mp3
e70e62d6ed6985015e987da40391de410088f0825dfdbbee04963da4ae6be33b9ca19f2b77267b1457e26eee22db639cdce7587435c764d9fede1c005b17561f,common_voice_ca_37574314.mp3,fe4159f573ccd13df43fb0be92cd06db37e5815e7634e9b654aaca561a26e57d,Un secret li és una purga.,,2,0,,,,Septentrional,ca,,northern,common_voice_26_ca,train.tsv,cv-corpus-26.0-2026-06-12/ca/clips/common_voice_ca_37574314.mp3
4937e01c9b227da583aa9d4e298b546ef6ace362fff73544364721c76bd9f986d2fc1cde88ed142be30cb4e4f5dd6f5c9809e8f6ef7a42eba678d0648d34c271,common_voice_ca_37910576.mp3,8b679c83a971aae8f3dd7487790302e14aa22233c1b15f88d6786443431dc15e,Actualment està regida pel bisbe José Guadalupe Torres Campos.,,2,0,,,valencià,,ca,,valencian,common_voice_26_ca,train.tsv,cv-corpus-26.0-2026-06-12/ca/clips/common_voice_ca_37910576.mp3
80923f53da66acf2b0f28ec60df4d3abd235f02e36e3f2e0984dfa8bb02386f8cefc915b10962d35598ff7412bcf483f1aa96efb129bee999e5efb5d532ff968,common_voice_ca_37545996.mp3,ba9544a036439b7203ed2fb509cbe50ffd64c412c79f8d8b2e6a38e9d46b79e5,S'han publicat les qualificacions de la tercera prova.,,2,0,,,,Septentrional,ca,,northern,common_voice_26_ca,train.tsv,cv-corpus-26.0-2026-06-12/ca/clips/common_voice_ca_37545996.mp3
9b9a1084659bfa62fb0542b3a8a18acf11698177a09eac7e1f89290cd23748d75aff0e5394f4f307709fb45f19074d83b92fd184ee4ad6c11d6487f82ce8d5cd,common_voice_ca_40559691.mp3,e8bc108de2194f5b29692d79423d0cc131da491ef7ff68095cf6358f606e39fa,El vint-i-nou de febrer en Garbí i na Txell aniran a la biblioteca.,,4,0,,,central|septentrional,Septentrional,ca,,northern,common_voice_26_ca,train.tsv,cv-corpus-26.0-2026-06-12/ca/clips/common_voice_ca_40559691.mp3
4441f076bc285bcf9707f316882f34c24c0d7d57c525833d8097c1c0bba0d2b43b7e45437841d5839c3f2cb2bb7da6512c0678889accdda6f6c4f103c94738df,common_voice_ca_31220313.mp3,f8ca6c2e92e4036805ea6a075b97a50fb9d4f48edfa777f2c369c031ee9f3570,Què creien els perses?,,4,0,fourties,female_feminine,,Septentrional,ca,,northern,common_voice_26_ca,train.tsv,cv-corpus-26.0-2026-06-12/ca/clips/common_voice_ca_31220313.mp3
26527c84247bb0804a7c264edb42b23f55e96abd5d4b2981ee1808c4ae4978feaca988dd9645afc1b6e6dc65dfb5563b3b5eb47656a4d97feb5b289d74c287eb,common_voice_ca_31429327.mp3,19a542b1dd71a8e2e8294a56b32c1ee417f779936526c9191bf54179ab58c357,El pes de la responsabilitat.,,3,0,fifties,female_feminine,,Balear,ca,,balearic,common_voice_26_ca,train.tsv,cv-corpus-26.0-2026-06-12/ca/clips/common_voice_ca_31429327.mp3
9fb7c6ba9e690d4f142bcc1f2e88ba470bea8a54402e314229c5ad44a55710b7495097ebb61ba16d4f147de441805dcf87693b30de26a04672b3c4e2adfc9583,common_voice_ca_30754403.mp3,76850c235de47ce4cb10ec0eba14b051ca07389af3ec5b60a059b65094f37540,"Després d'aquí, entra al barri unitari de Milton Keynes.",,4,0,,,,Septentrional,ca,,northern,common_voice_26_ca,train.tsv,cv-corpus-26.0-2026-06-12/ca/clips/common_voice_ca_30754403.mp3
a8e6a1b59d13a928f7c4c37994e082e745aed39a566e7a7bdd87f8d90af8a6d9234159c5e28bd4d5ca7f073d6cd0cb71412d60f075b3207d15042d495398a454,common_voice_ca_37590060.mp3,2dc7cec360f4699423bd0bb6bbaf25ab5d726fbebabe8364eaf181d9fdf5a444,"Sant Martí va ser lladre, i després va fer de sastre.",,2,0,,,valencià,,ca,,valencian,common_voice_26_ca,train.tsv,cv-corpus-26.0-2026-06-12/ca/clips/common_voice_ca_37590060.mp3
bd24eb79a3f6592892711a17449820fd1f0e0f428fa3e8a78bb1e5a415fd5271741dd197dc18561eff0a19451709221c5ac4aaf0ff91d5523b887a2d71ac2b49,common_voice_ca_37560257.mp3,de8dc5d7dfa14b5d911ce6ce974d222c4058463f014ce03cd2c459079f63473a,La documentació la trobareu a cadascun dels passos de la tramitació.,,2,0,,,,Balear,ca,,balearic,common_voice_26_ca,train.tsv,cv-corpus-26.0-2026-06-12/ca/clips/common_voice_ca_37560257.mp3
b2e8163f2b1c8f68a53b0ae4db5d81620253a6667b82beae13ea96f6b365942f7f2dbcda7da096c69ceb30d095b9bfb7840c03da147978c3f9e9b07226e0c1ae,common_voice_ca_37908507.mp3,8b2d67407aea681c0696f54d46561ea84d974d9fcbe371486db39d1df5d02e5c,Com ho puc fer per anar a Alginet?,,2,0,,,,Central,ca,,central,common_voice_26_ca,train.tsv,cv-corpus-26.0-2026-06-12/ca/clips/common_voice_ca_37908507.mp3
946e5ec4f472d910217a86a8033666d9a7154dcee9209d8ef1987e765deceaa8a3646943323dba34dcc46fc6ea7de82923878387f4e6ce042805cdab9de66d1b,common_voice_ca_32157042.mp3,8ee902ec353cdf04e105d280c29a55980c529bb8e87d27040fe32611e726400c,El deu d'agost na Carla irà al teatre.,,3,0,twenties,female_feminine,,Central,ca,,central,common_voice_26_ca,train.tsv,cv-corpus-26.0-2026-06-12/ca/clips/common_voice_ca_32157042.mp3
49879eb3db69979eff957258d63e98e9b693fced526a2b9ad68395eb691defb1bb352b5416f4328f67534a7962fe0364c4af8db411be29114a159f4e18bf97c7,common_voice_ca_37567996.mp3,ee4ae9e965e1750fb5cc97b9f1269336ae28a77496cf131d6494bd3d3c2b32cd,Estimació de la variació de la generació.,,4,0,,,,Balear,ca,,balearic,common_voice_26_ca,train.tsv,cv-corpus-26.0-2026-06-12/ca/clips/common_voice_ca_37567996.mp3
ee03d192e1ba21bf30d2bb4951ae03eb289d2e7cfa0f5f855f717e5bdf95bdf1d23290a0db6b66d87b8450baf3bb530700fb67bfabe24149790cf4841eed3218,common_voice_ca_41108979.mp3,c56243ae614a522f3af237df214e8c625e9ecc0b8146a0e4901cf9fe8b441cc8,Per què simbolitzava justament aquests conceptes?,,4,0,teens,do_not_wish_to_say,valencià,Valencià septentrional,ca,,valencian,common_voice_26_ca,train.tsv,cv-corpus-26.0-2026-06-12/ca/clips/common_voice_ca_41108979.mp3
9ee4386eafa52e82cb643e20a6515dee587844d2c4b6c0017bcc561939ed69f0a4b268925838c9be6801cea43e5d970806822d1b9c1d288f20b306078c7bc6fa,common_voice_ca_31466908.mp3,1ed41cd76b65e145a761e12dc842f378ecd550876eeda65c0b8229f7d38c2ce1,"Baldwin es va convertir en un comandant militar molt capacitat, fins i tot brillant.",,3,0,,,,Nord-Occidental,ca,,northwestern,common_voice_26_ca,train.tsv,cv-corpus-26.0-2026-06-12/ca/clips/common_voice_ca_31466908.mp3
aa8eb38159cf771b1f6f3778e2f6f9b66588dbfbc2345e28e11406514a6dc77f241aab0f341bee52d361132bdbaa9f02aa0411e87d47733b18a6d8eba443d2ba,common_voice_ca_37651207.mp3,7aacf659a74cd908647048e02a667756b9e47e5f16ed235d7060514c1f75e445,L'accés és per pista.,,2,0,,,,Septentrional,ca,,northern,common_voice_26_ca,train.tsv,cv-corpus-26.0-2026-06-12/ca/clips/common_voice_ca_37651207.mp3
cc044cbd66343acb7e4da20c0ee891c7723aa2a8a499515b6b9beec39d02072ee1378e017d134fc25067fa93bf6dce4ec5f5b135a6694ef14dccc8835f46d45d,common_voice_ca_31861638.mp3,3af1c333d236722bb3e0353d45a38d114fa55242fc6258551f6fb3c285752d59,És per això que escric aquesta narració.,,2,0,sixties,male_masculine,,Central,ca,,central,common_voice_26_ca,train.tsv,cv-corpus-26.0-2026-06-12/ca/clips/common_voice_ca_31861638.mp3
bc302cdfa1ce0c8bf6e59f68f57862e5bfe3541b2bba67ee5038a5c8c708b8ad1825b85d0694331d6e71370ee712503964894446ff176e6fbfb3489dd9b04fc8,common_voice_ca_17442289.mp3,0f07e2a0313248ba1a47a316a86d8da637b7f1dc4142ab8eeaaa39eab354b00a,"No poden acceptar-se per a certificat formes de substitució de factures, com rebuts o albarans.",,2,0,fifties,male_masculine,,Central,ca,,central,common_voice_26_ca,train.tsv,cv-corpus-26.0-2026-06-12/ca/clips/common_voice_ca_17442289.mp3
2f5536ba6dc7d8e76ec8a5246235aed684faac48f165350b5a44652704514d7aedca474fbba37786bd502025a29c98c100b326711bf109af66b555c3a916e020,common_voice_ca_23757744.mp3,af4af8096503b73fa75f4d4d73c24c8c9e8906754ef6e263842d541e6287645b,Brown es va referir a la nova revista com un còmic de la classe alta.,,3,0,fifties,female_feminine,,Central,ca,,central,common_voice_26_ca,train.tsv,cv-corpus-26.0-2026-06-12/ca/clips/common_voice_ca_23757744.mp3
9a460810552af088edc43c43389d91e9f2844641708b8adae4bfb5a84a2899114dbcaa3fb2ed94ea40619735db3b2180d3ada4e8e54e00e4e588ca8eab2a3253,common_voice_ca_38153414.mp3,9c586b31629cd1446e862d4392d8bc0087877474b12c26739db4f9cd0de5b730,Els habitants van declarar que eren antigues torres de vinya.,,4,0,,,"balear|aprenent (recent, des del castellà)",Balear,ca,,balearic,common_voice_26_ca,train.tsv,cv-corpus-26.0-2026-06-12/ca/clips/common_voice_ca_38153414.mp3
ca4f36c6da1079f48fa29ba34af568a122410ff6ec072c88089450792e91fdfa082487fcedca663069120695d64e941cda6150b817cc76f035da7316ef1ae453,common_voice_ca_31670718.mp3,283adbd22d72d9749a966fcfd854104bd7a9779427bd85fd99fca17adfe6e2ae,Ara els seus edificis alberguen un campus de la Universitat d'Aalborg.,,4,0,sixties,male_masculine,valencià,,ca,,valencian,common_voice_26_ca,train.tsv,cv-corpus-26.0-2026-06-12/ca/clips/common_voice_ca_31670718.mp3
b9ee561ba7af9d0a67b73f9edacbbe968abed15d206f6cc9e9d18a14cba3583a72cfdac6522cbc899617652554b84cf2ea38405ee04085ea995b838fcdd1cb71,common_voice_ca_37642008.mp3,79b521572629f436b747e5eb774b00ef2f9cd21d34b696d100a8147963cd09f8,Demà passat na Paula irà a visitar mon oncle.,,4,0,,,valencià,,ca,,valencian,common_voice_26_ca,train.tsv,cv-corpus-26.0-2026-06-12/ca/clips/common_voice_ca_37642008.mp3
1dd709e05b199abe85552f66966863d5cbb374dfad3ddcab72b0d8954988816e1e64d984915fd0318f9f736a6b5f2d18edeedca9e1ccf3287e793c7ea836e2df,common_voice_ca_30882751.mp3,a32917e62035505b7f991192ad7a8257bc4508c9fa12035ddf0069335835d91d,Midway Swiss Days porta milers de persones a la ciutat.,,2,0,fourties,female_feminine,,Central,ca,,central,common_voice_26_ca,train.tsv,cv-corpus-26.0-2026-06-12/ca/clips/common_voice_ca_30882751.mp3
dcd77ac177a78865444707460b317b31b0559fdcccd3243ee68d049c34da17836a4e4f875675274bc6562e33b7de2e05a606b38e2b593a11ff7ed5e8ccc11910,common_voice_ca_30838221.mp3,93c70997ab73d562d9c17dbccb7c0ba4cd88be11b5002018f877e95fd3b5e398,"Normalment, el verb és transitiu i també es pot utilitzar en el senti no reflexiu.",,2,0,fourties,male_masculine,,Nord-Occidental,ca,,northwestern,common_voice_26_ca,train.tsv,cv-corpus-26.0-2026-06-12/ca/clips/common_voice_ca_30838221.mp3
59c83aa5b91477ee56ee8ceb9217341a22d77d24b58c33923138e94db46122e0f90624d63a4bbba4cd9b9c92e99673ab7aee5b752e96c354ec0138be5c14c856,common_voice_ca_36984202.mp3,65535b3e8dd27aa2570c99078562a82c804adb47a973a5f2cbb0b84e86fe00db,Cada vocal pot tenir tres llargades diferents i s'escriu repetint la vocal.,,2,0,,,,Balear,ca,,balearic,common_voice_26_ca,train.tsv,cv-corpus-26.0-2026-06-12/ca/clips/common_voice_ca_36984202.mp3
9cac9ad35eb27502a43f8b886db48d56a59e31afe8ec3435986b157306fc70fdc4807c9f04389770279b98a491ffacda0a75b7fa13b166db2634a6e0978771a8,common_voice_ca_39099628.mp3,c8bb2563d0b7c08e012902db33ac499c40f546f09aef65754494eaab0e2e87fa,S'utilitzen en les cerimònies que reuneixen a la població per grups d'edat.,,2,0,,,Lleidatà,,ca,,northwestern,common_voice_26_ca,train.tsv,cv-corpus-26.0-2026-06-12/ca/clips/common_voice_ca_39099628.mp3
1dd709e05b199abe85552f66966863d5cbb374dfad3ddcab72b0d8954988816e1e64d984915fd0318f9f736a6b5f2d18edeedca9e1ccf3287e793c7ea836e2df,common_voice_ca_30882929.mp3,a3ab86e01af686224a39f927cec7f8acafe964bc14db9e1f0fdb9fc0657d682f,"Amb una exposició prolongada, això produeix pneumonitis i edema pulmonar, i pot ser mortal.",,2,0,fourties,female_feminine,,Central,ca,,central,common_voice_26_ca,train.tsv,cv-corpus-26.0-2026-06-12/ca/clips/common_voice_ca_30882929.mp3
e3764c738c1c1fa6c063aecd70e041588a2a0762fb4be037f7fd5bac92482ed7ccc166f166ae166637df0ec05244c00c8fba7e726872247adb9b8f2c85cc5aff,common_voice_ca_32131200.mp3,7f68644bd96017270fa8eae7637ceea784502cb0851e40d0a13a069f4347636b,Dimarts en Bru irà a Fontanals de Cerdanya.,,3,0,thirties,male_masculine,,Balear,ca,,balearic,common_voice_26_ca,train.tsv,cv-corpus-26.0-2026-06-12/ca/clips/common_voice_ca_32131200.mp3
4441f076bc285bcf9707f316882f34c24c0d7d57c525833d8097c1c0bba0d2b43b7e45437841d5839c3f2cb2bb7da6512c0678889accdda6f6c4f103c94738df,common_voice_ca_31220290.mp3,f8ce4726af326bfd08a717cac5fed7d2aba87e4d91cfb65ac2960c96230cf36d,La majoria de contractes de reprocessament eren amb Alemanya i el Japó.,,2,0,,,,Septentrional,ca,,northern,common_voice_26_ca,train.tsv,cv-corpus-26.0-2026-06-12/ca/clips/common_voice_ca_31220290.mp3
ddf1db61a8a379c496af7bbc192be2eb6a8690c37028eb8714f3a5481ccec9f85069f4a06175e71c45a7cb530617d790c1b797555fd6a30018484f27ed991095,common_voice_ca_37767585.mp3,7f6ad403644486c76bb9246642aada2048493e97aa3c62424d8001c2c1d4316c,Quantes parades té el trajecte en autobús fins a Salines?,,2,0,,,,Septentrional,ca,,northern,common_voice_26_ca,train.tsv,cv-corpus-26.0-2026-06-12/ca/clips/common_voice_ca_37767585.mp3
960cdeb8db2a4e83095207c66ec36f0575b90151711ec23f21a5fc1e755f8d0667423c42a3b4d03a141875f84710d45e01b37474ccd63a11f82ca3616e8bc792,common_voice_ca_37577676.mp3,02f4f702058d9ea42e8524cb91e093d9b24003a05702251ac81b8ad9f166d210,Inici de la Processó del Sant Enterrament.,,2,0,,,valencià,,ca,,valencian,common_voice_26_ca,train.tsv,cv-corpus-26.0-2026-06-12/ca/clips/common_voice_ca_37577676.mp3
fb9db0ac7f6f7e8e2ae35b47d20d6a0598c53c539ace3cd4f0ce09822d7bc844f4a086652390bb24d7e416de020f199cd945274bb76e635d95fddc26a9b45bfd,common_voice_ca_30892083.mp3,a6d2aa3e041404bfa26b832fd5c83626195b03628a627ed4e49259edb2e95220,Una persona saltant molt alt amb una bicicleta amb arbres al fons.,,3,0,fourties,female_feminine,,Nord-Occidental,ca,,northwestern,common_voice_26_ca,train.tsv,cv-corpus-26.0-2026-06-12/ca/clips/common_voice_ca_30892083.mp3
75984669814d11e13887ddb078a055464dce5b188b311b290d153f30ef7c7208175f2d07ef7e9f63ac800803a60c2a10fc24ccf495af3c908f9af239515d0fb4,common_voice_ca_37737342.mp3,7e0f49b76015511fca8a131f31d76b1eb5f2bf78c1c83374cefabb4c22ce22ff,A quina hora passa el primer autobús per la Granada el disset d'octubre?,,3,0,,,,Nord-Occidental,ca,,northwestern,common_voice_26_ca,train.tsv,cv-corpus-26.0-2026-06-12/ca/clips/common_voice_ca_37737342.mp3
9e3c975b3f890ed3322dda9539f0d283083320a5f0e6b822bf339693f2680f288993b3955de33833a2ec4a64a45a3f4f2f4cf1f06ecae044ea1450fece58c394,common_voice_ca_31214055.mp3,f7dd0c641bd76120ea5a8c2733bcdffd49d0c3784757c79a8ee84cdaefc47ef5,La col·laboració de Barry i Kim escrivint cançons va ser la clau per l'èxit de la productora.,,3,0,sixties,female_feminine,,Central,ca,,central,common_voice_26_ca,train.tsv,cv-corpus-26.0-2026-06-12/ca/clips/common_voice_ca_31214055.mp3
22958f42a50ef3a5c2ec4d3fb30bec33a55c1d1a6a85d5bea86ba8c8107415837c8494ff7dbdea01385859ebf381c231be0ebc45dc26f0129c228e4cc3ea4586,common_voice_ca_33387153.mp3,d39d6d804b412520eafe95880189a7912cc0dacf9b535eba727fa842b3bf7d0e,"Sí, han concedit crèdits, però no són diners immediats.",,4,0,,,,Balear,ca,,balearic,common_voice_26_ca,train.tsv,cv-corpus-26.0-2026-06-12/ca/clips/common_voice_ca_33387153.mp3
056223cbc144f14287eedeed46891f64566aead7761b8b139043adcf199ddf85b3f5a7a9c27d3ec818fc2554832bb2c9b298d1b2df54d6ff1733251487295b82,common_voice_ca_37480259.mp3,4e0d89ff251e244f5d4748fbd0e86a417fd434110154aff8cfe9293407ea44db,A Bescaran les bruixes hi fan la cova gran.,,2,0,fifties,female_feminine,,Septentrional,ca,,northern,common_voice_26_ca,train.tsv,cv-corpus-26.0-2026-06-12/ca/clips/common_voice_ca_37480259.mp3
e7e48b7cf195e517e6a62aa81ba4a79916852fc39fbcbcd8862c3fc81872818f2f1512c173e0c2679e04689d9847ce515c1c2f7309984b5035694d2f731c9020,common_voice_ca_31086380.mp3,e8406ae45615562b726fb868d1752a232481eb46a0010aeffdd23540b8258e46,També destaca la curvatura de la coberta i el seu ràfec.,,3,0,,,,Septentrional,ca,,northern,common_voice_26_ca,train.tsv,cv-corpus-26.0-2026-06-12/ca/clips/common_voice_ca_31086380.mp3
a4b8fb205426522c83da0168badd4ea631f206801d3359ddb24b12c4ba4ede036836c0280bad4be95c791bf42761f08d1c65615bd22589ad9c73bdb5be23ff32,common_voice_ca_23432278.mp3,a13426d04edc7137fa899ba55eaa1e11a23b51ca080eb8c71efbfd6e896fde2b,Els seus pares eren agricultors i va tenir setze fills.,,3,0,sixties,male_masculine,,Central,ca,,central,common_voice_26_ca,train.tsv,cv-corpus-26.0-2026-06-12/ca/clips/common_voice_ca_23432278.mp3
27673fc44f7d16cc4aee52fff2cb79cfd1c44cc75cc4c922a4571383503672ab246507df94551e3be78247a7b6d2764a5e065f57fd02ce59e6bb40987a105b4a,common_voice_ca_32588078.mp3,1c4e06b04ee808aae76a922674cae7705d97a2d3f6e0784b99484fa547be78d6,Poden ser de fruita o gàstrics.,,4,0,twenties,female_feminine,,Nord-Occidental,ca,,northwestern,common_voice_26_ca,train.tsv,cv-corpus-26.0-2026-06-12/ca/clips/common_voice_ca_32588078.mp3
8e8f74c8c28909256f92e896a1777630f0338f3e1c1887d07e6e4d7393c6b32515193494d2e5e36a8b2610145ac7695369bcb405f1dca71edc2b5f99699a73f7,common_voice_ca_30903457.mp3,aabfb8f4559918affc42691641fd0b285b0defe1c89d60b86353b2a85e5a2b3d,Una noia contenta mira dins d'una tetera única de color marró,,2,0,,,,Central,ca,,central,common_voice_26_ca,train.tsv,cv-corpus-26.0-2026-06-12/ca/clips/common_voice_ca_30903457.mp3
5b46c8527a8bf6552f46e67db8adcdea78db4bc2afbcb679edc1349da4faccfe29d5a935893cfeec75fb65ebbde88131367b90424eada44ef21d9cc7a11af9b7,common_voice_ca_37808188.mp3,82426fb7be84be82d1b7d9280a17aa3bf2ff71b4a0a6431473a0953ec971d35e,En la prova de velocitat individual quedà eliminat en les rondes preliminars.,,6,0,,,mallorquí|Santa Margalidà,Balear,ca,,balearic,common_voice_26_ca,train.tsv,cv-corpus-26.0-2026-06-12/ca/clips/common_voice_ca_37808188.mp3
207a9a9c475397b80eb13e02c6d366de9ac8710330cc4ccb5109d74e0a09320d0ac66c081692a7055afa7b508ab80527c5f16ffa3bd15aca4115c02cc64f76f1,common_voice_ca_17499157.mp3,020a79ee2efd1601a20c0ed48efb1aba64e1c0d50ee1fcef0f819c002cc5befe,"Quan Déu vol, a tots vents plou.",,2,0,sixties,female_feminine,,Central,ca,,central,common_voice_26_ca,train.tsv,cv-corpus-26.0-2026-06-12/ca/clips/common_voice_ca_17499157.mp3
8457984189900b836c262a847910e410608f003d43d78b65b4e6c0ddec58fc63570d90b1ddd8be356855d3d5859194f2743516bcb3a16a842bb330084eaf4990,common_voice_ca_30912473.mp3,ae75116f5cd3a374a8d194103ab54d90161762f0da582bf3db33332d608701de,"Els seus quadres incorporen imatges oníriques de la literatura, de la història de Mèxic i d'ell mateix.",,4,0,seventies,male_masculine,Lleidatà,Nord-Occidental,ca,,northwestern,common_voice_26_ca,train.tsv,cv-corpus-26.0-2026-06-12/ca/clips/common_voice_ca_30912473.mp3
e007e715f4f01ed91e12fe6ff78457f699c2cd23838e47bff363f25f88da667dac6f15d1c0b74e67f882728bbd5a572f84f18e848b6c2e09a6981d9166bc175f,common_voice_ca_34047908.mp3,33cd6f064293eef1f5be1c120222a8b33f6455d025fbb98f6385ac8235e995e0,Raimon Obiols i Germà és un polític nascut a Sarrià.,,2,0,,,,Balear,ca,,balearic,common_voice_26_ca,train.tsv,cv-corpus-26.0-2026-06-12/ca/clips/common_voice_ca_34047908.mp3
526b81d374211f29f84839098750bd39a2644a168eb7d21ab5e6ffbb912cec5f3a5255ee7c8c8f01a3603b2cfde3c27514d834275d83b9381886e2ee477a2ac2,common_voice_ca_38504573.mp3,b3c93ac667f91bd4ad74d6830f4c76bbcd91afd849f3bc7cac0084ed49b25123,Ha estat modificada posteriorment en diverses ocasions.,,2,0,fifties,male_masculine,,Nord-Occidental,ca,,northwestern,common_voice_26_ca,train.tsv,cv-corpus-26.0-2026-06-12/ca/clips/common_voice_ca_38504573.mp3
acd5b51bfbbfc3f51a532af01991b0ddf31fa9fc4c2de146d6e73eb4b067f53ecde2cc35b5d1f0033c5b04da6182dc4f73cb216445ebb124d35b2393e10cddde,common_voice_ca_30745429.mp3,7361f892b2cb6423131c7d35ffeacc1882c8078e1aecf8974e0740cb671b6ba9,La lletra i s'utilitza convencionalment per representar l'arrel quadrada de menys un.,,3,0,,,,Balear,ca,,balearic,common_voice_26_ca,train.tsv,cv-corpus-26.0-2026-06-12/ca/clips/common_voice_ca_30745429.mp3
f2f1e673646ffb5bb91f154130ac4e9f922f6f9a89eb8fd41620feec7a633c65c78c65aeb65499eaf619f5e2d7fe04893f9830970530f76f737c26e627948e94,common_voice_ca_36699501.mp3,595b51cbbe7f63b8ac8427c52764b9de8dc7eb9d8b3117f3721f226182da55bb,Sun Quan va estar molt satisfet amb Lu Xun i va voler premiar-lo especialment.,,3,0,,,,Septentrional,ca,,northern,common_voice_26_ca,train.tsv,cv-corpus-26.0-2026-06-12/ca/clips/common_voice_ca_36699501.mp3
04b7d9f9b93bdefc1177d1f6cf2e51a78bfe741f356035dbb77d1ed46134a8c6534507d4ccf8ebb4e40263655167aecabe6a8c20ffb12fd82559031fc01d6a50,common_voice_ca_30825255.mp3,8f8359634b439b225d9f88a55acc72c5406cf21a8284a185207479889176ec3b,"Textos, art i música de Mazandaran d""altres parts de la ciutat.",,4,0,,,,Septentrional,ca,,northern,common_voice_26_ca,train.tsv,cv-corpus-26.0-2026-06-12/ca/clips/common_voice_ca_30825255.mp3
acc7d8b4ac6aa3eb4374fa93b8039e9309d8a4276999a944a23a6fc93ef974b2852288f5a4c9e2736cc5b983916f93e974391a4223cdbd86717d707409e03a80,common_voice_ca_17528525.mp3,e2852ddeab5bfeecde84140ca6e1fd5ad78390e1ddeec037da658627bd6c2287,Són com unes torradetes de Santa Teresa vegetals.,,2,0,fourties,female_feminine,,Central,ca,,central,common_voice_26_ca,train.tsv,cv-corpus-26.0-2026-06-12/ca/clips/common_voice_ca_17528525.mp3
8deda324331a97a1a017d13c656fae90c51c5e6fa5ad2e6bdd68780870b9fe14e12de6721095d76df50c9718aed8de53969319c9b54047016e50cc63279f3b4a,common_voice_ca_30826145.mp3,8fddf88ee1f366d06adfe1e1f225421ea58d06457e1a2a57bf8d6cc5f4adcb5a,Quin grau d'amistat hi ha entre ells?,,2,0,twenties,male_masculine,,Nord-Occidental,ca,,northwestern,common_voice_26_ca,train.tsv,cv-corpus-26.0-2026-06-12/ca/clips/common_voice_ca_30826145.mp3
4cedaa8d96436fd0d2ebdb61d616790a3cb3737d0a93d2ae41d588137c0d3339999d991b7b3c452704be1f5f512ce5a08c0971898fad0ad77f18fd623411cd7f,common_voice_ca_24079788.mp3,cc6ada0c93b56feb7f61f0b1561df850ebf1028c6d7088ac6343e4141992b8de,El joc segueix en certa manera el model de govern dels sistemes moderns.,,3,0,fifties,female_feminine,,Central,ca,,central,common_voice_26_ca,train.tsv,cv-corpus-26.0-2026-06-12/ca/clips/common_voice_ca_24079788.mp3
2b75eb37645fe01fbf04d53bf1492f003e3e4abfd8282bf74512df42b27a60fccdd6c88fecaee17fabce5fee8d3e004914f95b9aa94b07d06525994127610638,common_voice_ca_22509987.mp3,8d2a5dca875ef470a6e060a7828f05f98224e9591efa9d33a0c31dd99e9bf6ab,"Possiblement hi ha alguna relació amb coll de Bosch, masia propera.",,2,0,twenties,male_masculine,,Nord-Occidental,ca,,northwestern,common_voice_26_ca,train.tsv,cv-corpus-26.0-2026-06-12/ca/clips/common_voice_ca_22509987.mp3
cc044cbd66343acb7e4da20c0ee891c7723aa2a8a499515b6b9beec39d02072ee1378e017d134fc25067fa93bf6dce4ec5f5b135a6694ef14dccc8835f46d45d,common_voice_ca_31915952.mp3,473e71048f7460ae45a2f94df7f9c8ccdec140ef663594e678d7c6e388759ab5,Dijous en Roc anirà al teatre.,,3,0,sixties,male_masculine,,Central,ca,,central,common_voice_26_ca,train.tsv,cv-corpus-26.0-2026-06-12/ca/clips/common_voice_ca_31915952.mp3
80923f53da66acf2b0f28ec60df4d3abd235f02e36e3f2e0984dfa8bb02386f8cefc915b10962d35598ff7412bcf483f1aa96efb129bee999e5efb5d532ff968,common_voice_ca_37545994.mp3,c06d5d466cbfaada73aa57fa8b2d817cea249a09cbdef9fb75d7d9c19940014f,"Pel novembre, festes grans: Sant Martí i Tots Sants.",,2,0,,,,Septentrional,ca,,northern,common_voice_26_ca,train.tsv,cv-corpus-26.0-2026-06-12/ca/clips/common_voice_ca_37545994.mp3
1b537ba9f00aee8dede17c1a6be09b15fff9ed2a4c466ba3c3dd74059309c9157c3281626d7fc99fd26345776652554c18b4162fb3e3e41bce529f3cedbc33a5,common_voice_ca_30745516.mp3,738cfe507bf845be2c9e5143116868e5043d078837656373d6003cf265a8cf40,El single inclou veus addicionals del duo nigerià P-Square.,,3,0,teens,male_masculine,,Nord-Occidental,ca,,northwestern,common_voice_26_ca,train.tsv,cv-corpus-26.0-2026-06-12/ca/clips/common_voice_ca_30745516.mp3
4eb53b5e305922d10190a90d4785be6906bf83a72a9d38edcbb4b4f72a9a2aebfca4ea0753eac69e68ee4b555c072d1eee5dcfd209c4abf619102265ba914c9f,common_voice_ca_33901639.mp3,314408fb6c81bb77e5db14625884baef4d0aaf459210ca476f8d73994a8ad07c,Dissabte na Tanit i en Bru van a Oliva.,,2,0,,,,Balear,ca,,balearic,common_voice_26_ca,train.tsv,cv-corpus-26.0-2026-06-12/ca/clips/common_voice_ca_33901639.mp3
bfc416e200027b9e71a4745707f20d89488ec3b24c9e6877a5127bb3d2a174628c59264a42697f603ad733cdda043fddb9499f61c861cb7f78536160c14e3c67,common_voice_ca_30956402.mp3,c013929f122e3a4c62394e3e2bba55b501db0d7fcfef9702915102e78c2b2552,l'home i una dona descalça estesos sobre l'herba a prop de l'aigua petonejant-se,,3,0,,,,Nord-Occidental,ca,,northwestern,common_voice_26_ca,train.tsv,cv-corpus-26.0-2026-06-12/ca/clips/common_voice_ca_30956402.mp3
d3198e43f18f817bcbe28ff226a8c2dd2d1521c6980311c26807292ad3d285cf8f08affb22f626ff3b698438db564a94f4a7fdc9f77f77397a8780a74a553499,common_voice_ca_37630472.mp3,f7151f0d09166b0db9db2482879b27543fda8b814501da88edca4623eddb217e,Dema aniré a Fígols i Alinyà,,2,0,thirties,male_masculine,valencià,,ca,,valencian,common_voice_26_ca,train.tsv,cv-corpus-26.0-2026-06-12/ca/clips/common_voice_ca_37630472.mp3
cc69090f1f4fe27135992102671f6d8a93793d68bdb2719f295f52385192845cab544b6ae27f74e4540e25cb3d3c06e200db332cb5332bb6a06fbc6d25a1fb45,common_voice_ca_37634647.mp3,78caaf2b18ff4fc59dea17284087aac2a398a646ab39d35637a1d751542a596e,"L'actual església, sense culte i mig enderrocada, havia estat sufragània de la parroquial de Peramea.",,2,0,,,,Central,ca,,central,common_voice_26_ca,train.tsv,cv-corpus-26.0-2026-06-12/ca/clips/common_voice_ca_37634647.mp3
5a97b67f511c43a6181edecf55c4b9fca7cebb7db30405a4cca4c0e5e6f8198288aa774ce0dfd977d1bb8f9cb9c2ecd03f2f9a596e0890fe535048e90f0d5e88,common_voice_ca_37853602.mp3,86a5f7ba86dc0be4a5db800690be7909a5f4924c3021632b264169a99cc5c8d4,Plau-me encara parlar la llengua d'aquells savis,,2,0,,,,Nord-Occidental,ca,,northwestern,common_voice_26_ca,train.tsv,cv-corpus-26.0-2026-06-12/ca/clips/common_voice_ca_37853602.mp3
554c32262a3e3f235aec9f0ac4b6b435f7684abfddded03b67acee1b3eee5b1a82f5c109fc794b974042c8807280a1dd5f2beff5082bfa55d7af845a3b7b768f,common_voice_ca_22795997.mp3,9675804967061b278b092260701f2b761c4f125558498c8c0d16c8fbe32a6b47,Estudià periodisme a Budapest i a Viena.,,3,0,twenties,male_masculine,,Nord-Occidental,ca,,northwestern,common_voice_26_ca,train.tsv,cv-corpus-26.0-2026-06-12/ca/clips/common_voice_ca_22795997.mp3
f590db6d3953b5851ca6644c1d231bfb0361ac377c68c73734d5acbcfef27990d5b1b5fed59201bf613f70cf9df0e104061459b5f0da0f4a2bf68eabafa7e143,common_voice_ca_37629883.mp3,77fd31e252251ee250b2dab357c1365ac2b60b3b963b4405333d99dd4cf76522,Just a l'est de Colúmbia hi ha una cruïlla on la línia es divideix.,,2,0,,,,Balear,ca,,balearic,common_voice_26_ca,train.tsv,cv-corpus-26.0-2026-06-12/ca/clips/common_voice_ca_37629883.mp3
9ee4386eafa52e82cb643e20a6515dee587844d2c4b6c0017bcc561939ed69f0a4b268925838c9be6801cea43e5d970806822d1b9c1d288f20b306078c7bc6fa,common_voice_ca_31466909.mp3,1f1a0ce9c56a99d1b6316883b3c9133741cb06369e1dcb202caf8eda16dfde32,Els ferrocarrils de Trona encara operen avui en dia.,,2,0,,,,Nord-Occidental,ca,,northwestern,common_voice_26_ca,train.tsv,cv-corpus-26.0-2026-06-12/ca/clips/common_voice_ca_31466909.mp3
1e272b6983c53e36f1dc82fc576631162d08662cbbe2a74238b7a30b342bd44fa2e769bb0d0398afb0cb1a6e228697b2eda803f5cb53bf28cc3f5e9006a8ce34,common_voice_ca_17654596.mp3,e401077d5521db9eb280be5bad942053ae9fc7b464bebce4074d8af2ecc74b19,Hi va entrar.,,3,0,sixties,female_feminine,,Central,ca,,central,common_voice_26_ca,train.tsv,cv-corpus-26.0-2026-06-12/ca/clips/common_voice_ca_17654596.mp3
d5cf4a445832eb02090db3814726cc4f75f3145a75d214725048f55c3c40414cd4d451f9a2a2831ca7253b688940fa5e976bb9893f6c58b1a5b79de54df022a9,common_voice_ca_32538938.mp3,104e7300bb307f894884c0fe064f034d29f49607e962077e55dc92599aa277a2,Tots voldríem ser en una altra banda.,,3,0,,,,Septentrional,ca,,northern,common_voice_26_ca,train.tsv,cv-corpus-26.0-2026-06-12/ca/clips/common_voice_ca_32538938.mp3
63b5f483250d5d648f92d9f9ef07be2652f7c604b8216122701e0371603225d885014f251405a5c4671ef3c822ea0230475d600041667054b64adf2be0e7a58c,common_voice_ca_37577074.mp3,02fde13bb2c64f7481faabaa7ca1a428040f2d1d6f6ef08183f0805412c438be,Els dos darrers dies cada grup canvia de poeta convidat.,,2,0,,,valencià,,ca,,valencian,common_voice_26_ca,train.tsv,cv-corpus-26.0-2026-06-12/ca/clips/common_voice_ca_37577074.mp3
1eefd2552dfaa4205907d816425de30252fc53df89659e1c6950ae5cf38aef2047e1446fc801688b10e549d521825c3a7a1f14add88714b81d0a70241f996f19,common_voice_ca_40557249.mp3,e8805f14b464674c9b8f6ee8b03890735eace857b9329542d3b2ab4552d82314,És membre del Consell d'Administració del Centre i participa en molts dels programes del centre.,,3,0,,,valencià,Valencià meridional,ca,,valencian,common_voice_26_ca,train.tsv,cv-corpus-26.0-2026-06-12/ca/clips/common_voice_ca_40557249.mp3
23e61646df35b3f44002fa26cfb237ccbd2d3b406f2fe3494a121e81f8cd61f2983d5a73ff9940a44ab9d0a92587175919f8d4b63b8e715d14d560e7975511b5,common_voice_ca_18540614.mp3,bf3467331c08f4ceb38d5ddd1d8b72b38b6844e1dace39f4fc005fdbb790229f,La durada dels càrrecs és de quatre anys i poden ser reelegits indefinidament.,,3,0,thirties,female_feminine,,Central,ca,,central,common_voice_26_ca,train.tsv,cv-corpus-26.0-2026-06-12/ca/clips/common_voice_ca_18540614.mp3
c8039cce170534e4dabd8a34cb9c8959342f588b7d737351d2ef24ca2be9f18cd19a5ab843c890729233226942d6a9ef8fcffc1e8ee6566f337eebb06a56a612,common_voice_ca_32113753.mp3,75bf41bb3c8b8ba050105082fbe6c3a0710707817b8739791286c7e2cc5daaf3,El vint-i-nou de febrer na Carla i na Bet van a Albuixec.,,2,0,,,,Balear,ca,,balearic,common_voice_26_ca,train.tsv,cv-corpus-26.0-2026-06-12/ca/clips/common_voice_ca_32113753.mp3
10ecc1c21897445b632068bef3e6340aaaea0162ada888a98bf7a41f42147601cec94bfc6ddd2d2467356559e16b4550292e5c59729ffb061b0063d96cbbddae,common_voice_ca_17464370.mp3,83da00bbcaf56b7aeb793520ca6ffcf797d9197c6618ce49100ee565b22223c7,És la distància entre cada una de les parades i el campus universitari de destinació.,,3,0,fifties,male_masculine,,Central,ca,,central,common_voice_26_ca,train.tsv,cv-corpus-26.0-2026-06-12/ca/clips/common_voice_ca_17464370.mp3
a8e6a1b59d13a928f7c4c37994e082e745aed39a566e7a7bdd87f8d90af8a6d9234159c5e28bd4d5ca7f073d6cd0cb71412d60f075b3207d15042d495398a454,common_voice_ca_37590062.mp3,31189fa78357af27fb8f296090454583e42d9d8d53218caecac50fffc1dd3fed,"Tot el món és món, menys Montuïri, que és més que el món.",,2,0,,,valencià,,ca,,valencian,common_voice_26_ca,train.tsv,cv-corpus-26.0-2026-06-12/ca/clips/common_voice_ca_37590062.mp3
f054e49b9ac18d489188d00c6af8301b0c11e12434699689ac389d07e124af149b6d015b6d131d30a5fbe57a2d90ad520435204b4f26bb59eaa322be5203e8b0,common_voice_ca_33504930.mp3,231d6173a40b2aa9ebb19f084b3e2e705a564803b52fb30fa59be7ebcf79d17e,"Avui més que mai, em sento hereu d'una tradició que alguns han oblidat.",,4,0,,,,Balear,ca,,balearic,common_voice_26_ca,train.tsv,cv-corpus-26.0-2026-06-12/ca/clips/common_voice_ca_33504930.mp3
84d79206c1e40f83fb8b1bb0ca219fcffdbd794102e79ea05c7dba178935e4606ab6d55a3d203b0d8e7c3e5a6d2bb8224f24b7e94ed16fa81a76e0b136ff3b16,common_voice_ca_17372017.mp3,294c2fca17c9ef5bc6c52f9c5a764d2eb8114be422b1cb26aa26883720c3a2e7,Què deia?,,3,0,thirties,male_masculine,valencià,,ca,,valencian,common_voice_26_ca,train.tsv,cv-corpus-26.0-2026-06-12/ca/clips/common_voice_ca_17372017.mp3
1b537ba9f00aee8dede17c1a6be09b15fff9ed2a4c466ba3c3dd74059309c9157c3281626d7fc99fd26345776652554c18b4162fb3e3e41bce529f3cedbc33a5,common_voice_ca_30745407.mp3,738feff9b62bb7c5c8792372f37c1b477c3e501c0bfdbf81bf018bc6e0280d82,"Poc després, el nen va reaparèixer en el mateix punt.",,3,0,teens,male_masculine,,Nord-Occidental,ca,,northwestern,common_voice_26_ca,train.tsv,cv-corpus-26.0-2026-06-12/ca/clips/common_voice_ca_30745407.mp3
d3728ba9c4b430ac8de2cae654e5f82df2f4d0a6dfb848476b737738b7f15bf69c5716a2869c7bec6b1836a4a60d99d479c10bdebd6d1c0153a08371a46c6665,common_voice_ca_33637446.mp3,2cf16d204890857382c46774497680d80897a43abcda4de3476333620eadd358,El dubte de l'home sobre l'origen de l'Univers subsistirà sempre.,,8,0,thirties,,balear|mallorca|Palma,Balear,ca,,balearic,common_voice_26_ca,train.tsv,cv-corpus-26.0-2026-06-12/ca/clips/common_voice_ca_33637446.mp3
e872f5a39f4b84ca6cff1a2dce04ad602d3e81555998acdc482540ce21c855eb8f2a1d2c0b9c0bc95b73969a7114917b9f811353606d1da6923e710960a8aa30,common_voice_ca_31046956.mp3,de82c93c9d97f1f4dde02cef8d95742fb61c178169830f804eaa6b11bac893cd,El governador romà va arrestar als missioners en la seva instigació.,,2,0,,,,Central,ca,,central,common_voice_26_ca,train.tsv,cv-corpus-26.0-2026-06-12/ca/clips/common_voice_ca_31046956.mp3
e626544d7c439d3223003a808432b1ad599f0d4aca5ced0697f8898c654d149353722c18f336d0a7c94132cccb626f9d609b28a056bfab95fc23c3d15d37fe0f,common_voice_ca_32078570.mp3,62bea7a71bfc793db90b77c031a350944208bc1409d4cf2258acbb712ed34a0e,La Dols té el seu número aixecat.,,4,0,fifties,female_feminine,nord-oriental,,ca,,northern,common_voice_26_ca,train.tsv,cv-corpus-26.0-2026-06-12/ca/clips/common_voice_ca_32078570.mp3
b7cabeeebd327e20e86dc7f329044ef1e505a8b5b06ec8730b35ec796179398d343c4612c462987483a552461ceb8746d845b5304f90a1ef4bae8f961c061f22,common_voice_ca_30834104.mp3,9266fa03cce385509209c3cf5fe544b95fb67934af32e3326f7b1badd6bdc866,Com ho puc fer per anar a la Selva del Camp amb cotxe?,,3,0,,,,Central,ca,,central,common_voice_26_ca,train.tsv,cv-corpus-26.0-2026-06-12/ca/clips/common_voice_ca_30834104.mp3
ebdd260d32c844973f080135fff8e1e957874d75c73329c9bf01473084a2a1e1bc54acc2eae46c67634e04ad5a7fe43da60a3423fc922f52c4408b853f0dfd3d,common_voice_ca_39926358.mp3,d63ac4c20ed3f718934ec432400396314a3eeb44ab08efe996ba87ddc131aac9,"Edifici d'habitatges entre mitgeres fent cantonada, amb façana a dos carrers.",,6,0,twenties,female_feminine,vinarossenc|BAIX MAESTRAT,Nord-Occidental,ca,,northwestern,common_voice_26_ca,train.tsv,cv-corpus-26.0-2026-06-12/ca/clips/common_voice_ca_39926358.mp3
7242fa8b72a095444836cdc86ba71dae2c5905028b81a753ca46a42622649a0dcd6fa29c50a2033ca4a38b868820cd810bc02ecc161bab33d89cbab5a9ef09c8,common_voice_ca_17630348.mp3,087249a66be0463c9f4cbb5671ba6e8c4d7ae3db08cee1f52a651072b5fcbe1b,Només era qüestió de temps.,,3,0,fifties,male_masculine,,Central,ca,,central,common_voice_26_ca,train.tsv,cv-corpus-26.0-2026-06-12/ca/clips/common_voice_ca_17630348.mp3
1b1692592a8cc06ef9c1f4b2c6b702c7c4ba6b999f141994a092e14456f92d9dbb0f1682a56739f390782edff15018f309dfc7c1732dead8c78606a57a77ff52,common_voice_ca_20655362.mp3,338dd46b82670b49d7b58f74e9259a973cafac46eadc333a4a928e4b8ccbe2b8,"La capella és més fonda i cupulada i conté la imatge del Sant Crist, barroca.",,3,0,teens,,valencià,,ca,,valencian,common_voice_26_ca,train.tsv,cv-corpus-26.0-2026-06-12/ca/clips/common_voice_ca_20655362.mp3
78c598ab1383d31ef99c340688e8fe5042f5989618ba1010a9d41c7de6038827d60fb12c137f1304e266157e64f12dba080e920ad0276d7a6a843986462e9b52,common_voice_ca_38863374.mp3,c5a93a684b447eabdd4a15c09dfa5810de007709007607d1538a0ecdda104143,Dimecres na Joana anirà a Cinctorres.,,2,0,,,Lleidatà havent viscut a Barcelona 20 anys. ,Septentrional,ca,,northern,common_voice_26_ca,train.tsv,cv-corpus-26.0-2026-06-12/ca/clips/common_voice_ca_38863374.mp3
96c4d1dc872b9e5b1fc500686bbd73f6348b56ecca9fb7d942c11447ee468ee226fde504251282725d99a732f7d082aa45c43726ba68e31bbc85a881b0af48c1,common_voice_ca_30969692.mp3,c5dc012cc2a2cf4b1fd31fc2862fabf180aa3b7e3581f5ab4f26767acfca98e8,"El seu aniversari és poc després de Nadal, a principis de gener",,3,0,,,,Septentrional,ca,,northern,common_voice_26_ca,train.tsv,cv-corpus-26.0-2026-06-12/ca/clips/common_voice_ca_30969692.mp3
3dfec312f790c985434c214abdf9e2c44cb02530a7f55b1be99aae1a96b594b1f172794845f5697147e2ee03e0c11d6abe92331f976a86efeaee9772452bbf06,common_voice_ca_31936582.mp3,4e0f1b8f90b9d45265cc8611545ffbebc8e654ed81e7c6d5219c8a59603a8aa7,Per Sant Jordi na Cloè va a Potries.,,4,0,sixties,male_masculine,,Balear,ca,,balearic,common_voice_26_ca,train.tsv,cv-corpus-26.0-2026-06-12/ca/clips/common_voice_ca_31936582.mp3
6b5abe7b5676724b1091ef0916c09d04403ac5dcaaa1ab4fb46b0ab60769d12167067495f9cbe1aa7c5ca2cfb8a7e22e3a7174167b78432fa4533b80a738a4e0,common_voice_ca_36826350.mp3,5c8d9b4321177944f5a7186c4e793e18d324af4b52bb63f69383ab0ebd24d9c1,És freqüent que es mostrin escenes de la cacera col·lectiva d'aquests animals.,,2,0,,,,Balear,ca,,balearic,common_voice_26_ca,train.tsv,cv-corpus-26.0-2026-06-12/ca/clips/common_voice_ca_36826350.mp3
40075ea7c6e458a19c0c6b8de4bdcc3ec31df4ef3ace231161f19114ca5232a6b505056ac237f8c58275b2e5b539014b86189b1d7cb757b5ff6d7fe3cbcc2506,common_voice_ca_37601896.mp3,55801cd93c580878c14b0b2f3d711e9d3bd551ee55f8fce2aa4953ea3b6186e9,"Si el que calla atorga, també es mama la porga.",,2,0,,,,Septentrional,ca,,northern,common_voice_26_ca,train.tsv,cv-corpus-26.0-2026-06-12/ca/clips/common_voice_ca_37601896.mp3
8457984189900b836c262a847910e410608f003d43d78b65b4e6c0ddec58fc63570d90b1ddd8be356855d3d5859194f2743516bcb3a16a842bb330084eaf4990,common_voice_ca_30912946.mp3,aea3993a58013c3fde2493db5401c3bdc3544015679bab2b6024de3434d33190,"Més endavant va ser el cofundador de Highlander Musical Audio, fabricant de receptors piezoelèctrics per a guitarres acústiques.",,4,0,seventies,male_masculine,Lleidatà,Nord-Occidental,ca,,northwestern,common_voice_26_ca,train.tsv,cv-corpus-26.0-2026-06-12/ca/clips/common_voice_ca_30912946.mp3
10ecc1c21897445b632068bef3e6340aaaea0162ada888a98bf7a41f42147601cec94bfc6ddd2d2467356559e16b4550292e5c59729ffb061b0063d96cbbddae,common_voice_ca_17478432.mp3,aed15f24547aa9130090793a556775d2bb1c50d722e3c5fb9377b376b72228b0,Millores augment summa assegurada: quaranta-nou per cent.,,2,0,fifties,male_masculine,,Central,ca,,central,common_voice_26_ca,train.tsv,cv-corpus-26.0-2026-06-12/ca/clips/common_voice_ca_17478432.mp3
09a064b4c3b1d83c5944465de4ba90adc551db5ac1ad466e443435a20c8e82e8ebbeb296753f6ea5d319398197a36244ce5630704d14714d00f862b76fca1e13,common_voice_ca_36846945.mp3,5db6432521a28e9a1f16ca4e2de1a7767c7956ec340f9298211472fff76ec289,A la part baixa de les finestres hi ha balustrades.,,2,0,,,,Balear,ca,,balearic,common_voice_26_ca,train.tsv,cv-corpus-26.0-2026-06-12/ca/clips/common_voice_ca_36846945.mp3
80d87c89983c43a699faffd0c037dc07f1c39029b96141109bdf8bae1f28653e1bee0a6a468b40e1b231280fc86c427061f0e391a4059db1424a2fa03a5d928d,common_voice_ca_40997801.mp3,903bede4db9afba73c07476730ea7664353be3744c58157bfff4d4bddadc1359,Posar en funcionament l'endoll intel·ligent.,,2,0,,,septentrional,Septentrional,ca,,northern,common_voice_26_ca,train.tsv,cv-corpus-26.0-2026-06-12/ca/clips/common_voice_ca_40997801.mp3
b417e6f75cf439ad5d0f46ce6a70ccc5195e2c5575b0312627de26660d2e3804030d662ca1eb51ebf4d8f2586f4a6d6f6bca4c843a16d376500ab6c8ba1ee37d,common_voice_ca_37846420.mp3,85aad27bba97630a8bb600f9a4201989148e9d6fcf6434bfa748ee567d3957c1,La llei no sotmet el més feble enfront del més fort.,,2,0,,,,Balear,ca,,balearic,common_voice_26_ca,train.tsv,cv-corpus-26.0-2026-06-12/ca/clips/common_voice_ca_37846420.mp3
61af903b928d0a482f4e5cf4c597aeb89a22da67efa4c2850b2f473517f789f2e0b6279af49a4f21560ffb7a32bd6495d47a6fcf4b73bf6d80d58b0b3e17b616,common_voice_ca_30789857.mp3,8355628a2b3fe027da9d13a9becfa4c7779a14ef24f477f705c05cc479396151,Quatre noies estan dempeus davant d'una tanca de fusta.,,5,0,,,,Septentrional,ca,,northern,common_voice_26_ca,train.tsv,cv-corpus-26.0-2026-06-12/ca/clips/common_voice_ca_30789857.mp3
bc302cdfa1ce0c8bf6e59f68f57862e5bfe3541b2bba67ee5038a5c8c708b8ad1825b85d0694331d6e71370ee712503964894446ff176e6fbfb3489dd9b04fc8,common_voice_ca_17442252.mp3,4af8ddbd77592a9f8e10b872c1a8353ecfef80109367aa048e9ba90d9dc7e1fb,"Pel desembre i pel gener, no siguis matiner.",,3,0,fifties,male_masculine,,Central,ca,,central,common_voice_26_ca,train.tsv,cv-corpus-26.0-2026-06-12/ca/clips/common_voice_ca_17442252.mp3
bc69fd0205ea95e14c0a2752aa3fa5047042741c612c426fb830693b31d68179ffb9d3870efd5092b8a43a451912eb9b3dd6ebcb0320d5affcd4e99642704257,common_voice_ca_37817545.mp3,8301f63ee2838ced1546090929ca3c1c91486c3873403c5d82dc4d393b560639,"Apunts de classe del Ferran, llibres de matemàtiques, quaderns d'exercicis.",,2,0,,,,Balear,ca,,balearic,common_voice_26_ca,train.tsv,cv-corpus-26.0-2026-06-12/ca/clips/common_voice_ca_37817545.mp3
de9065b5567e882af96d04a4e36fc779321a6cc297356fa4c91c031432b8b9810883508ddc5b234eaa7a7ec5bdff9627bc7511ad67ef2a0c7d97fc3d1c481b78,common_voice_ca_36932056.mp3,629d256c9c537169eaf12c2a07f76df5276a344622ecd924b732afe3dff3f7ff,"El meu pare es diu Tiago Robles: erra, o, be, ela, e, essa.",,2,0,,,,Septentrional,ca,,northern,common_voice_26_ca,train.tsv,cv-corpus-26.0-2026-06-12/ca/clips/common_voice_ca_36932056.mp3
7a652127591f6d6ce5e58d95ea09a8ea5886f562e1d79e1756574cbc527f6d6813d21f9cd67038d6cfd7bd6683f7115419e46546ba154cabf309f6baf9800a43,common_voice_ca_32124930.mp3,7b64fb90b932a1ac3363ddb9dd93df34a75786c95a1d97fd2e13e56f65a2f4c2,Dimecres na Júlia anirà a Calles.,,3,0,,,,Central,ca,,central,common_voice_26_ca,train.tsv,cv-corpus-26.0-2026-06-12/ca/clips/common_voice_ca_32124930.mp3
2f4aa6d9743b25571ae574de401c9a11753ca6f0dcd8a24a29db556d6452680173f7022198a4d3dc2e30b288a8e37f526f2e938abce7fa8d3474d0c2cd5a17d4,common_voice_ca_39973440.mp3,d818d6983450dcd201436031c373a8c4ce7af6a88156edaf05b963d5acae7623,Un cop retirat ha dirigit diferents equips ciclistes.,,4,0,thirties,male_masculine,valencià,Alacantí,ca,,valencian,common_voice_26_ca,train.tsv,cv-corpus-26.0-2026-06-12/ca/clips/common_voice_ca_39973440.mp3
360035274e162bced4d642301046971a53f1ffd2c85fa1e2cfdbc381d6c090d5a0cb251a84e65e15ae25c29b01bb35825825dbc95ad147749e01c92506b89ae0,common_voice_ca_31439115.mp3,1b4cabe156524a274cfa2d62c1f8d11b3645f48908c8f333da7a3be2d2c21b78,S'estén des de l'arrel dels grans vasos fins al diafragma.,,2,0,fourties,female_feminine,,Nord-Occidental,ca,,northwestern,common_voice_26_ca,train.tsv,cv-corpus-26.0-2026-06-12/ca/clips/common_voice_ca_31439115.mp3
a58ee6890044ccee604cb367d852abacc66c3ba1ed59d5bb22747aaab280ae35da71fa8da9045ef76285e6eda44ad08d60d947b38d7882a615899df33d74acbc,common_voice_ca_31917866.mp3,47d86fb623bd22ccda7ba941692d04d5386bfac7928bba457cb474e9f89eebcc,El vint-i-nou de febrer en Dídac anirà a Cabanes.,,3,0,,,,Nord-Occidental,ca,,northwestern,common_voice_26_ca,train.tsv,cv-corpus-26.0-2026-06-12/ca/clips/common_voice_ca_31917866.mp3
3b39ea8834e1e7344269a40621f63498bdcbd5524c1fb30637d4352680ca5e9966bc4157f8679b49477abb09f24b232751dbadcc48426259e9a1f2c9aef7dd1b,common_voice_ca_30882285.mp3,a345fd46b7e9bdb0e17926ebf68f819640e7272401a90a35d5b2f0e1b3ee6366,Tres gossos passegen per la gespa.,,4,0,fifties,female_feminine,,Nord-Occidental,ca,,northwestern,common_voice_26_ca,train.tsv,cv-corpus-26.0-2026-06-12/ca/clips/common_voice_ca_30882285.mp3
ae7fc163935f49205e1751378026226f6e1f13d3eea467872297abe2dfe37082ff66ce4cdadebb6ee4b80c85ff06626e67621abde9e06811bd2dd31eb7699bc2,common_voice_ca_31139520.mp3,f1b1c262da90a9ebbb293ac7f674ed3ed8b2a8d9bdb66316a24a61c328115865,Coneix a un professor que ha estat expulsat del centre per un problema de beguda.,,3,0,,,,Septentrional,ca,,northern,common_voice_26_ca,train.tsv,cv-corpus-26.0-2026-06-12/ca/clips/common_voice_ca_31139520.mp3
98ea0f2756db65292f2e21b88a18a0ddb28febe3979509a4be61bbc9a2be55054c73090ec67c081e1f54a5d188d4b5e4f102f607af7238a17d501cc6d2c28024,common_voice_ca_32140451.mp3,8381e711ee45065e7a543924932f1f24a3a3d691ccb341b315835a2898f7b8d4,Per Cap d'Any na Sibil·la anirà a Xera.,,3,0,fifties,male_masculine,,Balear,ca,,balearic,common_voice_26_ca,train.tsv,cv-corpus-26.0-2026-06-12/ca/clips/common_voice_ca_32140451.mp3
4f2c6d3dbbee94bf84b8d220781b05dd1244274c10a1a9cb5aa70a93aea9c2b38cf677a397014bfec8302332720ad77c70d6021b8620f786b0dee621c7cd30ef,common_voice_ca_37561131.mp3,e0ea21d87d8a8a3166b9bbfbcd4d09001b8e7552de909272f75a0f1c5f35b901,"La veritat a Déu, però no a la justícia.",,3,0,,,,Nord-Occidental,ca,,northwestern,common_voice_26_ca,train.tsv,cv-corpus-26.0-2026-06-12/ca/clips/common_voice_ca_37561131.mp3
b790059bf179ec292c82de6ba2ffe28bade4c806a2b0e10548f5bfa366e187269b1717e932f6ec64ccc48d27016bfa17bbf824a75871e969df200a2511f0346a,common_voice_ca_32153381.mp3,8b7333709e1f8f6c79d5585ce2b4f6f4ac6d2e7edf45ef0d6feaff5e4d1b3aad,Dissabte na Dolça anirà a la Vila Joiosa.,,2,0,sixties,male_masculine,,Nord-Occidental,ca,,northwestern,common_voice_26_ca,train.tsv,cv-corpus-26.0-2026-06-12/ca/clips/common_voice_ca_32153381.mp3
13d56c39e733c6e0565d12da0bcc8fc4051c044c96614bfd9640d13c0b48c457ff57615c211c1e65abc6ec548cd423a91fdaa47829636263ad1ef9c07a086d2f,common_voice_ca_32250629.mp3,ab506999e8b4f70b6a672755bb07d6bc72eec766b5dd978c43c428d89a064a0b,Per Cap d'Any na Mira irà a Xilxes.,,8,0,sixties,male_masculine,valencià,,ca,,valencian,common_voice_26_ca,train.tsv,cv-corpus-26.0-2026-06-12/ca/clips/common_voice_ca_32250629.mp3
4a6bad1e8fd16f2a0f87bc990eb8baed371accabad2d1073dc9cb7738af65d8106acfe99ce957dafba0c6e52c2212fd511b6d1fbd920aa17b08e958e35835c6f,common_voice_ca_17474993.mp3,c6017d813a094ad5803eed808887a9a9d4acfdc06371b6897b9fa4627ca912c2,Es va morir.,,3,0,twenties,male_masculine,valencià,,ca,,valencian,common_voice_26_ca,train.tsv,cv-corpus-26.0-2026-06-12/ca/clips/common_voice_ca_17474993.mp3
533f6b5389c76afae3341f9804195543282d28fb503afd0d810e3f0bb4267ddf5e0c30489003844067f811ce46e1900804c7c2368c3737463b00fc54ed179edc,common_voice_ca_19826297.mp3,0dec7f297f65b51b96b818565258589957886b67f3cb9e7bdf19dd53f545d266,És llicenciat en Història i en Dret per la Universitat de Barcelona.,,3,0,thirties,male_masculine,,Nord-Occidental,ca,,northwestern,common_voice_26_ca,train.tsv,cv-corpus-26.0-2026-06-12/ca/clips/common_voice_ca_19826297.mp3
042ecaaba5d85450cfaef7b74e0c43fd12cc16c188f96993910b1fff3c089234de7437bb923b250b18e88606acb3a666bf041c99148474bb6e8ccdf5af40b33d,common_voice_ca_37588555.mp3,28550de6eaeee2d62aa45bfe64c8ca3f125cd6a492b4609e36797cb04db11160,Agafar la tarantel·la.,,2,0,fifties,male_masculine,,Nord-Occidental,ca,,northwestern,common_voice_26_ca,train.tsv,cv-corpus-26.0-2026-06-12/ca/clips/common_voice_ca_37588555.mp3
92891fa5d0252d8925f414cfb9c70d26d072552ab50e1e8b28467311c9b40e9d77aadedf5a09bd922e660758b12c084927a84d4e81072d8f763af20b7427764d,common_voice_ca_25092519.mp3,0f009c7399f253e36930cc0bff4e48e1addcb2f41f634fd25a5fc143d705bbbe,Cinc persones pinten fora a la vorera amb esprais.,,2,0,,,,Septentrional,ca,,northern,common_voice_26_ca,train.tsv,cv-corpus-26.0-2026-06-12/ca/clips/common_voice_ca_25092519.mp3
96511fbab2b035b92189c762437480fd2ef049762f7a5eb56c7bf2b682ccc84ce1df1c75ea3613474a08c034a6b84d525f6eceb4eb839858c622f685037abcfa,common_voice_ca_40368999.mp3,e48fcd87368f87c5d5dff1efee3fdbedcfb418962c3b01dbc6f861cb9bd9723f,Viuen als fons fangosos i rocallosos.,,2,0,fifties,male_masculine,valencià,Valencià central,ca,,valencian,common_voice_26_ca,train.tsv,cv-corpus-26.0-2026-06-12/ca/clips/common_voice_ca_40368999.mp3
c047538c727dfe0d9ece19b8cfb4cc842876eb092de5cdce09ab3df9f65324f96db960cc2fc52be9147f25140c80e64e4f4dbebc5b9e2ac3be58086b539feacd,common_voice_ca_36349240.mp3,51439176ba5a4062142a38dc70c31df1bff564a7674cc667a50c21d89a33320a,"Per tal que la seqüència sigui sociable, la seqüència ha de ser cíclica.",,2,0,,,,Balear,ca,,balearic,common_voice_26_ca,train.tsv,cv-corpus-26.0-2026-06-12/ca/clips/common_voice_ca_36349240.mp3
96c84c7c66b310b164bb3aa8b0cfa5bde4962f6e040bab0b25c4bfe48ddcdfc268960baec2cfb19a5e7d6c3d72875bfbfc0ac8fdc1b72044a2b9916fee8519d3,common_voice_ca_34972856.mp3,3d9d6b1a10289f24f978f36fd670b9d7a0e2b39ef9b4167e769b2f098a061903,"En aquestes funcions, un ""schout"" era semblant al que avui entenem per un alcalde.",,2,0,,,,Balear,ca,,balearic,common_voice_26_ca,train.tsv,cv-corpus-26.0-2026-06-12/ca/clips/common_voice_ca_34972856.mp3
35c495872d387015eebf1ee53d7237625fd7de7ecb9eedb1accf9bec88d438250bb521c676ad7cc710671ca8c30be16cc4d07ff3bf330b5b990bf968956534a1,common_voice_ca_37838000.mp3,84e420b5dc9ce936512ff7fc0cc86b49987bea3954338813d234dd5a39208a0b,Molts galleguistes hagueren d'exiliar-se.,,2,0,thirties,male_masculine,,Central,ca,,central,common_voice_26_ca,train.tsv,cv-corpus-26.0-2026-06-12/ca/clips/common_voice_ca_37838000.mp3
7782ea0548fc2a3e3b4a74ea15b4d70f7187654670abfaf2a294e60ec8801d0c7e99205f73220eb9f6f87883de6d94bb3fb93b006d52378096a0a9da91b98608,common_voice_ca_23978345.mp3,c5d72906786a6213178c24a987d6c56bd7161f251c28a9ce4845703b9d5032ab,El coet és impulsat per la crema de la pols negra en el motor.,,3,0,thirties,male_masculine,,Central,ca,,central,common_voice_26_ca,train.tsv,cv-corpus-26.0-2026-06-12/ca/clips/common_voice_ca_23978345.mp3
9721d1bdaf194673098e571ff7989b3653ba564f42efd04695344586f03912d5903d0d07e524c23ac9606f36746163fe84565258439bd96f1027a32e2ef87340,common_voice_ca_32748056.mp3,25dd9b2b63c7868cdf8bdafc77464e3d42f03536e3eff629d62bc80eb21f7b04,Dimecres en Martí i na Greta van a Castellfort.,,3,0,fifties,male_masculine,,Septentrional,ca,,northern,common_voice_26_ca,train.tsv,cv-corpus-26.0-2026-06-12/ca/clips/common_voice_ca_32748056.mp3
499f45ab0b375c2a2b15dcb609719c4d8decb7b32115d8d5982e8aa3f8446f192c53e322e62361161d9726b390ff59e4800efbfdcaa82240602d703efbc0ce21,common_voice_ca_30846501.mp3,969517d30515103ddee8f76c7cb1bb1c7b97c7d1fa4f9d1a2f65cc49bc6ce795,"A continuació es mostra una llista d'escoles a Sitamarhi, Bihar, a la Índia.",,2,0,,,,Septentrional,ca,,northern,common_voice_26_ca,train.tsv,cv-corpus-26.0-2026-06-12/ca/clips/common_voice_ca_30846501.mp3
26a17767655ca9374bf1dd1b7f2ea342670b428ade7cc351aad9e409fa3820ca742f5babeee28e49679961fe1031ca629c5edf1be266f862511c856086514c36,common_voice_ca_32176840.mp3,5a4e5d4a331627b805aede8d0c08a8579d07ee73f52bee84d2b8a0056ffbd915,Poden ser làser o infrarrojos.,,3,0,fourties,female_feminine,,Balear,ca,,balearic,common_voice_26_ca,train.tsv,cv-corpus-26.0-2026-06-12/ca/clips/common_voice_ca_32176840.mp3
c360f75d0300534296dd7403309ee308f91818471d388f6add981043729782dc540e2273238350a81aee19365fb58349bd74008256066e961a1bcbd1fa769bb6,common_voice_ca_32152753.mp3,8b5be128ad6948c1c76fa1a877a5d08ff5e3a7be2b3b82c2d3ac1d1ca96726ce,El vint-i-tres de maig en Grau i en Jofre aniran al teatre.,,4,0,thirties,male_masculine,,Balear,ca,,balearic,common_voice_26_ca,train.tsv,cv-corpus-26.0-2026-06-12/ca/clips/common_voice_ca_32152753.mp3
e007e715f4f01ed91e12fe6ff78457f699c2cd23838e47bff363f25f88da667dac6f15d1c0b74e67f882728bbd5a572f84f18e848b6c2e09a6981d9166bc175f,common_voice_ca_34047920.mp3,33c25947722bc51767cd3f00821cc1aab859525899f3be9a64c2eae8de8fb33f,"Un altre vilà amb un motiu similar, anomenat Overthrow, era confós sovint per Fastball.",,3,0,,,,Balear,ca,,balearic,common_voice_26_ca,train.tsv,cv-corpus-26.0-2026-06-12/ca/clips/common_voice_ca_34047920.mp3
cc97b8b421c6c7d658ad352bc6c268206077f77aae7f626582c236e014698664ae5dd461c28ca0a6dd86526321b3584abae888294e3d87ef838009907ca8cf8b,common_voice_ca_39808381.mp3,d2c9b495f6adae8fab7175054264d0902781ab3486d967a475ed06b38e7475d0,Fonts no oficials han filtrat a la premsa el nom del nou ministre d'economia.,,2,0,,,,Central,ca,,central,common_voice_26_ca,train.tsv,cv-corpus-26.0-2026-06-12/ca/clips/common_voice_ca_39808381.mp3
510790c5f6aafac8a398ef3ca0627eb095cbe5b7d1b1009e90ca468ffaa2fa674f00e0e0b96ab3e0efb94d0b87914b0bd6dc9b95d53d8c0dcad28942e0ff701e,common_voice_ca_37206136.mp3,6cf10024e7b1d785a6ef74fd66d333d5af816305bf2673e24e46550b0fd9fe70,Apel·les Mestres i Oñós va ser un artista polifacètic nascut a Barcelona.,,2,0,,,,Central,ca,,central,common_voice_26_ca,train.tsv,cv-corpus-26.0-2026-06-12/ca/clips/common_voice_ca_37206136.mp3
f33dfff706b6ca4bb4225d8d462a5a8df8a39177bebc71fe3b1b967557223f7608989d6a8c2992bcb4a36c846e977fa379425753b880690ae2120e888bbb01b2,common_voice_ca_30840726.mp3,94d9911f62a2400ef1810c65d84b0bf47d6fb32e82fe7d6ab00b2c5931154a2d,No sé on cau Santa Eulària des Riu.,,4,0,,,,Septentrional,ca,,northern,common_voice_26_ca,train.tsv,cv-corpus-26.0-2026-06-12/ca/clips/common_voice_ca_30840726.mp3
b7fc6c36d8fb8d799a53b2157da00ae1aa34e3c0eeaa96154da4f287479bb7ef2d0ba725382ebe5941e66e16765eeef6becd705c750d1ea279a4cf1ef43215a2,common_voice_ca_30809832.mp3,89ee909fb73830046dd7fbbdaa1761a385aeb79f56f6c3edf76639d7612b3284,"La única espècie coneguda és la Pachystroma longifolium, nativa de Brasil i Bolívia.",,2,0,,,,Central,ca,,central,common_voice_26_ca,train.tsv,cv-corpus-26.0-2026-06-12/ca/clips/common_voice_ca_30809832.mp3
9b9a1084659bfa62fb0542b3a8a18acf11698177a09eac7e1f89290cd23748d75aff0e5394f4f307709fb45f19074d83b92fd184ee4ad6c11d6487f82ce8d5cd,common_voice_ca_40559689.mp3,e8ba06d77945cc9c7d4026cd7b68fe066c8e7d0e7420d3d1b81b2ee78a65c2b1,Diferents colors apareixen amb els diferents angles de la llum reflectida.,,4,0,,,central|septentrional,Septentrional,ca,,northern,common_voice_26_ca,train.tsv,cv-corpus-26.0-2026-06-12/ca/clips/common_voice_ca_40559689.mp3
409888c3f772d4bec7d4d973e4582402bee12b0ab7dd57c7e6c359a9a43965b955433eac8d6410b29f0b9ec2667986c97b3c4d279c19e9f53a60478b0bb64ebd,common_voice_ca_30941677.mp3,a023f6ba73fd7bab0eb98b90f6bc78fa25ffab63ea55cea1412783684f17fd5b,Una dona utilitza una canya gran.,,3,0,fifties,male_masculine,,Nord-Occidental,ca,,northwestern,common_voice_26_ca,train.tsv,cv-corpus-26.0-2026-06-12/ca/clips/common_voice_ca_30941677.mp3
b8edd535430395b2f4455eca8daea243f8cc2f589f0f482c2dc271c0f605362c987738fb1c3dd20d3d4e6e6c33a22af7d6bbd73562227ecc660fc81fce0a53e1,common_voice_ca_37578465.mp3,051e5900712102264c0c15d22480cbd99dae391d9be4c69336a4704b28d0747f,"Cara arrugada, penes o vellesa.",,2,0,teens,male_masculine,,Central,ca,,central,common_voice_26_ca,train.tsv,cv-corpus-26.0-2026-06-12/ca/clips/common_voice_ca_37578465.mp3
118c00708699c6554615ddc94256b8bf8a8545fdf703f2f1e3a5dbdc07706cf7c82be2e6948df7b9f481be3df8bd6d042032703869879a009fb869a7a7060b05,common_voice_ca_19403153.mp3,028ae887d79b6239530c9a84a2d037a8c70c9ad6ac313b98bfbddbc9264d52dd,Aquest fons està format per dissenys i peces originals de la indumentària del tenor.,,2,0,twenties,male_masculine,,Nord-Occidental,ca,,northwestern,common_voice_26_ca,train.tsv,cv-corpus-26.0-2026-06-12/ca/clips/common_voice_ca_19403153.mp3
c83c8049406a3335a866b63ba70f92b68e450aacb92f64445c657bb34ddb99907cd2cb73d0279e768f77e6c1b11249dfab5dc3856b5e8fab984fd91d92ea98bc,common_voice_ca_37641861.mp3,79898826b92d96452e1720d5ea4ba8baa8b47bf8850b40ddffabc138f57e49d8,El vint-i-tres de maig en Lleó i na Nura aniran a Planoles.,,3,0,,,,Nord-Occidental,ca,,northwestern,common_voice_26_ca,train.tsv,cv-corpus-26.0-2026-06-12/ca/clips/common_voice_ca_37641861.mp3
ea9d1d3725dbca61f5cfc9e78b3a0ba898b6d188bebe4ba379ed42add0958cf59ffe1a2b73e2e2f9085b1d232036a97422e46b6b19fa90b7609a9a64e218748a,common_voice_ca_43519885.mp3,eb0dc4149c40e61e77788320ba0c9c4aae7a512bca5ab0b252f79d7b3bda9636,Va tocar sovint a quatre mans amb Britten.,,3,0,thirties,,central|Garrotxi,Central,ca,,central,common_voice_26_ca,train.tsv,cv-corpus-26.0-2026-06-12/ca/clips/common_voice_ca_43519885.mp3
b2e8163f2b1c8f68a53b0ae4db5d81620253a6667b82beae13ea96f6b365942f7f2dbcda7da096c69ceb30d095b9bfb7840c03da147978c3f9e9b07226e0c1ae,common_voice_ca_37908505.mp3,8aed05c41436ddf788965e40d5df778373d45f970e174263a9c2b9b06158b7e4,Pronunciaré el nom del cap.,,2,0,,,,Central,ca,,central,common_voice_26_ca,train.tsv,cv-corpus-26.0-2026-06-12/ca/clips/common_voice_ca_37908505.mp3
e76ff954ef022ed306093a7f5d107c8ae9c0e476b9ca2a099125125f29a81e22cf196346c3fa51be5e5a3596cdd700dbd1fd12ad6b4d47cf76159efee7d1c0ed,common_voice_ca_25141355.mp3,12f425477774c609d170f9006e83b067dd83a70f713d8ca94e8fd3eab24d0242,I ell va fer el mateix.,,3,0,,,,Nord-Occidental,ca,,northwestern,common_voice_26_ca,train.tsv,cv-corpus-26.0-2026-06-12/ca/clips/common_voice_ca_25141355.mp3
acc7d8b4ac6aa3eb4374fa93b8039e9309d8a4276999a944a23a6fc93ef974b2852288f5a4c9e2736cc5b983916f93e974391a4223cdbd86717d707409e03a80,common_voice_ca_17507393.mp3,fa0e1571f82418959d6b8dfdbec28f7b40f71aa67ccc57a72927bb2b14390159,Qui hauria de satisfer aquestes demandes?,,3,0,fourties,female_feminine,,Central,ca,,central,common_voice_26_ca,train.tsv,cv-corpus-26.0-2026-06-12/ca/clips/common_voice_ca_17507393.mp3
38d00c7f8e340672f35d90524a72667a5bd0aff06c7ca8cac3318eccbb6bf41b07b4e9badcb4fcecfc50c2bb71ac7ba432fdca9a4fdbd4f6a71054da14f06e79,common_voice_ca_40406258.mp3,e55767affbd88e8a87f5b3faf4341135833f0f481d73a5c0492f9a1a56126628,"El nom d'aquest concepte prové de les nines russes, les Matrioshka.",,2,0,,,valencià,Alacantí,ca,,valencian,common_voice_26_ca,train.tsv,cv-corpus-26.0-2026-06-12/ca/clips/common_voice_ca_40406258.mp3
04b7d9f9b93bdefc1177d1f6cf2e51a78bfe741f356035dbb77d1ed46134a8c6534507d4ccf8ebb4e40263655167aecabe6a8c20ffb12fd82559031fc01d6a50,common_voice_ca_31438643.mp3,1b340dc11000a349557c8b83283614773408ca676f575de0fbb20aac48c3bf5c,Quina és la millor manera d'anar del carrer de Julià al camí Boscà?,,3,0,,,,Septentrional,ca,,northern,common_voice_26_ca,train.tsv,cv-corpus-26.0-2026-06-12/ca/clips/common_voice_ca_31438643.mp3
adacb03db06fb0eb8def5bc9900fa93e0712379c5ba92ab4d0aab565ec71889de36f5c88b437ab43878ee67f01837b3f0cc6d488fcbc450d07b21c8bdc0aa8e2,common_voice_ca_33510310.mp3,24a39bac4bf55f94804450482be1510a339362002cdfa8dc6014a2fb7432848b,Cada u a la seva mesura.,,3,0,twenties,male_masculine,,Balear,ca,,balearic,common_voice_26_ca,train.tsv,cv-corpus-26.0-2026-06-12/ca/clips/common_voice_ca_33510310.mp3
6c8e83efd1b46f8af144f096bb0affa570e3f2936d62f0568506b2ab357a55e48018e4a24ed94a9110e3eeac6785364e74cfd0ff8e71945908bc2f89b774b563,common_voice_ca_37855441.mp3,86ce6c128db8700af5c2fd984ba0a91528347d738f4f4046fcbcf571e5d5f03b,"Finalment, el perruquer dóna volum i fixa els cabells mitjançant laca o un producte similar.",,2,0,,,,Central,ca,,central,common_voice_26_ca,train.tsv,cv-corpus-26.0-2026-06-12/ca/clips/common_voice_ca_37855441.mp3
9b9a1084659bfa62fb0542b3a8a18acf11698177a09eac7e1f89290cd23748d75aff0e5394f4f307709fb45f19074d83b92fd184ee4ad6c11d6487f82ce8d5cd,common_voice_ca_40559686.mp3,e8b75bdf68a7873399bb005d876f782a0e4c96c14698f5c3cc439e3325f07303,Demà passat en Martí i na Mireia aniran a Granera.,,2,0,,,central|septentrional,Septentrional,ca,,northern,common_voice_26_ca,train.tsv,cv-corpus-26.0-2026-06-12/ca/clips/common_voice_ca_40559686.mp3
c74a97b5a0226946aa095ac0d4fe27bb7ff0d52377a322de5c7eb5134ceb367bca33612c1fe1a30f4dd988735090b25101c3d223a9791111641f49fef4df8d43,common_voice_ca_34276942.mp3,35f19b781ed628d99d35a9d5c71a1f473febc7765821b006c2fb061853ed61c6,Es pot utilitzar com el guix per escriure o dibuixar en superfícies rugoses.,,2,0,fourties,female_feminine,,Balear,ca,,balearic,common_voice_26_ca,train.tsv,cv-corpus-26.0-2026-06-12/ca/clips/common_voice_ca_34276942.mp3
5f97d8f65a3e3666ea465030b24201882aa89fd967feadc60cd67e642cb95f868a74d9ccc8af9ed14de64ca4972c162e58a679ec99b1cc88344af1b09e49e01f,common_voice_ca_37712194.mp3,7daa62f3e51c3714730a33e74a5d7274872d6a3972f5e48d7742179809ccd2bd,El vint-i-nou de febrer na Núria i n'Hug iran a visitar mon oncle.,,2,0,fifties,male_masculine,,Central,ca,,central,common_voice_26_ca,train.tsv,cv-corpus-26.0-2026-06-12/ca/clips/common_voice_ca_37712194.mp3
4e6157e12682d5026015894e16d15c67e09b5417ad6f2e128c4e466185d37a23d234108eb8e4e3981dd695709b618aa6699a6e0f07b8ce269220997118278bb3,common_voice_ca_31012265.mp3,d386cb088fbfbeb035f6cc4d9e6180deaa19a2efa4346a58c80b01006e511339,"Apunta a l'agenda el número del Tomàs De La Torre: sis, vint-i-dos, trenta-cinc, trenta-dos, vint-i-nou.",,8,0,,,valencià,,ca,,valencian,common_voice_26_ca,train.tsv,cv-corpus-26.0-2026-06-12/ca/clips/common_voice_ca_31012265.mp3
cc69090f1f4fe27135992102671f6d8a93793d68bdb2719f295f52385192845cab544b6ae27f74e4540e25cb3d3c06e200db332cb5332bb6a06fbc6d25a1fb45,common_voice_ca_37634643.mp3,78d4bfd196d418194151a4184b6008bf5609b2dcb4eccc8832e7138b1a374c2e,Prostrats davant la força suprema de la deessa Pele.,,2,0,,,,Central,ca,,central,common_voice_26_ca,train.tsv,cv-corpus-26.0-2026-06-12/ca/clips/common_voice_ca_37634643.mp3
b417e6f75cf439ad5d0f46ce6a70ccc5195e2c5575b0312627de26660d2e3804030d662ca1eb51ebf4d8f2586f4a6d6f6bca4c843a16d376500ab6c8ba1ee37d,common_voice_ca_37846418.mp3,85c4d5785402137ca844f9ac6175000db7f06a5266e8cea9f456ed10cd1d3916,El mur de tramuntana és reforçat per dos contraforts.,,3,0,,,,Balear,ca,,balearic,common_voice_26_ca,train.tsv,cv-corpus-26.0-2026-06-12/ca/clips/common_voice_ca_37846418.mp3
3de1ec298f76b173db5d690cfe5f623db2137648ba134ecfdfe08ec58e0cf0880e6717f1c92e6ff3bfd3f736390383fabe6cd4f0d0bdef61a3cd523e2b82cce1,common_voice_ca_30878372.mp3,a1c201d140e7bfeb720e8f03fe674c605c5913fee563b2bb931c2ab92cbb57dc,"Posteriorment, va informar sobre els seus progressos a través del seu compte de Twitter.",,3,0,fourties,female_feminine,,Central,ca,,central,common_voice_26_ca,train.tsv,cv-corpus-26.0-2026-06-12/ca/clips/common_voice_ca_30878372.mp3
25f41a5ca387534a4b301325641d3206e7235ffe4e16cf22b992a4f2e9963a0a9961b79a58e453b42559039d7e6d5ca1ea96b00e8e0a1e8ad05f997d68344b10,common_voice_ca_19104101.mp3,e668db4ed0079eecd811d986620afcd002e0e8edb15c3b2f595fe889da5983f5,Tu creus?,,2,0,twenties,male_masculine,,Central,ca,,central,common_voice_26_ca,train.tsv,cv-corpus-26.0-2026-06-12/ca/clips/common_voice_ca_19104101.mp3
0bfbdce8cc864eaf2c4849b3fdd53e9f4100d2ff528af94cda97c460cfcd13fd3a7332c8be0bbfdda918b624522ea24b1f21f20a97ebaf9315cca872c3120815,common_voice_ca_22476694.mp3,8b8ac7b30656ecf4e82d1ccf56bba92f15d2e6f058f21f3eddb76f8c2c8e4615,Venerat com a sant per diverses esglésies cristianes i com a sant patró de Sardenya.,,2,0,teens,male_masculine,valencià,,ca,,valencian,common_voice_26_ca,train.tsv,cv-corpus-26.0-2026-06-12/ca/clips/common_voice_ca_22476694.mp3
f68e09280076997e63edff7d22d1147538e45423a2efc0e3f75b3ca1b26a35f94bb50469768bdf58200688279ff4191ff9e4662313fee6fffa46a1c69af429bd,common_voice_ca_37603285.mp3,5c015a1d909b4c5335ec74b93f4aef0ad0ec883482dd98738b56502d39e62a22,A la plaça de l'ajuntament van arribant els diferents balls.,,2,0,,,,Septentrional,ca,,northern,common_voice_26_ca,train.tsv,cv-corpus-26.0-2026-06-12/ca/clips/common_voice_ca_37603285.mp3
31f514f5aac74b6ffd1c48c8729a18e5bf53b7e09ecb2f06f29ac2d4708e73b1f4df61e2ca0a24916d2897268456dd598f2a1f5fcb8fec471082f4f1fb304f86,common_voice_ca_31151292.mp3,0d25708af3dd59e796db73550a9c996c2fd3f17031124895bcf66209cc835215,Avui hem celebrat el Carnaval a l'escola.,,2,0,,,,Septentrional,ca,,northern,common_voice_26_ca,train.tsv,cv-corpus-26.0-2026-06-12/ca/clips/common_voice_ca_31151292.mp3
605a725b8477f13ae3609b9c9806223a494942e9b1f78aeab7ac4271501e631ff1545dd649b06c4d9480a05aa55cec567a3d507fde6d5696a2bf42829ee7c5ee,common_voice_ca_31854140.mp3,38029c88c12b6ddad8a4e1b2874ad029c063a40245a9475a27a77c1e92d92326,Ni tots els tautogrames són poètics ni tots són breus.,,2,0,,,,Balear,ca,,balearic,common_voice_26_ca,train.tsv,cv-corpus-26.0-2026-06-12/ca/clips/common_voice_ca_31854140.mp3
6bc377b7e95c94a750885fb3982cc69b4e98b35af5a224932eaba44c89dd9cc1a219024b20932dd28b92a27900a8e20a7469d132dde3bda9a1d71055c39aee27,common_voice_ca_30882855.mp3,a386dec58a49112abf598b753194390c9ba84e135b948e9041eaa03164a81a4e,"""No veig gens de vi"", va remarcar ella.",,5,0,,,,Septentrional,ca,,northern,common_voice_26_ca,train.tsv,cv-corpus-26.0-2026-06-12/ca/clips/common_voice_ca_30882855.mp3
1eefd2552dfaa4205907d816425de30252fc53df89659e1c6950ae5cf38aef2047e1446fc801688b10e549d521825c3a7a1f14add88714b81d0a70241f996f19,common_voice_ca_40557354.mp3,e8958de66ebc760b6cb1b72f1917909db460e9c4be5087d92eb263d3fe54e658,Una dona de cabells foscos que porta una faldilla vermella i un top blanc fa servir un telèfon de pagament.,,2,0,,,valencià,Valencià meridional,ca,,valencian,common_voice_26_ca,train.tsv,cv-corpus-26.0-2026-06-12/ca/clips/common_voice_ca_40557354.mp3
a04e4ab6908a4e63428a7eebb1c593d6e214e2a966ee6b2f4fb85bfc9a88d70093251b376aca694f9c557fbf695accd709a869439cf774389ea85e2ae0a35aee,common_voice_ca_32150365.mp3,85953ec54b43b69e698cbe0b2aa8b5042de9e9d22ae8c1a3d14880ed45e7e7df,El vint-i-nou de febrer en Miquel i na Laia aniran a Banyoles.,,3,0,,,,Central,ca,,central,common_voice_26_ca,train.tsv,cv-corpus-26.0-2026-06-12/ca/clips/common_voice_ca_32150365.mp3
88ec4ff5a1b0ffdabfe62d068286c851ee64c428883e56f32af14b59756d5846be9d46e5a777c4c22f2dec9596a1a44ed3aa75f1fb0231923cbd4ab59f1f9c47,common_voice_ca_31111425.mp3,ed14ae31626d575f443ea01d0655f627362ec17b047249125affd9117658192f,Combina algunes de les característiques d'una aeronau i parts d'un vehicle espacial.,,2,0,fifties,male_masculine,,Central,ca,,central,common_voice_26_ca,train.tsv,cv-corpus-26.0-2026-06-12/ca/clips/common_voice_ca_31111425.mp3
399bd6b2bb47fe6dbf290ff7fb85ab566cd9d508a45e7a44aec10fe1f96bff46b2285335b00b16fc3a1c35c75202a5a592037097593814d5df65d550c009bfd2,common_voice_ca_33871985.mp3,3102316a24a9a2b55c52db61254e1925282f5faaebc134dea526538de6938b23,El deu d'agost na Berta i na Nit aniran a Vilanova de la Barca.,,3,0,fourties,female_feminine,,Central,ca,,central,common_voice_26_ca,train.tsv,cv-corpus-26.0-2026-06-12/ca/clips/common_voice_ca_33871985.mp3
31e6f3a011661320b2e59b6f8be43f6db2243e9feabc2b9787c1413788e13eb0e5810bed983bf7ff66e46417d183a91ed50b3b9be9d89e4f51aada72293b9881,common_voice_ca_31428393.mp3,199dfdc27d6c0c637e0990ee35b7bd6cb3cff5e1d52c39ac98212dad481bf795,M'agradaria anar a Bellcaire d'Empordà sense agafar el metro.,,2,0,sixties,female_feminine,,Septentrional,ca,,northern,common_voice_26_ca,train.tsv,cv-corpus-26.0-2026-06-12/ca/clips/common_voice_ca_31428393.mp3
f03485e5b50b1dd19b420017940c7c6300f3104ef2dbf97bf3f413ad339df91d21ddfcecb3360bcf50a3130f8ca8d661995bb856c0d3b65a524e964d1914c2cd,common_voice_ca_37560968.mp3,dbfa06c62856f8ba266af1de6ba0a5bf33ada5d965b55bbff1f50322aa6b636b,No hi ha millor agutzil que el que és estat bandejat.,,2,0,,,,Balear,ca,,balearic,common_voice_26_ca,train.tsv,cv-corpus-26.0-2026-06-12/ca/clips/common_voice_ca_37560968.mp3
9721d1bdaf194673098e571ff7989b3653ba564f42efd04695344586f03912d5903d0d07e524c23ac9606f36746163fe84565258439bd96f1027a32e2ef87340,common_voice_ca_31110903.mp3,ecd974166b6c8c540e41a929b9a127595fbd5ed151f64abe10d4ffa4da714d7f,En aquests temps publicà unes quantes obres.,,2,0,fifties,male_masculine,,Septentrional,ca,,northern,common_voice_26_ca,train.tsv,cv-corpus-26.0-2026-06-12/ca/clips/common_voice_ca_31110903.mp3
0b436ee8ed7ec3f70b0ba472845a08a34e59a75fad556ab39cc54a2a1738b7cbef3eec316463d70b928597696d9c93eb9d05e03f127552800d5989e7b582a2be,common_voice_ca_17522691.mp3,4dcdad412fe16cffcbcfd67aa6bb9fffc83e20a42dcdcbc33ba61dbef79ba04e,"Apa, som-hi!",,3,0,fourties,female_feminine,,Central,ca,,central,common_voice_26_ca,train.tsv,cv-corpus-26.0-2026-06-12/ca/clips/common_voice_ca_17522691.mp3
b2e46b2e5c7f93883206d1d69d44da1ef8fd85c37ca7cd78848dd4f666e081d0f04daaf9d82b6c261cf54788232a7d43cdb022b15187c9949c9fb0e64edf3cc0,common_voice_ca_19071357.mp3,9eb3002441c2cffb8c6a46a73e0dc76e7bf0c0ee9b3099a25b06f44e84a06a7d,"Casament romà, pare, fills i pa tard n'hi ha.",,2,0,fourties,male_masculine,valencià,,ca,,valencian,common_voice_26_ca,train.tsv,cv-corpus-26.0-2026-06-12/ca/clips/common_voice_ca_19071357.mp3
68eb1f2c559fced575a78518ab0b267a60f1877dbe6d27410d56a1d8b178f1d16e428e59044ccc5aec49404a487c82ff27d848a06453ebdb52b24222513ba302,common_voice_ca_21565547.mp3,5b313ba8cdc089d932d979c0f22dde9a0a6f353b4a36c23cf36453aee5f7b885,Algunes de les seues espècies són populars en aquariofília.,,3,0,fourties,male_masculine,,Balear,ca,,balearic,common_voice_26_ca,train.tsv,cv-corpus-26.0-2026-06-12/ca/clips/common_voice_ca_21565547.mp3
e872f5a39f4b84ca6cff1a2dce04ad602d3e81555998acdc482540ce21c855eb8f2a1d2c0b9c0bc95b73969a7114917b9f811353606d1da6923e710960a8aa30,common_voice_ca_31046953.mp3,de5c059b6ad737e69e36f27340a8f71ca5d2cd735f9203f65cc1d33e73b7de73,Es desplaçava amb normalitat i fins a la càrrega completa.,,2,0,,,,Central,ca,,central,common_voice_26_ca,train.tsv,cv-corpus-26.0-2026-06-12/ca/clips/common_voice_ca_31046953.mp3
ef13a36683437189a3141df74ca8b08e86a2c92a71c4a12e4ffd385d2082a9876739ead2b5d98346307edb87e0672df6a530461f08e55dc92df0d75f1894d485,common_voice_ca_30843147.mp3,95324043c553ba71bedd1ed055fcf8ea33d0fd9b6c672ff38473e26648f200b0,Què venen a la plaça de Ca n'Ensenya número trenta-u?,,6,0,fourties,female_feminine,nord-oriental,,ca,,northern,common_voice_26_ca,train.tsv,cv-corpus-26.0-2026-06-12/ca/clips/common_voice_ca_30843147.mp3
b2e8163f2b1c8f68a53b0ae4db5d81620253a6667b82beae13ea96f6b365942f7f2dbcda7da096c69ceb30d095b9bfb7840c03da147978c3f9e9b07226e0c1ae,common_voice_ca_37908508.mp3,8b3ea9c159fc5b6dded88783d5b3a29e98ed7626e2dde23f24a017ef17320b7b,"L'edificació es distribueix en planta baixa, pis i sota coberta.",,2,0,,,,Central,ca,,central,common_voice_26_ca,train.tsv,cv-corpus-26.0-2026-06-12/ca/clips/common_voice_ca_37908508.mp3
8ebfa7fb8906786379e079e2e63e879713158d6f08d2c1b8e8744f097d782db703138e93c3da54b8f8ba476acdfc4610d752dd9ade7602c7cf6b94d1833b01df,common_voice_ca_33348971.mp3,c2ba79cda8542f2b93f87bb294068494c3b1bbeb3081701f7584355b7a168cad,"Ni són jutges ni estan aforats, va concloure.",,3,0,fifties,male_masculine,,Septentrional,ca,,northern,common_voice_26_ca,train.tsv,cv-corpus-26.0-2026-06-12/ca/clips/common_voice_ca_33348971.mp3
4dafd3b98609177f1469270b4fa9646197ec854606af7afdf8d3f84f2af72c8f33a6e568e547e3039ee5dab2185aac4d318a5f416ec15a3bf40ec96bd92ef137,common_voice_ca_22067147.mp3,75eb2d4c49fde840a921aca4495cd0398bcdad55be57023e7d8256700c988abc,Després seria nomenat bibliotecari adjunt en temps de la Tercera República.,,2,0,teens,male_masculine,valencià,,ca,,valencian,common_voice_26_ca,train.tsv,cv-corpus-26.0-2026-06-12/ca/clips/common_voice_ca_22067147.mp3
06536280608691585bf202322200a1b1c7dd8b628de7528985b283da6f5b67a72219ea3ea35bb34f63106e91a17c8357afe388672b75ef3d21f32dbb2b8ec693,common_voice_ca_38641170.mp3,bd2b5c5bd105fd9ff4390def3ec40f6df76c214db3e5ce342a0b2b418962e397,No és secretada pels plasmòcits.,,2,0,,,"aprenent (recent, des del castellà)",Alacantí,ca,,valencian,common_voice_26_ca,train.tsv,cv-corpus-26.0-2026-06-12/ca/clips/common_voice_ca_38641170.mp3
4cfc1cd71ac5d3f1f906e4e159dafcde1ee47a7d393f135fb378f1826d1c2bef4e8589b16c47f1de6c303cdae521e19deed0fa7b1a08297d003a48c3e591ec56,common_voice_ca_37623906.mp3,77e04042b90522991743203eccb3d44ecf3ba21bddc56f2e4c35db532bb9ed08,Va morir de vell.,,2,0,,,mallorquí,Balear,ca,,balearic,common_voice_26_ca,train.tsv,cv-corpus-26.0-2026-06-12/ca/clips/common_voice_ca_37623906.mp3
91f88f43f58cfab40476d5cf53fd90071a136bd7cb6600bfafa6c3c617ab78750c0de3f341d8c68e8de7767930a2417e36ff8efc17c21074a6637769e07f624a,common_voice_ca_33388178.mp3,d443e56387ece923e1832d65d482eae191087e14dae11376c62e7f7bedc06450,És un caldo de cultiu.,,2,0,,,,Balear,ca,,balearic,common_voice_26_ca,train.tsv,cv-corpus-26.0-2026-06-12/ca/clips/common_voice_ca_33388178.mp3
cd6286f379b071fb084f15c02771115ad2a4a5a12e5d75f2c2d447722198e60667a5bae96b02d7bcbebce9e03e0b1fd07da5cbbc0adb564845d4b085e6fd6e01,common_voice_ca_35016747.mp3,3f6658330591a396acdd99b3f16aab872655dac672bbd00424a88b26f06b2d8c,Una capsa de sabates gegantina.,,2,0,,,,Balear,ca,,balearic,common_voice_26_ca,train.tsv,cv-corpus-26.0-2026-06-12/ca/clips/common_voice_ca_35016747.mp3
443366ca1e93db5bae959bfdb93e1afb1963520b8ea6105b2e897c236e5b2ee050a66738e01d46ca2adee31d5fb2ee81cae5b369e7ffb5a7e140791d2aa8c173,common_voice_ca_25472115.mp3,23e7029813cce768a4cef8185520b9a8ce46656de93674bf43dbe1c62383cf3c,Hiwassee College està situat just al nord dels límits de la ciutat de Madisonville.,,2,0,,,,Balear,ca,,balearic,common_voice_26_ca,train.tsv,cv-corpus-26.0-2026-06-12/ca/clips/common_voice_ca_25472115.mp3
443366ca1e93db5bae959bfdb93e1afb1963520b8ea6105b2e897c236e5b2ee050a66738e01d46ca2adee31d5fb2ee81cae5b369e7ffb5a7e140791d2aa8c173,common_voice_ca_25472117.mp3,2372ca79894f9b4bce1e3d33ddf9d034f0bf159126af4d2cffab73a66dd9fa36,"A l'abril es va traslladar a la cruïlla de Mannassas, on vigilava el ferrocarril.",,2,0,,,,Balear,ca,,balearic,common_voice_26_ca,train.tsv,cv-corpus-26.0-2026-06-12/ca/clips/common_voice_ca_25472117.mp3
518e58a4f0a5b66120d2443edfa57078192a07bde1fdf9b4d4c10247089d9acca79fff09bbff9ec3a7892261b34375eb71f33f5b9123a729afd0789f3de803e6,common_voice_ca_38844279.mp3,c4b7d057303bcda25e58afb972463e0ac4d66f978a9ad928c489698084bda8be,Quines parades fa l'autobús que va a les Oluges?,,2,0,,,septentrional,Septentrional,ca,,northern,common_voice_26_ca,train.tsv,cv-corpus-26.0-2026-06-12/ca/clips/common_voice_ca_38844279.mp3
7eade9870a341f0d9a0106e0f0017a1e33658b1e0c900fbb7df15cc953ff9384a0858e8943fa412e668e0a3600bfa709b60d82fe37bfe792b10a9f1c1d31667d,common_voice_ca_31318863.mp3,072a3cc9f75a71f07e46806bfc8cc7da5fec599ba1d6e7d7820831b6bd5517db,"Normalment aquestes poblacions, a l'edat mitjana, restaven closes rere muralles.",,2,0,,,,Septentrional,ca,,northern,common_voice_26_ca,train.tsv,cv-corpus-26.0-2026-06-12/ca/clips/common_voice_ca_31318863.mp3
4f2c6d3dbbee94bf84b8d220781b05dd1244274c10a1a9cb5aa70a93aea9c2b38cf677a397014bfec8302332720ad77c70d6021b8620f786b0dee621c7cd30ef,common_voice_ca_37561130.mp3,e2264ab82668c48b622f5eda235b33d6792142970d52214855727eef2e0de231,Quan treballa la formiga no t'asseguis a la biga.,,4,0,,,,Nord-Occidental,ca,,northwestern,common_voice_26_ca,train.tsv,cv-corpus-26.0-2026-06-12/ca/clips/common_voice_ca_37561130.mp3
b15dcd21fc434ec5493fbf8478142376d58749a76f497fdf04600f007dc766bd93d1b03bb07e1c1517e85bfd0d7e0e8a70c972f531b7837c66e1a025f3f92442,common_voice_ca_37755370.mp3,7ec0db103acb5bd8a520b04ee06f9b87ebbed9b5f089f84ae17349eab49bb202,"Diumenge treballaria, si en fos dia.",,2,0,,,valencià,,ca,,valencian,common_voice_26_ca,train.tsv,cv-corpus-26.0-2026-06-12/ca/clips/common_voice_ca_37755370.mp3
50d73e89f1b40a1a059ecfff053e9688e278023081c38d5a0862e46aa284ff27c65488b9675d1cffff743e47213f2a3b1441556785ee9195e68561790ead0d0c,common_voice_ca_36824911.mp3,5c6483cfb368daa1fbc9a413c5e659dabd9eb984b699fea3e12e5e2e523a6c91,Es troba en un estat força dolent.,,6,0,,,nord-occidental  de l’Alt Urgell,Nord-Occidental,ca,,northwestern,common_voice_26_ca,train.tsv,cv-corpus-26.0-2026-06-12/ca/clips/common_voice_ca_36824911.mp3
0e712fb95a5a5ef9c3a9f2a4d157a540a1a0f805ea7718c827a052b9db0536d7fa79d6cddc542e6958f1ab1da5a8c69f115173db79cad4e4f95e12458077bf66,common_voice_ca_36238333.mp3,4f95e98b03ab3b80b4f37579e222e12bfd2a9a6f128baa77fa15b8dd2c886e63,"Aquest gènere també es troba a Austràlia, Àsia, el Mediterrani i Amèrica del Nord.",,3,0,,,,Nord-Occidental,ca,,northwestern,common_voice_26_ca,train.tsv,cv-corpus-26.0-2026-06-12/ca/clips/common_voice_ca_36238333.mp3
9ee4386eafa52e82cb643e20a6515dee587844d2c4b6c0017bcc561939ed69f0a4b268925838c9be6801cea43e5d970806822d1b9c1d288f20b306078c7bc6fa,common_voice_ca_31466911.mp3,1f0eb21bf342b76b4f2928f5d33efc00d40f1f3ce0264c981a73f154e9749799,Manca d'apetit!,,2,0,,,,Nord-Occidental,ca,,northwestern,common_voice_26_ca,train.tsv,cv-corpus-26.0-2026-06-12/ca/clips/common_voice_ca_31466911.mp3
8e722ded73031e261cb74373015022b361f54356a79590783369450eaa41bc4f1138aa519f362c33e4d5b4f795aae97c18e9bcb446360d4465a420862e27b4ea,common_voice_ca_30950844.mp3,bdb4f70c3cbef310bcbfddface3847c251ea9f82e44457b504fe10d058223deb,Qui viu al carrer d'Eduardo Conde número trenta-set?,,2,0,sixties,male_masculine,,Central,ca,,central,common_voice_26_ca,train.tsv,cv-corpus-26.0-2026-06-12/ca/clips/common_voice_ca_30950844.mp3
fafcedf704b50dd001b3a2c3ae14422e73021415475ee2cbc5b53bf84bcf6109a594e42d5a89bfe2fcee17426ee4911bc513e2120f4b3e6cb0cab95c031af83a,common_voice_ca_37958923.mp3,8f688d2f0a23897bc27dff563a70c878dc3eacda16e0a18e85e08fc92b6de5a7,"A la façana hi ha unes grans balconades de fusta, modernes.",,2,0,,,valencià,,ca,,valencian,common_voice_26_ca,train.tsv,cv-corpus-26.0-2026-06-12/ca/clips/common_voice_ca_37958923.mp3
57fa79b868c0c413fa2429624a8e33321018004e077191aef26c5fb373243ce7b06acf48a1732e0692ee1f8e9b71bddc9683cb35ba8a3852cc19f7bbae568c00,common_voice_ca_32068223.mp3,5eac24f8aa0880a707bb6325b678fec5d2053e2c0e9c7375ea4563794278e7cc,Em faig creus que per aquest tros de tela me'n puguin donar diners.,,2,0,twenties,male_masculine,,Balear,ca,,balearic,common_voice_26_ca,train.tsv,cv-corpus-26.0-2026-06-12/ca/clips/common_voice_ca_32068223.mp3
c360f75d0300534296dd7403309ee308f91818471d388f6add981043729782dc540e2273238350a81aee19365fb58349bd74008256066e961a1bcbd1fa769bb6,common_voice_ca_31964449.mp3,573f4ef5aa93bf3bb8cc57a1fb9e3a004bd53ee96a1a1e1b18237dab56761d5f,Per Cap d'Any na Lola anirà a Palma de Gandia.,,2,0,thirties,male_masculine,,Balear,ca,,balearic,common_voice_26_ca,train.tsv,cv-corpus-26.0-2026-06-12/ca/clips/common_voice_ca_31964449.mp3
bbb66a66e7f74b028ae63e72b99097e296f9792d1cb02bf5b6a7d1d6925b47d50a34bf492a899ba50c0ee665c59db387950f0146b3c0a2eb1159b37131290a28,common_voice_ca_37602334.mp3,583bd275ce367df59e9f374867612b3f31e13de7d6b909f5323dcc65aa494cd8,Maçanet és l'orinal del cel.,,2,0,,,,Septentrional,ca,,northern,common_voice_26_ca,train.tsv,cv-corpus-26.0-2026-06-12/ca/clips/common_voice_ca_37602334.mp3
c94230925ae665748b036f3af666529c724c2a567005f72cf8422cb45cab53045ffb7a6d15f5681bfd6c2e3e47c5cb49f390c5c4eebaaf983f9c0c6ad5a72979,common_voice_ca_37560751.mp3,ddb69b4aae205d12906ae099c163aa69ddd1ff22488b849948ea4c3b23c32b33,"Els de Begur, corallers.",,4,0,,,valencià,,ca,,valencian,common_voice_26_ca,train.tsv,cv-corpus-26.0-2026-06-12/ca/clips/common_voice_ca_37560751.mp3
ca4f36c6da1079f48fa29ba34af568a122410ff6ec072c88089450792e91fdfa082487fcedca663069120695d64e941cda6150b817cc76f035da7316ef1ae453,common_voice_ca_31670717.mp3,28272cde56b94711381e6c4d25e09a795f35560b1954e7a2701ad0385f0d0a3c,Llavors es va fer servir amoníac per fer fertilitzants.,,4,0,sixties,male_masculine,valencià,,ca,,valencian,common_voice_26_ca,train.tsv,cv-corpus-26.0-2026-06-12/ca/clips/common_voice_ca_31670717.mp3
7c45eb360f329fd20cea4e837dfa769ab653f1f33d2f3ea9967c903621b60b073d8b28da5b1ddf59d5655c3708139003f62e3b00f246cd7325098b84693012aa,common_voice_ca_19917613.mp3,16c488af9213234ab89fa526ba45830e668db6c97be48565803cf509f2e998f2,És una operació delicada de la qual cal conèixer els riscos.,,2,0,fourties,male_masculine,valencià,,ca,,valencian,common_voice_26_ca,train.tsv,cv-corpus-26.0-2026-06-12/ca/clips/common_voice_ca_19917613.mp3
de579dfbe41bf9280a13029d6db50f07ff8411c424642aacbe36f9564cd11aed4fcc091003284b4d3bc232f79ebad16a60afdef6b2e46b8c8daed7a7bd42c979,common_voice_ca_30878743.mp3,a21700786ecea572d94153a6524cf75d468109ed3a35c9641c0db77c8726afe5,Aquesta és la tercera proesa.,,3,0,,,,Septentrional,ca,,northern,common_voice_26_ca,train.tsv,cv-corpus-26.0-2026-06-12/ca/clips/common_voice_ca_30878743.mp3
92891fa5d0252d8925f414cfb9c70d26d072552ab50e1e8b28467311c9b40e9d77aadedf5a09bd922e660758b12c084927a84d4e81072d8f763af20b7427764d,common_voice_ca_25092516.mp3,0fd2faa29ba164f7385aa31954992fd49c214496fd737edd304fceb40090d39c,"La carretera, sortint de Clines Corners cap al nord, continua cap a la capital de l'estat.",,2,0,,,,Septentrional,ca,,northern,common_voice_26_ca,train.tsv,cv-corpus-26.0-2026-06-12/ca/clips/common_voice_ca_25092516.mp3
eb4b7c51d4407ab5b1e88529b5c688c9b4a52390978bee845d65e249cedcce08709f7ed1555321ee5ec18a9a333be53a8fd62228ef789e3ca91755b40d5e16c3,common_voice_ca_31862490.mp3,3aae6a47c76a9186903c55b9ddf1adf7d8c0c6b48cfafa0c6fd17021d7c0560a,Dilluns en Rauric anirà a la Vall d'Almonesir.,,2,0,twenties,female_feminine,,Nord-Occidental,ca,,northwestern,common_voice_26_ca,train.tsv,cv-corpus-26.0-2026-06-12/ca/clips/common_voice_ca_31862490.mp3
60f6ba00b981bbd8c1dff97f3943fff32f42fb66b2f6e71976e5572f6457f9c5d952d3dfc9c81388d7127d16d6af48cd0464978346ac712ada37a4e4740a42c9,common_voice_ca_38281653.mp3,a66ffc20db87c3a81da5e79a33efd680a99911ac2aef6c195fc1b88d418c56d6,Com que tradueixo castellà-català no té gaire glamur.,,2,0,,,nord-occidental,Nord-Occidental,ca,,northwestern,common_voice_26_ca,train.tsv,cv-corpus-26.0-2026-06-12/ca/clips/common_voice_ca_38281653.mp3
5e86207715378e44449d4b18b145fc41779f2e08a988e9e770e021d02741a64ff158d788d3343be9eed4ed56cbbb2c0eca00bd05ad5252dec27f1f06d0d4d79e,common_voice_ca_38538555.mp3,b6f1c1b7fff1d45d4a48d32dc3bdf704d7e7a7ed8fccc5d1373f349a49dd6460,Tots dos països s'adhereixen a la Teoria dels Sectors Polars.,,2,0,,,Lleidatà,Nord-Occidental,ca,,northwestern,common_voice_26_ca,train.tsv,cv-corpus-26.0-2026-06-12/ca/clips/common_voice_ca_38538555.mp3
2b9839c535c184baa87bdeaeb090094e3097ac600fa0acdae80e2783607bc6562cd925ca490568ecc1cb39bf7c48a66847f18529853ccaacd5907a4215f66bce,common_voice_ca_25994590.mp3,2d4d056c7c17bc2aff52098e00b8154c9e44769ceb255262d630b3e938a3cd4f,Tota l'àlgebra booleana es pot representar en un camp de conjunts.,,2,0,,,,Septentrional,ca,,northern,common_voice_26_ca,train.tsv,cv-corpus-26.0-2026-06-12/ca/clips/common_voice_ca_25994590.mp3
aa8d56848569c88eec9d265620d514cd7df53bbaba013716b7a1794e29b40520e6a6c36f0abb54331b5a0e34abb8484eceda9cc3668f8e3df6dca44d99d8c6e6,common_voice_ca_37427657.mp3,038c4542d4a9afa7f478bb00c858c491b974408260b4909841c79ccd7edf196e,"A la taula, en els negocis i en el joc, es coneix el senyor.",,2,0,,,,Septentrional,ca,,northern,common_voice_26_ca,train.tsv,cv-corpus-26.0-2026-06-12/ca/clips/common_voice_ca_37427657.mp3
c83c8049406a3335a866b63ba70f92b68e450aacb92f64445c657bb34ddb99907cd2cb73d0279e768f77e6c1b11249dfab5dc3856b5e8fab984fd91d92ea98bc,common_voice_ca_37641862.mp3,79c50213fab0b78c8254259e321914cd0bc989d15a96febd29d401c2c5b8df5f,Mitjançant miralls es focalitza tota l'energia del làser en una zona molt reduïda del material.,,2,0,,,,Nord-Occidental,ca,,northwestern,common_voice_26_ca,train.tsv,cv-corpus-26.0-2026-06-12/ca/clips/common_voice_ca_37641862.mp3
905c6228ee908a3fa1aa46cf051812fde060aba13cee71540d4467db5faa0c12b9c2cbbb26e764f7c3ad7969480a7736f8374333eb0509b970606df1958c1add,common_voice_ca_38709844.mp3,bf92a3173be2138415725d55a42029cf9cdbb76855314d6f8f98d11b824484b8,"Publicà nombroses obres d'història natural, especialment sobre fauna marina.",,4,0,sixties,male_masculine,valencià,Valencià meridional,ca,,valencian,common_voice_26_ca,train.tsv,cv-corpus-26.0-2026-06-12/ca/clips/common_voice_ca_38709844.mp3
dd67b63c4d68b2490175ec46ce1d55d39f69e8926bf7bc17f983bbcf69b36887e328230c16c3c779a345b63261e2500295015ce2013f81bc5b643029e51af1db,common_voice_ca_21091584.mp3,3fc96f082af5988b8342d82877bf0b59c63dc9234040b24e1a1f1e4465453690,L'estat va rebre el dret d'utilitzar l'escut en el pavelló vermell britànic pels vaixells civils.,,2,0,fourties,male_masculine,valencià,,ca,,valencian,common_voice_26_ca,train.tsv,cv-corpus-26.0-2026-06-12/ca/clips/common_voice_ca_21091584.mp3
5e86207715378e44449d4b18b145fc41779f2e08a988e9e770e021d02741a64ff158d788d3343be9eed4ed56cbbb2c0eca00bd05ad5252dec27f1f06d0d4d79e,common_voice_ca_38538556.mp3,b6f446102d58d4c2f52681d2b77fb4ef533da0104265dc6c85d08797d4620723,Van tenir quatre filles i un fill.,,2,0,,,Lleidatà,Nord-Occidental,ca,,northwestern,common_voice_26_ca,train.tsv,cv-corpus-26.0-2026-06-12/ca/clips/common_voice_ca_38538556.mp3
d5b96fe8d2aa7880e586b7eab4782136dc15400fc2592e4b812f7b933b1fdf3799429f1a701aa1c5e7e9f80a24ec83fd124ece79a0c2fd9f0bda67e934379def,common_voice_ca_31754696.mp3,13707eab7b31a8bb29769b72e7c5d29b96ffbcd9b6a84faf1027a73be8a7851c,Dijous na Neida anirà a Cornellà de Llobregat.,,4,0,,,valencià,,ca,,valencian,common_voice_26_ca,train.tsv,cv-corpus-26.0-2026-06-12/ca/clips/common_voice_ca_31754696.mp3
7c45eb360f329fd20cea4e837dfa769ab653f1f33d2f3ea9967c903621b60b073d8b28da5b1ddf59d5655c3708139003f62e3b00f246cd7325098b84693012aa,common_voice_ca_19896604.mp3,11c037735859dd681c407dcef6b2120f87a51afba06f24211ff6adcc19bf1f50,Va viatjar a Jerusalem i Constantinoble i en tornà amb nombroses relíquies.,,2,0,fourties,male_masculine,valencià,,ca,,valencian,common_voice_26_ca,train.tsv,cv-corpus-26.0-2026-06-12/ca/clips/common_voice_ca_19896604.mp3
de44c31b2c3b8d65fa6f0e2d4d770bdf7557effd4905cf1057e2e4ff4ea8d762ee44dc776e8843e0af9fc3912044a5647578d07f7846620150b686bd7d3450f1,common_voice_ca_20502667.mp3,2f834d7bd4bde7eeb96d87c20e3bcd879433c63791f05fcc5bfd3731ac3a0ffc,El temps mètric s'utilitza de vegades per anomenar el temps decimal.,,3,0,fifties,male_masculine,,Balear,ca,,balearic,common_voice_26_ca,train.tsv,cv-corpus-26.0-2026-06-12/ca/clips/common_voice_ca_20502667.mp3
f8bda1ca0ffbe37d583c44149be5f817cb028044ce0dee4fc405cca46180da462c86cbfc654b7b2f5a35eec0ea4d1e527d630fb78268ae27b7b764c9e96565f3,common_voice_ca_30766861.mp3,7b7301fcd7c60a047213a60af5635e6d533306ab746aace781c95bbb7615ae53,Els ciutadans d'Iowa aviat van recórrer al Partit Republicà.,,4,0,,,"septentrional, Gironí, 10 anys vivint a Barcelona l'han fet menys fort",Septentrional,ca,,northern,common_voice_26_ca,train.tsv,cv-corpus-26.0-2026-06-12/ca/clips/common_voice_ca_30766861.mp3
e2e95741e5a2cefda6d6bc3b7700fda1032a19a4471ebc939f537c0a8b184092f5591ca94d8c36a9c41f78e68bac93b5c6924b35e3ff362615440376ce92e657,common_voice_ca_30716858.mp3,461a93c58f10cfada1224eb17bf797512d4cab3068ca40c92c07916ebb7561cc,A la Granja de Rocamora hi ha un castell?,,3,0,,,,Balear,ca,,balearic,common_voice_26_ca,train.tsv,cv-corpus-26.0-2026-06-12/ca/clips/common_voice_ca_30716858.mp3
bc450ff9773492a99905edac03149ee62d3d1ce17e5a097c91f597f90a8f955ff69e7db4e77207fb3d471b18844b2f74524077fff27cbb27123a45e7a024731d,common_voice_ca_37577736.mp3,0737666eb3b63cfffcafff42b26d2f49cefad43006dc71f84420b76ad02c27c4,Donar-li llargues mànigues.,,3,0,,,valencià,,ca,,valencian,common_voice_26_ca,train.tsv,cv-corpus-26.0-2026-06-12/ca/clips/common_voice_ca_37577736.mp3
f4cfbbd9eebe81c129b71749fd2b1bb59763d7e45319914980ec2cef1eb1f39cb24088b9493757fc0ab2684b31137b985de384ff40e4db8f1b230ad6d6e0086b,common_voice_ca_28826827.mp3,62243914eee85c1abd7d10ee1d042f71ff891a514d9d48551f8be5c5cadf901a,També s'utilitza com a inhibidor en la producció de diversos monòmers de vinil.,,3,0,,,,Balear,ca,,balearic,common_voice_26_ca,train.tsv,cv-corpus-26.0-2026-06-12/ca/clips/common_voice_ca_28826827.mp3
e965647b36e94bb5bc37e0e17c61b6a40837aef6d22de84d6747ab79685ea9e9bdec0f1ca9691e17f52fbc6f78b7aab41b953a5002884a69943fe02c5c38fc1b,common_voice_ca_30828206.mp3,90da989b6ec94749e6161fee9529e46fea1a6eb030fa7298ba87168e77b74967,"Reprodueix la meva llista ""Romàntica""",,3,0,,male_masculine,,Nord-Occidental,ca,,northwestern,common_voice_26_ca,train.tsv,cv-corpus-26.0-2026-06-12/ca/clips/common_voice_ca_30828206.mp3
7c45eb360f329fd20cea4e837dfa769ab653f1f33d2f3ea9967c903621b60b073d8b28da5b1ddf59d5655c3708139003f62e3b00f246cd7325098b84693012aa,common_voice_ca_19896558.mp3,11b5453c8317adab1132619af3ee6d296c1c40e9d1f701a14ec280cae7519967,La resta són incoatius.,,2,0,fourties,male_masculine,valencià,,ca,,valencian,common_voice_26_ca,train.tsv,cv-corpus-26.0-2026-06-12/ca/clips/common_voice_ca_19896558.mp3
972b8acae1d502748ea9ca19488b8dd7fef817780e500b093ade8423be685e9bc3e7a47d3346e000819342bd8a8ae3bcb082513fa6fbd99e86995d514e81fb6e,common_voice_ca_32120564.mp3,78c1a90a2b8bf0c0e9e5fcc2333939e2b060edb1f0eec28ef4a4985acaf35e7f,Demà passat na Cèlia i na Vera aniran al teatre.,,3,0,,,,Septentrional,ca,,northern,common_voice_26_ca,train.tsv,cv-corpus-26.0-2026-06-12/ca/clips/common_voice_ca_32120564.mp3
ef31f1bb79b0d333a81a0bca686332bbaf8d490ab812b4477c62df0137004874e5883e50b7ddaa7131079d0adb0a7f9cf37e79906f97ca3dcf91732b5fb88c8d,common_voice_ca_37864052.mp3,875bcf78dd49148213e9dbf1665dea603db3940efc56856436f0464c54ad69ca,Avui en dia cada una d'elles estan obertes al públic com a museus.,,2,0,,,,Nord-Occidental,ca,,northwestern,common_voice_26_ca,train.tsv,cv-corpus-26.0-2026-06-12/ca/clips/common_voice_ca_37864052.mp3
b7fc6c36d8fb8d799a53b2157da00ae1aa34e3c0eeaa96154da4f287479bb7ef2d0ba725382ebe5941e66e16765eeef6becd705c750d1ea279a4cf1ef43215a2,common_voice_ca_30810038.mp3,89aa8d5d77a608bd8768baa9797e64daaa5c1c014cfa3d88cfc65b6b699f897a,També volien restriccions immigratòries cada cop més dures.,,3,0,,,,Central,ca,,central,common_voice_26_ca,train.tsv,cv-corpus-26.0-2026-06-12/ca/clips/common_voice_ca_30810038.mp3
b63c689e0edc5a7e8142717836bbb5f080ed397233f6d5ca5b4a0dbdb2f413370ce5cf1adb82c11d64781131945a6cd00c0ec95f8281cac28b140b9761452e01,common_voice_ca_31043767.mp3,ddd651a0b993d9a3eabd89e231ae38ff3f875b1d81e50b82b4f4d69e9ac475fa,"""The Sheaf"" és una organització sense ànim de lucre administrada pels estudiants.",,3,0,fifties,male_masculine,,Nord-Occidental,ca,,northwestern,common_voice_26_ca,train.tsv,cv-corpus-26.0-2026-06-12/ca/clips/common_voice_ca_31043767.mp3
27673fc44f7d16cc4aee52fff2cb79cfd1c44cc75cc4c922a4571383503672ab246507df94551e3be78247a7b6d2764a5e065f57fd02ce59e6bb40987a105b4a,common_voice_ca_32515959.mp3,090a832968e0cd41ebf9d5283d88a4da366ce4fd21f912f2aaac3b9521adbfa3,El nou d'octubre en Xavi i en Miquel volen anar a visitar mon oncle.,,3,0,twenties,female_feminine,,Nord-Occidental,ca,,northwestern,common_voice_26_ca,train.tsv,cv-corpus-26.0-2026-06-12/ca/clips/common_voice_ca_32515959.mp3
3cab131f1ff7d75b971c677cb846b8d7e931343f418cfa222ef3b301581d2f90b778323dccc4dfd65b8b2d52ffa713e38a113d14201ffc58c660746131f0fef5,common_voice_ca_34547362.mp3,38f1380afb384fd3e61e21e7060cc1f258753fad7140a58353101a63a9f2124e,La durada mitjana és del mateix tipus que en el pitjor cas.,,2,0,,,,Balear,ca,,balearic,common_voice_26_ca,train.tsv,cv-corpus-26.0-2026-06-12/ca/clips/common_voice_ca_34547362.mp3
c83c8049406a3335a866b63ba70f92b68e450aacb92f64445c657bb34ddb99907cd2cb73d0279e768f77e6c1b11249dfab5dc3856b5e8fab984fd91d92ea98bc,common_voice_ca_37641860.mp3,79c45dacacebfef6b11101b465f0ed6312b555f4342d1cf621fc8ea838e6c18a,Aquell dolç es va anar popularitzant.,,2,0,,,,Nord-Occidental,ca,,northwestern,common_voice_26_ca,train.tsv,cv-corpus-26.0-2026-06-12/ca/clips/common_voice_ca_37641860.mp3
545efbbd53bb2cb86711ecc7942b4fbcbedd6c117633697d105bc412f14515852690a798cbe4fcf7ea92592022c6f4469adec42be7bff5d10ccef622f4cf96fa,common_voice_ca_31212818.mp3,f5dfec79cfa961346e85736f7e7325fd4385781e8dfac1d4c21dd32811f1481f,De tant en tant alguna pruna que havien fet les pruneres,,4,0,,,Tortosí,Nord-Occidental,ca,,northwestern,common_voice_26_ca,train.tsv,cv-corpus-26.0-2026-06-12/ca/clips/common_voice_ca_31212818.mp3
59c83aa5b91477ee56ee8ceb9217341a22d77d24b58c33923138e94db46122e0f90624d63a4bbba4cd9b9c92e99673ab7aee5b752e96c354ec0138be5c14c856,common_voice_ca_36984178.mp3,6553095335382ac47688776cc072586acc3b840625104190872d9145d5b6b139,Una característica distintiva dels llançaments de les discografies és el magnífic treball de publicació.,,2,0,,,,Balear,ca,,balearic,common_voice_26_ca,train.tsv,cv-corpus-26.0-2026-06-12/ca/clips/common_voice_ca_36984178.mp3
e83d48b939323aa85e9711bc1f564200a4f56cd878a124aef2102b89b4dfcf2d6a90b498cf29262c5099373d147c3c8ddb55804476ed7c1ae3e20be12154e59a,common_voice_ca_33417959.mp3,ead65ad2ee0ed7c0278fb82ce1d9fb12748862093e201306a84cf367877a7d8f,I l’informe diu el que era previsible tècnicament.,,4,0,,,,Balear,ca,,balearic,common_voice_26_ca,train.tsv,cv-corpus-26.0-2026-06-12/ca/clips/common_voice_ca_33417959.mp3
f590db6d3953b5851ca6644c1d231bfb0361ac377c68c73734d5acbcfef27990d5b1b5fed59201bf613f70cf9df0e104061459b5f0da0f4a2bf68eabafa7e143,common_voice_ca_37629881.mp3,409595c25e53dfbb9f55f62a9159b9ab52d27e8f55dd4ea17bf1bdd0e90096ad,Dema aniré a Lladó,,2,0,,,,Balear,ca,,balearic,common_voice_26_ca,train.tsv,cv-corpus-26.0-2026-06-12/ca/clips/common_voice_ca_37629881.mp3
bbb80ba87bd8163e4b4ce4da07395e1059714928987ab213fd81743ed289512841bf79467aa7656f39238258f4ae7b5c6e0a5f57deb92c91398324197b2fa17c,common_voice_ca_31374860.mp3,103fd38b59c7e4a36a761000a92da9c0a3f81ef290c008b9b839c55e5301b871,Quan passa l'autobús per Menàrguens?,,2,0,fifties,female_feminine,,Nord-Occidental,ca,,northwestern,common_voice_26_ca,train.tsv,cv-corpus-26.0-2026-06-12/ca/clips/common_voice_ca_31374860.mp3
4f161bf06d5ca9e75c2319699dc02e7a76d950727e6a4dfa09b7222eec4498ccda94d545c6eed7431118e5896e86575355a7e5d4145b11c6d69a93755aa66e1c,common_voice_ca_37638058.mp3,78e8cf5313e78558fa3194acbd191a2157eb9c5f0fc5d201bb3bd5521da2bfce,Demà en Renat August irà al teatre.,,2,0,,,,Nord-Occidental,ca,,northwestern,common_voice_26_ca,train.tsv,cv-corpus-26.0-2026-06-12/ca/clips/common_voice_ca_37638058.mp3
c8c124b53f85679a623f43977d1e02b0b627942c95f1a893c9cb164dbb28522c75c323809432e839804c78fbe258c618335eac5515d94754163d0c5bf90b50dd,common_voice_ca_34505496.mp3,389bf8039564e9c86974d9bfb15d9aee0edb2b9ad92854911ab6d6f440421506,"""No hi ha res d'immoral"", va dir l'home afectuosament a la bèstia.",,2,0,fourties,female_feminine,,Balear,ca,,balearic,common_voice_26_ca,train.tsv,cv-corpus-26.0-2026-06-12/ca/clips/common_voice_ca_34505496.mp3
4c1dae8a64087b6628c9d663dd83c918d726cbf6cb3e9feeebcdbe056b1191b950531f416a6ab8044efb37741796d5d27226ab749effa2fb8492accf5af3cf91,common_voice_ca_37577081.mp3,0106155506efe3565e79b71c2cee697ca5227bc32aa70181980279c71b921386,Sense to ni so.,,3,0,,,valencià,,ca,,valencian,common_voice_26_ca,train.tsv,cv-corpus-26.0-2026-06-12/ca/clips/common_voice_ca_37577081.mp3
de579dfbe41bf9280a13029d6db50f07ff8411c424642aacbe36f9564cd11aed4fcc091003284b4d3bc232f79ebad16a60afdef6b2e46b8c8daed7a7bd42c979,common_voice_ca_31202184.mp3,f6636d815fdafe8f351535733391d5ccb38a0262acc8aa1046843e103d2a6952,"Eli Harding preguntava, mentre Shunk començava a seguir.",,2,0,,,,Septentrional,ca,,northern,common_voice_26_ca,train.tsv,cv-corpus-26.0-2026-06-12/ca/clips/common_voice_ca_31202184.mp3
6e0bde610f238b674017fa7320fa8095a2323a8b0e11bf837c522e9a8c1d0563570a181bcc17c1cdc5d0f6ffdc15d2487f927cec71116aec5ebca5cc8b87929a,common_voice_ca_37564293.mp3,e778f49d72a0850ab883c7f6ee960f5b900d28e86a0dc32a99ea1925c587b739,De cap i destral.,,2,0,,,"Mallorquí, Son Servera",Balear,ca,,balearic,common_voice_26_ca,train.tsv,cv-corpus-26.0-2026-06-12/ca/clips/common_voice_ca_37564293.mp3
41bdeb7b29261ebf93c9c26d118d48e696a5c5a146bf899edef0e3328f89bc91033cef23d3bd9c17627f396ba8841cf9e4326a78d11d8a33f39301358f229767,common_voice_ca_30742102.mp3,71fa208de79c09582d1c9feb2c0f0452eb4313c2e90fd5d5cf086780bdc05779,No sé on cau Vilanova de la Reina.,,6,0,,,Lleidatà,,ca,,northwestern,common_voice_26_ca,train.tsv,cv-corpus-26.0-2026-06-12/ca/clips/common_voice_ca_30742102.mp3
99c2996aed58c3abac77663a3a91503ede747113ba26b034f6caf24715f8d5f6591193023e369af11d77077ce615b1de643403093cf8c4d8dcb7e7c07dfd3ed8,common_voice_ca_17397668.mp3,41f3c162e9115b6bf55515fa818c7c9de5ca78a91b9b496803736c7bf073517f,Integracions amb altres sistemes que suporta.,,3,0,twenties,male_masculine,valencià,,ca,,valencian,common_voice_26_ca,train.tsv,cv-corpus-26.0-2026-06-12/ca/clips/common_voice_ca_17397668.mp3
8d0085a66d64058fd3c49768bf6703bcd43abe57c1fc40539c08dc790714319b63a6c413a5b92655d6785231e18a3b93b7e831ca098f8554d9c106b571e7e3ed,common_voice_ca_37433936.mp3,10b12140c8f0ec0983e41530a83fc277f0a79a00a0a53466738eb550053494f1,"A Colomers, escudella i res més.",,2,0,,,,Balear,ca,,balearic,common_voice_26_ca,train.tsv,cv-corpus-26.0-2026-06-12/ca/clips/common_voice_ca_37433936.mp3
6df06b1d6117b1191647118223c2f54ae0d9b673418e24e3928c8dba76eef9adaf7be82ea7e0c5a5d7a91eab6eda863f8e42761b438b78fdd6e8c32ee044d4e6,common_voice_ca_32372671.mp3,d9a341481d6842684e9ebf4b3ae82920e6adbc30753acb29a6dcce306c7d39bf,La família dels Garrigues.,,3,0,twenties,male_masculine,,Nord-Occidental,ca,,northwestern,common_voice_26_ca,train.tsv,cv-corpus-26.0-2026-06-12/ca/clips/common_voice_ca_32372671.mp3
e94f91ab2c69e11a764613994237dda6d7c356912a78907205db2cb51306f5be8c4384a3480207cf787444dd07344929a21076bb3790dd8a0868d62be2d4fa57,common_voice_ca_31408306.mp3,163f5561a66e6fd8f1d48d8a65dfa3555bfd96418ad68c1f4060675b79cc4200,"Desa el sis, quaranta-quatre, cinquanta-sis, noranta-nou, vint-i-dos com a telèfon del Quer Leonardo.",,2,0,fourties,male_masculine,,Balear,ca,,balearic,common_voice_26_ca,train.tsv,cv-corpus-26.0-2026-06-12/ca/clips/common_voice_ca_31408306.mp3
605a725b8477f13ae3609b9c9806223a494942e9b1f78aeab7ac4271501e631ff1545dd649b06c4d9480a05aa55cec567a3d507fde6d5696a2bf42829ee7c5ee,common_voice_ca_31854143.mp3,3701a7bf62aa46ccd06b7309dfdfe0d9b13e9b270d94014ceb4bf597d74e3a80,Demà passat na Clara irà a Torà.,,2,0,,,,Balear,ca,,balearic,common_voice_26_ca,train.tsv,cv-corpus-26.0-2026-06-12/ca/clips/common_voice_ca_31854143.mp3
0336780475a5c299071b7ee8249d4d4f348cfd9cf41651af74abde09d3b98a702ef33c7b0f7aa6e7ccb3bb0f198c604cd5dfdcb5bdf01bbbe5bad0b699b434ff,common_voice_ca_30847124.mp3,96cec9922bcdc259e62d45fc7d03af96f2bf228103fef83cce2cac5620575a8a,es van convertir en l'ànima del món.,,3,0,,,,Septentrional,ca,,northern,common_voice_26_ca,train.tsv,cv-corpus-26.0-2026-06-12/ca/clips/common_voice_ca_30847124.mp3
c8093022917792f01f23720f4ad3d78b2b331cecf07de94019070ede86f7af8b819800460501a2af6ba5f22ee41df83e6bcff7bb647012a895ceb3412142b484,common_voice_ca_31806362.mp3,25bd76737c5c068edd3db1e6ae018e7fe49a7eb310d96803face875288c92df3,Diumenge en Quim anirà a la Roca del Vallès.,,6,0,fourties,male_masculine,,Nord-Occidental,ca,,northwestern,common_voice_26_ca,train.tsv,cv-corpus-26.0-2026-06-12/ca/clips/common_voice_ca_31806362.mp3
58fbbd6f783c9a459ac90a5859b7aeb0519adc1f378752ea4f084b129446a19ec7f454e560eb4c10dce227a0ccd4e18256378b45cf0c9f0e6dc0c8ea8f10acf3,common_voice_ca_23382426.mp3,9f977ba874cab04543cee2c4017460b9de8c5814c1c27393fedd082f80d1f969,L'escala de la longitud d'una geometria plana pogués o no ser directament detectada.,,3,0,twenties,male_masculine,valencià,,ca,,valencian,common_voice_26_ca,train.tsv,cv-corpus-26.0-2026-06-12/ca/clips/common_voice_ca_23382426.mp3
c6d5583019e9e0b98276e10adbb27249fdedb360eb40333ae87b623b085db10f32ee3e5b5f3a953ffbba442aa082941cce3bfff998af37b280b3fbfaff29aca5,common_voice_ca_30929745.mp3,b58b8304afe3478fefa2a55b0577c4d9c116d296fa8ad34bb3b9a8debf5dc361,"El seu cognom és Moralejo: ema, o, erra, a, ela, e, jota, o.",,2,0,twenties,female_feminine,,Central,ca,,central,common_voice_26_ca,train.tsv,cv-corpus-26.0-2026-06-12/ca/clips/common_voice_ca_30929745.mp3
bc0b544f1c13cc1d0fe15b0eab96e89e6d4dfc8919de1fb757ef97a7d5de9efff5e520def5a8471b75480fd49d410d222ed9332089bd527946c74070e8ad1934,common_voice_ca_31238820.mp3,fbee9f6af9384c8a7e215ce1a5198059881c49c7447ad52fb9d948de6044bb05,Les sobres de la cuina casera es solen guardar per menjar més tard.,,3,0,twenties,female_feminine,,Nord-Occidental,ca,,northwestern,common_voice_26_ca,train.tsv,cv-corpus-26.0-2026-06-12/ca/clips/common_voice_ca_31238820.mp3
56c45f3884d73543ed6443d6eda60ba1c20483ee159da2ce6723e256e09d46b9c91d499f2a986de242659676a636cb4d49a05f97ffc51f98c22aaa67492c7fb3,common_voice_ca_20505496.mp3,2fa1b454707aaece29fcdfe42137bb5eb6b43efea440663a6ba5b86c510cad43,Els cavallers que hi participen ja no són croats sinó servidors del seu sobirà.,,2,0,fifties,male_masculine,,Nord-Occidental,ca,,northwestern,common_voice_26_ca,train.tsv,cv-corpus-26.0-2026-06-12/ca/clips/common_voice_ca_20505496.mp3
e0ad16d352572720e8e414af07c5165f19b9a98996db14157a31544f4429da864ab334246f39ca470d72302bb92c98e02cef923d00d1e891d39c6d6cd39bfdb2,common_voice_ca_36453579.mp3,534d07d354b5668371721f8c7e9d73d571cdb4779c7e27693881f0ed3aee8e74,La seu original del comtat es trobava a San Felipe.,,2,0,,,,Balear,ca,,balearic,common_voice_26_ca,train.tsv,cv-corpus-26.0-2026-06-12/ca/clips/common_voice_ca_36453579.mp3
905c6228ee908a3fa1aa46cf051812fde060aba13cee71540d4467db5faa0c12b9c2cbbb26e764f7c3ad7969480a7736f8374333eb0509b970606df1958c1add,common_voice_ca_38730402.mp3,c0ac06a54ac7f29e876e4702678a8ab1381941e6d7dc976e87010975f0eb8f47,També va continuar donant la seva opinió sobre problemes com Palestina i la guerra iraquiana.,,4,0,sixties,male_masculine,valencià,Valencià meridional,ca,,valencian,common_voice_26_ca,train.tsv,cv-corpus-26.0-2026-06-12/ca/clips/common_voice_ca_38730402.mp3
5373d9b5ddba5b3c9b74f66afc69eb5e2c2be533b6326125a45ecf198b498a83017c558851b0513fa1a120cd78155a5033b794b59dc88997622f1ac06db2f570,common_voice_ca_31929934.mp3,4b183c4ffd3d50a95c7cd57ef7680c30edcc9677902f4b0d26d69dcdd5b78b32,Divendres na Nina i en Rauric volen anar a Folgueroles.,,4,0,,,,Septentrional,ca,,northern,common_voice_26_ca,train.tsv,cv-corpus-26.0-2026-06-12/ca/clips/common_voice_ca_31929934.mp3
e2e95741e5a2cefda6d6bc3b7700fda1032a19a4471ebc939f537c0a8b184092f5591ca94d8c36a9c41f78e68bac93b5c6924b35e3ff362615440376ce92e657,common_voice_ca_30717064.mp3,46e62e02a23fdbae89c75e113b911259e84788d015a0d1a962f544f75fc81305,Quina documentació hauria de portar a l'Ajuntament?,,3,0,,,,Balear,ca,,balearic,common_voice_26_ca,train.tsv,cv-corpus-26.0-2026-06-12/ca/clips/common_voice_ca_30717064.mp3
583278de14e1d78babd36b2768421d58d3b2a2a79f014e7b3d98f4b4a11c7a266dedbc7019af6d8c6a8068ce0aaeb5d822f02ef7756fb052675b2d92b4143cdd,common_voice_ca_33434110.mp3,f84e894eb3987f02acdc6a02fa31d45bb0c013b0bbf64e70b31ecabbca905d9f,El tipus de lent també és important.,,3,0,,,,Balear,ca,,balearic,common_voice_26_ca,train.tsv,cv-corpus-26.0-2026-06-12/ca/clips/common_voice_ca_33434110.mp3
6aa4de7ba9678657778e958db48f5291f32dc78b375330325a4cd5f7bac22d900ddb6265bf77c41e934fcc801ad6adf30310c0709f3a3002fb6278020cbe474b,common_voice_ca_33746615.mp3,2ec491d328ef6231d648e692a277379b624b1dcdf2080c500fec317fa4379f6d,"Aquest matí, amb un piulet, havia anunciat que deixava l’escó.",,6,0,twenties,,valencià,,ca,,valencian,common_voice_26_ca,train.tsv,cv-corpus-26.0-2026-06-12/ca/clips/common_voice_ca_33746615.mp3
1e272b6983c53e36f1dc82fc576631162d08662cbbe2a74238b7a30b342bd44fa2e769bb0d0398afb0cb1a6e228697b2eda803f5cb53bf28cc3f5e9006a8ce34,common_voice_ca_17523743.mp3,031ed88890688c7c656467b2f65e8c686eac7bb9f4a47d2b510752c9ab81dd5f,El mestral entra per la porta i ix pel fumeral.,,2,0,sixties,female_feminine,,Central,ca,,central,common_voice_26_ca,train.tsv,cv-corpus-26.0-2026-06-12/ca/clips/common_voice_ca_17523743.mp3
206a196a55bf75a878ca807e71342c91d453423aaeaae1f6a398c8d04af2228acb8ce5e2cb31bbbd4c6bbb90c12dd2ce9b31683de574da8e95c5a05e2967bfb6,common_voice_ca_30768606.mp3,7c295d2b5524696cc807f413e79d24281d35e3d4dbe832aa2863f1909acb6871,No em falta intel·ligència.,,6,0,,,nord-oriental,,ca,,northern,common_voice_26_ca,train.tsv,cv-corpus-26.0-2026-06-12/ca/clips/common_voice_ca_30768606.mp3
c1a9158cfa967457976230cebd211d3e55cb3e7ee3648c1d4655f4d6a82f234c15a54f869eee010b8215d5ad33f855df2d138e99bd9d1fc0142552b3df5021f9,common_voice_ca_37573599.mp3,fb6bc40e290a6dda26c589705cd9f4126ebe12c9be14d45453aef4388e47ff59,Com ara plouen figues.,,2,0,,,,Balear,ca,,balearic,common_voice_26_ca,train.tsv,cv-corpus-26.0-2026-06-12/ca/clips/common_voice_ca_37573599.mp3
f1d5c9e02521af8910821aba0cf9117bdb3905dff12e962365c9c90045df70d95613bacf692a84de2e9f99b39de556a44b2c953d57f05b4eae2d0e74ef93600a,common_voice_ca_40130083.mp3,dd2cef2ac30f4e2ed32afe394d1735596e520574440ad6a6e4f59f04ace3edb0,"L'eix de l'obra són les aventures amoroses del protagonista, de caràcter autobiogràfic.",,2,0,,,,Valencià meridional,ca,,valencian,common_voice_26_ca,train.tsv,cv-corpus-26.0-2026-06-12/ca/clips/common_voice_ca_40130083.mp3
4e2f29951f3d98704eab76ca83035440ed454b7828fa598da2d911cd272a606a78ed8a50a5c22e1d1b0365670a9fd3b621df7ba8adc00ecfc97f80ed2538598f,common_voice_ca_31470546.mp3,1fb55a006c2593d95920102eba31732047694794bf7dee79b979b2d0ebb57958,La pell i la polpa que hi està a prop és amargant.,,2,0,,,,Central,ca,,central,common_voice_26_ca,train.tsv,cv-corpus-26.0-2026-06-12/ca/clips/common_voice_ca_31470546.mp3
67b67cfc054332945b878e7a2b10afbb309ed9f6b2cbd66436f6ef82d08e7c704219062671cd1b8dcd185225adb750d2e6edf4467dffda5702642950836350d0,common_voice_ca_36846701.mp3,aee1fbd1bb0210fd7b6bcf8b15eb601416b8ad04d8d5f8ba0e133b92bf1e19a0,Grups de guàrdies d'assalt armats circulaven pertot,,2,0,,,,Balear,ca,,balearic,common_voice_26_ca,train.tsv,cv-corpus-26.0-2026-06-12/ca/clips/common_voice_ca_36846701.mp3
905c6228ee908a3fa1aa46cf051812fde060aba13cee71540d4467db5faa0c12b9c2cbbb26e764f7c3ad7969480a7736f8374333eb0509b970606df1958c1add,common_voice_ca_38762177.mp3,c1e0f8fe6db7dea5cce8e979d09bcaade2380c4ec5ab9f44fbe6cb66533a028e,"Guarda el sis, setanta-set, zero, tres, vint-i-tres, vint-i-u com a telèfon del Marc Carbonell.",,4,0,sixties,male_masculine,valencià,Valencià meridional,ca,,valencian,common_voice_26_ca,train.tsv,cv-corpus-26.0-2026-06-12/ca/clips/common_voice_ca_38762177.mp3
aeb5bbf9a006b1b7e84fc0c3e392484cf59308e717f06e25dfad12feef48720416ce210090f5ac29d97042abd91175f8da6d44cee20d18a717b397b1841a2592,common_voice_ca_30752159.mp3,75f197bbe17b75a428b43f28249b266c138257b07bdb68a3115d99298a53e931,"El meu número es el sis, setanta-set, trenta-dos, vuitanta-quatre, vuitanta-nou.",,3,0,teens,female_feminine,,Central,ca,,central,common_voice_26_ca,train.tsv,cv-corpus-26.0-2026-06-12/ca/clips/common_voice_ca_30752159.mp3
66a76e532c9da5f6acb2f02c20d3a841bf0852b284c05080ba09624f445d917481aea23be1b9d3844ece7ec6c27e9c367a2ae9e2773b64aacaea9a2603402ae0,common_voice_ca_37576923.mp3,022a3f9402a50e9f103b09ca42c5b6a868d4e9b4b6a47f93d12f781730355d56,"A terra de faig, no hi vaig.",,2,0,,,valencià,,ca,,valencian,common_voice_26_ca,train.tsv,cv-corpus-26.0-2026-06-12/ca/clips/common_voice_ca_37576923.mp3
b8edd535430395b2f4455eca8daea243f8cc2f589f0f482c2dc271c0f605362c987738fb1c3dd20d3d4e6e6c33a22af7d6bbd73562227ecc660fc81fce0a53e1,common_voice_ca_37659532.mp3,7b299276c2f29e8549d8f8d5c49e515ff49a95bf737662b141e4302ac01d1944,Però la mirada de l'estrella el paralitza.,,2,0,teens,male_masculine,,Central,ca,,central,common_voice_26_ca,train.tsv,cv-corpus-26.0-2026-06-12/ca/clips/common_voice_ca_37659532.mp3
19b58c23bcd3675fc2d5418487f2e974939a5b6f1b0fa966ab08740798dc91d37eeb8e48c775fbcf5ce2fe24cf66968c1616e5491d3f180c4888254a3614490d,common_voice_ca_31137355.mp3,f1875dd064d8c7ffe5f069e06b17cfb899d86a7e294d99d348d1d64e9c763e36,La plataforma és exclusiva per al tramvia i s'habilita perllongant les voreres.,,2,0,twenties,male_masculine,,Balear,ca,,balearic,common_voice_26_ca,train.tsv,cv-corpus-26.0-2026-06-12/ca/clips/common_voice_ca_31137355.mp3
38d00c7f8e340672f35d90524a72667a5bd0aff06c7ca8cac3318eccbb6bf41b07b4e9badcb4fcecfc50c2bb71ac7ba432fdca9a4fdbd4f6a71054da14f06e79,common_voice_ca_40406260.mp3,e59215f992be21e1f68d1e902063768ee860a4ff4babb218289e19d48b1d55de,Un nen amb casc va en monopatí en un parc infantil,,2,0,,,valencià,Alacantí,ca,,valencian,common_voice_26_ca,train.tsv,cv-corpus-26.0-2026-06-12/ca/clips/common_voice_ca_40406260.mp3
67b67cfc054332945b878e7a2b10afbb309ed9f6b2cbd66436f6ef82d08e7c704219062671cd1b8dcd185225adb750d2e6edf4467dffda5702642950836350d0,common_voice_ca_36846726.mp3,19526449a600fd84cf448760844a66dfe55a973f4792e992510964ea9738039c,"Un home eixerit, ben plantat, d'una trentena d'anys",,2,0,,,,Balear,ca,,balearic,common_voice_26_ca,train.tsv,cv-corpus-26.0-2026-06-12/ca/clips/common_voice_ca_36846726.mp3
f4876ef39bda4d5be1bce2491b5a33de77df6c2b0c2ef119b3ae07aac9e00f83325606fdf925f154c44eda0a27d6c4d5248828e427cf4ee37d0180592d4000c0,common_voice_ca_37699522.mp3,7d6a4e8b2ea071c6cc3f32348485124e1333782ad4cd806099549716e930ee84,El lloc de Montiró pertanyia als senyors del castell de Sant Feliu de la Garriga.,,2,0,,,eivissenc ,,ca,,balearic,common_voice_26_ca,train.tsv,cv-corpus-26.0-2026-06-12/ca/clips/common_voice_ca_37699522.mp3
082fe97c1a4f1d56270d873d7070459536ff8b978cc59d58540b16793566bca11b22bbe8928d6f9d17decc7608636aa0988aeb7e131afdd4702d5c8279ac29e8,common_voice_ca_37255052.mp3,6ef8ba0d2a6be0e627944985bd426c3c1880a25dca5ced85b7b0cbce9c565aa5,Totes les estructures i solucions utilitzades són senzilles i populars.,,2,0,,,,Septentrional,ca,,northern,common_voice_26_ca,train.tsv,cv-corpus-26.0-2026-06-12/ca/clips/common_voice_ca_37255052.mp3
fe753134f697e49b5a132123c0b6b4c5ff486e237638e2f2760abb3fb264daf1b413b984b2b78c7cab2a10677a6f8a6c8fdcc89a2b5c875b30c99a9f1347f0bc,common_voice_ca_30708321.mp3,1b6db8db4243816b3205af3495af887870b6dada69cd4ba452f71c099469b334,Pot ser perquè no sabien lo que era Llotja,,2,0,,,,Septentrional,ca,,northern,common_voice_26_ca,train.tsv,cv-corpus-26.0-2026-06-12/ca/clips/common_voice_ca_30708321.mp3
c02ffc5fa43cd0ca941b62649b0cdc6a2a37de7858ee5026c9948b1b590517b57304efaac6a738e85c001a179ceeabe37e9e9eb2791cb5c88e273ff5eb73ea96,common_voice_ca_38209069.mp3,a0ceb6903dbbd932f6ced25421cb07576aeaa50859d294cb1c99772f92f46175,"Si tens qualsevol altre dubte, estic a la teva disposició.",,2,0,,,valencià,Valencià meridional,ca,,valencian,common_voice_26_ca,train.tsv,cv-corpus-26.0-2026-06-12/ca/clips/common_voice_ca_38209069.mp3
0990674a80136592cdd3fb52d32945b2972482c134aba7ba54a9e577ba0917ddb2518172c8ffe80d4fc5bd844e6c889e2da6763ae5ea0be655b03b53e9633489,common_voice_ca_30893714.mp3,a76b6bccc002c9ad8f577ff94eca8846d832394ac5cdcab9da7b5d81720455a8,Hauria d'anar a la plaça de Pedralbes número vint-i-cinc.,,4,0,thirties,female_feminine,,Nord-Occidental,ca,,northwestern,common_voice_26_ca,train.tsv,cv-corpus-26.0-2026-06-12/ca/clips/common_voice_ca_30893714.mp3
de9065b5567e882af96d04a4e36fc779321a6cc297356fa4c91c031432b8b9810883508ddc5b234eaa7a7ec5bdff9627bc7511ad67ef2a0c7d97fc3d1c481b78,common_voice_ca_36932116.mp3,629d2820d257795b89b98b7e723e414e8a0e0bbd582748c0fdb632ff85fd76b6,"Amb el col·lapse econòmic de Texas durant la Reconstrucció, la línia va fallar.",,3,0,,,,Septentrional,ca,,northern,common_voice_26_ca,train.tsv,cv-corpus-26.0-2026-06-12/ca/clips/common_voice_ca_36932116.mp3
f213253eb290eb8068851d9d5625cd99a2d9548d5584a70b59e70c7107221ef5177cdd291dbe623d0f1ec45b983f163ec3ab9ade0a3a43c1b309d437dd08068e,common_voice_ca_38491039.mp3,b3000b567858aa9c093e6a5d2899f1515693e6ef2f73017242145c6a53b72ca9,El cap del districte és la prefectura d'Alençon.,,2,0,,,nord-occidental,Balear,ca,,balearic,common_voice_26_ca,train.tsv,cv-corpus-26.0-2026-06-12/ca/clips/common_voice_ca_38491039.mp3
2b75eb37645fe01fbf04d53bf1492f003e3e4abfd8282bf74512df42b27a60fccdd6c88fecaee17fabce5fee8d3e004914f95b9aa94b07d06525994127610638,common_voice_ca_22510035.mp3,8d36903c3ce98a4887fe3c9263641744cb699e6cd08bf02daa76d56fa6a680ea,"Poc després, la Junta nomenaria també a Morelos com a vocal.",,2,0,twenties,male_masculine,,Nord-Occidental,ca,,northwestern,common_voice_26_ca,train.tsv,cv-corpus-26.0-2026-06-12/ca/clips/common_voice_ca_22510035.mp3
bad955503d2f235af9f5bcce55ab22dc5cccdef16acacbb617851090c0c47aff26a88cbd113487274e9b277f8b8e72612c036f9dd9a054d63cd914d797ff2cca,common_voice_ca_37812604.mp3,82b65a999ce16cf44ea25d185cb1b2cba2d80a06c481e12c77abf310888d900e,Els exemplars adults se'n van traslladant contínuament i així cada vegada s'infecta més el cep.,,2,0,thirties,female_feminine,,Nord-Occidental,ca,,northwestern,common_voice_26_ca,train.tsv,cv-corpus-26.0-2026-06-12/ca/clips/common_voice_ca_37812604.mp3
e4a791496341a07bd6f3a4eb166af8ddbf537ad054b36e5c6e095c9cfdb47a472bdc51d8cc0a91d5bdaf8fb3bb00f3e733bf12e9045e7f8afea5232bab17100c,common_voice_ca_38101724.mp3,990040b15cbbb824fef07ee16c0f5eb9ab328c298bf8b78db267fd1edbc45381,Els professors i professores eren les ànimes de l'escola.,,2,0,,,balear,Balear,ca,,balearic,common_voice_26_ca,train.tsv,cv-corpus-26.0-2026-06-12/ca/clips/common_voice_ca_38101724.mp3
ef31f1bb79b0d333a81a0bca686332bbaf8d490ab812b4477c62df0137004874e5883e50b7ddaa7131079d0adb0a7f9cf37e79906f97ca3dcf91732b5fb88c8d,common_voice_ca_37864053.mp3,8776e6eb7a32214a13dec2c99a041474434c21d6b87bee5b9e2a6a523ac7d906,Dimecres n'Hug i en Martí aniran a Geldo.,,2,0,,,,Nord-Occidental,ca,,northwestern,common_voice_26_ca,train.tsv,cv-corpus-26.0-2026-06-12/ca/clips/common_voice_ca_37864053.mp3
10ecc1c21897445b632068bef3e6340aaaea0162ada888a98bf7a41f42147601cec94bfc6ddd2d2467356559e16b4550292e5c59729ffb061b0063d96cbbddae,common_voice_ca_17464186.mp3,94fb2f744481ad021dd5f086d9e82e595e3170f1da3d35083d8151ba28e18882,No està bé.,,3,0,fifties,male_masculine,,Central,ca,,central,common_voice_26_ca,train.tsv,cv-corpus-26.0-2026-06-12/ca/clips/common_voice_ca_17464186.mp3
e446434788701b6ade3495ccb984a820c1ba4cc6de6e7b37501889d2d689e304b00b825fb5eefdfd415b3bd20ad5697fc84f28234f9079ad024766cc3b9b5e4a,common_voice_ca_37591196.mp3,32afb4a7071643883c73264f9cfbbb32334573baa61dde9a3aa8cfcec85d59ab,Més murri que en Becaina.,,4,0,,,valencià,,ca,,valencian,common_voice_26_ca,train.tsv,cv-corpus-26.0-2026-06-12/ca/clips/common_voice_ca_37591196.mp3
22958f42a50ef3a5c2ec4d3fb30bec33a55c1d1a6a85d5bea86ba8c8107415837c8494ff7dbdea01385859ebf381c231be0ebc45dc26f0129c228e4cc3ea4586,common_voice_ca_33387131.mp3,d3fcebf8c5ad97d2b196ad5604c3dc049d937899917611d07af724e0158be504,"I, en contraposició, arriba la sorpresa que trobo més gran.",,2,0,,,,Balear,ca,,balearic,common_voice_26_ca,train.tsv,cv-corpus-26.0-2026-06-12/ca/clips/common_voice_ca_33387131.mp3
042ecaaba5d85450cfaef7b74e0c43fd12cc16c188f96993910b1fff3c089234de7437bb923b250b18e88606acb3a666bf041c99148474bb6e8ccdf5af40b33d,common_voice_ca_37588467.mp3,2ab7adccfa75474ad4d0c1aee9eed36cdcf3c9e21856adc29588ddb5f7cd5b00,Aigua plujada no quita regada.,,3,0,fifties,male_masculine,,Nord-Occidental,ca,,northwestern,common_voice_26_ca,train.tsv,cv-corpus-26.0-2026-06-12/ca/clips/common_voice_ca_37588467.mp3
f8bda1ca0ffbe37d583c44149be5f817cb028044ce0dee4fc405cca46180da462c86cbfc654b7b2f5a35eec0ea4d1e527d630fb78268ae27b7b764c9e96565f3,common_voice_ca_30766848.mp3,7abd19631b831fe609605f1363bc072045a128031cf5f5b8a9a107ce44aa6188,Els fèrtils sòls de Breinton han estat importants per a l'agricultura i també l'horticultura.,,4,0,,,"septentrional, Gironí, 10 anys vivint a Barcelona l'han fet menys fort",Septentrional,ca,,northern,common_voice_26_ca,train.tsv,cv-corpus-26.0-2026-06-12/ca/clips/common_voice_ca_30766848.mp3
8deda324331a97a1a017d13c656fae90c51c5e6fa5ad2e6bdd68780870b9fe14e12de6721095d76df50c9718aed8de53969319c9b54047016e50cc63279f3b4a,common_voice_ca_30826449.mp3,902d1977651cdf791f313661b3947cbe4676cf6f5ae5d124e80c35c20b7b4162,A quina hora passa el primer autobús per Espinelves el disset d'octubre?,,2,0,twenties,male_masculine,,Nord-Occidental,ca,,northwestern,common_voice_26_ca,train.tsv,cv-corpus-26.0-2026-06-12/ca/clips/common_voice_ca_30826449.mp3
34e14c1e6f0b370854700b00ece3bf204c21e125ecff8aa555683a01c67b064657aee2187f2950943725d1eecb069a3a1ba1c77b3069e60df685f63c32444a02,common_voice_ca_21459961.mp3,55e62d2f1ea1e99e1b48ccedcc183438fb78f0a7d2ededc029f480799c13f9f9,Els seus animals preferits són els rinoceronts i els micos.,,2,0,fourties,male_masculine,,Septentrional,ca,,northern,common_voice_26_ca,train.tsv,cv-corpus-26.0-2026-06-12/ca/clips/common_voice_ca_21459961.mp3
79dab57f773e28ed929f09aa000de735875cf37cdd8809dbd9e4cdb4474d03c81bc625a7d33d6b5f38f787fd077f0faac4b9c1cedb4541a7f3bc3de86ec99d48,common_voice_ca_31316058.mp3,06a6ea932b3de6b4c1a5cfe441f85fa1332bfc0b62417e284212832a962e51af,"S'hi produïa blat, ordi, patates, llegums, fruites, panses i cànem.",,2,0,,,,Central,ca,,central,common_voice_26_ca,train.tsv,cv-corpus-26.0-2026-06-12/ca/clips/common_voice_ca_31316058.mp3
76ad602456b3356c306e98c6ed857d06291bb0f4f62c7655833bbe3896d13a52f69df220d2d5d7ccaaaa25112ba3f8ac9a82bc0f2cfdbef99861ab54228a61c3,common_voice_ca_37633714.mp3,78ab21a7e2084e5dfafd877de8db9580f001a40945ba3c3fbcf9d6022609d4f2,També es recapten fons que són dedicats a la recerca d'aquestes malalties.,,2,0,,,,Nord-Occidental,ca,,northwestern,common_voice_26_ca,train.tsv,cv-corpus-26.0-2026-06-12/ca/clips/common_voice_ca_37633714.mp3
afc88395b31b54a9b7cf764a503de6760232172ddbd6cac3d207a3556396cc30b611f60fc7aeee1d119029e73621133868c83d5ba74a24af2757d8ea382769dd,common_voice_ca_20170251.mp3,20a924e1da55ec08d574311c2e1925874936c46d3f51e74393bd74b944511742,El Magistrat President serà qui presidirà el Tribunal del Jurat.,,3,0,twenties,male_masculine,,Central,ca,,central,common_voice_26_ca,train.tsv,cv-corpus-26.0-2026-06-12/ca/clips/common_voice_ca_20170251.mp3
f61662279e4cf91f2f4df22de9a3e6ec3f732a1341e584651fa5c5a344198df12bf4ed5573667edeaf1c6c7eb6570ccfe476482fe28005b1648196fe1a4c63d1,common_voice_ca_37589450.mp3,2e61e28791edf7d6fbe80dee4dc6b3f33ae01a393f62a4ad16f394cdb63c5637,Anar al baix.,,3,0,,,valencià,,ca,,valencian,common_voice_26_ca,train.tsv,cv-corpus-26.0-2026-06-12/ca/clips/common_voice_ca_37589450.mp3
82b26d04e992a57a46106914cdaf5ab56a5756b38e58ebbb9d35df4c678f0dcb9cd6452fadcfb23dc5972b22037037bd08e3691bc6e554f679b92df03034eb24,common_voice_ca_38058900.mp3,9640ac37ac4c97e4137912a9603af7c31b0e6276c6197a411e6e4defcdb2d893,El bosc està sotmès a una explotació gestionada per la comuna de Cases de Pena.,,3,0,,,,Balear,ca,,balearic,common_voice_26_ca,train.tsv,cv-corpus-26.0-2026-06-12/ca/clips/common_voice_ca_38058900.mp3
a9c1eafc1e617b5bce1024e114d1aae1123490047c38da3e524e6f54f821b66d2dcd62bfc953ab4d8f2e42ff3422c49de4d7a56d881beb6ea5c0be219110434b,common_voice_ca_31329841.mp3,08d717c62a0fe023d0c99d37379b4d009b39aecf48fe201df0feef6d30121490,Al terra del vehicle van trobar una pistola i una ampolla de ginebra.,,4,0,,,valencià,,ca,,valencian,common_voice_26_ca,train.tsv,cv-corpus-26.0-2026-06-12/ca/clips/common_voice_ca_31329841.mp3
265307c336a7589391ded724eeb61b46ddccec87226efeca7b0cd10c0659ab21eb3bbe434831ad4078733a4c780d2ac6a109db42da6858e54ca9ec1e4f2925b9,common_voice_ca_18867645.mp3,d4be72baa9469916bbe18501dd50725d2997b2ce1e6d17f0be77140c5c7a9c0b,"La costurera reflexionava, i a la fi va parlar.",,3,0,fourties,male_masculine,,Central,ca,,central,common_voice_26_ca,train.tsv,cv-corpus-26.0-2026-06-12/ca/clips/common_voice_ca_18867645.mp3
1e272b6983c53e36f1dc82fc576631162d08662cbbe2a74238b7a30b342bd44fa2e769bb0d0398afb0cb1a6e228697b2eda803f5cb53bf28cc3f5e9006a8ce34,common_voice_ca_17523828.mp3,f1e58eedc7d76503f618115eb4245bfc2886dc40a6ef131ef1af57fc6aada42d,L'organisme de conca pot revisar aquest condicionat en l'esmentat termini.,,3,0,sixties,female_feminine,,Central,ca,,central,common_voice_26_ca,train.tsv,cv-corpus-26.0-2026-06-12/ca/clips/common_voice_ca_17523828.mp3
a188ea5b8a95372b0772437f22e6edab88fb922355d304d261cf3f042af09b1bfca39e4665f436877654f6bbfdf71f445e1c079d2908c3ddc69eb7e1655da1bb,common_voice_ca_40276593.mp3,e1f6ecd73cf951c6bb0b095e124e98565cd13ad1fb15f86eece078bcc1123756,Ama Déu com es mereix i a tots com a tu mateix.,,4,0,fifties,male_masculine,valencià,Valencià meridional,ca,,valencian,common_voice_26_ca,train.tsv,cv-corpus-26.0-2026-06-12/ca/clips/common_voice_ca_40276593.mp3
cc97b8b421c6c7d658ad352bc6c268206077f77aae7f626582c236e014698664ae5dd461c28ca0a6dd86526321b3584abae888294e3d87ef838009907ca8cf8b,common_voice_ca_39808379.mp3,d2819ef157af824f22eaf37f03dc3fb7a0d31e5521e304bd7edb874041be7fd4,"Els sucs acabats d'esprémer són un refresc molt nutritiu, principalment per les vitamines que contenen.",,2,0,,,,Central,ca,,central,common_voice_26_ca,train.tsv,cv-corpus-26.0-2026-06-12/ca/clips/common_voice_ca_39808379.mp3
05defde387b21105cd91803c9ef30f882788aad00e9ebdbe3718247bc1bce53259bdbf99873b104f56d7e3660d74982fd75dc06002d5e83c1ca901a548a5d033,common_voice_ca_19050997.mp3,779656336f1af9fe3b288040186f770c602463f58778157c4ccaa36cd93e34fe,"A mi particularment la carn tallada prima m'agrada menjar-la així, més que a la planxa.",,2,0,thirties,male_masculine,valencià,,ca,,valencian,common_voice_26_ca,train.tsv,cv-corpus-26.0-2026-06-12/ca/clips/common_voice_ca_19050997.mp3
897c3401b4a35d8fad5966bf8c4dce6d94837c76e46e8131a8bd70527f6e1d8c9f59053d0a56425d7dee71939280ac3c38df14e976f613cb906d7187d6141297,common_voice_ca_23664013.mp3,a749be6831d758c167bf198788571c90b60ccfa9b0973e545e8a60a72ce318a8,"L'alliberaren immediatament i s'exilià a Portugal, on morí.",,2,0,seventies,male_masculine,,Central,ca,,central,common_voice_26_ca,train.tsv,cv-corpus-26.0-2026-06-12/ca/clips/common_voice_ca_23664013.mp3
d223b32244777351fe72f9f7b4fd7e65ae96279ce4b0561466c6edef61e9b927ebc40f77a945027ca8917609fb557b435bb676ffdba9f52415ac01d39aa97dda,common_voice_ca_36957097.mp3,63d47f5fc2bd038d50a4ebfc5dc9d9e8a79fb290afb8333f93dd144137c18cb7,El nou d'octubre na Ramona va a Malla.,,2,0,,,,Nord-Occidental,ca,,northwestern,common_voice_26_ca,train.tsv,cv-corpus-26.0-2026-06-12/ca/clips/common_voice_ca_36957097.mp3
b8bde2b8fa282ab90b5f6c7a8af3c36b82d29e71713e454d174c1e9c1eef0873f75a45eda3ed09b0b130d8c1d554b791bdf9f78152f0d906dd7f181f6a5c70a8,common_voice_ca_31247616.mp3,fd4e2b901b9c724f81d02ad47e956fbddeee5a85f28792f9808081a64e08c91e,"Matthew Stoner, ex-marit de Talia, arriba a l'estació.",,2,0,fourties,female_feminine,,Central,ca,,central,common_voice_26_ca,train.tsv,cv-corpus-26.0-2026-06-12/ca/clips/common_voice_ca_31247616.mp3
8d51028ac1e2f3eb980daec5cda1dec591001831416afa7ffc0d8c6b6f9e7a18d15f5f8fd47b84de71e6606bffd89f5847d7b20098a5fb8ef526bee9a3127ac5,common_voice_ca_30496177.mp3,5680763bd87e1d234abc1ec85a46a9d61060cb5b0110c60cb7306592188079b6,El bosc apaga focs.,,6,0,fifties,male_masculine,valencià,,ca,,valencian,common_voice_26_ca,train.tsv,cv-corpus-26.0-2026-06-12/ca/clips/common_voice_ca_30496177.mp3
36221a9e7fec2de626bfd23c9ad1c7ba2b50d0ad5dceccce914d1d02903f9c097b6a6a870bfcbf4b5b9b2519209cc1954d9c66b8b9c50ea365873879dd9e1624,common_voice_ca_17378019.mp3,0acd263b8aa96d84dce82d50d89d7b386c20e341c957fe8bb8ddbd6cb8b4c837,"Ara bé, la inspiració visual inicial dóna lloc aquí també a una traducció bigarrada mitjançant la música.",,6,0,twenties,female_feminine,,Nord-Occidental,ca,,northwestern,common_voice_26_ca,train.tsv,cv-corpus-26.0-2026-06-12/ca/clips/common_voice_ca_17378019.mp3
729ac774d26f520f8c985eaa2f4a4d610e7064dbbb4b6504c5304b1f1f6b94b21b19a0302e12f7a9bddc32765b82787bfab279fc90772394441780b6f689e2b9,common_voice_ca_31959752.mp3,550211747c5cc7073f836029c1769f55d14d4dc18b3892474bc574a6c5c9086f,El nou d'octubre na Noa i na Nina aniran a Castellar de n'Hug.,,4,0,,,,Central,ca,,central,common_voice_26_ca,train.tsv,cv-corpus-26.0-2026-06-12/ca/clips/common_voice_ca_31959752.mp3
8e8f74c8c28909256f92e896a1777630f0338f3e1c1887d07e6e4d7393c6b32515193494d2e5e36a8b2610145ac7695369bcb405f1dca71edc2b5f99699a73f7,common_voice_ca_30903455.mp3,ab534c5907ee402fd5d28c292cda3153ec998a130f420170f3bd7f5ae7fee40e,Els diputats reiteren la seva confiança en Trump,,3,0,,,,Central,ca,,central,common_voice_26_ca,train.tsv,cv-corpus-26.0-2026-06-12/ca/clips/common_voice_ca_30903455.mp3
35d47ae14ea5478f3fb4daec30f1b785f0e8dcc117d1a8fae17ac41c1f1da58040c2f0e568d678bead1c1005fd9d0ecd86f5f308f58e18870334ef2d87399dd2,common_voice_ca_37848657.mp3,85fcd2c0ae8dc5be5af4cbc2e519715c9631572619bc8aa28a718bd6c463c4eb,Demà en Biel i na Gina volen anar a visitar mon oncle.,,2,0,,,,Balear,ca,,balearic,common_voice_26_ca,train.tsv,cv-corpus-26.0-2026-06-12/ca/clips/common_voice_ca_37848657.mp3
c83c8049406a3335a866b63ba70f92b68e450aacb92f64445c657bb34ddb99907cd2cb73d0279e768f77e6c1b11249dfab5dc3856b5e8fab984fd91d92ea98bc,common_voice_ca_37641859.mp3,79674d26d040ef25540feeeef904a7ca5497f6152e8d27bc4f1fb5f13e24b7cf,De pedra davant d'un personatge mític de la televisió infantil catalana.,,3,0,,,,Nord-Occidental,ca,,northwestern,common_voice_26_ca,train.tsv,cv-corpus-26.0-2026-06-12/ca/clips/common_voice_ca_37641859.mp3
98ea0f2756db65292f2e21b88a18a0ddb28febe3979509a4be61bbc9a2be55054c73090ec67c081e1f54a5d188d4b5e4f102f607af7238a17d501cc6d2c28024,common_voice_ca_32117648.mp3,778bfccbd97bd00dc5cc3820c8b2fe559629bc8285a5222624343d3317cae46d,Dijous en Biel i en Nico iran a Carrícola.,,3,0,fifties,male_masculine,,Balear,ca,,balearic,common_voice_26_ca,train.tsv,cv-corpus-26.0-2026-06-12/ca/clips/common_voice_ca_32117648.mp3
50e850ad8519302c75231e9efbe794de08ccc5130483f94a3470ce361b68d63605f81edd95ce67ae1c92dc95d75d2b5cf5c55434e6b5daa2d921a915c7865cc2,common_voice_ca_24685832.mp3,dd2e9ade29ba14aaf589cea90969585f22dc0a264b1485db368d1f9b88fca925,"Posteriorment, va treballar a escoles secundàries de Viena, Klagenfurt, Pilsen i Praga.",,2,0,fourties,male_masculine,,Nord-Occidental,ca,,northwestern,common_voice_26_ca,train.tsv,cv-corpus-26.0-2026-06-12/ca/clips/common_voice_ca_24685832.mp3
ab859fda475c2371f87fb5b38aea7f10f40c55c0f878fc7b03f1ecadd62f780df1d28b803d464ba449b990a362b59824e7fe4b0190be874fe60b12fa785f5643,common_voice_ca_32088432.mp3,66b71e12446d0f7a16e82e66946ad6f030572cf341d477e9b036d75199d10428,El vint-i-nou de febrer en Quixot vol anar a la biblioteca.,,3,0,fifties,male_masculine,,Septentrional,ca,,northern,common_voice_26_ca,train.tsv,cv-corpus-26.0-2026-06-12/ca/clips/common_voice_ca_32088432.mp3
f8afdbedf7b4cf7c53322433ffb479349dfce968a871a5e865cf632d01a0a9c32dad8f25be62ff83050c9836f04f8b07fa157c669c26f5bb4d639ac997927916,common_voice_ca_36823646.mp3,5c450ed68eb1ecaf1d293cf002f8d4c3cede5b040066abf6d3f42e8eed01eb51,Barris que circumden el centre.,,2,0,,,,Central,ca,,central,common_voice_26_ca,train.tsv,cv-corpus-26.0-2026-06-12/ca/clips/common_voice_ca_36823646.mp3
0e89a7427c27c12d7abe86db0244b563a1948eff79b27b52642e34194b281bc734e3034cde8a3d2f8563cf24fa5b4c8ff017c28ad86a3eede09360fcd4731a8c,common_voice_ca_18259042.mp3,95e85a073676040e0c5e0bab5910ea4b8e03804698f3193051b55ec966cd155c,"La qual cosa, en el fons, és un problema polític, i aquí també entra en joc la tecnologia.",,4,0,fourties,male_masculine,,Nord-Occidental,ca,,northwestern,common_voice_26_ca,train.tsv,cv-corpus-26.0-2026-06-12/ca/clips/common_voice_ca_18259042.mp3
110ca2a81f7cd0de47f6abe2307c142e480b4dfa03aa00f08471ffbb181d416d1ee8b0703af74e45c67ea544c431dca69035d8e8e25aa288b84f41f48dadca3d,common_voice_ca_21333397.mp3,4c52f6dcab77c383348c9b0f168276bf20736bf7bd788ae56e06b4bc2fe272ae,Aquest sistema és molt utilitzat per al tractament d'aigües residuals.,,3,0,twenties,female_feminine,valencià,,ca,,valencian,common_voice_26_ca,train.tsv,cv-corpus-26.0-2026-06-12/ca/clips/common_voice_ca_21333397.mp3
4706ba1de4d328dfef254587d0bcef7f0449a4ef927d38f1fce2259319eb9e2bf4a902631b784e04d3f95762e474ff12bcf3473aeccf478314932de33d0b2d1e,common_voice_ca_30842012.mp3,950bbdb6ffb915d375968aea28b398e0daec99f763c436daaf24a7416599fe90,"Em dic Badr Constantin: ce, o, ena, essa, te, a, ena, te, i, ena.",,2,0,,,,Septentrional,ca,,northern,common_voice_26_ca,train.tsv,cv-corpus-26.0-2026-06-12/ca/clips/common_voice_ca_30842012.mp3
b8e36549b339f8d7a0beb29824976c3c1bcc764bd0e8155ebe1e0ea0fa17f2137cf0c3e6d3de47a4ef9b62c34ceaee3660cab406eebfa8b910cde4e73c44e687,common_voice_ca_27554016.mp3,42ba00135c97c5dfddf95d0491ae9e8c805a9dc55ad8cb72f7951e03f8e40397,Rajkumari es va casar molt tard a la vida.,,2,0,twenties,male_masculine,,Septentrional,ca,,northern,common_voice_26_ca,train.tsv,cv-corpus-26.0-2026-06-12/ca/clips/common_voice_ca_27554016.mp3
a8be29239309ec46a2d45aeae724bc7e86552a95837aa5364266a0b99a1413174b0b5fb4882078df8986562307e2451d3b150d49260fbf1b1d14f994a95ddb82,common_voice_ca_34987737.mp3,3e6fe9127a5eb7b8a4b543e207acda7721502be95956da87b920d247eb6d4185,"Hi ha també una referència a l'obra a la novel·la ""Submon"" de Don DeLillo.",,2,0,,,,Central,ca,,central,common_voice_26_ca,train.tsv,cv-corpus-26.0-2026-06-12/ca/clips/common_voice_ca_34987737.mp3
6e0bde610f238b674017fa7320fa8095a2323a8b0e11bf837c522e9a8c1d0563570a181bcc17c1cdc5d0f6ffdc15d2487f927cec71116aec5ebca5cc8b87929a,common_voice_ca_37564289.mp3,e60ceaee6c3f1e2b6f21f4fa3502178e02b7b94172bf0bcaadcc3b284bb3fedc,Ja hi firmaria!,,2,0,,,"Mallorquí, Son Servera",Balear,ca,,balearic,common_voice_26_ca,train.tsv,cv-corpus-26.0-2026-06-12/ca/clips/common_voice_ca_37564289.mp3
c27ba1da6c1b3fde13c18a77cf0854549633fe18cfeb15ca2ea0d084c57eddfbb941e0b449e04a88a66dc51f5651c43268382498492bc130aeb36f7754bfb323,common_voice_ca_35234558.mp3,46153ec63468a6dee8b73dd8414520c62e636f2c08efe4c13bcbf24544306232,"A l'hivern rares vegades es deixen veure, romanent en galeries excavades en els mesos freds.",,3,0,,,,Nord-Occidental,ca,,northwestern,common_voice_26_ca,train.tsv,cv-corpus-26.0-2026-06-12/ca/clips/common_voice_ca_35234558.mp3
c74df5b0c9d3aca9fe568886af71d181bacefb38885a0bd0c0211aeaad0bf4db5b6ec0968896578ed6b79fc445cc7a625932885dc20945416ee53dfb72f3e027,common_voice_ca_19031803.mp3,10526a73d8baefb465ec92ac5d0fddb50212e02311da94cafcf375ee0fc6c1cd,L'ús del mot valencianisme és un gran pas en aquesta direcció.,,3,0,thirties,male_masculine,valencià,,ca,,valencian,common_voice_26_ca,train.tsv,cv-corpus-26.0-2026-06-12/ca/clips/common_voice_ca_19031803.mp3
e626544d7c439d3223003a808432b1ad599f0d4aca5ced0697f8898c654d149353722c18f336d0a7c94132cccb626f9d609b28a056bfab95fc23c3d15d37fe0f,common_voice_ca_32339367.mp3,ced16405287753a33c027e5532f9ab59c10a0fc66c34d3659b39d56963a30385,El vint-i-tres de maig na Mireia i na Bruna aniran a Sagunt.,,4,0,fifties,female_feminine,nord-oriental,,ca,,northern,common_voice_26_ca,train.tsv,cv-corpus-26.0-2026-06-12/ca/clips/common_voice_ca_32339367.mp3
2f55a7c95d32f67466d47753c4c565c390df971606ab50b9d90a997bcaba14e94bee8857c7db84f731956c77d7c6fe788925ba3b04457ef94f4b8eae25303dfe,common_voice_ca_36828382.mp3,5ccb388609b8644cd1eaecbe291744eba9eefb744a3059829d395c65ce0ddcb4,"Relacionat amb la Universitat de Coïmbra, hi compartia professors.",,2,0,sixties,male_masculine,,Nord-Occidental,ca,,northwestern,common_voice_26_ca,train.tsv,cv-corpus-26.0-2026-06-12/ca/clips/common_voice_ca_36828382.mp3
1610e29603954ee12f408eaeb83a5c99781b5efe5f64fdf2e3c5e0ba9756b5b11bfeefda40a787842f7d5da653135043e3f43e7f786499cb51ad6181ef8acc9d,common_voice_ca_21290286.mp3,482213a2020711f828cc610a5b75d7c21828f05900b9ca390d657e3e91763113,La planta és de nau única amb capelles laterals.,,2,0,thirties,male_masculine,,Balear,ca,,balearic,common_voice_26_ca,train.tsv,cv-corpus-26.0-2026-06-12/ca/clips/common_voice_ca_21290286.mp3
a6051fd230a2e09f163c8c3a57967e239caaadfb88ba63ea5b74639db75f398553e2f81a1d9fa2a1aea1157bc435c1d81cb1a9343e711e6fcce668d5f89954e3,common_voice_ca_38040182.mp3,94fae3fcd43cb5f68e3995c610fb1682237294209eea878dadeaa6ad67ffa596,Aquests són els meus orígens.,,2,0,,,,Balear,ca,,balearic,common_voice_26_ca,train.tsv,cv-corpus-26.0-2026-06-12/ca/clips/common_voice_ca_38040182.mp3
59c83aa5b91477ee56ee8ceb9217341a22d77d24b58c33923138e94db46122e0f90624d63a4bbba4cd9b9c92e99673ab7aee5b752e96c354ec0138be5c14c856,common_voice_ca_36984203.mp3,6532b835942e226c97454b1bbdf15e62e18fe3e645142b0c0a497176ae7e7b53,Quines botigues hi ha al carrer de la Vall d'Aran?,,3,0,,,,Balear,ca,,balearic,common_voice_26_ca,train.tsv,cv-corpus-26.0-2026-06-12/ca/clips/common_voice_ca_36984203.mp3
dcd77ac177a78865444707460b317b31b0559fdcccd3243ee68d049c34da17836a4e4f875675274bc6562e33b7de2e05a606b38e2b593a11ff7ed5e8ccc11910,common_voice_ca_30864774.mp3,9d45fc824b494f0c78334e6afd910fbae832ab615280abe2ffee27fe6d8bfe9f,"Visqué molts anys a Sant Hilari Sacalm, el seu poble natal.",,3,0,fourties,male_masculine,,Nord-Occidental,ca,,northwestern,common_voice_26_ca,train.tsv,cv-corpus-26.0-2026-06-12/ca/clips/common_voice_ca_30864774.mp3
360035274e162bced4d642301046971a53f1ffd2c85fa1e2cfdbc381d6c090d5a0cb251a84e65e15ae25c29b01bb35825825dbc95ad147749e01c92506b89ae0,common_voice_ca_31439459.mp3,1b177abfe3a05b542ce4848e7620a018b3d97cab801b1355281278d425fa9f97,La majoria dels membres d'aquesta família són insectívors.,,2,0,fourties,female_feminine,,Nord-Occidental,ca,,northwestern,common_voice_26_ca,train.tsv,cv-corpus-26.0-2026-06-12/ca/clips/common_voice_ca_31439459.mp3
7b3f396ce45f636911e5773ca93561a308ac52527bb13478476d1827a0579395e13659fb138e067c77f3e6e1631b5a4069e54c449e75d79e90dddc8e6e3c7b0a,common_voice_ca_31154729.mp3,30cdc77e9522ec8e16efdd43d0a5714ee8799d2e677dee692f6f42d4d085d919,Josep Sardà i Gavaldà va ser un advocat i historiador nascut a Sabadell.,,2,0,fourties,male_masculine,,Septentrional,ca,,northern,common_voice_26_ca,train.tsv,cv-corpus-26.0-2026-06-12/ca/clips/common_voice_ca_31154729.mp3
9066801d6ea9e4a7fb62b7b0a77e7d35a0c15420776e63356c290df33f1c5e005bd711a408a0443f0b5b08608488dd9934fbabe22b7d1948e3bdfc5f0e91e07c,common_voice_ca_31336801.mp3,09c43ec73a6e46a2bfc570354b7d4073f6b40a5ab3d9c96301af0fed768fe014,El turisme es va convertir en una font important d'ingressos des de mitjan anys noranta.,,4,0,,,Tarraconí,Septentrional,ca,,northern,common_voice_26_ca,train.tsv,cv-corpus-26.0-2026-06-12/ca/clips/common_voice_ca_31336801.mp3
b7cabeeebd327e20e86dc7f329044ef1e505a8b5b06ec8730b35ec796179398d343c4612c462987483a552461ceb8746d845b5304f90a1ef4bae8f961c061f22,common_voice_ca_30834108.mp3,92be0b8845ede841beb97e457c0de22980328ad30e2a447c38b9ac6c135706ce,Jo era el porter del Liverpool.,,3,0,,,,Central,ca,,central,common_voice_26_ca,train.tsv,cv-corpus-26.0-2026-06-12/ca/clips/common_voice_ca_30834108.mp3
35d47ae14ea5478f3fb4daec30f1b785f0e8dcc117d1a8fae17ac41c1f1da58040c2f0e568d678bead1c1005fd9d0ecd86f5f308f58e18870334ef2d87399dd2,common_voice_ca_37848653.mp3,85f2b3189c2335a19a6f36c93029a9279f6394ad85ef4e3fb1f4ed3955ef0fe7,"Els atacants es retiraren, es reagruparen i llançaren diversos atacs més a peu.",,2,0,,,,Balear,ca,,balearic,common_voice_26_ca,train.tsv,cv-corpus-26.0-2026-06-12/ca/clips/common_voice_ca_37848653.mp3
fe753134f697e49b5a132123c0b6b4c5ff486e237638e2f2760abb3fb264daf1b413b984b2b78c7cab2a10677a6f8a6c8fdcc89a2b5c875b30c99a9f1347f0bc,common_voice_ca_30708318.mp3,362442583377adb97f43e5fd4a09645ba1ffacf84261d439cd9b17f8ce2ce706,Un poema de sabor clàssic.,,3,0,,,,Septentrional,ca,,northern,common_voice_26_ca,train.tsv,cv-corpus-26.0-2026-06-12/ca/clips/common_voice_ca_30708318.mp3
e37215bdb0c49eca39f2090f4195836247b2f48d02e68693956e9b34214682d5b6ee0d43b8213ad3f1b95df77e12fef2fd1743b84bb07d17e230e32e10993d04,common_voice_ca_37636925.mp3,78fd4e23957bfd3c254534495b9df4192fe2796f918f5db8c08259d8a4a8aa2c,"Tanmateix, l'entrada d'aigua marina havia alterat de forma notable les seves característiques ecològiques.",,2,0,,,,Septentrional,ca,,northern,common_voice_26_ca,train.tsv,cv-corpus-26.0-2026-06-12/ca/clips/common_voice_ca_37636925.mp3
66a76e532c9da5f6acb2f02c20d3a841bf0852b284c05080ba09624f445d917481aea23be1b9d3844ece7ec6c27e9c367a2ae9e2773b64aacaea9a2603402ae0,common_voice_ca_37576925.mp3,fe01faba830d0d7cdd4b194352ce58e88d9149612cccb7806567c463dfd43b52,"De Pasqua a Sant Pere Andreu, tres setmanes i tres dies.",,2,0,,,valencià,,ca,,valencian,common_voice_26_ca,train.tsv,cv-corpus-26.0-2026-06-12/ca/clips/common_voice_ca_37576925.mp3
e0ad16d352572720e8e414af07c5165f19b9a98996db14157a31544f4429da864ab334246f39ca470d72302bb92c98e02cef923d00d1e891d39c6d6cd39bfdb2,common_voice_ca_36453583.mp3,53636d00d9fe444981993f13e56776ac3059500b0c2f8afb40d7b37ad0620d36,Els autobusos acabarien sota la responsabilitat de la Corporació de Transport Públic.,,2,0,,,,Balear,ca,,balearic,common_voice_26_ca,train.tsv,cv-corpus-26.0-2026-06-12/ca/clips/common_voice_ca_36453583.mp3
4e9425dfeef8c0fc5fc72aaedd2cd68479ca2fbbd23d8a1860a9c080e4b84a18331e1d5f1ac77422b3770935ada5a75243fe3e8514ddfa50e6f33626b65da902,common_voice_ca_30884579.mp3,a3d3a740e2ff31a69cfbb834ca32888359ca21d33e98b1af1bc02d4f8f472b7a,El fet d'afegir un telèfon addicional sense els endolls nous va ser una feina pesada.,,6,0,fifties,male_masculine,De Reus,Central,ca,,central,common_voice_26_ca,train.tsv,cv-corpus-26.0-2026-06-12/ca/clips/common_voice_ca_30884579.mp3
e8ebb1a7077837d668a0d217ec51b26816a06d43b206b1fffa2150fa9a37365405a1532b7ef60fe14f656c3d6e1c56b739fd12b039bb37ac4830511907a000c6,common_voice_ca_37621224.mp3,77412596c8fb765d46184805af8f5ff8741750acb108013f94850af61a7b62ef,"Va tenir molta acceptació per la versatilitat, manejabilitat i facilitat de neteja.",,2,0,,,valencià,,ca,,valencian,common_voice_26_ca,train.tsv,cv-corpus-26.0-2026-06-12/ca/clips/common_voice_ca_37621224.mp3
26a17767655ca9374bf1dd1b7f2ea342670b428ade7cc351aad9e409fa3820ca742f5babeee28e49679961fe1031ca629c5edf1be266f862511c856086514c36,common_voice_ca_32176519.mp3,598446760b55258354f1e57088c2c9f53a008c7cc5608c8ee362488e677d4dc6,Posin dos papers l'un al costat de l'altre i els comparin.,,4,0,fourties,female_feminine,,Balear,ca,,balearic,common_voice_26_ca,train.tsv,cv-corpus-26.0-2026-06-12/ca/clips/common_voice_ca_32176519.mp3
de16763b08989247481ab95b1f9cc0271e5f1b346f96a2ddbb632774948f060329ed8b46b84a37e79fde815aedc66ef709a883809b5922a3c2d0951ff46785b8,common_voice_ca_17455586.mp3,616d41ca4e57f73dc697e0780318cd07e0960448602e41f8ba76cb996a3b2b92,La puntuació definitiva del concurs serà el resultat de sumar la puntuació de tots els mèrits.,,3,0,twenties,male_masculine,,Central,ca,,central,common_voice_26_ca,train.tsv,cv-corpus-26.0-2026-06-12/ca/clips/common_voice_ca_17455586.mp3
3e25c487e49b73048e3e0e2789fa48c40860bcc11806e742da5a49dcb2e3e6a9abd69604dc773a51a8156c00f5ca56563f1cbe0a0bad6f15fbcbdae7731df5e8,common_voice_ca_37758316.mp3,7ecdb935f325340769185cdc7d02f4f21ac99fdb227697e9fa1434e1374f589b,L'Església catòlica invoca a la Mare de Déu de Lorda com a patrona dels malalts.,,2,0,,,valencià,,ca,,valencian,common_voice_26_ca,train.tsv,cv-corpus-26.0-2026-06-12/ca/clips/common_voice_ca_37758316.mp3
70caf79a6b1b8ff3a11969638d9b352df26e20d5e5ce26e7d7fe0dc18e18fa99fa15b180d8b510e4d6ff869eb529226d58eec649467817723bcac344c8059ee4,common_voice_ca_30762869.mp3,7976dff017f10119477c85817e2aa86462933fc6c2061825b493bbbcbcc39fee,L'acció de clic per defecte queda cancel·lada en retornar fals al gestor d'esdeveniments.,,2,0,fifties,female_feminine,,Balear,ca,,balearic,common_voice_26_ca,train.tsv,cv-corpus-26.0-2026-06-12/ca/clips/common_voice_ca_30762869.mp3
f054e49b9ac18d489188d00c6af8301b0c11e12434699689ac389d07e124af149b6d015b6d131d30a5fbe57a2d90ad520435204b4f26bb59eaa322be5203e8b0,common_voice_ca_33504927.mp3,20304c353c5de078ff2dd67595424e27699755b97e2e5f3b5194edebfc4314b5,Aquestes xerrades tenen un contingut cultural molt potent.,,2,0,,,,Balear,ca,,balearic,common_voice_26_ca,train.tsv,cv-corpus-26.0-2026-06-12/ca/clips/common_voice_ca_33504927.mp3
98ea0f2756db65292f2e21b88a18a0ddb28febe3979509a4be61bbc9a2be55054c73090ec67c081e1f54a5d188d4b5e4f102f607af7238a17d501cc6d2c28024,common_voice_ca_32140352.mp3,837c6206fbf96840760e3effb352ef339d3a0c82f198952b7332f732f3035e61,Per Sant Jordi na Berta i na Frida volen anar a Monells i Sant Sadurní de l'Heura Cruïlles.,,2,0,fifties,male_masculine,,Balear,ca,,balearic,common_voice_26_ca,train.tsv,cv-corpus-26.0-2026-06-12/ca/clips/common_voice_ca_32140352.mp3
192605a422f9a6a7a7b42e427762c03269ed05251f0822cf81abd18291f6212098aabe6344a5003f2c9d413e717489fd6a47964060d6b9761839eff8c3dc4863,common_voice_ca_36453257.mp3,5369e749f2586dd3030ad88509ba452b298d7b12c8c8e8afd74eb51c67fa8625,Es llicencià en químiques aquell mateix any.,,2,0,sixties,male_masculine,,Nord-Occidental,ca,,northwestern,common_voice_26_ca,train.tsv,cv-corpus-26.0-2026-06-12/ca/clips/common_voice_ca_36453257.mp3
5ec60a4cfb19d7d4119f0efe0b1c13d2b8634e2e97ebf418b4fadf3159cf5c2e16f53bfa27cdca433dffe433714a82ee6f9bca8b5bcbdc1c8338da0268d1ffa0,common_voice_ca_37603900.mp3,5d2e2a14c5c5a32145e345ef869e7e5fec7c54811949a885b608bb61a469d417,Parlar de la mort d'en Prim.,,2,0,,,,Septentrional,ca,,northern,common_voice_26_ca,train.tsv,cv-corpus-26.0-2026-06-12/ca/clips/common_voice_ca_37603900.mp3
61a0bf7585ce2d4c54d249591406db9a5795ec46224f5eb4251646208534d964dea60a21276d150750fd0543217f5e6a77ccf38405c527da9b7481dd97f1ac24,common_voice_ca_31151312.mp3,0ed31c66576c05be61b74c2219ea33d1127d913341f0f4aa211f38d3d3263a70,Aureli Casabona i Bel és un empresari nascut a Barcelona.,,4,0,fifties,male_masculine,Lleidatà,,ca,,northwestern,common_voice_26_ca,train.tsv,cv-corpus-26.0-2026-06-12/ca/clips/common_voice_ca_31151312.mp3
d5cf4a445832eb02090db3814726cc4f75f3145a75d214725048f55c3c40414cd4d451f9a2a2831ca7253b688940fa5e976bb9893f6c58b1a5b79de54df022a9,common_voice_ca_32538715.mp3,10892d1ab095d3f376b05720e903a534812ecac6ba65d964f6bc896ae8010f4c,Ho expel·leixi del cos a través del tub digestiu.,,2,0,,,,Septentrional,ca,,northern,common_voice_26_ca,train.tsv,cv-corpus-26.0-2026-06-12/ca/clips/common_voice_ca_32538715.mp3
66a76e532c9da5f6acb2f02c20d3a841bf0852b284c05080ba09624f445d917481aea23be1b9d3844ece7ec6c27e9c367a2ae9e2773b64aacaea9a2603402ae0,common_voice_ca_37576926.mp3,027a410d45dc88e5bb7fec5f3e6456731b58bc7ffa0adacd1a4dcdfed27b4875,Quins són els criteris per concedir les subvencions?,,3,0,,,valencià,,ca,,valencian,common_voice_26_ca,train.tsv,cv-corpus-26.0-2026-06-12/ca/clips/common_voice_ca_37576926.mp3
2ffb1e454d4ef28bb1ae6afa6773fa3491612418c19c1666f5c5a2a728bcd95530f54148df529a5216433752552ba590eafdab96b74bb4e2ba907a791b6de220,common_voice_ca_31079233.mp3,e6ec6cec05b03b08120b99ffa15dae9cbc03e84ba30737f733af91ed7a80ba2e,Sant Quirze del Vallès es troba al Vallès Occidental,,3,0,,,,Central,ca,,central,common_voice_26_ca,train.tsv,cv-corpus-26.0-2026-06-12/ca/clips/common_voice_ca_31079233.mp3
499f45ab0b375c2a2b15dcb609719c4d8decb7b32115d8d5982e8aa3f8446f192c53e322e62361161d9726b390ff59e4800efbfdcaa82240602d703efbc0ce21,common_voice_ca_30846504.mp3,9699b160f4eb4edb8c438717d756c35bae0bda516099c28445a78bd2c95aea25,"Per tant, com es fa perquè tothom tingui la mateixa opinió?",,4,0,,,,Septentrional,ca,,northern,common_voice_26_ca,train.tsv,cv-corpus-26.0-2026-06-12/ca/clips/common_voice_ca_30846504.mp3
f8bda1ca0ffbe37d583c44149be5f817cb028044ce0dee4fc405cca46180da462c86cbfc654b7b2f5a35eec0ea4d1e527d630fb78268ae27b7b764c9e96565f3,common_voice_ca_30766842.mp3,7b598747ef4c69823ffebc608974aed54393da584a2275756aee1043dbea6a0f,L'Església Catòlica Romana i l'Església Filipina Independent són les dues religions principals de la província.,,6,0,,,"septentrional, Gironí, 10 anys vivint a Barcelona l'han fet menys fort",Septentrional,ca,,northern,common_voice_26_ca,train.tsv,cv-corpus-26.0-2026-06-12/ca/clips/common_voice_ca_30766842.mp3
8605a4de41c0ea53dcc412a06e2f9f8efdae397b555b30f59ccfdbeb168eff60119542c019930c4bbee3c0a4f503280823d93a812d91d7853093e8ad2973eb04,common_voice_ca_37633418.mp3,789073b0d007c92a8593b9629cc94f270c3769ea048454d7ad546d2cbab80d94,El teatre és una metàfora que s'usa sovint per descriure la teoria dels rols.,,2,0,,,,Septentrional,ca,,northern,common_voice_26_ca,train.tsv,cv-corpus-26.0-2026-06-12/ca/clips/common_voice_ca_37633418.mp3
3cab131f1ff7d75b971c677cb846b8d7e931343f418cfa222ef3b301581d2f90b778323dccc4dfd65b8b2d52ffa713e38a113d14201ffc58c660746131f0fef5,common_voice_ca_35736727.mp3,4d3fc156472ecd628b00960435e828c28232f329507a9f2139acc5cb3682c907,Molts treballs són arranjaments d'obres anteriors.,,2,0,,,,Balear,ca,,balearic,common_voice_26_ca,train.tsv,cv-corpus-26.0-2026-06-12/ca/clips/common_voice_ca_35736727.mp3
c8c124b53f85679a623f43977d1e02b0b627942c95f1a893c9cb164dbb28522c75c323809432e839804c78fbe258c618335eac5515d94754163d0c5bf90b50dd,common_voice_ca_34505523.mp3,38590881bc7e6c9aae1078a960ba2275904d1de272c8552d59ba77c08a998ed4,"Per aquest motiu, cal prendre mostres biològiques i sotmetre-les a anàlisis toxicològiques.",,2,0,fourties,female_feminine,,Balear,ca,,balearic,common_voice_26_ca,train.tsv,cv-corpus-26.0-2026-06-12/ca/clips/common_voice_ca_34505523.mp3
f78cb83ad461b064e866b1e86fee9c72b14abff6a54c5c30780271cd288bdc35238935dce1aa3c35b5ec09d885c842ca71ddbc2d49304eea9bdfc5bed03aad0c,common_voice_ca_37913287.mp3,8b48806b01b38ccf12e02b9d963eb4ecf6a7830c4b812d0ee1e764e43fbc7c7c,Una llista cosmològica tradicional i un fragment d'una visió apocalíptica.,,2,0,,,,Central,ca,,central,common_voice_26_ca,train.tsv,cv-corpus-26.0-2026-06-12/ca/clips/common_voice_ca_37913287.mp3
a04e4ab6908a4e63428a7eebb1c593d6e214e2a966ee6b2f4fb85bfc9a88d70093251b376aca694f9c557fbf695accd709a869439cf774389ea85e2ae0a35aee,common_voice_ca_32150434.mp3,896465a1fb1efe22c3766ec55c114d21f42f6a9af8f2cc296900691d3622fe75,El vint-i-tres de maig en Bernat irà a Portell de Morella.,,4,0,twenties,male_masculine,,Central,ca,,central,common_voice_26_ca,train.tsv,cv-corpus-26.0-2026-06-12/ca/clips/common_voice_ca_32150434.mp3
bc0b544f1c13cc1d0fe15b0eab96e89e6d4dfc8919de1fb757ef97a7d5de9efff5e520def5a8471b75480fd49d410d222ed9332089bd527946c74070e8ad1934,common_voice_ca_30361948.mp3,3ea62c5233ab13267ad1d4906144744fa4962034e75bac6cd0a6341b5f039ac7,"I la feina, la podeu fer?",,3,0,twenties,female_feminine,,Nord-Occidental,ca,,northwestern,common_voice_26_ca,train.tsv,cv-corpus-26.0-2026-06-12/ca/clips/common_voice_ca_30361948.mp3
61af903b928d0a482f4e5cf4c597aeb89a22da67efa4c2850b2f473517f789f2e0b6279af49a4f21560ffb7a32bd6495d47a6fcf4b73bf6d80d58b0b3e17b616,common_voice_ca_30789866.mp3,834a7d49432fb211d404adc948d4a1207420c89c5ac42ae5e9ed24a4fd664724,"Trevor puja al poder segrestant a Clavius, el president electe de Bregna.",,2,0,,,,Septentrional,ca,,northern,common_voice_26_ca,train.tsv,cv-corpus-26.0-2026-06-12/ca/clips/common_voice_ca_30789866.mp3
8457984189900b836c262a847910e410608f003d43d78b65b4e6c0ddec58fc63570d90b1ddd8be356855d3d5859194f2743516bcb3a16a842bb330084eaf4990,common_voice_ca_31220431.mp3,f89a11723a2c4e48194ba7718ff3c320ad06db17ceb769456e8adc6b8d06eb02,Finito de Córdoba és un torero nascut a Sabadell.,,4,0,seventies,male_masculine,Lleidatà,Nord-Occidental,ca,,northwestern,common_voice_26_ca,train.tsv,cv-corpus-26.0-2026-06-12/ca/clips/common_voice_ca_31220431.mp3
44c3d306c2a4113da6c7efe9dcfb76d1c2bfd8cbf5d54d7d83df4f4dc803e67c9704f7d54a570a57c79b07b75ba276dfa3d8480544e70fb683d61a9591fe1e15,common_voice_ca_37561651.mp3,e493943060ed595b8a1e05b3ca551aa8a6ca0befc4c05fdfbd11a49a4c95c585,La llibertat val més que tot l'or del món.,,4,0,,,balear|mallorquí,Balear,ca,,balearic,common_voice_26_ca,train.tsv,cv-corpus-26.0-2026-06-12/ca/clips/common_voice_ca_37561651.mp3
4937e01c9b227da583aa9d4e298b546ef6ace362fff73544364721c76bd9f986d2fc1cde88ed142be30cb4e4f5dd6f5c9809e8f6ef7a42eba678d0648d34c271,common_voice_ca_37910572.mp3,8b689379b693c769c93c47138d80c5acac346b0aaf6374258413f9ec5d255095,Va ser trobat culpable i condemnat a mort.,,2,0,,,valencià,,ca,,valencian,common_voice_26_ca,train.tsv,cv-corpus-26.0-2026-06-12/ca/clips/common_voice_ca_37910572.mp3
399bd6b2bb47fe6dbf290ff7fb85ab566cd9d508a45e7a44aec10fe1f96bff46b2285335b00b16fc3a1c35c75202a5a592037097593814d5df65d550c009bfd2,common_voice_ca_30970148.mp3,c5f99856cf77f1a3fe64cc4617b47f609b938493ae9812170a88d14317646609,"Em dic Nassim Filgueira: efa, i, ela, ge, u, e, i, erra, a.",,4,0,fourties,female_feminine,,Central,ca,,central,common_voice_26_ca,train.tsv,cv-corpus-26.0-2026-06-12/ca/clips/common_voice_ca_30970148.mp3
bf61741297653053896c7246004dfd49ed380ec0f1e2294d4c8c607faeb805dbd016793013ed9142ff24938a2a540f56c1086f826fb4b5c1eece2e7640326d08,common_voice_ca_38060259.mp3,966f1a822be4ac32f71d7f1b5666a21c846f5aea37f3d78157dc149cfc3242e9,Es tracta d'un edifici de tres plantes.,,2,0,twenties,female_feminine,central,Nord-Occidental,ca,,northwestern,common_voice_26_ca,train.tsv,cv-corpus-26.0-2026-06-12/ca/clips/common_voice_ca_38060259.mp3
b4897fbb47c0ff0027b395498cff80235b5ff3936e43a009c63ca3ac0c224c867cad8497378b5f0cd896ce1dc97fe3b118227b1085c02f8793980acc2251e564,common_voice_ca_37766166.mp3,7f69e54c92b44bf86e8660f47a0c13612cfa4d29582ba1302586cf500cf7e5ec,No té potestat legislativa.,,2,0,,,,Septentrional,ca,,northern,common_voice_26_ca,train.tsv,cv-corpus-26.0-2026-06-12/ca/clips/common_voice_ca_37766166.mp3
d6e066325d407aef9743f94335a75f6b2efd577791082b52b5df5033c543b84774a0204eae3762dd3e2536307a26a49ab4bcebdb7154f504e369fe6a41f88118,common_voice_ca_40670527.mp3,0dd3aa5ac8bacc996ab3d4af427aaab9cdcd7d023559d506d60412cc718d0373,Quan està previst que ho facin?,,2,0,twenties,female_feminine,valencià,Valencià meridional,ca,,valencian,common_voice_26_ca,train.tsv,cv-corpus-26.0-2026-06-12/ca/clips/common_voice_ca_40670527.mp3
d8909a5b81ba411556609403dc71c366dfae376f6e002c5e43dcaafd6ef53381091afbda6a56f5f9ed536573c6d62258f1339b01a31749253d92a918cb9cfca7,common_voice_ca_30834609.mp3,92f3dda2a8695954f2f3d73ba87657b227b8730aa9ffdf22998699cb4fcca4b6,Com puc anar a Perafita dijous a les nou?,,8,0,,,valencià,,ca,,valencian,common_voice_26_ca,train.tsv,cv-corpus-26.0-2026-06-12/ca/clips/common_voice_ca_30834609.mp3
13d56c39e733c6e0565d12da0bcc8fc4051c044c96614bfd9640d13c0b48c457ff57615c211c1e65abc6ec548cd423a91fdaa47829636263ad1ef9c07a086d2f,common_voice_ca_32250753.mp3,aaf47884ee8795655e4973c4ae179a1ab3c29ce7add694a552e8b668488c71cc,El nou d'octubre na Txell irà al cinema.,,6,0,sixties,male_masculine,valencià,,ca,,valencian,common_voice_26_ca,train.tsv,cv-corpus-26.0-2026-06-12/ca/clips/common_voice_ca_32250753.mp3
69c2af9c5c4e925b32506edc6b7a9e1369ffa57c18169120ecb67c6a832d0f3562aa26e322a3333c5210006768051688a47f27e78986c32cd6d5104bee2ca6a8,common_voice_ca_20822930.mp3,38b583901a5e9f0bd382afb5942daa3f6c2bcff0eb81a2df4033ade433d80f4a,Posteriorment va tenir una etapa brillant de retratista de prestigi.,,3,0,thirties,female_feminine,,Central,ca,,central,common_voice_26_ca,train.tsv,cv-corpus-26.0-2026-06-12/ca/clips/common_voice_ca_20822930.mp3
8b9cea1a985f62e985f28a0af9cbe8dbc4a1629fba038a4e0e4257151537b42825ea8be440fbab03e9eeb30fe86378ea15c26d93326f9b13abb74cef3dcde4aa,common_voice_ca_37568605.mp3,eff04bcbac2d0f2f803fda061d8d60aa714dd81ae8a4694e28acc2a586364cfd,De peu dret.,,4,0,twenties,female_feminine,menorquí|mahones,Balear,ca,,balearic,common_voice_26_ca,train.tsv,cv-corpus-26.0-2026-06-12/ca/clips/common_voice_ca_37568605.mp3
44c7b3c188d5e8f191c3bb7d51b9302a5ade5a56a1fcf60e92b2fa6c90b046ce674066efe10d3e97a6211b9785d8d5e83e0de5a48336ad6d33a03dc9b64ac2b2,common_voice_ca_38059007.mp3,96884cdae654d25ae3e9d1cd17e9e38e4dce2f897db0da78af0bb74f8f342aeb,En tinc molts i en llegeixo molts.,,3,0,,,nord-occidental,Nord-Occidental,ca,,northwestern,common_voice_26_ca,train.tsv,cv-corpus-26.0-2026-06-12/ca/clips/common_voice_ca_38059007.mp3
75984669814d11e13887ddb078a055464dce5b188b311b290d153f30ef7c7208175f2d07ef7e9f63ac800803a60c2a10fc24ccf495af3c908f9af239515d0fb4,common_voice_ca_37737333.mp3,7e081be35739bbff4f141751324b2fe029c2da18975de43f423cef8ff220bfad,Divendres na Clàudia i en Telm iran a la platja.,,3,0,,,,Nord-Occidental,ca,,northwestern,common_voice_26_ca,train.tsv,cv-corpus-26.0-2026-06-12/ca/clips/common_voice_ca_37737333.mp3
b3f29c709dffc40ad1bb2bc100e0358eaab5a36387427cff9d58aa4af1d5f4e58d409bb31e79fb22d4e9b876e34c4426abb3ec2e2b393253e3f1beede50c6684,common_voice_ca_31196021.mp3,f56a9a40494669ceb81dce3de70872462023a16d1e20aed1c50b7782f288aa4c,"Poden transposar l'un en l'altre, i ambdós són rars.",,2,0,,,,Septentrional,ca,,northern,common_voice_26_ca,train.tsv,cv-corpus-26.0-2026-06-12/ca/clips/common_voice_ca_31196021.mp3
669ec5130c9716a15e967d6c1484e03fcc764cbd57f90cc6047edb8592e7358c510c1451c93c1c75d19f004ab313cbfff1c94e7967e7cacae2ca95536ae356fd,common_voice_ca_37807046.mp3,81c62b72937c881c887188292e7ccfdd64451cf115d3b9bea636f162b96508ee,Demà na Farners i en Pere aniran a la platja.,,4,0,fifties,male_masculine,valencià,,ca,,valencian,common_voice_26_ca,train.tsv,cv-corpus-26.0-2026-06-12/ca/clips/common_voice_ca_37807046.mp3
9d4d16e919ccfa214571ef6feb6bd5bb7b2ff05fb3b0d573f1510c2ac6b405fea44e9363ebf99ecff792a29d1d774da5bd27fb86153d7d41964013c52ee0f95b,common_voice_ca_36535881.mp3,564d1edec19e413578dc38bf65d70031710d2d62ad84a5f3e4872408bce22d0a,"El virus és a tot arreu de la regió, ha declarat.",,4,0,twenties,male_masculine,,Nord-Occidental,ca,,northwestern,common_voice_26_ca,train.tsv,cv-corpus-26.0-2026-06-12/ca/clips/common_voice_ca_36535881.mp3
0ea16212791c523060d5fb6576519e4eb78e7ddda4a27e48d90f976f57ea3d462b27abf10089704cf836649accab77d472b44f5ff96ef0c76877ffc15944f6c8,common_voice_ca_17931048.mp3,2366504def9931097b4618772d8f129358909201eba87bc49f25e9336f1da26d,Venim de Fontanars dels Alforins.,,2,0,fourties,male_masculine,,Central,ca,,central,common_voice_26_ca,train.tsv,cv-corpus-26.0-2026-06-12/ca/clips/common_voice_ca_17931048.mp3
c9c0becfeb78738ae86adfc5d59f3a3d877b6989e1d84562fe73fd55d64784bbc9b2afce3f543c30dac188bf93cc970bd1c779eceb058ece03284c941242fa84,common_voice_ca_29647082.mp3,221ff0421b04fcd7a9751fc69a4d7240bb618dc8023660a9a9dd73af9124a0a5,He d'anar a Sant Pere de Riudebitlles amb autobús el vint-i-tres de maig a tres quarts de dotze.,,3,0,thirties,female_feminine,,Nord-Occidental,ca,,northwestern,common_voice_26_ca,train.tsv,cv-corpus-26.0-2026-06-12/ca/clips/common_voice_ca_29647082.mp3
091c2bf8b5acbdea9e7719829a24ccbe15f756a3485cef6652c5814fcdad91078f6ef53c19048e5ff201c8331dc8bf9fa69a64dbaef160f3da2222c5be93d85b,common_voice_ca_31419451.mp3,184de2bdae5e1b2f1a4be327b942504942f0511d1fb9aa99c9af69cb0bb34385,Totes varen desfer-se de les mans,,2,0,sixties,,,Balear,ca,,balearic,common_voice_26_ca,train.tsv,cv-corpus-26.0-2026-06-12/ca/clips/common_voice_ca_31419451.mp3
d264909fe380da72d0b34cd257865cfbf6c189aa40f5f9db2d1778d0f84d7bbbf819866191885e9249f8130a348497c3120d982f2340d88a3dc7441f4ed9f8ea,common_voice_ca_37005611.mp3,664baf96fcc7a2a818573ece9a947a9bb6885b4fd6dad8adb368f80f96c31bf8,Reserva'm un bitllet de tren per anar a l'Arboç divendres a les set.,,2,0,,,,Septentrional,ca,,northern,common_voice_26_ca,train.tsv,cv-corpus-26.0-2026-06-12/ca/clips/common_voice_ca_37005611.mp3
669ec5130c9716a15e967d6c1484e03fcc764cbd57f90cc6047edb8592e7358c510c1451c93c1c75d19f004ab313cbfff1c94e7967e7cacae2ca95536ae356fd,common_voice_ca_30978209.mp3,c8df9f86850c30fd2e54fcf42e9515a39dbc340591f2caa4bcba4f5d6d30b48a,"El seu poder ""no"" era llei.",,6,0,,,valencià,,ca,,valencian,common_voice_26_ca,train.tsv,cv-corpus-26.0-2026-06-12/ca/clips/common_voice_ca_30978209.mp3
8e5c6f3cc3342a01a9f0ff06a621ebd39a04b92fe240a1b83d41f3fd9cd2fa6e6f40fa1b2bd31e5d8e7b33442e2be4d4823c4595187c36f02e148ef7169e7de4,common_voice_ca_37593629.mp3,3d6c2e27efe32f3a4d3250b799a8c5ac6cd58100a1c7c0687102872eee8d8909,Dins els actes de celebració del Centenari de la Biblioteca.,,2,0,fifties,male_masculine,,Nord-Occidental,ca,,northwestern,common_voice_26_ca,train.tsv,cv-corpus-26.0-2026-06-12/ca/clips/common_voice_ca_37593629.mp3
9ee4386eafa52e82cb643e20a6515dee587844d2c4b6c0017bcc561939ed69f0a4b268925838c9be6801cea43e5d970806822d1b9c1d288f20b306078c7bc6fa,common_voice_ca_31466910.mp3,1f138296501eba810515567e1768824a02146b286b5b7ee4d871380bda0121c0,Junqueras hauria d'anar divendres a Estrasburg,,3,0,,,,Nord-Occidental,ca,,northwestern,common_voice_26_ca,train.tsv,cv-corpus-26.0-2026-06-12/ca/clips/common_voice_ca_31466910.mp3
cd6286f379b071fb084f15c02771115ad2a4a5a12e5d75f2c2d447722198e60667a5bae96b02d7bcbebce9e03e0b1fd07da5cbbc0adb564845d4b085e6fd6e01,common_voice_ca_35016748.mp3,3f70e6d60ffeb38da43599f62cf04c6fdb386e4291bee88d6f4da7f7c1a98cdf,diumenge he d'anar a la Febró amb autobús.,,2,0,,,,Balear,ca,,balearic,common_voice_26_ca,train.tsv,cv-corpus-26.0-2026-06-12/ca/clips/common_voice_ca_35016748.mp3
951d083c878fa72c30104e5ab547dab19da24d6b1c9c41277976c789f5d6d4ad112f1b61391509eae78a1b65556a73d9f963d9f829ffed3446a045b62d0711df,common_voice_ca_21774929.mp3,65f0a2f5c7f8b019720e5e30af89c4df63a9b8fb4b09ab379cb37b9d3603945b,"L'edifici consta d'una construcció de quatre altures, planta baixa, dos pisos i golfes.",,3,0,fifties,male_masculine,valencià,,ca,,valencian,common_voice_26_ca,train.tsv,cv-corpus-26.0-2026-06-12/ca/clips/common_voice_ca_21774929.mp3
a0af491c763451e72794d696fa2984e66da789fc4a422c93c4710ca5e82ca38b36dfbd0a2638a990cbe838b5e31002e97ef7edb2f80cbcfc3a02c6693b8f3177,common_voice_ca_30759478.mp3,7816f8a05f3f5604ef6526cefd40cb1e884d6d8dd59ff2313cf48a48e20477ec,Water Country permet els seus visitants portin esmorzars de pícnic al parc.,,2,0,fifties,female_feminine,,Central,ca,,central,common_voice_26_ca,train.tsv,cv-corpus-26.0-2026-06-12/ca/clips/common_voice_ca_30759478.mp3
5b46c8527a8bf6552f46e67db8adcdea78db4bc2afbcb679edc1349da4faccfe29d5a935893cfeec75fb65ebbde88131367b90424eada44ef21d9cc7a11af9b7,common_voice_ca_37808171.mp3,823939a7290688c2e5bdd7e839443b22e83643ae54c4cfaa8f3ff8b13f2682c7,Va participar en programes radials i presentacions en directe.,,6,0,,,mallorquí|Santa Margalidà,Balear,ca,,balearic,common_voice_26_ca,train.tsv,cv-corpus-26.0-2026-06-12/ca/clips/common_voice_ca_37808171.mp3
67cf78b6ac32a0a7d46435961796f65219a42f4e88b51dbcd424a6b164b5d4fca1e63a21d63369854ad4507640c6714aa909ae1d91e21d18fc311a4c82ac72e1,common_voice_ca_37760790.mp3,7eb94b594ca440b83c23230074206d3f8d2fc05746e30b00cfc52b5706ace70a,És més actiu al vespre.,,2,0,twenties,male_masculine,,Nord-Occidental,ca,,northwestern,common_voice_26_ca,train.tsv,cv-corpus-26.0-2026-06-12/ca/clips/common_voice_ca_37760790.mp3
bd24eb79a3f6592892711a17449820fd1f0e0f428fa3e8a78bb1e5a415fd5271741dd197dc18561eff0a19451709221c5ac4aaf0ff91d5523b887a2d71ac2b49,common_voice_ca_37560255.mp3,d892357e190cab86992701bfdbd186f95a9ded7e7501a1feba5feb836fda5a1e,"Aquesta sol·licitud serà genèrica, és a dir, no caldrà especificar activitats ni import.",,2,0,,,,Balear,ca,,balearic,common_voice_26_ca,train.tsv,cv-corpus-26.0-2026-06-12/ca/clips/common_voice_ca_37560255.mp3
ee03d192e1ba21bf30d2bb4951ae03eb289d2e7cfa0f5f855f717e5bdf95bdf1d23290a0db6b66d87b8450baf3bb530700fb67bfabe24149790cf4841eed3218,common_voice_ca_41107341.mp3,c438e68362d2898f9649441a47e10dceae463fcd84aa34d0b8a0a1196ed3eddd,"Els endolls intel·ligents, apaga'ls.",,2,0,teens,do_not_wish_to_say,valencià,Valencià septentrional,ca,,valencian,common_voice_26_ca,train.tsv,cv-corpus-26.0-2026-06-12/ca/clips/common_voice_ca_41107341.mp3
c485c3333dbd05234616bd4b2a8fa96f8861750cb3ffcf4626f45795371e266160af8682cf96eb7ad6b3b35568833cd50bb57b56193a235a564dea1a045dd3f5,common_voice_ca_35057299.mp3,40b80c6f4c89344993d60b0bbebaf6dfc0c8b35b27787992d11ace73eb27b126,El temps de vida dels adults és de dos mesos aproximadament.,,6,0,twenties,male_masculine,valencià,,ca,,valencian,common_voice_26_ca,train.tsv,cv-corpus-26.0-2026-06-12/ca/clips/common_voice_ca_35057299.mp3
e83d48b939323aa85e9711bc1f564200a4f56cd878a124aef2102b89b4dfcf2d6a90b498cf29262c5099373d147c3c8ddb55804476ed7c1ae3e20be12154e59a,common_voice_ca_33418335.mp3,ebbc61eead17188663988434e1d083e1e9518fe0836119dd42021952c303cc6a,També es prohibeix d’aturar-se o estacionar en carrils bici o vies ciclistes.,,2,0,,,,Balear,ca,,balearic,common_voice_26_ca,train.tsv,cv-corpus-26.0-2026-06-12/ca/clips/common_voice_ca_33418335.mp3
0ea16212791c523060d5fb6576519e4eb78e7ddda4a27e48d90f976f57ea3d462b27abf10089704cf836649accab77d472b44f5ff96ef0c76877ffc15944f6c8,common_voice_ca_17460065.mp3,6a41bc73beee939ec8963e99b73d3907152dd58a97b5b317bcbb85dac686b013,Estudiar quina activitat econòmica volem per al futur d'aquesta zona amb criteris de proximitat i estabilitat.,,3,0,fourties,male_masculine,,Central,ca,,central,common_voice_26_ca,train.tsv,cv-corpus-26.0-2026-06-12/ca/clips/common_voice_ca_17460065.mp3
6e39437fa3587288c9ac5edc2aae57bb2ff2d13494ad168243b24ebe20e9e6e6250fa6bc23928a496f57f80ccd42f259594dcdd97bb559dce52e040c476fffd6,common_voice_ca_30881334.mp3,a2c79ed638ad41b13fac0f4bc659d8854c8c681e1ca680c776460649c259d322,La botiga va obrir posteriorment aquell any.,,4,0,,,,Nord-Occidental,ca,,northwestern,common_voice_26_ca,train.tsv,cv-corpus-26.0-2026-06-12/ca/clips/common_voice_ca_30881334.mp3
e923bc62a2f8eb6dea618c7fd46a74ff7f42a592ccba2c936c2d38a50d443bb015e35fea1bab4b5a2e79b41fd6d2ea5ba3eaaa918f234e548da200688ec69016,common_voice_ca_37602947.mp3,593d5fa0f5823dd76723dff19f10c770ede2c194112258b0b58271f8c35497c3,De cara a l'exterior.,,3,0,,,,Nord-Occidental,ca,,northwestern,common_voice_26_ca,train.tsv,cv-corpus-26.0-2026-06-12/ca/clips/common_voice_ca_37602947.mp3
ae7fc163935f49205e1751378026226f6e1f13d3eea467872297abe2dfe37082ff66ce4cdadebb6ee4b80c85ff06626e67621abde9e06811bd2dd31eb7699bc2,common_voice_ca_30953649.mp3,be1f7fb5ff0826396d72ad9919a89f3291dbe3c08423d2be196bc36b83938959,"Restaurar les forces, la salut.",,3,0,,,,Septentrional,ca,,northern,common_voice_26_ca,train.tsv,cv-corpus-26.0-2026-06-12/ca/clips/common_voice_ca_30953649.mp3
97f12240658ae96f64c342e2048018f4348cc5bb87ad4c4ea0bd02b10d0585444ec6e77ff4cf1a144c2f50a4a209fbfe7ba9caed6c6e3ac84177ead4aa2c1b6b,common_voice_ca_35210819.mp3,4594998c84f320ba588b27f7a02ce4f96fb6158333fecd3a5cc438322a57ff60,Comença a untar-ho tot.,,2,0,fourties,female_feminine,,Balear,ca,,balearic,common_voice_26_ca,train.tsv,cv-corpus-26.0-2026-06-12/ca/clips/common_voice_ca_35210819.mp3
58fbbd6f783c9a459ac90a5859b7aeb0519adc1f378752ea4f084b129446a19ec7f454e560eb4c10dce227a0ccd4e18256378b45cf0c9f0e6dc0c8ea8f10acf3,common_voice_ca_23382425.mp3,9fdb741806b1cc52202402f30157e1bfef5db3e1bee8343f326b9bdfa788983a,"El relleu de santa Eulàlia, demostra un gran classicisme.",,2,0,twenties,male_masculine,valencià,,ca,,valencian,common_voice_26_ca,train.tsv,cv-corpus-26.0-2026-06-12/ca/clips/common_voice_ca_23382425.mp3
cc97b8b421c6c7d658ad352bc6c268206077f77aae7f626582c236e014698664ae5dd461c28ca0a6dd86526321b3584abae888294e3d87ef838009907ca8cf8b,common_voice_ca_39808382.mp3,d2deb88375d53aeb93747c22a625308c1e13dfa476dac38b4f1bdccf147ac937,L'espai físic es representa en la Mecànica Clàssica mitjançant un espai puntual euclidià.,,2,0,,,,Central,ca,,central,common_voice_26_ca,train.tsv,cv-corpus-26.0-2026-06-12/ca/clips/common_voice_ca_39808382.mp3
bc0b544f1c13cc1d0fe15b0eab96e89e6d4dfc8919de1fb757ef97a7d5de9efff5e520def5a8471b75480fd49d410d222ed9332089bd527946c74070e8ad1934,common_voice_ca_31239693.mp3,fbae0dcfb7072cf84e0fac253e87cbefcd3aa398642b896bd0b9ad985e384067,Quin és el camí més curt per anar a la plaça d'en Joanic número cinquanta-set?,,3,0,twenties,female_feminine,,Nord-Occidental,ca,,northwestern,common_voice_26_ca,train.tsv,cv-corpus-26.0-2026-06-12/ca/clips/common_voice_ca_31239693.mp3
bc450ff9773492a99905edac03149ee62d3d1ce17e5a097c91f597f90a8f955ff69e7db4e77207fb3d471b18844b2f74524077fff27cbb27123a45e7a024731d,common_voice_ca_37577739.mp3,02a4956d3bf2eeff3f00b8004dbfa38a25985c243ce48c389f5a0d2320b16e31,Accés al dret de sufragi dels ciutadans i les ciutadanes sense passaport espanyol.,,2,0,,,valencià,,ca,,valencian,common_voice_26_ca,train.tsv,cv-corpus-26.0-2026-06-12/ca/clips/common_voice_ca_37577739.mp3
35a724bdfe9ca06b6552bc1ac54da0f15ef5f4032790149316ecf1c195c8501ef5ea1a23760a8e4ad4ee39d8c9f065f9a8af6886a3794d91e72acbac4344e627,common_voice_ca_31340416.mp3,0a8760f9bd17dcdc23e2fcbbf808adc5f20f8542aa052b6fedf9103ea0ee43b4,Freescale ja treballa amb molts clients del sector de la salut i el benestar.,,2,0,,,,Septentrional,ca,,northern,common_voice_26_ca,train.tsv,cv-corpus-26.0-2026-06-12/ca/clips/common_voice_ca_31340416.mp3
b9ee561ba7af9d0a67b73f9edacbbe968abed15d206f6cc9e9d18a14cba3583a72cfdac6522cbc899617652554b84cf2ea38405ee04085ea995b838fcdd1cb71,common_voice_ca_37642004.mp3,79b833a396e85aff52d1d92e505faa69dfd46d973b70f85351fe283d8866f319,"Altres aplicacions populars inclouen anacron, dcron i fcron.",,4,0,,,valencià,,ca,,valencian,common_voice_26_ca,train.tsv,cv-corpus-26.0-2026-06-12/ca/clips/common_voice_ca_37642004.mp3
7a652127591f6d6ce5e58d95ea09a8ea5886f562e1d79e1756574cbc527f6d6813d21f9cd67038d6cfd7bd6683f7115419e46546ba154cabf309f6baf9800a43,common_voice_ca_32124883.mp3,7b0f4a92f8822b8eccba5427207e27bcc7d7f2d64c1a09962626bf63475e994c,El nou d'octubre en Miquel i en David aniran a Cabrera de Mar.,,2,0,,,,Central,ca,,central,common_voice_26_ca,train.tsv,cv-corpus-26.0-2026-06-12/ca/clips/common_voice_ca_32124883.mp3
e76ff954ef022ed306093a7f5d107c8ae9c0e476b9ca2a099125125f29a81e22cf196346c3fa51be5e5a3596cdd700dbd1fd12ad6b4d47cf76159efee7d1c0ed,common_voice_ca_25141351.mp3,12807a888ed5994a27e5076ac8f6588389cd86fa8f7ab1a039e0763963da65df,"El club, però, es va fusionar amb Ilford per formar el club Leytonstone-Ilford.",,2,0,,,,Nord-Occidental,ca,,northwestern,common_voice_26_ca,train.tsv,cv-corpus-26.0-2026-06-12/ca/clips/common_voice_ca_25141351.mp3
77cd12af0a3d1d8cb64dd577bd2d50ac057d816694e8bc04089a6adb90e53ad6cbe9fe6aaf52596450e0c8178d8f9b88a545b27adcbc89bddf4d7c4bc4dd31fd,common_voice_ca_20543706.mp3,318e5509ca0f9d43f0b92fc502a3fd925415b220e04f1ef43bd02c5bab3b618a,Marca el límit entre les regions històriques de Malabar del Nord i Malabar del Sud.,,4,0,thirties,male_masculine,mallorquí|Inca,Balear,ca,,balearic,common_voice_26_ca,train.tsv,cv-corpus-26.0-2026-06-12/ca/clips/common_voice_ca_20543706.mp3
7da31de24eb1a13137586d9afb543e66aa6046bd2e9ff53823e16ef9ea368d81e16061f5db878cede34ac9bebc54953f1e327908556f6e9bf5e06a9ac4cf4bf1,common_voice_ca_30846860.mp3,96a9d403cf88617cdc06bca5c4ceed5bf3c5cff8d6c454bf9160a5fba018011c,"Nascut a la ciutat de Nova York, ara viu a Nova Jersey.",,4,0,,,,Nord-Occidental,ca,,northwestern,common_voice_26_ca,train.tsv,cv-corpus-26.0-2026-06-12/ca/clips/common_voice_ca_30846860.mp3
7782ea0548fc2a3e3b4a74ea15b4d70f7187654670abfaf2a294e60ec8801d0c7e99205f73220eb9f6f87883de6d94bb3fb93b006d52378096a0a9da91b98608,common_voice_ca_23978349.mp3,c6c8a98c8eb86668485b357c752853b1e1c4fe3579f06b4f8b3985ed0cfa0ce8,"La pedra ha estat, des de sempre, signe de bona edificació.",,2,0,thirties,male_masculine,,Central,ca,,central,common_voice_26_ca,train.tsv,cv-corpus-26.0-2026-06-12/ca/clips/common_voice_ca_23978349.mp3
1eefd2552dfaa4205907d816425de30252fc53df89659e1c6950ae5cf38aef2047e1446fc801688b10e549d521825c3a7a1f14add88714b81d0a70241f996f19,common_voice_ca_40557510.mp3,e8afa75112139afa2e3af19e42cae84b78b9ad0dffe2c2633fe61c7d95cb27fd,Dissabte na Cloè i na Marta iran a Sant Fost de Campsentelles.,,2,0,twenties,female_feminine,valencià,Valencià meridional,ca,,valencian,common_voice_26_ca,train.tsv,cv-corpus-26.0-2026-06-12/ca/clips/common_voice_ca_40557510.mp3
bdd1b47ce29b646516e4a4b340094feab0e8930daf97cd937e184a420467c48bedc28154d825fd129693106087716f82df9b17ffa34e516c4165724dc12cbca3,common_voice_ca_17479041.mp3,8ac784b33604c8630cc1ca5096937df681b4402487fe7851be28da26cf435f0f,Hi hagué un moment que es va tallar la conversa.,,3,0,twenties,female_feminine,,Nord-Occidental,ca,,northwestern,common_voice_26_ca,train.tsv,cv-corpus-26.0-2026-06-12/ca/clips/common_voice_ca_17479041.mp3
0bfbdce8cc864eaf2c4849b3fdd53e9f4100d2ff528af94cda97c460cfcd13fd3a7332c8be0bbfdda918b624522ea24b1f21f20a97ebaf9315cca872c3120815,common_voice_ca_22438975.mp3,875642c6e3e4561a571d5b88751e8fc6e2890555c9fce697b2afe196906c7078,Aquesta agrupació crea unes economies de concentració que proporciona avantatges competitius.,,3,0,teens,male_masculine,valencià,,ca,,valencian,common_voice_26_ca,train.tsv,cv-corpus-26.0-2026-06-12/ca/clips/common_voice_ca_22438975.mp3
7242fa8b72a095444836cdc86ba71dae2c5905028b81a753ca46a42622649a0dcd6fa29c50a2033ca4a38b868820cd810bc02ecc161bab33d89cbab5a9ef09c8,common_voice_ca_17630335.mp3,f1c45071d2a16222f9e666e94b8d8a5ef53be7ee85ea4dfeed2c9d3d84032ce9,L'orientació i l'entrenament són els instruments bàsics d'aquest nivell d'intervenció.,,3,0,fifties,male_masculine,,Central,ca,,central,common_voice_26_ca,train.tsv,cv-corpus-26.0-2026-06-12/ca/clips/common_voice_ca_17630335.mp3
89b76732ce551b69b4f23b6240a9a07123074f33d3fa431cc8362009772649d7c8881a66e7de4b949f758aff4f9db93881206e548f8bfe95b11bef9d3ba7f9f1,common_voice_ca_31248321.mp3,fd635fca1aaa04224c7f93bec8ded010ee4520e97c9832df20ef040521c6c877,Com puc anar a Parets del Vallès divendres al migdia?,,3,0,thirties,male_masculine,,Central,ca,,central,common_voice_26_ca,train.tsv,cv-corpus-26.0-2026-06-12/ca/clips/common_voice_ca_31248321.mp3
ac65c7953270b4e8ab5356dbb3620504b2ecbdaf7c6153581995dd41e3b4d1fccc5bd345c6ff10c85fe793c4b1e39f9cc72106aa910dd7c62088bf0675f06732,common_voice_ca_38629190.mp3,bc5c0d571a8b02ff5bb9c174af85854843c3d705301bfc1e4a6f31fe2ade4475,"El nom del satèl·lit, ""Uhuru"", vol dir ""llibertat"" en swahili.",,6,0,thirties,male_masculine,central|valencià,Valencià meridional,ca,,valencian,common_voice_26_ca,train.tsv,cv-corpus-26.0-2026-06-12/ca/clips/common_voice_ca_38629190.mp3
565f03cca6b2bb3c02843c581c78e85b723acc1ebaa2152d2076f4b58cefd832f57137320c5c5f3941739271c6384e9cae65fba563a365530acaa606d3205e66,common_voice_ca_29388138.mp3,1833e4a3617ab2f43c49a365e30d09e6fd7be3df391e5cc27f097de26b590435,Els patògens d'aquestes dues malalties pertanyen al mateix gènere.,,3,0,fourties,female_feminine,valencià,,ca,,valencian,common_voice_26_ca,train.tsv,cv-corpus-26.0-2026-06-12/ca/clips/common_voice_ca_29388138.mp3
d5cf4a445832eb02090db3814726cc4f75f3145a75d214725048f55c3c40414cd4d451f9a2a2831ca7253b688940fa5e976bb9893f6c58b1a5b79de54df022a9,common_voice_ca_32539613.mp3,0f6f05efd5e63267c8524f24d86d5995aae1a1cf69fd1a00192bcc3dd8305b38,Demà passat na Thaís i en Telm aniran al cinema.,,3,0,,,,Septentrional,ca,,northern,common_voice_26_ca,train.tsv,cv-corpus-26.0-2026-06-12/ca/clips/common_voice_ca_32539613.mp3
4cfc1cd71ac5d3f1f906e4e159dafcde1ee47a7d393f135fb378f1826d1c2bef4e8589b16c47f1de6c303cdae521e19deed0fa7b1a08297d003a48c3e591ec56,common_voice_ca_37623904.mp3,77d036bc3c22eae9c26fed62b701bc039e0fea21d22f7a37234db54e0a260afc,"El meu fill es diu Salman: essa, a, ela, ema, a, ena.",,3,0,,,mallorquí,Balear,ca,,balearic,common_voice_26_ca,train.tsv,cv-corpus-26.0-2026-06-12/ca/clips/common_voice_ca_37623904.mp3
8d696eed43c55020f1b591ce0e6f9548fa4e4c558290587f9eb8209fd580dfb48aad892e442678528bf76ce1874e9e29ca51b795fbf6080060cf086fc5e93457,common_voice_ca_32310519.mp3,c4ee53cb354c9b3d6cc7090a297af97bc0dff158bf6da1f61108e83781be8011,Fem força amb el mateix dit que ens serveix per fer autoestop.,,6,0,,,nord-oriental,,ca,,northern,common_voice_26_ca,train.tsv,cv-corpus-26.0-2026-06-12/ca/clips/common_voice_ca_32310519.mp3
a0af491c763451e72794d696fa2984e66da789fc4a422c93c4710ca5e82ca38b36dfbd0a2638a990cbe838b5e31002e97ef7edb2f80cbcfc3a02c6693b8f3177,common_voice_ca_30758938.mp3,78179390e24ff5d208552aebd24b286a04efb1a678c87fe98e6d2a18c959587c,L'edifici on estava situada l'estació encara existeix i és una residència privada.,,3,0,fifties,female_feminine,,Central,ca,,central,common_voice_26_ca,train.tsv,cv-corpus-26.0-2026-06-12/ca/clips/common_voice_ca_30758938.mp3
fad66bef17544deb356033bebb30d9ca9073f2ce2b272a20bfe61491474e14b2060bb27b1bd58a9a1e3e58e037c419340fa4de5ffdd780a88d84858c3d0a5c53,common_voice_ca_19136256.mp3,04239633b697499ca5c9cb1ab4ebf8b75c970a6fae9f75552f46cbb149a10e21,Xerrades sobre aplicacions de programari lliure desenvolupades per empreses de la Garrotxa.,,3,0,twenties,female_feminine,,Central,ca,,central,common_voice_26_ca,train.tsv,cv-corpus-26.0-2026-06-12/ca/clips/common_voice_ca_19136256.mp3
e965647b36e94bb5bc37e0e17c61b6a40837aef6d22de84d6747ab79685ea9e9bdec0f1ca9691e17f52fbc6f78b7aab41b953a5002884a69943fe02c5c38fc1b,common_voice_ca_31470117.mp3,1f61b7330b29e4b7a04cb932e6b80e6b23abb0db6351a0c85d00a177b4b3d046,"i Bessie G. McGhee House, Person-McGhee Farm, Dr. J.",,3,0,,male_masculine,,Nord-Occidental,ca,,northwestern,common_voice_26_ca,train.tsv,cv-corpus-26.0-2026-06-12/ca/clips/common_voice_ca_31470117.mp3
e2e95741e5a2cefda6d6bc3b7700fda1032a19a4471ebc939f537c0a8b184092f5591ca94d8c36a9c41f78e68bac93b5c6924b35e3ff362615440376ce92e657,common_voice_ca_30717047.mp3,41e5173779183368a48d7fdf1cfa61a91badca465fa820f8b951b7621e0c99af,A Valldemossa hi ha un castell?,,4,0,,,,Balear,ca,,balearic,common_voice_26_ca,train.tsv,cv-corpus-26.0-2026-06-12/ca/clips/common_voice_ca_30717047.mp3
e3f07bdc11e3a50eeb314cdedec47101c684fbdf36ab84b3cecb5233b7de3d0ee435934f614d34fc3014ce38a4428a90f9e780fb1607e51bb5aad1e07913f4d6,common_voice_ca_37565302.mp3,ea7a321ca5cf2a37c99ed23cee977a91235434916b9b3706cf97292222204671,Fa de bon jugar quan es guanya.,,2,0,,,valencià,,ca,,valencian,common_voice_26_ca,train.tsv,cv-corpus-26.0-2026-06-12/ca/clips/common_voice_ca_37565302.mp3
50e850ad8519302c75231e9efbe794de08ccc5130483f94a3470ce361b68d63605f81edd95ce67ae1c92dc95d75d2b5cf5c55434e6b5daa2d921a915c7865cc2,common_voice_ca_17475870.mp3,e40de24e3d9163a638938a25aa68f636e749d2ed56534996da58eaf49ad93d37,"El trajecte de tornada és en sentit contrari pel mateix camí, en total cinquanta-set quilòmetres.",,3,0,fourties,male_masculine,,Nord-Occidental,ca,,northwestern,common_voice_26_ca,train.tsv,cv-corpus-26.0-2026-06-12/ca/clips/common_voice_ca_17475870.mp3
0111c49e745e4d0df4a25f60fab585b26cd118675d44d8d0ae4d372fce1a6e7d0cf91e95efacee7f9a5c427bebbe626b6cd5827d562a916970ff4a5b8ad7c0cf,common_voice_ca_39959784.mp3,d73f34c672654a0aea6990fdd7f51605ac1c893d9f514058cd27ec0db3c2fedb,Arran del pronunciament de Sagunt que va propiciar la restauració borbònica va tornar a Espanya.,,2,0,,,,Septentrional,ca,,northern,common_voice_26_ca,train.tsv,cv-corpus-26.0-2026-06-12/ca/clips/common_voice_ca_39959784.mp3
295b9d23f4ce88761422019614c38eca7ec403efa41aaadc32190522cc1d19e73c4fe27fbc020822634c317f4432c19a12f2fd598170df0d5cf993d0542a56f2,common_voice_ca_34480058.mp3,37fc25d876de3288536b0e97440ede4cf0ad917bd650a5a4c0c0daf9f7036040,Li ensumo el cul.,,2,0,fifties,male_masculine,,Balear,ca,,balearic,common_voice_26_ca,train.tsv,cv-corpus-26.0-2026-06-12/ca/clips/common_voice_ca_34480058.mp3
f61662279e4cf91f2f4df22de9a3e6ec3f732a1341e584651fa5c5a344198df12bf4ed5573667edeaf1c6c7eb6570ccfe476482fe28005b1648196fe1a4c63d1,common_voice_ca_37589447.mp3,2d529c00ce74ad827a98a52b6cd39e4a715c2b633f9ab5939c85707c48cfc52e,Ser una bona guitarra.,,2,0,,,valencià,,ca,,valencian,common_voice_26_ca,train.tsv,cv-corpus-26.0-2026-06-12/ca/clips/common_voice_ca_37589447.mp3
02eecc0d9bc8c8f492ad62ab7a0b057cb83436e2c6f39921188156409e1a08f618374745b21907cab4e51172f39c47460c4be466ae62b13d7b3fbfdd54b99486,common_voice_ca_37589926.mp3,2c8c6d30bced1f2d1a2c6c2c256dc4ce5e3d3bb556b8e9c4af72075d80d983fe,"Cal que consulteu a l'òrgan tècnic, si teniu dubtes.",,2,0,,,,Central,ca,,central,common_voice_26_ca,train.tsv,cv-corpus-26.0-2026-06-12/ca/clips/common_voice_ca_37589926.mp3
ca4f36c6da1079f48fa29ba34af568a122410ff6ec072c88089450792e91fdfa082487fcedca663069120695d64e941cda6150b817cc76f035da7316ef1ae453,common_voice_ca_31891529.mp3,40d1f0c14dfa953467f87250da2e1008452b0e6b7ab3038dd6df07741eede708,"Qui són aquests? —xiscla la Mica, espantada.",,4,0,sixties,male_masculine,valencià,,ca,,valencian,common_voice_26_ca,train.tsv,cv-corpus-26.0-2026-06-12/ca/clips/common_voice_ca_31891529.mp3
1610e29603954ee12f408eaeb83a5c99781b5efe5f64fdf2e3c5e0ba9756b5b11bfeefda40a787842f7d5da653135043e3f43e7f786499cb51ad6181ef8acc9d,common_voice_ca_21794185.mp3,658cd871300eb47d17006e34d2d43d40c5e873dd97314822816d6af4197d314f,Va llogar un apartament ampli i lluminós al pis superior.,,2,0,thirties,male_masculine,,Balear,ca,,balearic,common_voice_26_ca,train.tsv,cv-corpus-26.0-2026-06-12/ca/clips/common_voice_ca_21794185.mp3
974b5ddd7809db7af95f3ba217120eaadeb222515d7525c383cc7e8fc3e1fbc99b3f666c01577638b1d00edef3cc52c1bcadc249e97ab5f203be0f727a73c5fc,common_voice_ca_37562889.mp3,e460d669451732e685da23762706322394fde2b7b0f850f8e90a200c672bc9c8,El pa d'hostal ennuega.,,2,0,,,,Balear,ca,,balearic,common_voice_26_ca,train.tsv,cv-corpus-26.0-2026-06-12/ca/clips/common_voice_ca_37562889.mp3
8deda324331a97a1a017d13c656fae90c51c5e6fa5ad2e6bdd68780870b9fe14e12de6721095d76df50c9718aed8de53969319c9b54047016e50cc63279f3b4a,common_voice_ca_30741166.mp3,6deefe379c6a83b09b2b08d60dff4f73b1cacff4a108132f549c7582ff5c7e02,Quant dura el viatge en autobús fins a Montserrat?,,4,0,twenties,male_masculine,,Nord-Occidental,ca,,northwestern,common_voice_26_ca,train.tsv,cv-corpus-26.0-2026-06-12/ca/clips/common_voice_ca_30741166.mp3
b8bde2b8fa282ab90b5f6c7a8af3c36b82d29e71713e454d174c1e9c1eef0873f75a45eda3ed09b0b130d8c1d554b791bdf9f78152f0d906dd7f181f6a5c70a8,common_voice_ca_31247651.mp3,fd5a5261ae2446be68be0d9d26aa5f9587653012ac3ae95c5f06e061a0fc2f01,Van tornar a saquejar l'hospital deixant una pèrdua de la majoria d'equips i medecines.,,2,0,fourties,female_feminine,,Central,ca,,central,common_voice_26_ca,train.tsv,cv-corpus-26.0-2026-06-12/ca/clips/common_voice_ca_31247651.mp3
4706ba1de4d328dfef254587d0bcef7f0449a4ef927d38f1fce2259319eb9e2bf4a902631b784e04d3f95762e474ff12bcf3473aeccf478314932de33d0b2d1e,common_voice_ca_30842009.mp3,9512ac0a5fa1c8f13be2cd6b7dd16a3609e15b357091c21913ae587e53cabe1a,És possible consultar la informació online?,,4,0,,,,Septentrional,ca,,northern,common_voice_26_ca,train.tsv,cv-corpus-26.0-2026-06-12/ca/clips/common_voice_ca_30842009.mp3
294b69b01f9738fc83b6befec1ad328b665f9edc4a6c61370e469b61279df1e519da2faeb6763828abd516da45f4f656a8e2850fedc8fba348df65de8b1c5d0c,common_voice_ca_21089247.mp3,4050f2107212dc959096ca2abb16f2c60a9ca23a4c769434d68ec6a7d3baeb5a,Els millors jugadors europeus acudeixen al Japó a estudiar el joc.,,3,0,fourties,male_masculine,,Nord-Occidental,ca,,northwestern,common_voice_26_ca,train.tsv,cv-corpus-26.0-2026-06-12/ca/clips/common_voice_ca_21089247.mp3
46f14091d04ccc9ef74d0d814c7a5902c67b5b88729b5c5d621d02a8d260822fb988b6520c5df4913daae67757a0b6331f69b52f935ab162efc58baf056a02e6,common_voice_ca_32810697.mp3,28f7d45b6d9bc387ea59428a2c4f0d16f30696ca804a3bc6726a2a2acb607a7f,"Se n'han trobat fòssils a Bolívia, l'Argentina, el Brasil i els Estats Units.",,2,0,twenties,female_feminine,,Septentrional,ca,,northern,common_voice_26_ca,train.tsv,cv-corpus-26.0-2026-06-12/ca/clips/common_voice_ca_32810697.mp3
4e2f29951f3d98704eab76ca83035440ed454b7828fa598da2d911cd272a606a78ed8a50a5c22e1d1b0365670a9fd3b621df7ba8adc00ecfc97f80ed2538598f,common_voice_ca_31470544.mp3,1fa92430dc398283b79d5f6c0c2585b3979ed697f700de7b737838e1d7c4e2a9,L'efecte combinat redueix la pressió arterial.,,2,0,,,,Central,ca,,central,common_voice_26_ca,train.tsv,cv-corpus-26.0-2026-06-12/ca/clips/common_voice_ca_31470544.mp3
e76ff954ef022ed306093a7f5d107c8ae9c0e476b9ca2a099125125f29a81e22cf196346c3fa51be5e5a3596cdd700dbd1fd12ad6b4d47cf76159efee7d1c0ed,common_voice_ca_25141352.mp3,134cf2216c6c9f16b86ce1f9597ec4e835ed45950a4ce5fc865026b9ae61c7f8,El seu avi era el pintor Johannes Hermanus Koekkoek.,,2,0,,,,Nord-Occidental,ca,,northwestern,common_voice_26_ca,train.tsv,cv-corpus-26.0-2026-06-12/ca/clips/common_voice_ca_25141352.mp3
06536280608691585bf202322200a1b1c7dd8b628de7528985b283da6f5b67a72219ea3ea35bb34f63106e91a17c8357afe388672b75ef3d21f32dbb2b8ec693,common_voice_ca_38641127.mp3,bcf1193211f9c4d390655040bb4f9eaba7bab762b3c6b2f5fa0895a3c7c28749,La facilitat per exportar a Canada afavorirà l'economia catalana,,2,0,,,"aprenent (recent, des del castellà)",Alacantí,ca,,valencian,common_voice_26_ca,train.tsv,cv-corpus-26.0-2026-06-12/ca/clips/common_voice_ca_38641127.mp3
e04cbd4307c7e5ef6d5d138feee440a220d8f45eac00a567b9bd33b6f5687b2b7312e131bd7ba26cfd6a344d0580f4aa0772851a0a30c8296bb542478ba1fce1,common_voice_ca_17478640.mp3,6201f34144642be5aeb9a71c9f5383b54d50e02c7619430350920fd7a9524a3c,Que guarde relació amb el lloc de treball que s'exerceix.,,2,0,twenties,male_masculine,,Nord-Occidental,ca,,northwestern,common_voice_26_ca,train.tsv,cv-corpus-26.0-2026-06-12/ca/clips/common_voice_ca_17478640.mp3
082fe97c1a4f1d56270d873d7070459536ff8b978cc59d58540b16793566bca11b22bbe8928d6f9d17decc7608636aa0988aeb7e131afdd4702d5c8279ac29e8,common_voice_ca_37255169.mp3,6f0bce23e56d73e3500576d482590372671d57765c82780a9adc9c918225bac8,"Segons la tradició, un incendi va destruir el graner.",,2,0,,,,Septentrional,ca,,northern,common_voice_26_ca,train.tsv,cv-corpus-26.0-2026-06-12/ca/clips/common_voice_ca_37255169.mp3
b63c689e0edc5a7e8142717836bbb5f080ed397233f6d5ca5b4a0dbdb2f413370ce5cf1adb82c11d64781131945a6cd00c0ec95f8281cac28b140b9761452e01,common_voice_ca_30874414.mp3,a06f9e1f36c46380fc35edb666d276ebe75708bf7e8dbb2bc29c78a9d5b9c3fd,"Tot i la seva astúcia, no ho va aconseguir.",,3,0,fifties,male_masculine,,Nord-Occidental,ca,,northwestern,common_voice_26_ca,train.tsv,cv-corpus-26.0-2026-06-12/ca/clips/common_voice_ca_30874414.mp3
09a064b4c3b1d83c5944465de4ba90adc551db5ac1ad466e443435a20c8e82e8ebbeb296753f6ea5d319398197a36244ce5630704d14714d00f862b76fca1e13,common_voice_ca_36846947.mp3,5da91b7597bfe0ba4067feaaac61a3e5815fff502c6065576c456963afd6ac30,Dilluns en Quixot i en Martí volen anar a Carme.,,3,0,,,,Balear,ca,,balearic,common_voice_26_ca,train.tsv,cv-corpus-26.0-2026-06-12/ca/clips/common_voice_ca_36846947.mp3
7782ea0548fc2a3e3b4a74ea15b4d70f7187654670abfaf2a294e60ec8801d0c7e99205f73220eb9f6f87883de6d94bb3fb93b006d52378096a0a9da91b98608,common_voice_ca_23978344.mp3,c68927919d43fadd9cf7cb46385a6e2f32c56e3ecead078e64eab5aad37c0c41,Una vegada perdut no es recobra mai.,,2,0,thirties,male_masculine,,Central,ca,,central,common_voice_26_ca,train.tsv,cv-corpus-26.0-2026-06-12/ca/clips/common_voice_ca_23978344.mp3
3de1ec298f76b173db5d690cfe5f623db2137648ba134ecfdfe08ec58e0cf0880e6717f1c92e6ff3bfd3f736390383fabe6cd4f0d0bdef61a3cd523e2b82cce1,common_voice_ca_30878364.mp3,a1f6d0ae27b737e03713ae649e1e97ff5e5658d517625120f66bc9940ef7a745,Aquests paràmetres de nivell van des de la configuració de l'escola de grau fins als edificis d'oficines.,,4,0,fourties,female_feminine,,Central,ca,,central,common_voice_26_ca,train.tsv,cv-corpus-26.0-2026-06-12/ca/clips/common_voice_ca_30878364.mp3
67b67cfc054332945b878e7a2b10afbb309ed9f6b2cbd66436f6ef82d08e7c704219062671cd1b8dcd185225adb750d2e6edf4467dffda5702642950836350d0,common_voice_ca_36846723.mp3,5db218911e0a760c71962a63a702ed4d8dbd44a33c6c27caed34f0c3a0e3e513,"Es tracta d'una mata reptant i laxa, de tiges prostrades i radicants.",,3,0,,,,Balear,ca,,balearic,common_voice_26_ca,train.tsv,cv-corpus-26.0-2026-06-12/ca/clips/common_voice_ca_36846723.mp3
24f44a02266f7a0b1661d34d11cdb3cb94e46d27704b56b7831797db20af369a8c6ede7cc0e7cfe88dfb36a438d9770aa17af23aa95912aafc59ee566d2f5c11,common_voice_ca_31132820.mp3,f0a9bbc9f1c841ad938153cf94fbedcee151ef73e970e73197c5160958a9f7b4,Veleron estava profundament en contra i va dir que apel·laria.,,4,0,thirties,,occidental,,ca,,northwestern,common_voice_26_ca,train.tsv,cv-corpus-26.0-2026-06-12/ca/clips/common_voice_ca_31132820.mp3
b8e36549b339f8d7a0beb29824976c3c1bcc764bd0e8155ebe1e0ea0fa17f2137cf0c3e6d3de47a4ef9b62c34ceaee3660cab406eebfa8b910cde4e73c44e687,common_voice_ca_20212407.mp3,239b358cbe2b09a621555ca909d6bae5068e791d73a2afe9061837afb1080928,Moltes de les fonts que va fer servir no van sobreviure.,,4,0,twenties,male_masculine,,Septentrional,ca,,northern,common_voice_26_ca,train.tsv,cv-corpus-26.0-2026-06-12/ca/clips/common_voice_ca_20212407.mp3
a8b8319bdccca67edac317b794b5c906110d6230f97f3c89228979d366aa4fe0325ea8041adfc9392c14c46675e0ef7d9af4115ac60f5de1462cd992db9a4d95,common_voice_ca_38375654.mp3,ad9b12992ac5e39284b1dc3c5a0ef4216272777d33b5223ff778293fceba6707,"Finalment, hi ha sectors de serveis com la construcció i també cellers.",,2,0,,,,Septentrional,ca,,northern,common_voice_26_ca,train.tsv,cv-corpus-26.0-2026-06-12/ca/clips/common_voice_ca_38375654.mp3
a4a36850664b1bd2d38eaca73a2976282767d15263906b267fe66015f35ff62cce47e513979ac8461511a52d7282281a6be0f2d9abc9b1ad061d67351483b6af,common_voice_ca_24360233.mp3,d266edbf44a83664a5b43332edb747357c5d8997a09587f5a8b721c0b70686c1,L'orde sobrevisqué en l'efímer Regne d'Etrúria.,,2,0,,,,Nord-Occidental,ca,,northwestern,common_voice_26_ca,train.tsv,cv-corpus-26.0-2026-06-12/ca/clips/common_voice_ca_24360233.mp3
f2f1e673646ffb5bb91f154130ac4e9f922f6f9a89eb8fd41620feec7a633c65c78c65aeb65499eaf619f5e2d7fe04893f9830970530f76f737c26e627948e94,common_voice_ca_36699500.mp3,59296e8b5d7a0193f25e6643cdab46afbba8e919cacb1f1db725b0369590852a,"Els seus hobbies són el bàsquet, el menjar, la música i les pel·lícules.",,2,0,,,,Septentrional,ca,,northern,common_voice_26_ca,train.tsv,cv-corpus-26.0-2026-06-12/ca/clips/common_voice_ca_36699500.mp3
014c9ed0978dcef50cf5a19a19fc7b5e02d096a504a3cf793db1189301eea83b60e7611df3912a0163dd2db3afb85003b4f9f9c848eef88c2728488ca699543f,common_voice_ca_30961877.mp3,c2a9ddb87f5d0bef648313f57977d43212ce7429ea2b9bab68cb7d03a1f919e2,Donar a Àustria enormes subsidis va acabar turmentant França.,,2,0,fifties,male_masculine,,Central,ca,,central,common_voice_26_ca,train.tsv,cv-corpus-26.0-2026-06-12/ca/clips/common_voice_ca_30961877.mp3
399bd6b2bb47fe6dbf290ff7fb85ab566cd9d508a45e7a44aec10fe1f96bff46b2285335b00b16fc3a1c35c75202a5a592037097593814d5df65d550c009bfd2,common_voice_ca_30987156.mp3,cc5680c518450827c9968ffa391cca0cfa824d4168d1641dc43e5b28b6e27835,Amb una primera garbellada els cent candidats han quedat reduïts a vint.,,3,0,fourties,female_feminine,,Central,ca,,central,common_voice_26_ca,train.tsv,cv-corpus-26.0-2026-06-12/ca/clips/common_voice_ca_30987156.mp3
c27ba1da6c1b3fde13c18a77cf0854549633fe18cfeb15ca2ea0d084c57eddfbb941e0b449e04a88a66dc51f5651c43268382498492bc130aeb36f7754bfb323,common_voice_ca_35236980.mp3,460480bce9489ad5975445e85da9e1cb371da6054de93df0f5a15fab29d05903,"Afegeix a l'agenda el número del Pau Piñas: sis, vint-i-cinc, vuitanta-set, setanta-tres, trenta-sis.",,2,0,,,,Nord-Occidental,ca,,northwestern,common_voice_26_ca,train.tsv,cv-corpus-26.0-2026-06-12/ca/clips/common_voice_ca_35236980.mp3
2930bfb00e4b26cc7776d7d8025ea2fc5988dde8e68c64fcb45fd4cbf87f5a7f6984bb7e6c100f6aa3356cb7e2dc4fc7024bf611df9c86367feab4997ed48ac6,common_voice_ca_31011612.mp3,d3733e3b75488ef60303d9446314e4046a12af26ecf06a1086d40cab6d58a3e9,Un home en bicicleta al costat d'un riu.,,6,0,,,valencià,,ca,,valencian,common_voice_26_ca,train.tsv,cv-corpus-26.0-2026-06-12/ca/clips/common_voice_ca_31011612.mp3
4441f076bc285bcf9707f316882f34c24c0d7d57c525833d8097c1c0bba0d2b43b7e45437841d5839c3f2cb2bb7da6512c0678889accdda6f6c4f103c94738df,common_voice_ca_31010724.mp3,d35f138fcaedd304190ceb31a4637693e474f4497d005c7aacc48230d5dbd064,Aquest esdeveniment va ser el catalitzador que va portar Walker a un canvi d'estil de vida.,,3,0,fourties,female_feminine,,Septentrional,ca,,northern,common_voice_26_ca,train.tsv,cv-corpus-26.0-2026-06-12/ca/clips/common_voice_ca_31010724.mp3
b5267f30905da68d805996a53384b578c0388b6a2b8e79c2af3002722be9db8a9f1206e6a3506af257f17e8d363ba056e1542819c481adca98ce8fb915038f06,common_voice_ca_30859354.mp3,9adeb38ff90fcb9d51a2e43ae083784b3e2809cde1c36be6b156c481558199c8,Un gos salta a l'aire per atrapar un joguet.,,3,0,,,,Central,ca,,central,common_voice_26_ca,train.tsv,cv-corpus-26.0-2026-06-12/ca/clips/common_voice_ca_30859354.mp3
e279eecdd6e99a03e55130e2201a5f0b61ad97e4998ba7a345fdf00e8f2ff5726ef8187f45d0e6bd9938f39c30a06d52da91fd58100223043ba5b0654a0adcc4,common_voice_ca_17513335.mp3,cc630cc77ed4b1d18b537425fbbc6968e8cb11e168a2cb2a56798037402e5b9e,O si voleu: mitja població amb competències lingüístiques actives i mitja població analfabeta en valencià.,,2,0,twenties,male_masculine,,Central,ca,,central,common_voice_26_ca,train.tsv,cv-corpus-26.0-2026-06-12/ca/clips/common_voice_ca_17513335.mp3
f590db6d3953b5851ca6644c1d231bfb0361ac377c68c73734d5acbcfef27990d5b1b5fed59201bf613f70cf9df0e104061459b5f0da0f4a2bf68eabafa7e143,common_voice_ca_37629885.mp3,035142c51c4338b90e29cd26c1bf197407ad814a312e25e9ab76e9e27145315c,Dema aniré a Olius,,2,0,,,,Balear,ca,,balearic,common_voice_26_ca,train.tsv,cv-corpus-26.0-2026-06-12/ca/clips/common_voice_ca_37629885.mp3
e3f07bdc11e3a50eeb314cdedec47101c684fbdf36ab84b3cecb5233b7de3d0ee435934f614d34fc3014ce38a4428a90f9e780fb1607e51bb5aad1e07913f4d6,common_voice_ca_37565304.mp3,e9dee593785c3a0c2cda2eb5343d06a18e8821e37e959421445402a2d1482e0f,"Torelló, molts collons i poca por.",,2,0,,,valencià,,ca,,valencian,common_voice_26_ca,train.tsv,cv-corpus-26.0-2026-06-12/ca/clips/common_voice_ca_37565304.mp3
5817204189c6965681027eacbcc1548ac8192871f4e4d2a6e11855f4554073fbde5c6d955946da43a95a60575540501aae933a5816c79ca5a4a07f9d29418046,common_voice_ca_37602967.mp3,5a3c991c0a870a7fde8822a6feae2db46b06b27b2c82e242e7a57fac2a9a70a9,"Any de traspàs, sembra faves i potser en colliràs.",,2,0,,,valencià,,ca,,valencian,common_voice_26_ca,train.tsv,cv-corpus-26.0-2026-06-12/ca/clips/common_voice_ca_37602967.mp3
7c45eb360f329fd20cea4e837dfa769ab653f1f33d2f3ea9967c903621b60b073d8b28da5b1ddf59d5655c3708139003f62e3b00f246cd7325098b84693012aa,common_voice_ca_19908489.mp3,1390733eaf3686a4405462e4b699813a9fbfee407c2b7d69de0d00aff269707f,Actualment es troba fora de la política.,,3,0,fourties,male_masculine,valencià,,ca,,valencian,common_voice_26_ca,train.tsv,cv-corpus-26.0-2026-06-12/ca/clips/common_voice_ca_19908489.mp3
4229c53b6221231edbec158b6c9a70d2533d2cff3ad96b0e7cb823cb7fd4157c41d21e9a949c64a0ec8ae06703c7b20b81a760e933edc752f486064429111558,common_voice_ca_38001825.mp3,922ad89dec75e4aaf6ef66cc5c311c3c98c8416a681c6668b2e16598ccd71382,"Si, l'acabo de rebre just ara.",,2,0,,,,Nord-Occidental,ca,,northwestern,common_voice_26_ca,train.tsv,cv-corpus-26.0-2026-06-12/ca/clips/common_voice_ca_38001825.mp3
a8be29239309ec46a2d45aeae724bc7e86552a95837aa5364266a0b99a1413174b0b5fb4882078df8986562307e2451d3b150d49260fbf1b1d14f994a95ddb82,common_voice_ca_34987735.mp3,3e766ee0c05182b8d4db28a2d5ecdb6a510d048e47ee89a42ecd87d00e9b326a,"I és que, és cert que és un aniversari trist.",,2,0,,,,Central,ca,,central,common_voice_26_ca,train.tsv,cv-corpus-26.0-2026-06-12/ca/clips/common_voice_ca_34987735.mp3
499f45ab0b375c2a2b15dcb609719c4d8decb7b32115d8d5982e8aa3f8446f192c53e322e62361161d9726b390ff59e4800efbfdcaa82240602d703efbc0ce21,common_voice_ca_30846505.mp3,96a07317815a4c04d780d2dfcf78d03bac44274dab6820da4710f1d12ffa53d1,Sempre em poso carn a la carn.,,4,0,,,,Septentrional,ca,,northern,common_voice_26_ca,train.tsv,cv-corpus-26.0-2026-06-12/ca/clips/common_voice_ca_30846505.mp3
2aa75a6e963c05667675f27208926711d3473f11c6554928520938b7a0c693918229fc2d09179841d46a52c6752f9eab8468c55821a2ac828d02365c3f6e0295,common_voice_ca_35142894.mp3,439fffba48350e225410b332b9c42f940b4ee0d826f1aa6cb896bc25e8474740,Aquesta presenta una forma octogonal.,,2,0,,,central,Central,ca,,central,common_voice_26_ca,train.tsv,cv-corpus-26.0-2026-06-12/ca/clips/common_voice_ca_35142894.mp3
7a9ee951fea4635e427f3cb984bdc80e221d1aa5ca77cf9acf6f45c3560c57d1c40a7f910d7ef175204a923efb2b155548612eb5ff2c0783ce667020efca67b2,common_voice_ca_32176458.mp3,4f8c9db50c9ba839002cc43d0473b7edc007f33f8a78e1b59378fcbe56d2535b,Relatius al sistema de pesos romà basat en l'unça de pes equivalent a l'as.,,3,0,fourties,female_feminine,,Central,ca,,central,common_voice_26_ca,train.tsv,cv-corpus-26.0-2026-06-12/ca/clips/common_voice_ca_32176458.mp3
3b39ea8834e1e7344269a40621f63498bdcbd5524c1fb30637d4352680ca5e9966bc4157f8679b49477abb09f24b232751dbadcc48426259e9a1f2c9aef7dd1b,common_voice_ca_30882288.mp3,a311fdb4d11a9d7edb245d93022d923e89b178a2d7d8e857e96085c1edb74357,Tide va declarar que era el dia en què més gent es dutxava als Estats Units.,,2,0,fifties,female_feminine,,Nord-Occidental,ca,,northwestern,common_voice_26_ca,train.tsv,cv-corpus-26.0-2026-06-12/ca/clips/common_voice_ca_30882288.mp3
6e318308ca39e8509c74441040e4565693b3d39b5889e5132e9c96ddf1d0a183ecd20daa151ade158fcedff11b8ad421ea0d5b7c16fff6202e100518f7f826ff,common_voice_ca_38670826.mp3,be731ac90900b80822c17755cbefb6eedfa13a9e2fd0862ad71126f8c9e0d994,La història es narra en flashback.,,2,0,fourties,male_masculine,,Septentrional,ca,,northern,common_voice_26_ca,train.tsv,cv-corpus-26.0-2026-06-12/ca/clips/common_voice_ca_38670826.mp3
972b8acae1d502748ea9ca19488b8dd7fef817780e500b093ade8423be685e9bc3e7a47d3346e000819342bd8a8ae3bcb082513fa6fbd99e86995d514e81fb6e,common_voice_ca_32120568.mp3,776b222bc455dec9cc6ebeae2cea66bac79d9a26a9cca5c0126180970f55037c,Divendres en Roc i en Garbí volen anar al metge.,,3,0,,,,Septentrional,ca,,northern,common_voice_26_ca,train.tsv,cv-corpus-26.0-2026-06-12/ca/clips/common_voice_ca_32120568.mp3
f4cfbbd9eebe81c129b71749fd2b1bb59763d7e45319914980ec2cef1eb1f39cb24088b9493757fc0ab2684b31137b985de384ff40e4db8f1b230ad6d6e0086b,common_voice_ca_33483083.mp3,139d27e597fa69a07c2b442b772496aec5ceb8c39478e11d0efd02e17853e92c,Ara mateix totes les autopistes que l’envolten són inundades.,,3,0,twenties,male_masculine,,Balear,ca,,balearic,common_voice_26_ca,train.tsv,cv-corpus-26.0-2026-06-12/ca/clips/common_voice_ca_33483083.mp3
583278de14e1d78babd36b2768421d58d3b2a2a79f014e7b3d98f4b4a11c7a266dedbc7019af6d8c6a8068ce0aaeb5d822f02ef7756fb052675b2d92b4143cdd,common_voice_ca_33434208.mp3,f958d832f2818df7cbb70a77eeef8511b36985d33f3fa31d0f51860bfd44e46b,"Encara que intentis de mantenir la força, estàs esgotat.",,3,0,thirties,female_feminine,,Balear,ca,,balearic,common_voice_26_ca,train.tsv,cv-corpus-26.0-2026-06-12/ca/clips/common_voice_ca_33434208.mp3
b4897fbb47c0ff0027b395498cff80235b5ff3936e43a009c63ca3ac0c224c867cad8497378b5f0cd896ce1dc97fe3b118227b1085c02f8793980acc2251e564,common_voice_ca_37766167.mp3,7f85543818e499c4a6a604b1a715afd5886f8a4fabfcd410550fe4027d186cde,Algunes edificacions són obra d'arquitectes de reconegut prestigi.,,2,0,,,,Septentrional,ca,,northern,common_voice_26_ca,train.tsv,cv-corpus-26.0-2026-06-12/ca/clips/common_voice_ca_37766167.mp3
5a97b67f511c43a6181edecf55c4b9fca7cebb7db30405a4cca4c0e5e6f8198288aa774ce0dfd977d1bb8f9cb9c2ecd03f2f9a596e0890fe535048e90f0d5e88,common_voice_ca_37853601.mp3,86ba31e9f6732744f7a033cdd76c78bb49589c8f2a5af0a3a9fea26e734c7b72,Demà en Jofre irà d'excursió.,,3,0,,,,Nord-Occidental,ca,,northwestern,common_voice_26_ca,train.tsv,cv-corpus-26.0-2026-06-12/ca/clips/common_voice_ca_37853601.mp3
dd8068a400119e6797c71b945d381d7f4b68c0806e749c8a8df42764541332dd550b4883f688e6aa9f8dbdc0a2abe2845dc0c76163e3bcc3019b27a81e945c8a,common_voice_ca_17554302.mp3,a1f26bc13f2167b3398c34b8e0940761f7158b415543af273d4eafe72e7d8e3c,Tu ets l'amic internauta de l'altre planeta?,,2,0,fourties,male_masculine,,Nord-Occidental,ca,,northwestern,common_voice_26_ca,train.tsv,cv-corpus-26.0-2026-06-12/ca/clips/common_voice_ca_17554302.mp3
51c11eccd83cfec93c59dae87eddb5722fc9e5534b09636a3ce36a18e74762f728b3c5cd1046a5f58b646bc8897c3eabcf14fe943b7697f08cc583c72890f012,common_voice_ca_35200989.mp3,453aefd00025f4f084f3cbfb86fad8d5d6d5e9516951b87114b25c144c6e86cb,Quin és el camí més curt per anar al carrer d'Antoni de Capmany número quatre?,,2,0,,,valencià,Valencià meridional,ca,,valencian,common_voice_26_ca,train.tsv,cv-corpus-26.0-2026-06-12/ca/clips/common_voice_ca_35200989.mp3
1610e29603954ee12f408eaeb83a5c99781b5efe5f64fdf2e3c5e0ba9756b5b11bfeefda40a787842f7d5da653135043e3f43e7f786499cb51ad6181ef8acc9d,common_voice_ca_21772842.mp3,6578c644b2c28ff154ae0a95f01f643ae9fe13c02bdc541656a48053e74655b7,Durant la Segona Guerra Mundial fou comandant en un submarí.,,3,0,thirties,male_masculine,,Balear,ca,,balearic,common_voice_26_ca,train.tsv,cv-corpus-26.0-2026-06-12/ca/clips/common_voice_ca_21772842.mp3
946e48221165eebfad8f2d37915272b8b380feda6affd1c01f5cf7162702c61c6bf6080a5600981da49cc0827835c46c897f009bd8c78365ee4c59f38f121f2e,common_voice_ca_30853462.mp3,98fd0c0d4b35b13c96f174f79ba4e96db46fa4694e537e1e162431b2100e64d8,Com ho puc fer per anar al carrer Doctor Salvador Cardenal cantonada Colomines?,,3,0,,,,Central,ca,,central,common_voice_26_ca,train.tsv,cv-corpus-26.0-2026-06-12/ca/clips/common_voice_ca_30853462.mp3
f33dfff706b6ca4bb4225d8d462a5a8df8a39177bebc71fe3b1b967557223f7608989d6a8c2992bcb4a36c846e977fa379425753b880690ae2120e888bbb01b2,common_voice_ca_30839872.mp3,94735adad33f2ff56e45c3c15747c56958dec894fc95ab4e7e3e72b7fe7595de,"Però, com de gran és aquest armari?",,3,0,,,,Septentrional,ca,,northern,common_voice_26_ca,train.tsv,cv-corpus-26.0-2026-06-12/ca/clips/common_voice_ca_30839872.mp3
acd5b51bfbbfc3f51a532af01991b0ddf31fa9fc4c2de146d6e73eb4b067f53ecde2cc35b5d1f0033c5b04da6182dc4f73cb216445ebb124d35b2393e10cddde,common_voice_ca_30745430.mp3,738f1c96096087a12346ce2d23bf5582f5799296f8d162fe686bac8c5837a9b4,Dona una puntuació de tres a la sèrie actual.,,3,0,,,,Balear,ca,,balearic,common_voice_26_ca,train.tsv,cv-corpus-26.0-2026-06-12/ca/clips/common_voice_ca_30745430.mp3
565f03cca6b2bb3c02843c581c78e85b723acc1ebaa2152d2076f4b58cefd832f57137320c5c5f3941739271c6384e9cae65fba563a365530acaa606d3205e66,common_voice_ca_17518977.mp3,4589bec471c4b4e7f3a97cb32de751e6d0b1796bf8752a23dc870ea3439714d0,Persones físiques i jurídiques que tinguin una relació laboral retribuïda mitjançant pagaments periòdics.,,3,0,thirties,female_feminine,valencià,,ca,,valencian,common_voice_26_ca,train.tsv,cv-corpus-26.0-2026-06-12/ca/clips/common_voice_ca_17518977.mp3
8d4ebe5871fbf473937299da1a3e33d61ab35d13cf8cb060a09ecce39e19af69fb5944c96eee1d7e9573960c3c928a16e1395ef8e364e5d27cdf59d294760797,common_voice_ca_30997599.mp3,cf7eec13850985aca6174a660e09cb1234171d8033be43f6c7b00107f7f608bc,Quatre persones fan servir instruments musicals.,,3,0,,,,Central,ca,,central,common_voice_26_ca,train.tsv,cv-corpus-26.0-2026-06-12/ca/clips/common_voice_ca_30997599.mp3
10ecc1c21897445b632068bef3e6340aaaea0162ada888a98bf7a41f42147601cec94bfc6ddd2d2467356559e16b4550292e5c59729ffb061b0063d96cbbddae,common_voice_ca_17464724.mp3,a223c7eb9e8fdacd0cae0e15c1fa1e1708baed8f56894868585c2f46185400da,Els seus membres són sempre poc nombrosos.,,3,0,fifties,male_masculine,,Central,ca,,central,common_voice_26_ca,train.tsv,cv-corpus-26.0-2026-06-12/ca/clips/common_voice_ca_17464724.mp3
e87c223c10948df883fde70612dd5775987eef220cc4e30441fea1c3746ee8af14cfc61bc399b7b21de42173d5f40309fb7337f9a7f4012573208636fd0ac379,common_voice_ca_38786703.mp3,c28c5b08d28f2e587247accdfd387d1ea434190ef302476439fc0000ce6d894f,La visió és en tercera persona.,,3,0,,,valencià,Alacantí,ca,,valencian,common_voice_26_ca,train.tsv,cv-corpus-26.0-2026-06-12/ca/clips/common_voice_ca_38786703.mp3
7dc80454edecce4862042fde068b9c67e9f70785f9aa87481a9ac117b43c3e0453c7f545b873dc5fb06e1af2029db067cab40a7ae8517a4570643a9d76e6c2d2,common_voice_ca_30802851.mp3,87a1f27b31ef77c394f3f1bb16fd9e91781cd4191159864ac96f138b2faa11a4,Selva és un municipi de Mallorca.,,2,0,,,,Balear,ca,,balearic,common_voice_26_ca,train.tsv,cv-corpus-26.0-2026-06-12/ca/clips/common_voice_ca_30802851.mp3
b8ed3a91998c5f59709e1aec2a5c3f75149c681b8e68d4e71eebc6a05382317bc0efedb6a98db832136d499567f64ece8d537e2f35d4f37c17ed13474e83ab9c,common_voice_ca_37594512.mp3,38908ad7d6841584e8d13e6ce3d354ac069d168f11cf193cd2c6ae0ca513a124,El dia no es mou fins per Ninou.,,2,0,,,valencià,,ca,,valencian,common_voice_26_ca,train.tsv,cv-corpus-26.0-2026-06-12/ca/clips/common_voice_ca_37594512.mp3
4fc86c8b4067c3bc7081290a4339e2599b24a8d27c8dc634f622a70c4cd321b2074c9696c1a85217a9811c8e49bc3612a2d682eec12958e60eeeb347421d4b18,common_voice_ca_37903950.mp3,8ab847d2cd42e91c0464b629e601083c59276587746d295fdbd1b29c9796f71e,"Trobada de gegants, presidits per la Guillermina i l'Arnau.",,2,0,,,mallorquí,,ca,,balearic,common_voice_26_ca,train.tsv,cv-corpus-26.0-2026-06-12/ca/clips/common_voice_ca_37903950.mp3
dedadd5b374e9d2f99efb7f38710d2925ff24d9b1cecd73821b7cf97dd5068eadefe5af272a4e4c9077bbf0a06620d0125a0410ae472606a80a0a2ed1f18a15d,common_voice_ca_37584485.mp3,178c6f89f2ab165060a2f5d49ad3d40ddb85bc00408eaec4eca6566c8e8a1d60,El bon vi crida els veïns.,,2,0,,,valencià,,ca,,valencian,common_voice_26_ca,train.tsv,cv-corpus-26.0-2026-06-12/ca/clips/common_voice_ca_37584485.mp3
d753f303fae59584c74edd9998690cca65d19ee6e92384c53c493c27bc8be19b9e101038c7ad29c453bdf3c16563b04bca82cda7cea4cdda851badb0d60e2be7,common_voice_ca_26232142.mp3,317bdfdfda11fc550b1947cc3473e7550e7722474bf33e6d45f8d25db9036c15,"Aquestes edicions posteriors són les que, amb més probabilitat, inclouen notes del disc a la caràtula posterior.",,3,0,,,valencià,,ca,,valencian,common_voice_26_ca,train.tsv,cv-corpus-26.0-2026-06-12/ca/clips/common_voice_ca_26232142.mp3
4e2f29951f3d98704eab76ca83035440ed454b7828fa598da2d911cd272a606a78ed8a50a5c22e1d1b0365670a9fd3b621df7ba8adc00ecfc97f80ed2538598f,common_voice_ca_31470545.mp3,1fa8238ad4a2b2ad7002ae5f64b716700141dc37ef0e48569a3c84c72ddb8dd2,Les marques restants solen escurçar una nota.,,2,0,,,,Central,ca,,central,common_voice_26_ca,train.tsv,cv-corpus-26.0-2026-06-12/ca/clips/common_voice_ca_31470545.mp3
d8909a5b81ba411556609403dc71c366dfae376f6e002c5e43dcaafd6ef53381091afbda6a56f5f9ed536573c6d62258f1339b01a31749253d92a918cb9cfca7,common_voice_ca_30835027.mp3,933d2b1954b22ddb6963acc381df943d0ee601c5393168482090535a0d19ae1b,Els únics canvis reals que s'havien produït havien estat canvis de nom,,6,0,,,valencià,,ca,,valencian,common_voice_26_ca,train.tsv,cv-corpus-26.0-2026-06-12/ca/clips/common_voice_ca_30835027.mp3
7782ea0548fc2a3e3b4a74ea15b4d70f7187654670abfaf2a294e60ec8801d0c7e99205f73220eb9f6f87883de6d94bb3fb93b006d52378096a0a9da91b98608,common_voice_ca_23978347.mp3,c683a3b39f47333295d670d8619de55fd287e1b2065aec4733a5cbbd04ef342b,Hi ha terrasses fluvials a la majoria de rius i rieres.,,2,0,thirties,male_masculine,,Central,ca,,central,common_voice_26_ca,train.tsv,cv-corpus-26.0-2026-06-12/ca/clips/common_voice_ca_23978347.mp3
f1d5c9e02521af8910821aba0cf9117bdb3905dff12e962365c9c90045df70d95613bacf692a84de2e9f99b39de556a44b2c953d57f05b4eae2d0e74ef93600a,common_voice_ca_40130087.mp3,dd292a2e6b0c52f915c225e3cb2327cc189728ad5d6204f95470c9c76f3d2fef,L'espectacle va ser dirigit per Ed Curtis.,,2,0,,,,Valencià meridional,ca,,valencian,common_voice_26_ca,train.tsv,cv-corpus-26.0-2026-06-12/ca/clips/common_voice_ca_40130087.mp3
9f1afd79e6aecbb20b862331a21b66e410f9a340405059ce47663e9da68b4463cf2de7b9fc3af6909c1ab800b9a0b883ec1877f557c64e753101f3a1497644bc,common_voice_ca_30868558.mp3,9e85ccc038d9d09afe737afbfca4fd0e61dda33356e0b3ad609a76daa041f2f3,"El meu nom és Riad: erra, i, a, de.",,2,0,,,,Septentrional,ca,,northern,common_voice_26_ca,train.tsv,cv-corpus-26.0-2026-06-12/ca/clips/common_voice_ca_30868558.mp3
610ee10ef8e19dc7f43f52eb948245a8794548e12e4568214754ced27289e92842b38447a8e8cea5d366e7b939075bcb7795a040f6826079cfc205a7e0066766,common_voice_ca_30916037.mp3,b01ada8b39f96067f3a84ba05b976084a96d5a16a532ad14ea2e7ce8bfd5bd6e,"Ell se l'havia figurat un home pàl·lid, xuclat de galtes, cara llarg",,3,0,,,,Nord-Occidental,ca,,northwestern,common_voice_26_ca,train.tsv,cv-corpus-26.0-2026-06-12/ca/clips/common_voice_ca_30916037.mp3
36fe013dbca4fa216e65d5462b17ab01ce129aec7cbf31bb0514978c694936625d0d34a741f2def54cda3b075777e3376e6ebf6d5372377ccfe37d9e6f13d067,common_voice_ca_30845576.mp3,9649f8aea8e0d126699de3205b44120323c16be9fe5a92a0545e073cc655236a,"Eren camps de solar, sense flors ni ganes de florir",,3,0,sixties,male_masculine,,Nord-Occidental,ca,,northwestern,common_voice_26_ca,train.tsv,cv-corpus-26.0-2026-06-12/ca/clips/common_voice_ca_30845576.mp3
be0a2cf6b9cb520177ba3deed94f1a469b3f2f8b625cbbc8c98cd9cf43a60d989f314e18a25cb6aac7e9d944204ec6e1dd99c3caa671018efbe2a204f6b08501,common_voice_ca_38246399.mp3,a3fbe1945e803a2cac73f2512a74d77011e4f7a38b675d144bf97e39862a2fc8,No volem investir un candidat de retorn al marc autonòmic i constitucional.,,2,0,,,Palma,Balear,ca,,balearic,common_voice_26_ca,train.tsv,cv-corpus-26.0-2026-06-12/ca/clips/common_voice_ca_38246399.mp3
4229c53b6221231edbec158b6c9a70d2533d2cff3ad96b0e7cb823cb7fd4157c41d21e9a949c64a0ec8ae06703c7b20b81a760e933edc752f486064429111558,common_voice_ca_38062428.mp3,96d73e5c0035d6e552d496fcd077778cafb4a69f7faa961d55cbc5eb1b3ced07,Els edificis estan construïts principalment amb rajola d'arena vermella extreta del mateix lloc.,,2,0,,,,Nord-Occidental,ca,,northwestern,common_voice_26_ca,train.tsv,cv-corpus-26.0-2026-06-12/ca/clips/common_voice_ca_38062428.mp3
4f161bf06d5ca9e75c2319699dc02e7a76d950727e6a4dfa09b7222eec4498ccda94d545c6eed7431118e5896e86575355a7e5d4145b11c6d69a93755aa66e1c,common_voice_ca_37638056.mp3,792f127f140ba50e298a64f623d72a2f1dad43b9d47a7b6c44b2027d3cb32430,"Van tenir un fill, un noi, l'Honorable",,3,0,,,,Nord-Occidental,ca,,northwestern,common_voice_26_ca,train.tsv,cv-corpus-26.0-2026-06-12/ca/clips/common_voice_ca_37638056.mp3
ca4f36c6da1079f48fa29ba34af568a122410ff6ec072c88089450792e91fdfa082487fcedca663069120695d64e941cda6150b817cc76f035da7316ef1ae453,common_voice_ca_31891665.mp3,4140e664756da2f1218e1648d6b4e1a581f9edc66201fe945d800f07a1328088,Dimarts en Drac i na Nara van a Anglès.,,6,0,sixties,male_masculine,valencià,,ca,,valencian,common_voice_26_ca,train.tsv,cv-corpus-26.0-2026-06-12/ca/clips/common_voice_ca_31891665.mp3
56e4f1dc91f8196b8b85fa56b9cb6dcf0054f2f177102699143c6ef2cea2ddf34a422487c0b54bf1a649c18bb1dcfff5e153569a160846894131ce391b9ae776,common_voice_ca_31800513.mp3,22f6d05994b93439e20b2a53853d941de4d89eae4727d8d6405b007e6cde5db0,Demà passat na Berta i na Martina aniran a Senyera.,,4,0,,,valencià,,ca,,valencian,common_voice_26_ca,train.tsv,cv-corpus-26.0-2026-06-12/ca/clips/common_voice_ca_31800513.mp3
2f5536ba6dc7d8e76ec8a5246235aed684faac48f165350b5a44652704514d7aedca474fbba37786bd502025a29c98c100b326711bf109af66b555c3a916e020,common_voice_ca_23763167.mp3,b001ebc674208a4e23153856fc47087b998a98d420c3bbfe296c7ebaa98e31d3,Fou una de les batalles més dures de la Guerra Civil.,,3,0,fifties,female_feminine,,Central,ca,,central,common_voice_26_ca,train.tsv,cv-corpus-26.0-2026-06-12/ca/clips/common_voice_ca_23763167.mp3
4b6aadfda8dad48e36bd1266fe639da81a467d68ec96399a48a31f661ecf3df8d79a9b8689424b6a29fd04afd4b4f1a5273d1be043f102d5db45c65177ea9bc5,common_voice_ca_31221025.mp3,f8c3efe3ab1b715d5f19c5c737876b6d6fda6852130840b6ca689bd2dd7d3056,Quines botigues hi ha al carrer de l'Arc de Sant Cristòfol?,,3,0,sixties,female_feminine,,Nord-Occidental,ca,,northwestern,common_voice_26_ca,train.tsv,cv-corpus-26.0-2026-06-12/ca/clips/common_voice_ca_31221025.mp3
0e89a7427c27c12d7abe86db0244b563a1948eff79b27b52642e34194b281bc734e3034cde8a3d2f8563cf24fa5b4c8ff017c28ad86a3eede09360fcd4731a8c,common_voice_ca_18258948.mp3,a3e71995b17756fc6fdd8e0ce86859d714d1627a71a0d3cd82906548b1da2918,Venim de Santa Coloma de Cervelló.,,3,0,fourties,male_masculine,,Nord-Occidental,ca,,northwestern,common_voice_26_ca,train.tsv,cv-corpus-26.0-2026-06-12/ca/clips/common_voice_ca_18258948.mp3
0e712fb95a5a5ef9c3a9f2a4d157a540a1a0f805ea7718c827a052b9db0536d7fa79d6cddc542e6958f1ab1da5a8c69f115173db79cad4e4f95e12458077bf66,common_voice_ca_30834508.mp3,929d41a900976f976fc683132c97c980a2a754a1506aa24dd69ae6ec8ce72087,He d'anar al carrer de la Mare de Déu de Gràcia amb cotxe.,,3,0,fifties,male_masculine,,Nord-Occidental,ca,,northwestern,common_voice_26_ca,train.tsv,cv-corpus-26.0-2026-06-12/ca/clips/common_voice_ca_30834508.mp3
f68e09280076997e63edff7d22d1147538e45423a2efc0e3f75b3ca1b26a35f94bb50469768bdf58200688279ff4191ff9e4662313fee6fffa46a1c69af429bd,common_voice_ca_37603220.mp3,5bda84c0769ee89f38dfdeb280ed7d42bf75a6b5218498fcb495753dfe951dba,Epístola romana: cabra coixa no viu sana.,,2,0,,,,Septentrional,ca,,northern,common_voice_26_ca,train.tsv,cv-corpus-26.0-2026-06-12/ca/clips/common_voice_ca_37603220.mp3
51c11eccd83cfec93c59dae87eddb5722fc9e5534b09636a3ce36a18e74762f728b3c5cd1046a5f58b646bc8897c3eabcf14fe943b7697f08cc583c72890f012,common_voice_ca_35123312.mp3,430b7bb68b331f771b880f6cdf6cbf3c0ab40bb019dfe56c940ab47f644a951c,"Nosaltres els valencians, ja no som els mateixos.",,2,0,,,valencià,Valencià meridional,ca,,valencian,common_voice_26_ca,train.tsv,cv-corpus-26.0-2026-06-12/ca/clips/common_voice_ca_35123312.mp3
e87c223c10948df883fde70612dd5775987eef220cc4e30441fea1c3746ee8af14cfc61bc399b7b21de42173d5f40309fb7337f9a7f4012573208636fd0ac379,common_voice_ca_38786707.mp3,c2a10ebc16eaf9a6215722decd3ac0b37db7dc93aa433ec0fbc6506f011cea8b,"El paisatge és principalment sabana sudanesa, zones obertes amb arbres escampats.",,2,0,,,valencià,Alacantí,ca,,valencian,common_voice_26_ca,train.tsv,cv-corpus-26.0-2026-06-12/ca/clips/common_voice_ca_38786707.mp3
6c8e83efd1b46f8af144f096bb0affa570e3f2936d62f0568506b2ab357a55e48018e4a24ed94a9110e3eeac6785364e74cfd0ff8e71945908bc2f89b774b563,common_voice_ca_37380626.mp3,74a3ae1cd90499917a879fe2a71d43d54c8e5dfe972baa7122385f4c010a75e4,A l'Hades es va retrobar amb el seu marit.,,3,0,fifties,male_masculine,,Central,ca,,central,common_voice_26_ca,train.tsv,cv-corpus-26.0-2026-06-12/ca/clips/common_voice_ca_37380626.mp3
bc450ff9773492a99905edac03149ee62d3d1ce17e5a097c91f597f90a8f955ff69e7db4e77207fb3d471b18844b2f74524077fff27cbb27123a45e7a024731d,common_voice_ca_37577740.mp3,fc90257ff835910f8d59757f5995bdabfad5e03e79353b9e8818b182d62fde4a,En cas que.,,2,0,,,valencià,,ca,,valencian,common_voice_26_ca,train.tsv,cv-corpus-26.0-2026-06-12/ca/clips/common_voice_ca_37577740.mp3
1ef17e5e0923aa6d1ac07e32b4cfd91b459e33b7b5c4445dd66f088966c91c46ce7e0d7be0917b30fed4fca6cc8c7c72adec6859457d3085dcc9f06ad9633fbd,common_voice_ca_32106480.mp3,711bf1478cebd6f47adf2821960429ecc82ff6d3617f8ddfcc017a3a97d16930,"Diguem-ho, que si no en Raimon no calla.",,2,0,fourties,male_masculine,,Nord-Occidental,ca,,northwestern,common_voice_26_ca,train.tsv,cv-corpus-26.0-2026-06-12/ca/clips/common_voice_ca_32106480.mp3
e446434788701b6ade3495ccb984a820c1ba4cc6de6e7b37501889d2d689e304b00b825fb5eefdfd415b3bd20ad5697fc84f28234f9079ad024766cc3b9b5e4a,common_voice_ca_37591209.mp3,32d5e9b7a4470f8cc5b1a2f9b2a03d280b149a675be9530868c4b6f7e66ad9d4,Fer posar els cabells de punta.,,2,0,,,valencià,,ca,,valencian,common_voice_26_ca,train.tsv,cv-corpus-26.0-2026-06-12/ca/clips/common_voice_ca_37591209.mp3
80d87c89983c43a699faffd0c037dc07f1c39029b96141109bdf8bae1f28653e1bee0a6a468b40e1b231280fc86c427061f0e391a4059db1424a2fa03a5d928d,common_voice_ca_40997807.mp3,9457912c12981422af28e066615a71a970b4f4de5d8b8c1bfa992740c655350a,On podem trobar la seva col·lecció i memòries?,,2,0,,,septentrional,Septentrional,ca,,northern,common_voice_26_ca,train.tsv,cv-corpus-26.0-2026-06-12/ca/clips/common_voice_ca_40997807.mp3
50d73e89f1b40a1a059ecfff053e9688e278023081c38d5a0862e46aa284ff27c65488b9675d1cffff743e47213f2a3b1441556785ee9195e68561790ead0d0c,common_voice_ca_36824880.mp3,5c613db94c9d12074aaa02fe28373333152505de3e48e48e5ff1278967cf393f,Demà na Tanit anirà a Benavent de Segrià.,,4,0,,,nord-occidental  de l’Alt Urgell,Nord-Occidental,ca,,northwestern,common_voice_26_ca,train.tsv,cv-corpus-26.0-2026-06-12/ca/clips/common_voice_ca_36824880.mp3
0e89a7427c27c12d7abe86db0244b563a1948eff79b27b52642e34194b281bc734e3034cde8a3d2f8563cf24fa5b4c8ff017c28ad86a3eede09360fcd4731a8c,common_voice_ca_18258972.mp3,cf5539dc11a3f7f33c4324ad25d217e0585376a75579c83bc93eaaa22d295c5b,Recordeu?,,4,0,fourties,male_masculine,,Nord-Occidental,ca,,northwestern,common_voice_26_ca,train.tsv,cv-corpus-26.0-2026-06-12/ca/clips/common_voice_ca_18258972.mp3
946e48221165eebfad8f2d37915272b8b380feda6affd1c01f5cf7162702c61c6bf6080a5600981da49cc0827835c46c897f009bd8c78365ee4c59f38f121f2e,common_voice_ca_30853542.mp3,98eea9617808ab06f1c60700ed55cdbd37037666851588628f02f285e18101b4,"Formen el coanoderm, un tipus de capa cel·lular que es troba a les esponges.",,2,0,,,,Central,ca,,central,common_voice_26_ca,train.tsv,cv-corpus-26.0-2026-06-12/ca/clips/common_voice_ca_30853542.mp3
7ad206da91986f793df17c4f941c13af36cb9328fe788b1aedea57ca4c9160f4e5d047e9e0de94712935ff4f0ce7adb0eb6db3864b299ec6f42f56639958fc3c,common_voice_ca_30857708.mp3,993c5091fb2c51f14dc0cbef53ee9e3cb4b8f58a8005c9f2bc5fe1ba731053f6,Va rebutjar la indulgència a un deutor que tenia diners de Scrooge.,,3,0,twenties,female_feminine,,Nord-Occidental,ca,,northwestern,common_voice_26_ca,train.tsv,cv-corpus-26.0-2026-06-12/ca/clips/common_voice_ca_30857708.mp3
e7a5137a3789988e334c6c5a6dd383116b40fbb4edc5d240ae55e3a9eb330dc13738502f4712e1d7a3622839ddc9d05bff327c9084d36c6dfeef754ef84a392f,common_voice_ca_30922452.mp3,b2b0861fc37fec818f2d45974acfe41c236c0a5e7a07128a5bcd604fe4888158,A Hanahan hi ha una extensa cultura de la pesca i els esports aquàtics.,,2,0,,,,Central,ca,,central,common_voice_26_ca,train.tsv,cv-corpus-26.0-2026-06-12/ca/clips/common_voice_ca_30922452.mp3
94e35257b313c65bf8a4be9eb63b11e988ebbc244ef1fdcbe1e2cd71d0af95ac8017134ae4a7c3b255d20d4a703fb4b2333508ecfba56a0b602e23dd2cb4fe7d,common_voice_ca_36875989.mp3,5f47194e4905b7e2ed37d53b28cbc704c373391bc766fd31e9ad1cd40dfc9e9b,L'anglès no va poder contenir l'emoció.,,2,0,,,,Balear,ca,,balearic,common_voice_26_ca,train.tsv,cv-corpus-26.0-2026-06-12/ca/clips/common_voice_ca_36875989.mp3
23e61646df35b3f44002fa26cfb237ccbd2d3b406f2fe3494a121e81f8cd61f2983d5a73ff9940a44ab9d0a92587175919f8d4b63b8e715d14d560e7975511b5,common_voice_ca_17813956.mp3,8ce8c4cb7d216a810da8e055776257ac59b6aefbd79c02c949e9e28e64153bb3,La terra que xafem també la xafaven els habitants de la Valentia romana.,,2,0,thirties,female_feminine,,Central,ca,,central,common_voice_26_ca,train.tsv,cv-corpus-26.0-2026-06-12/ca/clips/common_voice_ca_17813956.mp3
d753f303fae59584c74edd9998690cca65d19ee6e92384c53c493c27bc8be19b9e101038c7ad29c453bdf3c16563b04bca82cda7cea4cdda851badb0d60e2be7,common_voice_ca_26232139.mp3,31038e580b5873c2c0c862dd5830d0e3f080cff120f70e45451e49774899a123,S'han descrit diverses varietats i formes d'aquesta espècie.,,3,0,,,valencià,,ca,,valencian,common_voice_26_ca,train.tsv,cv-corpus-26.0-2026-06-12/ca/clips/common_voice_ca_26232139.mp3
adfc36159adf953cc5b31b1cbc1601d93ffa05ba1825b3d67a481db5100c9a401783b34ae5338b41ce2b57944d720876a16db8faebca850d95408b79eaed3d9b,common_voice_ca_36957368.mp3,63bb63b5778e123260461daad795dbdad4652e00931d00eef07a95d70b0e5997,El reixat de la tanca té dibuix geomètric amb certa estilització vegetal.,,2,0,,,,Nord-Occidental,ca,,northwestern,common_voice_26_ca,train.tsv,cv-corpus-26.0-2026-06-12/ca/clips/common_voice_ca_36957368.mp3
4f0c1f38d95a7619d3e26688a1563af5c9777d262bd8ef2cf43ac2ccc2f450ac26dee0255f8a36d9a8287bad2b2d437ad8a338ebaedfc96df54866af6bb73575,common_voice_ca_27578970.mp3,458b6baf9f079a3b6e8d544abffb89458282a22cde4990ba6ae58e1bea60d2f3,Bessler i la seva màquina es van esvair llavors en l'obscuritat.,,3,0,fourties,male_masculine,valencià,,ca,,valencian,common_voice_26_ca,train.tsv,cv-corpus-26.0-2026-06-12/ca/clips/common_voice_ca_27578970.mp3
f545c3e8a223ddc10036a1016dfd224a3f1a6ec09fcb1c4d6c8b3e38f73f9b4dfcb5f19d2564ea0c56c52512c9d79d130459004e89156b5668acd1d48748ac01,common_voice_ca_37590668.mp3,30f0f32a797950e4b3c59d03aeef04a455df26d2b50aed8ca939007c2868c0f4,No témer Déu ni el diable.,,2,0,,,valencià,,ca,,valencian,common_voice_26_ca,train.tsv,cv-corpus-26.0-2026-06-12/ca/clips/common_voice_ca_37590668.mp3
4937e01c9b227da583aa9d4e298b546ef6ace362fff73544364721c76bd9f986d2fc1cde88ed142be30cb4e4f5dd6f5c9809e8f6ef7a42eba678d0648d34c271,common_voice_ca_37910574.mp3,8b587a764e9f7049f38b927a0f1e4c41c4481de2e7791ebc559727dcfc0396f6,"A més, es va encarregar una campanya publicitària en televisió i en premsa.",,3,0,,,valencià,,ca,,valencian,common_voice_26_ca,train.tsv,cv-corpus-26.0-2026-06-12/ca/clips/common_voice_ca_37910574.mp3
014c9ed0978dcef50cf5a19a19fc7b5e02d096a504a3cf793db1189301eea83b60e7611df3912a0163dd2db3afb85003b4f9f9c848eef88c2728488ca699543f,common_voice_ca_30961886.mp3,c286a98047e48c60d13707354e4f78e51430711e620bc0058ceed6e164721f5a,Va agafar-li els diners de la bossa i ho va ensenyar al jove.,,2,0,fifties,male_masculine,,Central,ca,,central,common_voice_26_ca,train.tsv,cv-corpus-26.0-2026-06-12/ca/clips/common_voice_ca_30961886.mp3
2b9839c535c184baa87bdeaeb090094e3097ac600fa0acdae80e2783607bc6562cd925ca490568ecc1cb39bf7c48a66847f18529853ccaacd5907a4215f66bce,common_voice_ca_25994586.mp3,2ea86499fec694384e420b9c3ff12c9ee2c4018feed326202236e6ce242ed38d,Generalment les rodes motrius són més grosses que les rodes davanteres o posteriors.,,3,0,,,,Septentrional,ca,,northern,common_voice_26_ca,train.tsv,cv-corpus-26.0-2026-06-12/ca/clips/common_voice_ca_25994586.mp3
669ec5130c9716a15e967d6c1484e03fcc764cbd57f90cc6047edb8592e7358c510c1451c93c1c75d19f004ab313cbfff1c94e7967e7cacae2ca95536ae356fd,common_voice_ca_37807047.mp3,81fd34dbd4715aaa808a178995ba5aba55aed93183e6ef71da100b849ecb0b35,El vint-i-nou de febrer na Clara i na Sibil·la voldrien anar a Tàrrega.,,4,0,fifties,male_masculine,valencià,,ca,,valencian,common_voice_26_ca,train.tsv,cv-corpus-26.0-2026-06-12/ca/clips/common_voice_ca_37807047.mp3
77cd12af0a3d1d8cb64dd577bd2d50ac057d816694e8bc04089a6adb90e53ad6cbe9fe6aaf52596450e0c8178d8f9b88a545b27adcbc89bddf4d7c4bc4dd31fd,common_voice_ca_20495017.mp3,2ec4a948a655c5be558afaa0f248f039d87f3be7e51aebb9dc24549b41018101,Aquest cicle pot continuar durant diverses setmanes si la persona no és tractada.,,6,0,thirties,male_masculine,mallorquí|Inca,Balear,ca,,balearic,common_voice_26_ca,train.tsv,cv-corpus-26.0-2026-06-12/ca/clips/common_voice_ca_20495017.mp3
4d2c8a9f25d2db18368831eae4c6c4ea3d493707b9365edcb20b1519bf30635a627edbdfeb041cbbdfdaaeca1f0fb31e0a47713e3457131494c4888e32a697d4,common_voice_ca_34349199.mp3,36c55f6477e2f42ab3439a25b258b58a0b683b6d9067d61a28c483f8fb236f43,Com si haguessin aconseguit quelcom.,,2,0,,,,Balear,ca,,balearic,common_voice_26_ca,train.tsv,cv-corpus-26.0-2026-06-12/ca/clips/common_voice_ca_34349199.mp3
545efbbd53bb2cb86711ecc7942b4fbcbedd6c117633697d105bc412f14515852690a798cbe4fcf7ea92592022c6f4469adec42be7bff5d10ccef622f4cf96fa,common_voice_ca_31212816.mp3,f60893a3897f851e10945da2797fa36ddcf7606b5429fe5957923920dca36838,Què hi ha al pas de la Marina número trenta-quatre?,,6,0,,,Tortosí,Nord-Occidental,ca,,northwestern,common_voice_26_ca,train.tsv,cv-corpus-26.0-2026-06-12/ca/clips/common_voice_ca_31212816.mp3
472b46a52376dd631c36aeefe66cfb0a1fa215ce4af15651f3a8957141373b6c79dff02a98c35d090e49cd09caac2b007550a97d7b47a7854d6128d1a581d2ac,common_voice_ca_27923241.mp3,4e3239b9f7d4ecd8dcb92fe853039cb27606a8de7d8d379eed3fd83323a98a91,Una baixada de ràfting habitual és la baixada de River Ranch.,,2,0,thirties,female_feminine,,Central,ca,,central,common_voice_26_ca,train.tsv,cv-corpus-26.0-2026-06-12/ca/clips/common_voice_ca_27923241.mp3
be0a2cf6b9cb520177ba3deed94f1a469b3f2f8b625cbbc8c98cd9cf43a60d989f314e18a25cb6aac7e9d944204ec6e1dd99c3caa671018efbe2a204f6b08501,common_voice_ca_38246400.mp3,a3fa8dd501010905b4547492738c11deebda489ab3a059e5410126a9a6d35223,El vot útil té defensors i detractors.,,2,0,,,Palma,Balear,ca,,balearic,common_voice_26_ca,train.tsv,cv-corpus-26.0-2026-06-12/ca/clips/common_voice_ca_38246400.mp3
50e850ad8519302c75231e9efbe794de08ccc5130483f94a3470ce361b68d63605f81edd95ce67ae1c92dc95d75d2b5cf5c55434e6b5daa2d921a915c7865cc2,common_voice_ca_17475860.mp3,ecf5b335bec4b96464150a2ac4f2299c8edff61a53172406fac1102fdc882f4c,Els actes que posen fi als procediments selectius hauran de ser motivats.,,3,0,fourties,male_masculine,,Nord-Occidental,ca,,northwestern,common_voice_26_ca,train.tsv,cv-corpus-26.0-2026-06-12/ca/clips/common_voice_ca_17475860.mp3
729ac774d26f520f8c985eaa2f4a4d610e7064dbbb4b6504c5304b1f1f6b94b21b19a0302e12f7a9bddc32765b82787bfab279fc90772394441780b6f689e2b9,common_voice_ca_31959755.mp3,55e35af85fcba22c2949094fbe5cec83aa9de6d2f881da1eb724c49c6fe33463,Dijous na Dolça anirà a Castellfollit de Riubregós.,,4,0,,,,Central,ca,,central,common_voice_26_ca,train.tsv,cv-corpus-26.0-2026-06-12/ca/clips/common_voice_ca_31959755.mp3
a8264dd930d1b0b3cedb8ad09a5948f6ebbac873d0017cde0712f25af6db5897db89a352454da9f31f15d51809b987819871860f9df906ab76fc230f8c980bf1,common_voice_ca_34201809.mp3,35629e60b955ca352c242830e2a3cd1ef9ccb464889a54b834fece172bcaa276,Harvard Business Review,,4,0,,,Mallorquí de Palma,Balear,ca,,balearic,common_voice_26_ca,train.tsv,cv-corpus-26.0-2026-06-12/ca/clips/common_voice_ca_34201809.mp3
a6ad74ea6260e8219c45e05c77e755fd37612c2f9de1ab7104fb87a28bf8044e432a88448ef0485800886a333e08ae07b5df37522cdc248ae34b4e77ff386d26,common_voice_ca_30495780.mp3,5908e64694bdfe9b98b3bce743cbb024bd7378fda5792170ffd025f6268d9724,"El cognom és Ungureanu: u, ena, ge, u, erra, e, a, ena, u.",,4,0,,,valencià,,ca,,valencian,common_voice_26_ca,train.tsv,cv-corpus-26.0-2026-06-12/ca/clips/common_voice_ca_30495780.mp3
bbb66a66e7f74b028ae63e72b99097e296f9792d1cb02bf5b6a7d1d6925b47d50a34bf492a899ba50c0ee665c59db387950f0146b3c0a2eb1159b37131290a28,common_voice_ca_37602358.mp3,586ab1b6c42bb04707ffd2a26bca4637e7dad4b3443bfd90bc274ef39df3c6d5,Es pot visitar d'abril a octubre.,,2,0,,,,Septentrional,ca,,northern,common_voice_26_ca,train.tsv,cv-corpus-26.0-2026-06-12/ca/clips/common_voice_ca_37602358.mp3
542607874964bd9aa801a480fa0df3f2faf69bb84b86518a361d931f90fa24df00307545f19cb81192841a2d67916785eeef0590f39c5cde9c44b01aea861df4,common_voice_ca_32205196.mp3,9a082ee665199cabbc7f661a86825927a248ca7608abd5423fd7b0ad59c30872,És una cosa que li ve de petit.,,3,0,fourties,male_masculine,,Nord-Occidental,ca,,northwestern,common_voice_26_ca,train.tsv,cv-corpus-26.0-2026-06-12/ca/clips/common_voice_ca_32205196.mp3
98c0b8ebec2e2ce3bd87e8b347810ba6a48688de1d95b46894fd91724959bdb2911a1b4c77fdce4f5a32aaea6a515dc40c508f71b485b69ac91d7ed287644d3b,common_voice_ca_37855371.mp3,86a7b2037b341bb8d6daab2ecea74ab039d27ff262f089a59d07f454f2c5c0ed,Castanyada i concert de sardanes.,,2,0,,,,Central,ca,,central,common_voice_26_ca,train.tsv,cv-corpus-26.0-2026-06-12/ca/clips/common_voice_ca_37855371.mp3
eb6387e8db6ff606efa8ac803e1a0dc6f4e21160f5498f71bf11758d7938e9dbcc4be485be5b5b9159b79bd563d18f2e2fa0838f80980993279616a52abb525b,common_voice_ca_38748361.mp3,c108ef35b3d4642096291068f58c96354fad6e4d879a14ebbe107ab8f2b5ed20,Qui són els socis de govern de Merkel?,,4,0,thirties,female_feminine,castellonenc,Valencià septentrional,ca,,valencian,common_voice_26_ca,train.tsv,cv-corpus-26.0-2026-06-12/ca/clips/common_voice_ca_38748361.mp3
96a20fd33c05a6777e1611b65b12ac2ec2060662e68c003d533fc477dcef30aa29ea77ad76451009a68a8e932584152cf34aaaa76c5db2b8af871ede8fc0aa1c,common_voice_ca_37762070.mp3,7f26c2258ce47398013be7de2d0cf1612925d3d9031bdd85024dc8fe8455cfba,És una torre de planta rectangular voltada de jardí.,,2,0,,,,Balear,ca,,balearic,common_voice_26_ca,train.tsv,cv-corpus-26.0-2026-06-12/ca/clips/common_voice_ca_37762070.mp3
8ebfa7fb8906786379e079e2e63e879713158d6f08d2c1b8e8744f097d782db703138e93c3da54b8f8ba476acdfc4610d752dd9ade7602c7cf6b94d1833b01df,common_voice_ca_32169604.mp3,2a0c2701bc6422cfe35a36e406a8956f245b639c4e3edd6006328647694c1679,S'estira tan llarg com és.,,4,0,fifties,male_masculine,,Septentrional,ca,,northern,common_voice_26_ca,train.tsv,cv-corpus-26.0-2026-06-12/ca/clips/common_voice_ca_32169604.mp3
9531e3a462dc71d76274def0ade1fc170c6e7be16b79a0067692807c6d2cd70d112ba24bbdfcccd9811cbc34b7a24cdde3bc1a54f2de9937b433bca19c9570e7,common_voice_ca_38052872.mp3,95d21dfcf8cd43e04267c3154b2ff7f9c8603406e43684dd2ad4e4a67c0f9ac0,"A més, tots dos haurien de ser completament nacionals.",,2,0,,,septentrional,Septentrional,ca,,northern,common_voice_26_ca,train.tsv,cv-corpus-26.0-2026-06-12/ca/clips/common_voice_ca_38052872.mp3
533f6b5389c76afae3341f9804195543282d28fb503afd0d810e3f0bb4267ddf5e0c30489003844067f811ce46e1900804c7c2368c3737463b00fc54ed179edc,common_voice_ca_19826162.mp3,0e976b8068bdf8971e6772aac4fdeaad078ad473a116eeb9cf24f44c5628e494,El cap del districte és la sotsprefectura de Soissons.,,3,0,thirties,male_masculine,,Nord-Occidental,ca,,northwestern,common_voice_26_ca,train.tsv,cv-corpus-26.0-2026-06-12/ca/clips/common_voice_ca_19826162.mp3
2b75eb37645fe01fbf04d53bf1492f003e3e4abfd8282bf74512df42b27a60fccdd6c88fecaee17fabce5fee8d3e004914f95b9aa94b07d06525994127610638,common_voice_ca_22510114.mp3,8d0a6902de8eb9fa83cc4f71a7bbe370c6243ddb2e4262a1cbff14e6be9f0f92,També s'hi ofereixen viatges en vaixell.,,3,0,twenties,male_masculine,,Nord-Occidental,ca,,northwestern,common_voice_26_ca,train.tsv,cv-corpus-26.0-2026-06-12/ca/clips/common_voice_ca_22510114.mp3
90aacb6e5884a88c78cf93e77ad46f5b2c643042e24cf33f6fc3edf4c4ae9fbb76517000acd023ec4d19fa1854d7bbf4c21839576ed6cc0661f6533339f50bee,common_voice_ca_25961047.mp3,2d3e28ce5b66455cef3509eda05f2057c44c016c6c826bfed946562ab941db6c,A la zona hi vivien originàriament indis nadius americans.,,3,0,,,,Central,ca,,central,common_voice_26_ca,train.tsv,cv-corpus-26.0-2026-06-12/ca/clips/common_voice_ca_25961047.mp3
e3764c738c1c1fa6c063aecd70e041588a2a0762fb4be037f7fd5bac92482ed7ccc166f166ae166637df0ec05244c00c8fba7e726872247adb9b8f2c85cc5aff,common_voice_ca_32130779.mp3,7ce987cf01d10f061060f79ed3319d7f8b1b7fd13c3c42bb4fcaf39145340eb4,Per Sant Jordi na Neida i en Manel volen anar a Girona.,,4,0,thirties,male_masculine,,Balear,ca,,balearic,common_voice_26_ca,train.tsv,cv-corpus-26.0-2026-06-12/ca/clips/common_voice_ca_32130779.mp3
d5b96fe8d2aa7880e586b7eab4782136dc15400fc2592e4b812f7b933b1fdf3799429f1a701aa1c5e7e9f80a24ec83fd124ece79a0c2fd9f0bda67e934379def,common_voice_ca_31754698.mp3,132068be4e2dd90e3489f54b825781a758cc5021d2671a1ff2ec74633fa7a1a7,El nou d'octubre en Quer i na Duna iran a Castelldans.,,6,0,,,valencià,,ca,,valencian,common_voice_26_ca,train.tsv,cv-corpus-26.0-2026-06-12/ca/clips/common_voice_ca_31754698.mp3
44732db2acfc0a73f35e5ec44eb5e9a906cfa92adfb1689619f771e8fb5702e07cd437dc1f96505c525171797093aefb5ead5ae2a86413cbc075cec5466b97af,common_voice_ca_30741217.mp3,68027e7ddb1a8731434e465373282d72e712f7d147a0b01a464aff95e19befbf,Aquest quadre representa la batalla de Lepant.,,8,0,fifties,male_masculine,Terres de l'Ebre,Septentrional,ca,,northern,common_voice_26_ca,train.tsv,cv-corpus-26.0-2026-06-12/ca/clips/common_voice_ca_30741217.mp3
c18ab362acd0badd389cda7826ee8bc10a85330920a1a3e46cda23d1340f726c1a5b149c07cc29b472117062692d14e54610c25759059cad6c7fa617f0d942d5,common_voice_ca_37545636.mp3,bcc56f403741e0136a47afaa8bad3b1970f6522ce48f9049fd983548c0531cb6,No passar els anys.,,2,0,,,,Nord-Occidental,ca,,northwestern,common_voice_26_ca,train.tsv,cv-corpus-26.0-2026-06-12/ca/clips/common_voice_ca_37545636.mp3
f6bae72608235f2079672dcf4ecbd58c84873978bb4015fa751a9d82a6f73d949e98cb1e92969cf93a95c37d4042899f72c8dc1973aa7873a86bf44bf75782f1,common_voice_ca_30810147.mp3,8a3191ca8985ebea8348fa096c24071e38dbbbb7c27c15bc8e81d29299fe03db,L'origen de Samekh no està clar.,,4,0,,,valencià,,ca,,valencian,common_voice_26_ca,train.tsv,cv-corpus-26.0-2026-06-12/ca/clips/common_voice_ca_30810147.mp3
5e19fb22705cc43f5bec307c7c85ebe5e436379074f119e2ca86c6718949cbb53beefcfc70bb350675c40155c0b5673d4d68966330c9516029e96d5b77d78e3c,common_voice_ca_33834818.mp3,307c5e82a2d155ec19bd06eb154403d2ab381d9a6793836dcc390824fc173342,"Els títols dels seus germans incloïen el clon directe de ""Viz"", ""Gas"", i la reedició de l""antologia ""Talking Turkey"".",,2,0,twenties,female_feminine,,Balear,ca,,balearic,common_voice_26_ca,train.tsv,cv-corpus-26.0-2026-06-12/ca/clips/common_voice_ca_33834818.mp3
f68e09280076997e63edff7d22d1147538e45423a2efc0e3f75b3ca1b26a35f94bb50469768bdf58200688279ff4191ff9e4662313fee6fffa46a1c69af429bd,common_voice_ca_37603279.mp3,57acf8fb7a7ad4f9c0ee950c831a7495ff0dd3e07a85b6c914ab4d17a872ebe3,Estar bé amb sos amics.,,2,0,,,,Septentrional,ca,,northern,common_voice_26_ca,train.tsv,cv-corpus-26.0-2026-06-12/ca/clips/common_voice_ca_37603279.mp3
67b67cfc054332945b878e7a2b10afbb309ed9f6b2cbd66436f6ef82d08e7c704219062671cd1b8dcd185225adb750d2e6edf4467dffda5702642950836350d0,common_voice_ca_36846724.mp3,e23ed1e51ef8040ef53b835e8e77def39ccb8fde01a09535bd2e5e9a1644ca29,Era típic de la situació general,,2,0,,,,Balear,ca,,balearic,common_voice_26_ca,train.tsv,cv-corpus-26.0-2026-06-12/ca/clips/common_voice_ca_36846724.mp3
6f2a457c01530406c595c0ea948c1f137aeaf185653fb6204efd098a107a46ea772f763c59b7f8113640ba53e8cbcba5f90c52720697aad0ebdd81772ab7a0dd,common_voice_ca_30818250.mp3,8cbf96420190a967869dbbb1c9c239726ff33843d2cfe04d2247d4f2e5f61b98,Al matí següent va tornar a atacar i va recuperar la posició.,,3,0,,,,Nord-Occidental,ca,,northwestern,common_voice_26_ca,train.tsv,cv-corpus-26.0-2026-06-12/ca/clips/common_voice_ca_30818250.mp3
a8e6a1b59d13a928f7c4c37994e082e745aed39a566e7a7bdd87f8d90af8a6d9234159c5e28bd4d5ca7f073d6cd0cb71412d60f075b3207d15042d495398a454,common_voice_ca_37590061.mp3,2fdf681f995a0d172c423fbfb13f22bd06c96974dc1c6bc9b465cf2b6c83c798,Fer el boig.,,2,0,,,valencià,,ca,,valencian,common_voice_26_ca,train.tsv,cv-corpus-26.0-2026-06-12/ca/clips/common_voice_ca_37590061.mp3
c047538c727dfe0d9ece19b8cfb4cc842876eb092de5cdce09ab3df9f65324f96db960cc2fc52be9147f25140c80e64e4f4dbebc5b9e2ac3be58086b539feacd,common_voice_ca_36371894.mp3,51559170e5e50b67915d565aa9a8853cb5d9b7d84f026f3ec9b6a0129764f3dd,Vull anar amb tu a Galícia.,,2,0,,,,Balear,ca,,balearic,common_voice_26_ca,train.tsv,cv-corpus-26.0-2026-06-12/ca/clips/common_voice_ca_36371894.mp3
bbb66a66e7f74b028ae63e72b99097e296f9792d1cb02bf5b6a7d1d6925b47d50a34bf492a899ba50c0ee665c59db387950f0146b3c0a2eb1159b37131290a28,common_voice_ca_37602335.mp3,53fab6aef7aacab5eba26d11747c38fc5dde1ef2f755b041bc67135fb83885ee,"Coneixes la comarca del Baix Ebre i la seva capital, Tortosa?",,2,0,,,,Septentrional,ca,,northern,common_voice_26_ca,train.tsv,cv-corpus-26.0-2026-06-12/ca/clips/common_voice_ca_37602335.mp3
de579dfbe41bf9280a13029d6db50f07ff8411c424642aacbe36f9564cd11aed4fcc091003284b4d3bc232f79ebad16a60afdef6b2e46b8c8daed7a7bd42c979,common_voice_ca_30878740.mp3,a1f098ca510c1e1d0ad4b2f6c0e6883b7568f031c267a642ecb6ed785adaf665,"El consell del districte de Lat Phrao té set membres, cadascun dels quals compleix mandats de quatre anys.",,2,0,,,,Septentrional,ca,,northern,common_voice_26_ca,train.tsv,cv-corpus-26.0-2026-06-12/ca/clips/common_voice_ca_30878740.mp3
5373d9b5ddba5b3c9b74f66afc69eb5e2c2be533b6326125a45ecf198b498a83017c558851b0513fa1a120cd78155a5033b794b59dc88997622f1ac06db2f570,common_voice_ca_31929941.mp3,4bd0e0362b7227dda483253fe1a86a2f9f4698684b78e1283adc4e2cdfc33a27,Diumenge na Nit vol anar a Ares del Maestrat.,,4,0,,,,Septentrional,ca,,northern,common_voice_26_ca,train.tsv,cv-corpus-26.0-2026-06-12/ca/clips/common_voice_ca_31929941.mp3
e872f5a39f4b84ca6cff1a2dce04ad602d3e81555998acdc482540ce21c855eb8f2a1d2c0b9c0bc95b73969a7114917b9f811353606d1da6923e710960a8aa30,common_voice_ca_31047199.mp3,ded318d702f9843979037a519e1edacc29ce8bf32454df8d8f0dcf9eb91a7958,Consideraven molts conceptes i interpretacions dominants com a màscares de realitats més profundes.,,3,0,sixties,male_masculine,,Central,ca,,central,common_voice_26_ca,train.tsv,cv-corpus-26.0-2026-06-12/ca/clips/common_voice_ca_31047199.mp3
c1bafe50eb70a1b65188fac549c6bbe7f641b672fbe9fd08cb64ed1f176efbedeca88f5c295d508e2dbf9b495fe0040bbbfbc4776af0d6cad6576a997db3e4cc,common_voice_ca_22432916.mp3,87706cccf59e0ad19faf91b1578be283cb5d1a2ac62511ffebf6e0689d4064a0,Alguns dimonis intenten evitar que les persones ascendeixin al Cel.,,3,0,thirties,male_masculine,valencià,Valencià meridional,ca,,valencian,common_voice_26_ca,train.tsv,cv-corpus-26.0-2026-06-12/ca/clips/common_voice_ca_22432916.mp3
e923bc62a2f8eb6dea618c7fd46a74ff7f42a592ccba2c936c2d38a50d443bb015e35fea1bab4b5a2e79b41fd6d2ea5ba3eaaa918f234e548da200688ec69016,common_voice_ca_37602946.mp3,59746a945ce4f592c5a70a104d3da57af2dd694406f477230dd152c6b6057ccd,La cara real.,,2,0,,,,Nord-Occidental,ca,,northwestern,common_voice_26_ca,train.tsv,cv-corpus-26.0-2026-06-12/ca/clips/common_voice_ca_37602946.mp3
63797be6a30d231fed952ba971400a7bee2b72015301d42cdd90b0df30c15da878d9d760a044e6c8a4ab35ddcacfb4247481b3ac45a9d1ce1737a2358c7fa93e,common_voice_ca_37414867.mp3,75f6eb6012bce5e5616075ad633ab684b9d329bb4b79c3f7be63051ac6526bba,La coberta dels tres cossos és plana.,,2,0,,,,Septentrional,ca,,northern,common_voice_26_ca,train.tsv,cv-corpus-26.0-2026-06-12/ca/clips/common_voice_ca_37414867.mp3
44732db2acfc0a73f35e5ec44eb5e9a906cfa92adfb1689619f771e8fb5702e07cd437dc1f96505c525171797093aefb5ead5ae2a86413cbc075cec5466b97af,common_voice_ca_30741320.mp3,6dc86902a005fdd42c01c81ac8d29ad07ea8cb849a9f18474c5eab9fd57adfab,No sé on cau la Font de la Reina.,,6,0,fifties,male_masculine,Terres de l'Ebre,Septentrional,ca,,northern,common_voice_26_ca,train.tsv,cv-corpus-26.0-2026-06-12/ca/clips/common_voice_ca_30741320.mp3
68eb1f2c559fced575a78518ab0b267a60f1877dbe6d27410d56a1d8b178f1d16e428e59044ccc5aec49404a487c82ff27d848a06453ebdb52b24222513ba302,common_voice_ca_31313004.mp3,0634de5f6df70c55bf9c4bdc6ec27ed55e0dd52522468241f6b09098564dff1b,Hi ha algun lampista al carrer d'Adrall?,,2,0,,,,Balear,ca,,balearic,common_voice_26_ca,train.tsv,cv-corpus-26.0-2026-06-12/ca/clips/common_voice_ca_31313004.mp3
eb4b7c51d4407ab5b1e88529b5c688c9b4a52390978bee845d65e249cedcce08709f7ed1555321ee5ec18a9a333be53a8fd62228ef789e3ca91755b40d5e16c3,common_voice_ca_31861484.mp3,3ad56a6ed1a651136d5190a00556bc8e3fe212ca904256e8c1b61b63987ca227,El nou d'octubre en Guillem i en Sam aniran a Sant Andreu de la Barca.,,2,0,twenties,female_feminine,,Nord-Occidental,ca,,northwestern,common_voice_26_ca,train.tsv,cv-corpus-26.0-2026-06-12/ca/clips/common_voice_ca_31861484.mp3
19b58c23bcd3675fc2d5418487f2e974939a5b6f1b0fa966ab08740798dc91d37eeb8e48c775fbcf5ce2fe24cf66968c1616e5491d3f180c4888254a3614490d,common_voice_ca_31137494.mp3,f19ba85b6c6cb3b3b90a19af166d8e041bf89ba6b12269ba98e21e5b113a23fd,És amant de l'òpera i del cinema.,,2,0,twenties,male_masculine,,Balear,ca,,balearic,common_voice_26_ca,train.tsv,cv-corpus-26.0-2026-06-12/ca/clips/common_voice_ca_31137494.mp3
50ff87c2323af2004bb06bb19ec486b7a7b7509ff294a13954e97b0342b9e68e7493646841e052649495922198638773397b0c3862259e44933a29ce10baceb9,common_voice_ca_32068338.mp3,5ec1b4bd4188ec4451cb33018bc1b8e3bc256ac309f4cb18d5a34192871f2543,El vint-i-nou de febrer en Biel irà a Rossell.,,4,0,,,,Septentrional,ca,,northern,common_voice_26_ca,train.tsv,cv-corpus-26.0-2026-06-12/ca/clips/common_voice_ca_32068338.mp3
81e09bc7f9dd35013e81277f76bb89aee439b064ef6643904da6120aa3399002056363fd6472adf5cb4c6aaba56d7a54b39a9f10f19bfce853aa77570a2b6348,common_voice_ca_37924560.mp3,8c8b74f6725ddd93e99178f8ebae0c0e0617c1ba3e97ec960f56cdd0eb7f271f,Divendres mons pares volen anar a visitar mon oncle.,,3,0,,,valencià,,ca,,valencian,common_voice_26_ca,train.tsv,cv-corpus-26.0-2026-06-12/ca/clips/common_voice_ca_37924560.mp3
66bd67e6893a5a8d1f1c24ddf17636e04d1623c17c11d57a83fc022a43c38796544cdfee368fe8783d48b8f2745d551e57aca0a81fbcf5971fade8516eb02001,common_voice_ca_31241500.mp3,fc46d855501f53f67927a9d332b67219a0f9dd4477091e7783d95dee4d9d2313,"És per això doncs, que té tanta importància.",,3,0,sixties,male_masculine,,Central,ca,,central,common_voice_26_ca,train.tsv,cv-corpus-26.0-2026-06-12/ca/clips/common_voice_ca_31241500.mp3
50d73e89f1b40a1a059ecfff053e9688e278023081c38d5a0862e46aa284ff27c65488b9675d1cffff743e47213f2a3b1441556785ee9195e68561790ead0d0c,common_voice_ca_36824884.mp3,5c7474d716bf40dec0467364c298ce5e3b56727077b4cd332b6eb1aa0f34f499,A conseqüència els fills nascuts d'aquesta darrera unió no van ser legitimats.,,4,0,,,nord-occidental  de l’Alt Urgell,Nord-Occidental,ca,,northwestern,common_voice_26_ca,train.tsv,cv-corpus-26.0-2026-06-12/ca/clips/common_voice_ca_36824884.mp3
30f6a9704c99493898ff346ecd7e689f1187e0f98a450384fad5c883e20d059584a1b3af8239cd9716f55f925ba3a235bc173ddb1bdc6ae7c77f8cd2d71bd8ce,common_voice_ca_41103969.mp3,c49730d987e021001cc5702c8151cd07327feb2f07a89071a903beb12328718c,On es va produir l'atac?,,2,0,,,central,Central,ca,,central,common_voice_26_ca,train.tsv,cv-corpus-26.0-2026-06-12/ca/clips/common_voice_ca_41103969.mp3
b3480025157f80b54a8ec0282b27baa14ebcf849e06354bb7c4caeed9b00ccd98e433465316ee7a8e92edd7131d002754dff0b7ed8a5a9cefd8452bceaf78696,common_voice_ca_30920484.mp3,b1af22fca0360d1e3f5f5f141fa29547a5986d3d410a49606dbe6bf8c02f03e6,He d'anar a la Palma de Cervelló amb bicicleta demà a tres quarts de dotze.,,2,0,,,,Nord-Occidental,ca,,northwestern,common_voice_26_ca,train.tsv,cv-corpus-26.0-2026-06-12/ca/clips/common_voice_ca_30920484.mp3
cc044cbd66343acb7e4da20c0ee891c7723aa2a8a499515b6b9beec39d02072ee1378e017d134fc25067fa93bf6dce4ec5f5b135a6694ef14dccc8835f46d45d,common_voice_ca_31916124.mp3,4797fb58e3fbddaa8dfeaceb451c83e1940252f21530b0a9d7e4cb6b8ea43c28,Per Sant Jordi na Carlota i en Martí aniran a Vilabella.,,2,0,sixties,male_masculine,,Central,ca,,central,common_voice_26_ca,train.tsv,cv-corpus-26.0-2026-06-12/ca/clips/common_voice_ca_31916124.mp3
409888c3f772d4bec7d4d973e4582402bee12b0ab7dd57c7e6c359a9a43965b955433eac8d6410b29f0b9ec2667986c97b3c4d279c19e9f53a60478b0bb64ebd,common_voice_ca_30940623.mp3,a0f0e6951bb6e73633ff7c92bb5949468e5772c52c601285ff77e50b65b140bb,Ets el Jaume Vila Serra.,,2,0,fifties,male_masculine,,Nord-Occidental,ca,,northwestern,common_voice_26_ca,train.tsv,cv-corpus-26.0-2026-06-12/ca/clips/common_voice_ca_30940623.mp3
50e850ad8519302c75231e9efbe794de08ccc5130483f94a3470ce361b68d63605f81edd95ce67ae1c92dc95d75d2b5cf5c55434e6b5daa2d921a915c7865cc2,common_voice_ca_24685860.mp3,ddb5d9b1b117cd4f33e2e02f9c4986dc49e78102462d6625c3ee3cc3358449cb,Té el bec gran de color grisenc.,,3,0,fourties,male_masculine,,Nord-Occidental,ca,,northwestern,common_voice_26_ca,train.tsv,cv-corpus-26.0-2026-06-12/ca/clips/common_voice_ca_24685860.mp3
5704bc36cf6ca14a600d3d134945ba90accca770b1c14da9f4134ae166e0b1485a3d1688978378e2c022e86c2e601deb1a4aa097c0f7a69e2113c18d9abb31cc,common_voice_ca_35115182.mp3,42d260457ac055fbb5773902f5c18cb52715961ee746a21322f059cd5b7de01f,Dijous na Cloè irà a Elda.,,2,0,twenties,male_masculine,valencià,Valencià meridional,ca,,valencian,common_voice_26_ca,train.tsv,cv-corpus-26.0-2026-06-12/ca/clips/common_voice_ca_35115182.mp3
fafcedf704b50dd001b3a2c3ae14422e73021415475ee2cbc5b53bf84bcf6109a594e42d5a89bfe2fcee17426ee4911bc513e2120f4b3e6cb0cab95c031af83a,common_voice_ca_37958926.mp3,8f6465e57e47e6bdfe7768d1cdb7604bb1b2a345ed43a99fcea6520e3ace83da,Gregson havia deixat la porta exterior lleugerament entreoberta.,,2,0,,,valencià,,ca,,valencian,common_voice_26_ca,train.tsv,cv-corpus-26.0-2026-06-12/ca/clips/common_voice_ca_37958926.mp3
f6bae72608235f2079672dcf4ecbd58c84873978bb4015fa751a9d82a6f73d949e98cb1e92969cf93a95c37d4042899f72c8dc1973aa7873a86bf44bf75782f1,common_voice_ca_30809905.mp3,8a13133561837ec5bb8769101f473a69e6b5140ad46a2c2b480ed1011e7953bd,"Li va respondre a rajaploma, sense filigranes ni diplomàcia.",,4,0,,,valencià,,ca,,valencian,common_voice_26_ca,train.tsv,cv-corpus-26.0-2026-06-12/ca/clips/common_voice_ca_30809905.mp3
9fb7c6ba9e690d4f142bcc1f2e88ba470bea8a54402e314229c5ad44a55710b7495097ebb61ba16d4f147de441805dcf87693b30de26a04672b3c4e2adfc9583,common_voice_ca_30754405.mp3,7601f6af72e2fd7dee20609a764463828200392af4e25966f968d311193fefe1,Aquests districtes no coincideixen amb la geografia dels territoris.,,3,0,,,,Septentrional,ca,,northern,common_voice_26_ca,train.tsv,cv-corpus-26.0-2026-06-12/ca/clips/common_voice_ca_30754405.mp3
f5a157dcc1db9578aa5f53a05a9bf67d2ba43f4e816817b9fa3cded6a599e9aeda835c72f73ddfad962d39abc09c4f63e53a6950905bf0e81023346cf27b8f35,common_voice_ca_38649503.mp3,bd789d2b1b8021ef25e94829703c4c6d114fd8971250a39a19a7e6b3751de9fe,Et tornes boig per les graelles.,,2,0,,,valencià,Alacantí,ca,,valencian,common_voice_26_ca,train.tsv,cv-corpus-26.0-2026-06-12/ca/clips/common_voice_ca_38649503.mp3
49537af2506ea55124b5031787600dbbecae39722d53d65c1b195f4d96fcb4c5543a280afd0c1df53705c2765733d96de52b30c82aeccbedd8f60a115194b7ab,common_voice_ca_36979197.mp3,651b2ba7abaafb58616edb4b351a87d74d7f4da6c2104081023447369f04a8f2,La canya de sucre i el cafè son productes comuns d'aquesta regió.,,4,0,fourties,female_feminine,,Central,ca,,central,common_voice_26_ca,train.tsv,cv-corpus-26.0-2026-06-12/ca/clips/common_voice_ca_36979197.mp3
b8bde2b8fa282ab90b5f6c7a8af3c36b82d29e71713e454d174c1e9c1eef0873f75a45eda3ed09b0b130d8c1d554b791bdf9f78152f0d906dd7f181f6a5c70a8,common_voice_ca_31247649.mp3,fd5a541e2e96fe9855bb08ac539f308de5b597816040587b76cf4062279a399f,Els fluxos independents es poden transmetre simultàniament des de totes les antenes.,,3,0,fourties,female_feminine,,Central,ca,,central,common_voice_26_ca,train.tsv,cv-corpus-26.0-2026-06-12/ca/clips/common_voice_ca_31247649.mp3
63797be6a30d231fed952ba971400a7bee2b72015301d42cdd90b0df30c15da878d9d760a044e6c8a4ab35ddcacfb4247481b3ac45a9d1ce1737a2358c7fa93e,common_voice_ca_37414870.mp3,75fe7a8ab5c0e481223513abcc3475b5970b5cc5ef012f971464cb3e635da7a5,La tradició popular parla del possible origen romà de la torre.,,2,0,,,,Septentrional,ca,,northern,common_voice_26_ca,train.tsv,cv-corpus-26.0-2026-06-12/ca/clips/common_voice_ca_37414870.mp3
bc450ff9773492a99905edac03149ee62d3d1ce17e5a097c91f597f90a8f955ff69e7db4e77207fb3d471b18844b2f74524077fff27cbb27123a45e7a024731d,common_voice_ca_37577737.mp3,034e156657152fa1162fd2dc45b63627df842d0b7bbb190f07eb011e26881e94,Fer un mos.,,2,0,,,valencià,,ca,,valencian,common_voice_26_ca,train.tsv,cv-corpus-26.0-2026-06-12/ca/clips/common_voice_ca_37577737.mp3
6f108595766a81723439ea3206439af964707132aab7ec8ac6007dbc364c6fa2f409351576bf5a236da2d1ecdbf577b73c09fca85d9543a8069bad36e74c7fdd,common_voice_ca_30903832.mp3,ab7149e815498a5e45112cb0bd88aeaf3c7e0b39903a624fa2fe168651b6fded,Estic segur que no podré!,,5,0,,,,Septentrional,ca,,northern,common_voice_26_ca,train.tsv,cv-corpus-26.0-2026-06-12/ca/clips/common_voice_ca_30903832.mp3
62a7333977c33ef3358ed5212ebe5defea639658cdffcb393ef76b854ce35dc4c4140de5d6a475c5ac1175d71e92626226f0a33bb4a77b534f140b8da37e9cb3,common_voice_ca_32087775.mp3,665462a8c0c0cbaac4677f6a7c7cca1e12b3d5d1b34160d03947662757ed1ecb,Dimarts na Gemma i en Guerau iran al cinema.,,3,0,,,,Septentrional,ca,,northern,common_voice_26_ca,train.tsv,cv-corpus-26.0-2026-06-12/ca/clips/common_voice_ca_32087775.mp3
eafd32cf456c76a87f73ca46ce0f1bfb50d17f5375ca5f002d21f4b3f8121fdddc864c3244382cafedbfd10b9fd1bd35470b680dbdfff6dd0356c7d47486be52,common_voice_ca_17571671.mp3,59d508c39ad59bfd780d10ee8703b4d904ef1cc2d08ad98d3ae537f3d0675ac6,Voluntàriament pot formular fins a seixanta peticions en cadascuna de les fases d'elecció en les quals participi.,,2,0,fourties,male_masculine,,Central,ca,,central,common_voice_26_ca,train.tsv,cv-corpus-26.0-2026-06-12/ca/clips/common_voice_ca_17571671.mp3
2e4b6ebc42a60a006db0a339074484b716b0e0fe48dd5f52069272f76078c7768681deaa5032174f803a0f5c4b39c789844963782088a703a6551903429038b9,common_voice_ca_31368036.mp3,0f75bcce765cb4b7439330c3a381c3141b5db907b45ecea0de071aa5b19695fa,A quina hora passa el primer autobús per Bunyola el deu d'agost?,,2,0,fourties,male_masculine,,Central,ca,,central,common_voice_26_ca,train.tsv,cv-corpus-26.0-2026-06-12/ca/clips/common_voice_ca_31368036.mp3
295b9d23f4ce88761422019614c38eca7ec403efa41aaadc32190522cc1d19e73c4fe27fbc020822634c317f4432c19a12f2fd598170df0d5cf993d0542a56f2,common_voice_ca_34480067.mp3,37fb873c87c3f19a6a8dc9b1bc31b59dc42c86d00cf4b7b151bb3af441356fda,Tenia una oficina a Busan on s'hi duia a terme activitat comercial i diplomàtica diàriament.,,2,0,fifties,male_masculine,,Balear,ca,,balearic,common_voice_26_ca,train.tsv,cv-corpus-26.0-2026-06-12/ca/clips/common_voice_ca_34480067.mp3
dd67b63c4d68b2490175ec46ce1d55d39f69e8926bf7bc17f983bbcf69b36887e328230c16c3c779a345b63261e2500295015ce2013f81bc5b643029e51af1db,common_voice_ca_21368873.mp3,4f06c6cbc4b022716966310b430c5c3dfc14a337416f9ef17d178c178bdca191,S'aboca en el Tec al Voló.,,3,0,fourties,male_masculine,valencià,,ca,,valencian,common_voice_26_ca,train.tsv,cv-corpus-26.0-2026-06-12/ca/clips/common_voice_ca_21368873.mp3
63b5f483250d5d648f92d9f9ef07be2652f7c604b8216122701e0371603225d885014f251405a5c4671ef3c822ea0230475d600041667054b64adf2be0e7a58c,common_voice_ca_37577066.mp3,028853c82dbc2f74c28428385cae6cd3b4f8ba907e752ecb96f7400eb1061914,Pere xerraire no el creguis gaire.,,2,0,,,valencià,,ca,,valencian,common_voice_26_ca,train.tsv,cv-corpus-26.0-2026-06-12/ca/clips/common_voice_ca_37577066.mp3
67cf78b6ac32a0a7d46435961796f65219a42f4e88b51dbcd424a6b164b5d4fca1e63a21d63369854ad4507640c6714aa909ae1d91e21d18fc311a4c82ac72e1,common_voice_ca_37760840.mp3,7e490ff39f4427a896fb69e10b5a386bb69710415d195f13d19e8da11167c45b,Inicialment jugà de verd i negre a ratlles verticals.,,2,0,twenties,male_masculine,,Nord-Occidental,ca,,northwestern,common_voice_26_ca,train.tsv,cv-corpus-26.0-2026-06-12/ca/clips/common_voice_ca_37760840.mp3
9531e3a462dc71d76274def0ade1fc170c6e7be16b79a0067692807c6d2cd70d112ba24bbdfcccd9811cbc34b7a24cdde3bc1a54f2de9937b433bca19c9570e7,common_voice_ca_38052870.mp3,960a3598a582acddf36d9b8e82dd0e3ba6ee031a362fc41c49e75e84748d6cae,La capital és la ciutat de Grosseto.,,2,0,,,septentrional,Septentrional,ca,,northern,common_voice_26_ca,train.tsv,cv-corpus-26.0-2026-06-12/ca/clips/common_voice_ca_38052870.mp3
92891fa5d0252d8925f414cfb9c70d26d072552ab50e1e8b28467311c9b40e9d77aadedf5a09bd922e660758b12c084927a84d4e81072d8f763af20b7427764d,common_voice_ca_25092520.mp3,104e7033b9f52c6ec5eb085ab44c5b3fc9ab2c142ea73f1c89980fd69af3fdca,"Passa amb major freqüència en persones grans, especialment en llars d'avis.",,4,0,,,,Septentrional,ca,,northern,common_voice_26_ca,train.tsv,cv-corpus-26.0-2026-06-12/ca/clips/common_voice_ca_25092520.mp3
bd24eb79a3f6592892711a17449820fd1f0e0f428fa3e8a78bb1e5a415fd5271741dd197dc18561eff0a19451709221c5ac4aaf0ff91d5523b887a2d71ac2b49,common_voice_ca_37560254.mp3,d231f1efbe8f115c1f34f3b39c4c83820cd4e5ae0bb4db45705e5a70d9a34706,Clavar o donar una perruca.,,2,0,,,,Balear,ca,,balearic,common_voice_26_ca,train.tsv,cv-corpus-26.0-2026-06-12/ca/clips/common_voice_ca_37560254.mp3
7da31de24eb1a13137586d9afb543e66aa6046bd2e9ff53823e16ef9ea368d81e16061f5db878cede34ac9bebc54953f1e327908556f6e9bf5e06a9ac4cf4bf1,common_voice_ca_30846855.mp3,96e88f1faf15f7f5d4e9150311640a9683ac54f0db22a09591bdb3a68b0235e9,"L'escut era sable, amb un lleó argent rampant ressaltat de gules.",,2,0,,,,Nord-Occidental,ca,,northwestern,common_voice_26_ca,train.tsv,cv-corpus-26.0-2026-06-12/ca/clips/common_voice_ca_30846855.mp3
6389e78135c64c14efff215cd424090190ed6a0c05b5c3ef000c4a7d36c6e184b61f3a383115b1df9723a43971a4d75ccd98921a1a9a10367f85aff41943caed,common_voice_ca_37551780.mp3,caf3d348dab9b597b3cd27102614cdedf8441e0899d437fba8db345263968101,"Qui no hi és, no hereta.",,2,0,,,valencià,,ca,,valencian,common_voice_26_ca,train.tsv,cv-corpus-26.0-2026-06-12/ca/clips/common_voice_ca_37551780.mp3
897c3401b4a35d8fad5966bf8c4dce6d94837c76e46e8131a8bd70527f6e1d8c9f59053d0a56425d7dee71939280ac3c38df14e976f613cb906d7187d6141297,common_voice_ca_23432634.mp3,a17fcba24b9ba6bc1756d7bfee1de7cb3bfe5053c72fab7d313ac8c17ec59453,Té un pati central.,,3,0,seventies,male_masculine,,Central,ca,,central,common_voice_26_ca,train.tsv,cv-corpus-26.0-2026-06-12/ca/clips/common_voice_ca_23432634.mp3
8457984189900b836c262a847910e410608f003d43d78b65b4e6c0ddec58fc63570d90b1ddd8be356855d3d5859194f2743516bcb3a16a842bb330084eaf4990,common_voice_ca_30912947.mp3,aec723018f25690426ee7b25d3d842c9025d627a84e4a1e462e459c5b0c85905,"""Només vaig fer el curs normal"".",,6,0,seventies,male_masculine,Lleidatà,Nord-Occidental,ca,,northwestern,common_voice_26_ca,train.tsv,cv-corpus-26.0-2026-06-12/ca/clips/common_voice_ca_30912947.mp3
9bf395146f30cbf7334f0637429df098bf03fe837d37a1c27fffb3fe93cb0b9595b60e11eddc02e109daf9cf2789fa1151367b9f29bd6acf0b5bdb066e07ef87,common_voice_ca_36878799.mp3,5f7baec7ffd8d80ed4b6eba468d1abfaad0a9665e0d5115aada00f39b7bf0888,L'edifici presenta una acurada articulació dels seus murs exteriors.,,2,0,,,valencià,,ca,,valencian,common_voice_26_ca,train.tsv,cv-corpus-26.0-2026-06-12/ca/clips/common_voice_ca_36878799.mp3
7f24896be12622e563222917ae8a855fc6f151b7a5e627055e95a83b1d0736d3bb85328a34d9ba38258b5f655ddbb8be027144871388d2390a98d0a870f8c672,common_voice_ca_37659020.mp3,7af3d533b62d12c75ce2a4867e85230a9a557dbefb93b550a314e1f7b47b722b,Val més ser amo d'un ou que criat d'un bou.,,2,0,teens,female_feminine,,Balear,ca,,balearic,common_voice_26_ca,train.tsv,cv-corpus-26.0-2026-06-12/ca/clips/common_voice_ca_37659020.mp3
f4876ef39bda4d5be1bce2491b5a33de77df6c2b0c2ef119b3ae07aac9e00f83325606fdf925f154c44eda0a27d6c4d5248828e427cf4ee37d0180592d4000c0,common_voice_ca_37699523.mp3,7d3797a9a5fe29e017788b94e886fbf9877f7bb4810b688ca0a0436a321c9601,Dilluns na Berta i na Mariona aniran a la platja.,,2,0,,,eivissenc ,,ca,,balearic,common_voice_26_ca,train.tsv,cv-corpus-26.0-2026-06-12/ca/clips/common_voice_ca_37699523.mp3
7d19e719dcd616293603080de330b15c87b728c659c3adee71fdc2b87e9e2ca7088aac468708df56b7ef0a5ec7534edcffd0e34b48a32ebd7eee9f106a77bcc3,common_voice_ca_21837156.mp3,6b05e996b5bfd2612ce9b4dd7caf917f2822d9274ce1a12ff69a6ef9787f095f,Aquesta activitat ha perdurat fins als nostres dies amb l'Escolania parroquial i la Coral Cardonina.,,2,0,teens,male_masculine,,Central,ca,,central,common_voice_26_ca,train.tsv,cv-corpus-26.0-2026-06-12/ca/clips/common_voice_ca_21837156.mp3
46098bc705768ba56decc92e627fc907363d2e384241e8df3305944a2a5c707f72d4bf6c029e0352447e7f3a27ee52e1e767a8ed4d1769579e7eb82efb003bbe,common_voice_ca_31318023.mp3,06f091c1ddc8c9da49f837a854a03ad8cdf3cfc2b6e8d03a3da4b4f2f26e5c02,En el nivell superior de la façana lateral sud hi ha una obertura apaïsada.,,6,0,,,valencià,,ca,,valencian,common_voice_26_ca,train.tsv,cv-corpus-26.0-2026-06-12/ca/clips/common_voice_ca_31318023.mp3
444f0f5422d6d8df65a071c2737181a0110368ac69baff0b6e879d5b24c6893399d79e81817299d2ab941cc5c6fa0ce0b39852ddf355f8c3546adf054a739c97,common_voice_ca_32411675.mp3,e9c62fc3455d529708ffbec55eab063c91345c5a066bea78972cd1fad57c951e,Dimecres en Marc i en Guim iran a Vilanova de la Barca.,,3,0,,,,Septentrional,ca,,northern,common_voice_26_ca,train.tsv,cv-corpus-26.0-2026-06-12/ca/clips/common_voice_ca_32411675.mp3
13d56c39e733c6e0565d12da0bcc8fc4051c044c96614bfd9640d13c0b48c457ff57615c211c1e65abc6ec548cd423a91fdaa47829636263ad1ef9c07a086d2f,common_voice_ca_31814769.mp3,29e0d978bf8cb5d356d99b208feb5c74eff6f991731049f31f741d635c881534,Per Sant Jordi en Damià vol anar a la platja.,,8,0,sixties,male_masculine,valencià,,ca,,valencian,common_voice_26_ca,train.tsv,cv-corpus-26.0-2026-06-12/ca/clips/common_voice_ca_31814769.mp3
a9d13612a619ba94b2e0e3d7804b7d2e482db94e2a03949b6e0f9955d386ee0519f77296f7496a107eac39b0a6b56718cdb127a43384241a5ef932fd04619247,common_voice_ca_19237598.mp3,6297da8b34d7f9511f520b16669a1b4ad4af593b4ce2c3e740442aa04cdeeace,"Segons els aspectes de què tracten els projectes, tindran una puntuació inicial diferent.",,3,0,fifties,female_feminine,,Central,ca,,central,common_voice_26_ca,train.tsv,cv-corpus-26.0-2026-06-12/ca/clips/common_voice_ca_19237598.mp3
bf61741297653053896c7246004dfd49ed380ec0f1e2294d4c8c607faeb805dbd016793013ed9142ff24938a2a540f56c1086f826fb4b5c1eece2e7640326d08,common_voice_ca_38060240.mp3,96a4763a36ba9acb17188fc12167523b29cd6c57e17d680cd5737f72a7ad40b1,El castell de Clun es troba a prop de Clun.,,2,0,twenties,female_feminine,central,Nord-Occidental,ca,,northwestern,common_voice_26_ca,train.tsv,cv-corpus-26.0-2026-06-12/ca/clips/common_voice_ca_38060240.mp3
a3d94c2b5d1157297657bd1864d820240e75a59d08f38dff1e5c64fe5b6aa1872728cdb91869d3cd6dae5572f310777c4394bcbbaa8497a9026fe98f830358d6,common_voice_ca_17671836.mp3,6cbad0fcebb248efa85f3ab739b99e5fab791e0d6bd48ca40bd0d70869f133fe,Es pot baixar gratuïtament des d'Internet.,,3,0,fourties,male_masculine,valencià,,ca,,valencian,common_voice_26_ca,train.tsv,cv-corpus-26.0-2026-06-12/ca/clips/common_voice_ca_17671836.mp3
c30baab0f45d64158eceb94662862189a34f385abac72c907099d6e5aad093ade707de758214d4061ce58cbadadbf8f7dca14103772ca05dac2e8fb24a8fd161,common_voice_ca_36826465.mp3,5c93a22aca8b36518abeb8b73faf9a33c4c26a646857f377d3dd5aed194ffa34,"Apunta el sis, setanta-nou, quaranta-set, setanta-dos, quaranta-quatre com a telèfon de la Gianna Paulino.",,2,0,,,,Balear,ca,,balearic,common_voice_26_ca,train.tsv,cv-corpus-26.0-2026-06-12/ca/clips/common_voice_ca_36826465.mp3
459688455ad5a81f0f4619a61b3eb4a0bed7d2cfc61ab7e378d63c8330a965df0b107202edac7bad64b8e3f60364928d7ddc345b929410d7f243953f0ff6b4a9,common_voice_ca_31933435.mp3,4bfb58cf6479f3dd5f1790573b444658ea3716da8531a784d9d54c04ae2b27a4,El vint-i-tres de maig en Garbí i na Txell iran a visitar mon oncle.,,6,0,,,balear,Balear,ca,,balearic,common_voice_26_ca,train.tsv,cv-corpus-26.0-2026-06-12/ca/clips/common_voice_ca_31933435.mp3
4b6aadfda8dad48e36bd1266fe639da81a467d68ec96399a48a31f661ecf3df8d79a9b8689424b6a29fd04afd4b4f1a5273d1be043f102d5db45c65177ea9bc5,common_voice_ca_31220905.mp3,f8f4e7c9ebdc46e232bee2606c5249f2cd05d72b2a10e673a938a6e222fb68f2,La gran majoria de la població de Danzig va demanar el retorn a Alemanya.,,2,0,sixties,female_feminine,,Nord-Occidental,ca,,northwestern,common_voice_26_ca,train.tsv,cv-corpus-26.0-2026-06-12/ca/clips/common_voice_ca_31220905.mp3
3723bd65a05afc7411c2bfca904742062b7b0c081ba126e68c65d28eaa6122f69196f4959fc1795fe03f8e49ec7364863911f9b659684a06b3a126c6f1729551,common_voice_ca_19412495.mp3,02d50e05b4567f9a4a5258c14acdcc160f18da37fce4df304811c9c99bbec7f8,És membre de diversos comitès editorials de revistes i publicacions internacionals.,,3,0,sixties,male_masculine,,Septentrional,ca,,northern,common_voice_26_ca,train.tsv,cv-corpus-26.0-2026-06-12/ca/clips/common_voice_ca_19412495.mp3
3b39ea8834e1e7344269a40621f63498bdcbd5524c1fb30637d4352680ca5e9966bc4157f8679b49477abb09f24b232751dbadcc48426259e9a1f2c9aef7dd1b,common_voice_ca_30882338.mp3,a384d08b2115b30196caea1bae3028a06672b16eba5dc75b01fc36e433db8baa,És un tipus d'ideal especial.,,5,0,fifties,female_feminine,,Nord-Occidental,ca,,northwestern,common_voice_26_ca,train.tsv,cv-corpus-26.0-2026-06-12/ca/clips/common_voice_ca_30882338.mp3
7da31de24eb1a13137586d9afb543e66aa6046bd2e9ff53823e16ef9ea368d81e16061f5db878cede34ac9bebc54953f1e327908556f6e9bf5e06a9ac4cf4bf1,common_voice_ca_30846857.mp3,96d8124a221561c306892fa540b7e57a5e105fe280cc0bd98dc96c2bc060d778,Em casaré amb tu!,,3,0,,,,Nord-Occidental,ca,,northwestern,common_voice_26_ca,train.tsv,cv-corpus-26.0-2026-06-12/ca/clips/common_voice_ca_30846857.mp3
c30baab0f45d64158eceb94662862189a34f385abac72c907099d6e5aad093ade707de758214d4061ce58cbadadbf8f7dca14103772ca05dac2e8fb24a8fd161,common_voice_ca_36826466.mp3,5c8e19fa572ecbf0114089d1123fbe1b875486db63abb16dbacbaf39d4108adb,El vint-i-nou de febrer en Josep anirà a la biblioteca.,,2,0,,,,Balear,ca,,balearic,common_voice_26_ca,train.tsv,cv-corpus-26.0-2026-06-12/ca/clips/common_voice_ca_36826466.mp3
192605a422f9a6a7a7b42e427762c03269ed05251f0822cf81abd18291f6212098aabe6344a5003f2c9d413e717489fd6a47964060d6b9761839eff8c3dc4863,common_voice_ca_32123273.mp3,79631c5fa42fbfa197257698d4c5a6ad7c8864bf4023ff263ead2e871c560616,Aquella intervenció va desfer l'encanteri.,,4,0,sixties,male_masculine,,Nord-Occidental,ca,,northwestern,common_voice_26_ca,train.tsv,cv-corpus-26.0-2026-06-12/ca/clips/common_voice_ca_32123273.mp3
8e24859776a236f7d9d5ed1c787e65afb65973928eac4ff7b523d61e2e7f0a35b2b9be28643d33117b2be05ee59d1d5d089b35caae170f6c107893e2f5af8f15,common_voice_ca_37633877.mp3,78b14f0d5b663b6570835f137905efb4320425df8ed4c16b063b2db3c369f073,Què hi ha al carrer Vila de Roses cantonada Antoni Gilabert i Bonet?,,2,0,,,,Septentrional,ca,,northern,common_voice_26_ca,train.tsv,cv-corpus-26.0-2026-06-12/ca/clips/common_voice_ca_37633877.mp3
6bbd193a67ec5fe0c6532c4208248cc06e0118a0b6dbb5dc5885f8c05712cab1b187ab7d85f4ff7b23669e22d3fe19bb9d70fa2bf6b4fdd0f50d8e021a62f1ff,common_voice_ca_35058816.mp3,41073fea3ef331d2bb898a05abff44e5e6d9018535fb98cdc8136010980700a2,Patim dejuni de diaris catalans.,,2,0,thirties,female_feminine,,Balear,ca,,balearic,common_voice_26_ca,train.tsv,cv-corpus-26.0-2026-06-12/ca/clips/common_voice_ca_35058816.mp3
b15dcd21fc434ec5493fbf8478142376d58749a76f497fdf04600f007dc766bd93d1b03bb07e1c1517e85bfd0d7e0e8a70c972f531b7837c66e1a025f3f92442,common_voice_ca_37755367.mp3,7e8718146364ceaa3b89c2e13b875fceb1867d1accdcb4c335e0a8bb8b2fa129,La següent escena continua la narració als carrers de la dreta.,,2,0,,,valencià,,ca,,valencian,common_voice_26_ca,train.tsv,cv-corpus-26.0-2026-06-12/ca/clips/common_voice_ca_37755367.mp3
b536b3b9100f00b4d3d23dfb03c67b85a7795e8f3c37825a40e77b51af1c6259b35aad87c371c119da9034ccd717f3c6fdec3c11731cb9e69ea2360d9fd75a85,common_voice_ca_32294903.mp3,bfc36a935cfefe04c9ccdf07d8b0e159c3423dc1061c9151a4e3d08247210ea2,Divendres na Nàdia i na Mira aniran a Aiguafreda.,,4,0,twenties,male_masculine,valencià,,ca,,valencian,common_voice_26_ca,train.tsv,cv-corpus-26.0-2026-06-12/ca/clips/common_voice_ca_32294903.mp3
6d074637b0f35732f59856ff6e68bbd5fa16269274ddd0d5b7672a7f2a7bd052459d420d2dee3084c67fee51bc31e0ddb4cc772d1f54b49e809fb55f057a936a,common_voice_ca_30766697.mp3,7b2d0272ec920b6050c28f9663ce766a807338a713014eb3ae0880b121188eb1,"Tens la seva mà esquerra, Helene?",,6,0,,,valencià,,ca,,valencian,common_voice_26_ca,train.tsv,cv-corpus-26.0-2026-06-12/ca/clips/common_voice_ca_30766697.mp3
2b7f00bec847a8eaf6799ce7852ccae8c23d55cfe4db8ab4629d4e55358c111fd5ad3e608f290f21782009adec78485dbc8ba9699d5c39385869d792f593e4ff,common_voice_ca_40864962.mp3,411364c106fbc4e084a1cb537f4ed1b84208fd786b334b10da3d1ee75d84ea5e,I aquesta clàusula quina conseqüència tindria?,,4,0,fifties,female_feminine,central,Central,ca,,central,common_voice_26_ca,train.tsv,cv-corpus-26.0-2026-06-12/ca/clips/common_voice_ca_40864962.mp3
960cdeb8db2a4e83095207c66ec36f0575b90151711ec23f21a5fc1e755f8d0667423c42a3b4d03a141875f84710d45e01b37474ccd63a11f82ca3616e8bc792,common_voice_ca_37577675.mp3,00f3affbd760c54e05e638c2546fb6691d2696a58e06118f831c7e974ff16646,"Poble de Pau, poble de guerra.",,2,0,,,valencià,,ca,,valencian,common_voice_26_ca,train.tsv,cv-corpus-26.0-2026-06-12/ca/clips/common_voice_ca_37577675.mp3
7f24896be12622e563222917ae8a855fc6f151b7a5e627055e95a83b1d0736d3bb85328a34d9ba38258b5f655ddbb8be027144871388d2390a98d0a870f8c672,common_voice_ca_37658956.mp3,7b15b73ec0bdd2e2f32e7eda0a49610a7065e85be42ba24afb80e2a68aa99ebd,Cinc anys després recompongué part de l'estructura metàl·lica de l'edifici.,,2,0,teens,female_feminine,,Balear,ca,,balearic,common_voice_26_ca,train.tsv,cv-corpus-26.0-2026-06-12/ca/clips/common_voice_ca_37658956.mp3
669ec5130c9716a15e967d6c1484e03fcc764cbd57f90cc6047edb8592e7358c510c1451c93c1c75d19f004ab313cbfff1c94e7967e7cacae2ca95536ae356fd,common_voice_ca_37807044.mp3,8232163766bcae45f007d977aaa894e692beca10d947976b645eb0aa063f1fea,La planta presenta tres crugies.,,4,0,fifties,male_masculine,valencià,,ca,,valencian,common_voice_26_ca,train.tsv,cv-corpus-26.0-2026-06-12/ca/clips/common_voice_ca_37807044.mp3
e47ba84149ba38207e7afbf7dd42eb2cd9f211ffe9e3f77b0d01f290ce5020039a39fe44b8156c122b41205afe53cb26f200f5d56156e45eb47a8f4f4b5497f0,common_voice_ca_33486181.mp3,188708bb4e2f89e8731d1c8806e81337c0d8bf7454308bfdaa43594d64ee6f95,Diversos manifestants han ocupat les vies.,,2,0,thirties,male_masculine,,Nord-Occidental,ca,,northwestern,common_voice_26_ca,train.tsv,cv-corpus-26.0-2026-06-12/ca/clips/common_voice_ca_33486181.mp3
667df0e36c2ac7fcafff72ed1df2720cc85c6e8aa97fa38acd697bae4f6951869d1a89fe46fdf0cb63745797ee525b51ba23dd0b75b23c47bd64fb95612e2736,common_voice_ca_37634760.mp3,78c8d24c2316682b3f636818c73bcf09ad343fd06ecee45ff9f304f77a18549b,Mala cara i pitjor boca.,,2,0,,,,Septentrional,ca,,northern,common_voice_26_ca,train.tsv,cv-corpus-26.0-2026-06-12/ca/clips/common_voice_ca_37634760.mp3
4cfc1cd71ac5d3f1f906e4e159dafcde1ee47a7d393f135fb378f1826d1c2bef4e8589b16c47f1de6c303cdae521e19deed0fa7b1a08297d003a48c3e591ec56,common_voice_ca_37623907.mp3,77d844ecf3e246559e0cd7277ed25b538e59d4713acbb47936af5edcd8bfaed7,"La violència va disminuir considerablement, amb la victòria efectiva pel govern.",,2,0,,,mallorquí,Balear,ca,,balearic,common_voice_26_ca,train.tsv,cv-corpus-26.0-2026-06-12/ca/clips/common_voice_ca_37623907.mp3
96a20fd33c05a6777e1611b65b12ac2ec2060662e68c003d533fc477dcef30aa29ea77ad76451009a68a8e932584152cf34aaaa76c5db2b8af871ede8fc0aa1c,common_voice_ca_37762072.mp3,5b9f75110ee1fcb7bc01349163ef747d8a355d061a6b8541901f6e5670ad9dc3,Aquest diumenge aniré a Folgueroles,,2,0,,,,Balear,ca,,balearic,common_voice_26_ca,train.tsv,cv-corpus-26.0-2026-06-12/ca/clips/common_voice_ca_37762072.mp3
bb46e50398bf1b0dbc50c497b4db5be0900860bf36bcc718b76e3483f8e5c6a87e66c8df1e6873665d5aff1b797ae746fa83faaeb7787a160d43593ea7bdc7b2,common_voice_ca_30748930.mp3,74911b88f8e20289b5c19b687faf053ba0183da7b159aa60154cc338baf990b2,Cal que això estigui llest avui.,,4,0,,,,Septentrional,ca,,northern,common_voice_26_ca,train.tsv,cv-corpus-26.0-2026-06-12/ca/clips/common_voice_ca_30748930.mp3
c485c3333dbd05234616bd4b2a8fa96f8861750cb3ffcf4626f45795371e266160af8682cf96eb7ad6b3b35568833cd50bb57b56193a235a564dea1a045dd3f5,common_voice_ca_35058515.mp3,40f953dd370f163ad4db8333d71d7c0f826f82f12e6349d3d5fd1be8ba7b5bf5,Cal assenyalar que cap d'aquestes es van imprimir com a llibres.,,6,0,twenties,male_masculine,valencià,,ca,,valencian,common_voice_26_ca,train.tsv,cv-corpus-26.0-2026-06-12/ca/clips/common_voice_ca_35058515.mp3
f4876ef39bda4d5be1bce2491b5a33de77df6c2b0c2ef119b3ae07aac9e00f83325606fdf925f154c44eda0a27d6c4d5248828e427cf4ee37d0180592d4000c0,common_voice_ca_37699520.mp3,7d7b232f35b50f24ab58097899739a4b4c9a5d0189fad3251e23707567f28054,"Diplomada en magisteri, ha exercit com a professora d'ensenyament primari.",,2,0,,,eivissenc ,,ca,,balearic,common_voice_26_ca,train.tsv,cv-corpus-26.0-2026-06-12/ca/clips/common_voice_ca_37699520.mp3
3cffdd09d97d220454e68d5faf35030ca19760186f7350d8cf475d6d225fb0c8003db6ce56e588ce7d7cd1a96bd46b19477be722475281b69dc8a67c4f1ec586,common_voice_ca_38100645.mp3,98cb56254b46f28552d4493d75ef0cdba593748d931d906048a94b90229d37d4,"Els de Xàtiva, encauats.",,2,0,,,balear,Balear,ca,,balearic,common_voice_26_ca,train.tsv,cv-corpus-26.0-2026-06-12/ca/clips/common_voice_ca_38100645.mp3
9721d1bdaf194673098e571ff7989b3653ba564f42efd04695344586f03912d5903d0d07e524c23ac9606f36746163fe84565258439bd96f1027a32e2ef87340,common_voice_ca_31221109.mp3,f8feef003d08831fbe2054d0e1d5ebc68363c94bb8e29aba17e38c7b23d14262,"Això va fer que avui dia, segueixi estant al Palau de Nájera.",,2,0,fifties,male_masculine,,Septentrional,ca,,northern,common_voice_26_ca,train.tsv,cv-corpus-26.0-2026-06-12/ca/clips/common_voice_ca_31221109.mp3
6df06b1d6117b1191647118223c2f54ae0d9b673418e24e3928c8dba76eef9adaf7be82ea7e0c5a5d7a91eab6eda863f8e42761b438b78fdd6e8c32ee044d4e6,common_voice_ca_32372731.mp3,d97392bcea3dce5e9ea3e8b3e81ac1c2c720a348a0cf695eb16bff7448a80b2d,La urgència de la convocatòria és directament proporcional a la importància del convocant.,,2,0,twenties,male_masculine,,Nord-Occidental,ca,,northwestern,common_voice_26_ca,train.tsv,cv-corpus-26.0-2026-06-12/ca/clips/common_voice_ca_32372731.mp3
8deda324331a97a1a017d13c656fae90c51c5e6fa5ad2e6bdd68780870b9fe14e12de6721095d76df50c9718aed8de53969319c9b54047016e50cc63279f3b4a,common_voice_ca_30826296.mp3,8ff10f7ed89ae3348a5556eccdfac0baab8447bdbd8d3058e81284598a67dce4,M'agradaria anar a la plaça del Congrés Eucarístic sense agafar el metro.,,3,0,twenties,male_masculine,,Nord-Occidental,ca,,northwestern,common_voice_26_ca,train.tsv,cv-corpus-26.0-2026-06-12/ca/clips/common_voice_ca_30826296.mp3
82b26d04e992a57a46106914cdaf5ab56a5756b38e58ebbb9d35df4c678f0dcb9cd6452fadcfb23dc5972b22037037bd08e3691bc6e554f679b92df03034eb24,common_voice_ca_38058901.mp3,96807c8fcf5ca31e5523242729fe914455cad14ca4a04d272d131fc58b1fb7ec,També es contempla la recuperació de la cúpula que fa anys tancava el mirador.,,2,0,,,,Balear,ca,,balearic,common_voice_26_ca,train.tsv,cv-corpus-26.0-2026-06-12/ca/clips/common_voice_ca_38058901.mp3
92891fa5d0252d8925f414cfb9c70d26d072552ab50e1e8b28467311c9b40e9d77aadedf5a09bd922e660758b12c084927a84d4e81072d8f763af20b7427764d,common_voice_ca_25092518.mp3,0ff168cd2ff72d7c43f4fe4c474151ab401e2d24465b583f8b1629ec99d8a0d2,Els codis Gold reben el seu nom per Robert Gold.,,4,0,,,,Septentrional,ca,,northern,common_voice_26_ca,train.tsv,cv-corpus-26.0-2026-06-12/ca/clips/common_voice_ca_25092518.mp3
6bbd193a67ec5fe0c6532c4208248cc06e0118a0b6dbb5dc5885f8c05712cab1b187ab7d85f4ff7b23669e22d3fe19bb9d70fa2bf6b4fdd0f50d8e021a62f1ff,common_voice_ca_35057691.mp3,40e5cb6bb27a7d72f27882d235d855cd282a6e032bf8b134324ede984e366a83,"Així mateix fou nomenat Comissari Europeu responsable de l'Ampliació, Medi Ambient i Seguretat Nuclear.",,2,0,,,,Balear,ca,,balearic,common_voice_26_ca,train.tsv,cv-corpus-26.0-2026-06-12/ca/clips/common_voice_ca_35057691.mp3
92891fa5d0252d8925f414cfb9c70d26d072552ab50e1e8b28467311c9b40e9d77aadedf5a09bd922e660758b12c084927a84d4e81072d8f763af20b7427764d,common_voice_ca_25092517.mp3,0f1ca89f6320280f11d7814767a358106961e831f8dcda26533e48ff5d73d212,Una dona passeja mentre parla per telèfon.,,4,0,,,,Septentrional,ca,,northern,common_voice_26_ca,train.tsv,cv-corpus-26.0-2026-06-12/ca/clips/common_voice_ca_25092517.mp3
b61fad17a5c0f6d01ba3d63a125d545265372b9d4a53e5dafec55f60691c40f8aa35bfb64cfaba5dceb822efb9116b8fb30016baee1d389a8070f55c062cfe11,common_voice_ca_22970600.mp3,99c49a0b0aa5663a4488695d9a1d3d7267573c7db74c17fffbc8eb235f9a1663,El seu collaret és llis amb bandes fosques.,,3,0,fifties,male_masculine,valencià,,ca,,valencian,common_voice_26_ca,train.tsv,cv-corpus-26.0-2026-06-12/ca/clips/common_voice_ca_22970600.mp3
5704bc36cf6ca14a600d3d134945ba90accca770b1c14da9f4134ae166e0b1485a3d1688978378e2c022e86c2e601deb1a4aa097c0f7a69e2113c18d9abb31cc,common_voice_ca_35115058.mp3,42974187c41e0f56e625a14e2694fe8f3932e8112595f03b398974f2e1e210ec,demà hauria d'anar a Badalona.,,2,0,twenties,male_masculine,valencià,Valencià meridional,ca,,valencian,common_voice_26_ca,train.tsv,cv-corpus-26.0-2026-06-12/ca/clips/common_voice_ca_35115058.mp3
9460bcd422ae7bd8f1ab521b77c9ca101d9207c3bfb9efd2649705fd4c9fad08a1b175b1fa3f0036d514989834bb742b5951970d69530259825b384af6ebfcb3,common_voice_ca_31390912.mp3,13695032252bdaae9359382b0af182271c32b09ccc5ea6f76721cb7f9aceca01,Als dos pisos hi ha balconeres corregudes sostingudes per permòdols.,,2,0,fourties,male_masculine,,Central,ca,,central,common_voice_26_ca,train.tsv,cv-corpus-26.0-2026-06-12/ca/clips/common_voice_ca_31390912.mp3
1b537ba9f00aee8dede17c1a6be09b15fff9ed2a4c466ba3c3dd74059309c9157c3281626d7fc99fd26345776652554c18b4162fb3e3e41bce529f3cedbc33a5,common_voice_ca_30817274.mp3,8b843612e2fcddfbaed5d2f4d04e8eae4e74dcd4ff2d9f81982efdb1e49570b0,Va decidir prendre Davidson primer.,,3,0,teens,male_masculine,,Nord-Occidental,ca,,northwestern,common_voice_26_ca,train.tsv,cv-corpus-26.0-2026-06-12/ca/clips/common_voice_ca_30817274.mp3
b8edd535430395b2f4455eca8daea243f8cc2f589f0f482c2dc271c0f605362c987738fb1c3dd20d3d4e6e6c33a22af7d6bbd73562227ecc660fc81fce0a53e1,common_voice_ca_37659546.mp3,7b456249c2124981dd9383055dbd9d8404805cc0cb463eaf447b0af940f77842,"Sense ferir l’oponent, el desarmava amb ironia.",,2,0,teens,male_masculine,,Central,ca,,central,common_voice_26_ca,train.tsv,cv-corpus-26.0-2026-06-12/ca/clips/common_voice_ca_37659546.mp3
32e924cad766e548f527602e2ee436b05a7c234a0887f2dc10b0236f4373ee20ce02ff66083b03330f72f7d6396a19abad0de40d4210fe4f2b37057a1541cd73,common_voice_ca_31886788.mp3,402c359bf9813a785cf75d36c81432d49165ee24ca1a91308f5f007d5d55af8f,El vint-i-tres de maig en Roc irà a Vallromanes.,,3,0,sixties,male_masculine,,Septentrional,ca,,northern,common_voice_26_ca,train.tsv,cv-corpus-26.0-2026-06-12/ca/clips/common_voice_ca_31886788.mp3
75984669814d11e13887ddb078a055464dce5b188b311b290d153f30ef7c7208175f2d07ef7e9f63ac800803a60c2a10fc24ccf495af3c908f9af239515d0fb4,common_voice_ca_37737337.mp3,7e2b2d0313fb8d95e55342bbdf3abbfd3fc5d660b973de13f64a60aec80decaf,"És originària de Gabon, Tanzània i Madagascar.",,2,0,,,,Nord-Occidental,ca,,northwestern,common_voice_26_ca,train.tsv,cv-corpus-26.0-2026-06-12/ca/clips/common_voice_ca_37737337.mp3
443366ca1e93db5bae959bfdb93e1afb1963520b8ea6105b2e897c236e5b2ee050a66738e01d46ca2adee31d5fb2ee81cae5b369e7ffb5a7e140791d2aa8c173,common_voice_ca_25472119.mp3,2361308c548510f22d10be75887fb631a94e50dfbcd9dc9a83046a3c1e117fa9,"A mesura que el voltatge augmenta, aquests estats es desajusten cada vegada més i el corrent decau.",,4,0,,,,Balear,ca,,balearic,common_voice_26_ca,train.tsv,cv-corpus-26.0-2026-06-12/ca/clips/common_voice_ca_25472119.mp3
d3728ba9c4b430ac8de2cae654e5f82df2f4d0a6dfb848476b737738b7f15bf69c5716a2869c7bec6b1836a4a60d99d479c10bdebd6d1c0153a08371a46c6665,common_voice_ca_33637795.mp3,2cfa207507f072eff98ba95a63b68906cfca0ea939c80173c07018925b69f077,En conjunt el temple ha estat molt reformat.,,8,0,thirties,,balear|mallorca|Palma,Balear,ca,,balearic,common_voice_26_ca,train.tsv,cv-corpus-26.0-2026-06-12/ca/clips/common_voice_ca_33637795.mp3
fc5d1045328111af178c163d82993cdb8ebe763bc773d6e5c4184721bfde4e2ae331ab658d8395403f714bb704aa6a47946839a93cf30a0ba989ee752329e295,common_voice_ca_37568734.mp3,f1faa5e63947f7b57e3e82c42c71c2d116b6eb28b30f850923ef3975c73cd8e6,Aquest estiu aniré a Arbeca,,2,0,,,,Balear,ca,,balearic,common_voice_26_ca,train.tsv,cv-corpus-26.0-2026-06-12/ca/clips/common_voice_ca_37568734.mp3
59c83aa5b91477ee56ee8ceb9217341a22d77d24b58c33923138e94db46122e0f90624d63a4bbba4cd9b9c92e99673ab7aee5b752e96c354ec0138be5c14c856,common_voice_ca_36984201.mp3,652da4704c9abaed59669ee59de1d5f7d0f04357c6d28e517891400d921df95e,"Porcí, oví i aviram.",,2,0,,,,Balear,ca,,balearic,common_voice_26_ca,train.tsv,cv-corpus-26.0-2026-06-12/ca/clips/common_voice_ca_36984201.mp3
c30baab0f45d64158eceb94662862189a34f385abac72c907099d6e5aad093ade707de758214d4061ce58cbadadbf8f7dca14103772ca05dac2e8fb24a8fd161,common_voice_ca_36826464.mp3,5c7dcc2cbe7b9d3ecb63a3aefa73e5df110210b263c5bf3665bad3f1b59184fd,Hi ha alguna oferta?,,2,0,,,,Balear,ca,,balearic,common_voice_26_ca,train.tsv,cv-corpus-26.0-2026-06-12/ca/clips/common_voice_ca_36826464.mp3
62a7333977c33ef3358ed5212ebe5defea639658cdffcb393ef76b854ce35dc4c4140de5d6a475c5ac1175d71e92626226f0a33bb4a77b534f140b8da37e9cb3,common_voice_ca_32294470.mp3,bf510d82d6092ab61d89a910f3b05ac23019658307b6a20145f4ec558618d3aa,El deu d'agost en Dídac vol anar a la biblioteca.,,2,0,fifties,male_masculine,,Septentrional,ca,,northern,common_voice_26_ca,train.tsv,cv-corpus-26.0-2026-06-12/ca/clips/common_voice_ca_32294470.mp3
f3c811d5547f908c9705854bb11f999c65b1a526bbb5f7c4813df0f9204dc1061c41c2ac825bed6f76415e93b4a78113a25b3c6426b3b7723b89bbde98be1729,common_voice_ca_32196077.mp3,95459f525d17ff9f954be2e66fb3f4d383b91e1afe88bd1ea865cb6fd8a0dfa6,El deu d'agost na Xènia i en Nil iran al metge.,,6,0,thirties,male_masculine,valencià,,ca,,valencian,common_voice_26_ca,train.tsv,cv-corpus-26.0-2026-06-12/ca/clips/common_voice_ca_32196077.mp3
490e2caf11c64b7931abf75bcdadb334e8b4a7d55b263326c6bdd8f4c8a450161db6a799d44c62505374c2ebe3e29a0a7a2b757eb8b12181f9401e8b390d96c6,common_voice_ca_30870017.mp3,9ed82c78ad7ff7e2a17ffb8087f6f4d3bd19870b45168e6b1d968cf6966a72dc,Com funciona això de la xarxa òptica?,,3,0,,,,Septentrional,ca,,northern,common_voice_26_ca,train.tsv,cv-corpus-26.0-2026-06-12/ca/clips/common_voice_ca_30870017.mp3
2e4b6ebc42a60a006db0a339074484b716b0e0fe48dd5f52069272f76078c7768681deaa5032174f803a0f5c4b39c789844963782088a703a6551903429038b9,common_voice_ca_31115200.mp3,ed8014d414a6afe20624d2c99eb565724bc0181093c07a7ddb5d409717bc9aa8,Molts organoclorats són prou segurs per al consum en menjars i medicaments.,,2,0,fourties,male_masculine,,Central,ca,,central,common_voice_26_ca,train.tsv,cv-corpus-26.0-2026-06-12/ca/clips/common_voice_ca_31115200.mp3
45e8b22a57ebabca15b2f26029334e8aa7238bb53750ee7acfed631e737015b099e15f718e27f74d082c5f51867d3fd4b097e9ee8092a7177e8e88dd0411617e,common_voice_ca_30979168.mp3,c97ed7a345ec3dfede1d0f4a221c72860107c507ac237ad9ffe4d9ef712ed179,Les cases admeten un munt de preparacions diferents.,,4,0,,,,Septentrional,ca,,northern,common_voice_26_ca,train.tsv,cv-corpus-26.0-2026-06-12/ca/clips/common_voice_ca_30979168.mp3
4a6bad1e8fd16f2a0f87bc990eb8baed371accabad2d1073dc9cb7738af65d8106acfe99ce957dafba0c6e52c2212fd511b6d1fbd920aa17b08e958e35835c6f,common_voice_ca_17456526.mp3,7841a492cc5b6c5924ebcb5f23c1245d7c36a7e5d7e9cf98e32a6ef36b9db5dd,Ocell que canta avisa el caçador.,,3,0,twenties,male_masculine,valencià,,ca,,valencian,common_voice_26_ca,train.tsv,cv-corpus-26.0-2026-06-12/ca/clips/common_voice_ca_17456526.mp3
7734865457a855a64a6108f9baaf8811833caa1d31f0d340ecfaac06757fc2467981f1c2008f2c0f4524163351052f13bc777c3aa1c88b0373d39abcd364c1ff,common_voice_ca_30967566.mp3,c4267c1336bca52fe45e7efa9141c21de56aa953f562f74eb3ad599b01fdfc8c,"Els seus camarades li van posar el sobrenom de ""Heinie el mascle dels tancs"" per les seves gestes temeràries.",,6,0,fifties,male_masculine,valencià,,ca,,valencian,common_voice_26_ca,train.tsv,cv-corpus-26.0-2026-06-12/ca/clips/common_voice_ca_30967566.mp3
97f12240658ae96f64c342e2048018f4348cc5bb87ad4c4ea0bd02b10d0585444ec6e77ff4cf1a144c2f50a4a209fbfe7ba9caed6c6e3ac84177ead4aa2c1b6b,common_voice_ca_35051125.mp3,40a9ad68526be2784eb0a4d05f2cc98ed28476bc2e24c63b279ca05c8c037dc9,Va anar a viure a França amb la seva família des de molt petit.,,2,0,fourties,female_feminine,,Balear,ca,,balearic,common_voice_26_ca,train.tsv,cv-corpus-26.0-2026-06-12/ca/clips/common_voice_ca_35051125.mp3
bc0b544f1c13cc1d0fe15b0eab96e89e6d4dfc8919de1fb757ef97a7d5de9efff5e520def5a8471b75480fd49d410d222ed9332089bd527946c74070e8ad1934,common_voice_ca_28056608.mp3,522715103829a38fd55c740fc11c60480a60e30cc66f3bfec63f1127d2aa9187,"A diferència dels mascles, les femelles també caminen sobre les puntes dels dits del peu.",,3,0,,,,Nord-Occidental,ca,,northwestern,common_voice_26_ca,train.tsv,cv-corpus-26.0-2026-06-12/ca/clips/common_voice_ca_28056608.mp3
75984669814d11e13887ddb078a055464dce5b188b311b290d153f30ef7c7208175f2d07ef7e9f63ac800803a60c2a10fc24ccf495af3c908f9af239515d0fb4,common_voice_ca_37737341.mp3,7da4fed0d798289b6ff3b4970889de258a7b1a4306c0ba09c11b31eafc683dca,Com ho puc fer per anar al carrer de Duran i Bas?,,2,0,,,,Nord-Occidental,ca,,northwestern,common_voice_26_ca,train.tsv,cv-corpus-26.0-2026-06-12/ca/clips/common_voice_ca_37737341.mp3
b790059bf179ec292c82de6ba2ffe28bade4c806a2b0e10548f5bfa366e187269b1717e932f6ec64ccc48d27016bfa17bbf824a75871e969df200a2511f0346a,common_voice_ca_32153209.mp3,8b86cdb7db8fcc47dc4c0fe01d830b55bbbd8ee5092e1331d9415eb9cb631da6,Només jo veig què passa.,,3,0,sixties,male_masculine,,Nord-Occidental,ca,,northwestern,common_voice_26_ca,train.tsv,cv-corpus-26.0-2026-06-12/ca/clips/common_voice_ca_32153209.mp3
8d4ebe5871fbf473937299da1a3e33d61ab35d13cf8cb060a09ecce39e19af69fb5944c96eee1d7e9573960c3c928a16e1395ef8e364e5d27cdf59d294760797,common_voice_ca_30997591.mp3,cf912b692e009f0bcb44606bda9c83f5aa08100fedf885e039fb895e6806edb8,Eshowe segueix sent la seu del bisbe de la Diòcesi Anglicana de Zululand.,,2,0,,,,Central,ca,,central,common_voice_26_ca,train.tsv,cv-corpus-26.0-2026-06-12/ca/clips/common_voice_ca_30997591.mp3
fad66bef17544deb356033bebb30d9ca9073f2ce2b272a20bfe61491474e14b2060bb27b1bd58a9a1e3e58e037c419340fa4de5ffdd780a88d84858c3d0a5c53,common_voice_ca_19136277.mp3,06dea3a0aa7155b0e3a582e384e14e8af5141fde68deaadcb882494ccd603666,En posar els fets davant l'opinió pública caiem en la creença que veritablement «la veritat ens farà lliures».,,3,0,twenties,female_feminine,,Central,ca,,central,common_voice_26_ca,train.tsv,cv-corpus-26.0-2026-06-12/ca/clips/common_voice_ca_19136277.mp3
545efbbd53bb2cb86711ecc7942b4fbcbedd6c117633697d105bc412f14515852690a798cbe4fcf7ea92592022c6f4469adec42be7bff5d10ccef622f4cf96fa,common_voice_ca_31212920.mp3,f5f5399283103d5273a7cacb9fac16fd84d2b4509a5d9901009885007820af25,"Afegeix a l'agenda el número de la Samira Amil: sis, disset, quaranta, noranta-set, noranta-dos.",,4,0,,,Tortosí,Nord-Occidental,ca,,northwestern,common_voice_26_ca,train.tsv,cv-corpus-26.0-2026-06-12/ca/clips/common_voice_ca_31212920.mp3
295b9d23f4ce88761422019614c38eca7ec403efa41aaadc32190522cc1d19e73c4fe27fbc020822634c317f4432c19a12f2fd598170df0d5cf993d0542a56f2,common_voice_ca_34355104.mp3,37135b8ad262e533723f16ff26433cf638c725d6fad1c9def5c2cf38524d8e75,"L'oficina d'un ""sanjak-bey"" s'assemblava a la d'un ""beylerbey"", però en una escala més modesta.",,2,0,fifties,male_masculine,,Balear,ca,,balearic,common_voice_26_ca,train.tsv,cv-corpus-26.0-2026-06-12/ca/clips/common_voice_ca_34355104.mp3
7dc80454edecce4862042fde068b9c67e9f70785f9aa87481a9ac117b43c3e0453c7f545b873dc5fb06e1af2029db067cab40a7ae8517a4570643a9d76e6c2d2,common_voice_ca_30802849.mp3,878fea37a7d291c020c282ae046d73474beedde2d06b5df5739b6b2d61aade37,Què va significar per a França el Tractat d'Utrecht?,,2,0,,,,Balear,ca,,balearic,common_voice_26_ca,train.tsv,cv-corpus-26.0-2026-06-12/ca/clips/common_voice_ca_30802849.mp3
295b9d23f4ce88761422019614c38eca7ec403efa41aaadc32190522cc1d19e73c4fe27fbc020822634c317f4432c19a12f2fd598170df0d5cf993d0542a56f2,common_voice_ca_34480079.mp3,37eef00e798c47078a207f514574761688d6f9985d0173562f4e0916d4fac36b,De qui es troben també reminiscències?,,2,0,fifties,male_masculine,,Balear,ca,,balearic,common_voice_26_ca,train.tsv,cv-corpus-26.0-2026-06-12/ca/clips/common_voice_ca_34480079.mp3
3dfec312f790c985434c214abdf9e2c44cb02530a7f55b1be99aae1a96b594b1f172794845f5697147e2ee03e0c11d6abe92331f976a86efeaee9772452bbf06,common_voice_ca_32150349.mp3,86df64b9534fbd06b2c4f00768d9515285cf3e536429e4b4e8a0f615024e4229,Dimecres na Clàudia i en Pep iran a Matadepera.,,3,0,sixties,male_masculine,,Balear,ca,,balearic,common_voice_26_ca,train.tsv,cv-corpus-26.0-2026-06-12/ca/clips/common_voice_ca_32150349.mp3
444f0f5422d6d8df65a071c2737181a0110368ac69baff0b6e879d5b24c6893399d79e81817299d2ab941cc5c6fa0ce0b39852ddf355f8c3546adf054a739c97,common_voice_ca_33740101.mp3,2e8c9971607e8b80d8161a6be75228e1455e11fd29985af8ad89217a79382966,"En aquell temps, era el punt on convergien diversos senders de caça.",,2,0,,,,Septentrional,ca,,northern,common_voice_26_ca,train.tsv,cv-corpus-26.0-2026-06-12/ca/clips/common_voice_ca_33740101.mp3
dcd77ac177a78865444707460b317b31b0559fdcccd3243ee68d049c34da17836a4e4f875675274bc6562e33b7de2e05a606b38e2b593a11ff7ed5e8ccc11910,common_voice_ca_31064306.mp3,e3c92f912996a77a91ec9681c1fca0f804b3823437c9f9ffb893f28742958e6b,Què s'associa amb les tres últimes simfonies?,,3,0,fourties,male_masculine,,Nord-Occidental,ca,,northwestern,common_voice_26_ca,train.tsv,cv-corpus-26.0-2026-06-12/ca/clips/common_voice_ca_31064306.mp3
de9065b5567e882af96d04a4e36fc779321a6cc297356fa4c91c031432b8b9810883508ddc5b234eaa7a7ec5bdff9627bc7511ad67ef2a0c7d97fc3d1c481b78,common_voice_ca_36932117.mp3,629fcfb50841f3dd4ebcd72041b4aa98f613ea236d23ab6c42336c3e2842bb41,Una xifra que ja supera a tots els casos del dos mil divuit: vuitanta-quatre mil quatre-cents seixanta-dos.,,2,0,,,,Septentrional,ca,,northern,common_voice_26_ca,train.tsv,cv-corpus-26.0-2026-06-12/ca/clips/common_voice_ca_36932117.mp3
2e4b6ebc42a60a006db0a339074484b716b0e0fe48dd5f52069272f76078c7768681deaa5032174f803a0f5c4b39c789844963782088a703a6551903429038b9,common_voice_ca_30835455.mp3,933dd213eb26b4e1d956f853673fb2bce041eea5599bbee913b9a6da67347e52,Solius és una de les poblacions on hi ha un abocador d'escombraries.,,3,0,fourties,male_masculine,,Central,ca,,central,common_voice_26_ca,train.tsv,cv-corpus-26.0-2026-06-12/ca/clips/common_voice_ca_30835455.mp3
54fb9f7404b5fdc62c215618683436be38e5640e8e1c1c8042d66d36074dc0a25bc96d9efba718d672b573deedb3031988817f7935737e293e8f8ed9d4961209,common_voice_ca_30829848.mp3,9139aab2ae6951d6890cd0856831a47c36c642a0f35195789ee1429fcc3b8536,Sanchez es va graduar a l'institut d'art i disseny de Nova York.,,3,0,fourties,male_masculine,,Central,ca,,central,common_voice_26_ca,train.tsv,cv-corpus-26.0-2026-06-12/ca/clips/common_voice_ca_30829848.mp3
c8c124b53f85679a623f43977d1e02b0b627942c95f1a893c9cb164dbb28522c75c323809432e839804c78fbe258c618335eac5515d94754163d0c5bf90b50dd,common_voice_ca_34591959.mp3,3962d72eefd9a624ba7c3a5fc761b968822be39f75e55c18d6cdee4506292c73,És fill d'August Algueró i Algueró.,,2,0,fourties,female_feminine,,Balear,ca,,balearic,common_voice_26_ca,train.tsv,cv-corpus-26.0-2026-06-12/ca/clips/common_voice_ca_34591959.mp3
a8be29239309ec46a2d45aeae724bc7e86552a95837aa5364266a0b99a1413174b0b5fb4882078df8986562307e2451d3b150d49260fbf1b1d14f994a95ddb82,common_voice_ca_34987745.mp3,3e72acec75843e64d57e14d236bf00905d76110374be5ce31bf53d50b35c4519,No l'he vista mai abans.,,2,0,,,,Central,ca,,central,common_voice_26_ca,train.tsv,cv-corpus-26.0-2026-06-12/ca/clips/common_voice_ca_34987745.mp3
6c622505d7f68249563c8f5e3c0987651cc0ac31d0c37dae05e89fbcfc729d2953fd6169fb15dbe9e51954270b86af71ae5a8772ef4cecb9c70958c75d4c1dbe,common_voice_ca_37883385.mp3,890c552b5f49664ca69380891252f8f09a861c39926c380f787b5d978b866f42,La zona oriental de la regió ha estat l'hàbitat habitual de beduïns.,,2,0,,,,Septentrional,ca,,northern,common_voice_26_ca,train.tsv,cv-corpus-26.0-2026-06-12/ca/clips/common_voice_ca_37883385.mp3
a58ee6890044ccee604cb367d852abacc66c3ba1ed59d5bb22747aaab280ae35da71fa8da9045ef76285e6eda44ad08d60d947b38d7882a615899df33d74acbc,common_voice_ca_31917872.mp3,473baa6181d171b701bf80cf24607885d8f00503882522bb7a660d24faf45864,Per Sant Jordi en Quim i en Sergi aniran a Esparreguera.,,3,0,,,,Nord-Occidental,ca,,northwestern,common_voice_26_ca,train.tsv,cv-corpus-26.0-2026-06-12/ca/clips/common_voice_ca_31917872.mp3
e94f91ab2c69e11a764613994237dda6d7c356912a78907205db2cb51306f5be8c4384a3480207cf787444dd07344929a21076bb3790dd8a0868d62be2d4fa57,common_voice_ca_31483315.mp3,21e5ab88fe885980ac59fe3a1cbbde6d4609d66a1fd0267c483db124e03b8044,De tota manera l'apèndix va restar en via morta.,,6,0,fourties,male_masculine,,Balear,ca,,balearic,common_voice_26_ca,train.tsv,cv-corpus-26.0-2026-06-12/ca/clips/common_voice_ca_31483315.mp3
46098bc705768ba56decc92e627fc907363d2e384241e8df3305944a2a5c707f72d4bf6c029e0352447e7f3a27ee52e1e767a8ed4d1769579e7eb82efb003bbe,common_voice_ca_31318027.mp3,06cb9b79d66c418c65218c9f37179d1dcab46a8715adf5e0bdfc736be60ad16d,Va ser fortament bombardejat durant la guerra.,,4,0,,,valencià,,ca,,valencian,common_voice_26_ca,train.tsv,cv-corpus-26.0-2026-06-12/ca/clips/common_voice_ca_31318027.mp3
3b39ea8834e1e7344269a40621f63498bdcbd5524c1fb30637d4352680ca5e9966bc4157f8679b49477abb09f24b232751dbadcc48426259e9a1f2c9aef7dd1b,common_voice_ca_30882243.mp3,a366aee2ff7ae8e61a7431568bc4020377b9ad5bd56425978c4373d400e6c5a5,Com puc arribar al carrer de Santa Olívia número cinquanta-set?,,3,0,fifties,female_feminine,,Nord-Occidental,ca,,northwestern,common_voice_26_ca,train.tsv,cv-corpus-26.0-2026-06-12/ca/clips/common_voice_ca_30882243.mp3
4229c53b6221231edbec158b6c9a70d2533d2cff3ad96b0e7cb823cb7fd4157c41d21e9a949c64a0ec8ae06703c7b20b81a760e933edc752f486064429111558,common_voice_ca_38001929.mp3,924750833e24e481b5465a6ca971316e01501e09a567b4a5fa396d01d23de33f,Divendres en David vol anar al metge.,,3,0,,,,Nord-Occidental,ca,,northwestern,common_voice_26_ca,train.tsv,cv-corpus-26.0-2026-06-12/ca/clips/common_voice_ca_38001929.mp3
4186d22e6c118ff9efb712d7f90f14e13d83cfdff8d2552881560a4421ed5aa272534eb0eee83e809c1f5855e578cd4c093d9eabe667eaefe436339757032e6d,common_voice_ca_33405056.mp3,e526c57b5bcd14b81d7a9ca0d25272feb92b37ef2c0da7e512ec411e0156ccb3,La crisi entre Rússia i Ucraïna es continua agreujant.,,6,0,,,valencià,,ca,,valencian,common_voice_26_ca,train.tsv,cv-corpus-26.0-2026-06-12/ca/clips/common_voice_ca_33405056.mp3
de44c31b2c3b8d65fa6f0e2d4d770bdf7557effd4905cf1057e2e4ff4ea8d762ee44dc776e8843e0af9fc3912044a5647578d07f7846620150b686bd7d3450f1,common_voice_ca_23784078.mp3,b22ce0ceb345d2b765f93fe0b8f39ac49b375065608ff4ce7a81dbcc69e6351b,Des de llavors Batman ha esdevingut un dels superherois més reconeguts al món.,,2,0,fifties,male_masculine,,Balear,ca,,balearic,common_voice_26_ca,train.tsv,cv-corpus-26.0-2026-06-12/ca/clips/common_voice_ca_23784078.mp3
d6e066325d407aef9743f94335a75f6b2efd577791082b52b5df5033c543b84774a0204eae3762dd3e2536307a26a49ab4bcebdb7154f504e369fe6a41f88118,common_voice_ca_40670470.mp3,0e0e62af20b156ce74a9a521432ec909de1e2b240438f37b8d0b7bdf6273e98c,Han canviat les xifres respecte al juliol?,,4,0,,,valencià,Valencià meridional,ca,,valencian,common_voice_26_ca,train.tsv,cv-corpus-26.0-2026-06-12/ca/clips/common_voice_ca_40670470.mp3
3dfec312f790c985434c214abdf9e2c44cb02530a7f55b1be99aae1a96b594b1f172794845f5697147e2ee03e0c11d6abe92331f976a86efeaee9772452bbf06,common_voice_ca_32214988.mp3,9d9c8ad7e0098d6ce874a462fb7135e5b102944fd4da4bcb1550ed2631ba94b6,Diumenge en Maria i na Greta aniran a Beniarrés.,,2,0,sixties,male_masculine,,Balear,ca,,balearic,common_voice_26_ca,train.tsv,cv-corpus-26.0-2026-06-12/ca/clips/common_voice_ca_32214988.mp3
eafd32cf456c76a87f73ca46ce0f1bfb50d17f5375ca5f002d21f4b3f8121fdddc864c3244382cafedbfd10b9fd1bd35470b680dbdfff6dd0356c7d47486be52,common_voice_ca_17571679.mp3,7d0f830d680391cb86c0aed35fbd23ea7478e0c39be5009ebd00cedb6523d186,El programari lliure ha arraconat els servidors basats en codi de propietat.,,2,0,fourties,male_masculine,,Central,ca,,central,common_voice_26_ca,train.tsv,cv-corpus-26.0-2026-06-12/ca/clips/common_voice_ca_17571679.mp3
545efbbd53bb2cb86711ecc7942b4fbcbedd6c117633697d105bc412f14515852690a798cbe4fcf7ea92592022c6f4469adec42be7bff5d10ccef622f4cf96fa,common_voice_ca_31198500.mp3,f5fa43e83a12fb30b69033f367c41c3f9d53abc68c3811af524ea1acfb8bfa3d,No hi ha menció directa del Consell en les fonts medievals.,,6,0,,,Tortosí,Nord-Occidental,ca,,northwestern,common_voice_26_ca,train.tsv,cv-corpus-26.0-2026-06-12/ca/clips/common_voice_ca_31198500.mp3
b8edd535430395b2f4455eca8daea243f8cc2f589f0f482c2dc271c0f605362c987738fb1c3dd20d3d4e6e6c33a22af7d6bbd73562227ecc660fc81fce0a53e1,common_voice_ca_37578454.mp3,0937012c2f53c8afa84a885ee82eec6d9558a9fa86f387130a551b34a284e748,Qui té mal no pot riure.,,2,0,teens,male_masculine,,Central,ca,,central,common_voice_26_ca,train.tsv,cv-corpus-26.0-2026-06-12/ca/clips/common_voice_ca_37578454.mp3
4392cf50c4ff2741cdf129caef43c2aad7c1721a8c325554fc709c7a1494e0e700e29a6b238dd3a76ad70ee2221808f79c7c7ae04334232732a4db23da6d7c50,common_voice_ca_17483209.mp3,7765a9c1fa741216fdcf2206b37441995ce8e2293173c0f136ffd73dda5c83ff,"Poble on vas, usança que trobes.",,2,0,twenties,female_feminine,,Central,ca,,central,common_voice_26_ca,train.tsv,cv-corpus-26.0-2026-06-12/ca/clips/common_voice_ca_17483209.mp3
6b5abe7b5676724b1091ef0916c09d04403ac5dcaaa1ab4fb46b0ab60769d12167067495f9cbe1aa7c5ca2cfb8a7e22e3a7174167b78432fa4533b80a738a4e0,common_voice_ca_36826388.mp3,5c77fbeaba060f7ae9a0fb5b030f5b734535a668de179ba7cac1a803027c57ed,Vull anar a la plaça d'Europa amb tren.,,2,0,thirties,female_feminine,,Balear,ca,,balearic,common_voice_26_ca,train.tsv,cv-corpus-26.0-2026-06-12/ca/clips/common_voice_ca_36826388.mp3
23e61646df35b3f44002fa26cfb237ccbd2d3b406f2fe3494a121e81f8cd61f2983d5a73ff9940a44ab9d0a92587175919f8d4b63b8e715d14d560e7975511b5,common_voice_ca_17793163.mp3,7bb4c96e0aaf4ad86ce518d4cce0828bbd85fa94fcbb6e13366840a329bc6615,"Els diumenges a la tarda, el prat era una gran festa.",,3,0,thirties,female_feminine,,Central,ca,,central,common_voice_26_ca,train.tsv,cv-corpus-26.0-2026-06-12/ca/clips/common_voice_ca_17793163.mp3
b8ed3a91998c5f59709e1aec2a5c3f75149c681b8e68d4e71eebc6a05382317bc0efedb6a98db832136d499567f64ece8d537e2f35d4f37c17ed13474e83ab9c,common_voice_ca_37594516.mp3,40502b1da29b9825a93c691f24827fd5a57b535dcc91c7e4f9d98e6473a7c94c,El mussol en l'oliver pel rei del món es té.,,2,0,,,valencià,,ca,,valencian,common_voice_26_ca,train.tsv,cv-corpus-26.0-2026-06-12/ca/clips/common_voice_ca_37594516.mp3
c9c0becfeb78738ae86adfc5d59f3a3d877b6989e1d84562fe73fd55d64784bbc9b2afce3f543c30dac188bf93cc970bd1c779eceb058ece03284c941242fa84,common_voice_ca_24680526.mp3,dcd3221cf90f8329f18319b204b7b06b9223a19ee0adc9419e8a7e1ddc3ffe7e,"No obstant això, la mitjana i la variància no segueixen la mateixa transformació.",,3,0,thirties,female_feminine,,Nord-Occidental,ca,,northwestern,common_voice_26_ca,train.tsv,cv-corpus-26.0-2026-06-12/ca/clips/common_voice_ca_24680526.mp3
c777d3358a0aff067b64f254ac462fa223a1650af20ce2af341de610eebbb55a128a1dc43c91da7a1844848b5920b7dd5c5e0a1e8651d6442a2418709dad8c87,common_voice_ca_22327085.mp3,7f499af6ab27d2dc2d5df519426a74de9d4e7717dbd1f15aeeb8ed3f3fff4e6c,El titani i el zirconi són especialment adequats.,,3,0,fourties,male_masculine,valencià,,ca,,valencian,common_voice_26_ca,train.tsv,cv-corpus-26.0-2026-06-12/ca/clips/common_voice_ca_22327085.mp3
5e19fb22705cc43f5bec307c7c85ebe5e436379074f119e2ca86c6718949cbb53beefcfc70bb350675c40155c0b5673d4d68966330c9516029e96d5b77d78e3c,common_voice_ca_33834785.mp3,3065f45d3fa0b96ec0f424c88e70dce611a6245bdac747170e0d53b9ca6975ad,I ha defensat la neutralitat exercida en tot moment per la junta electoral.,,2,0,twenties,female_feminine,,Balear,ca,,balearic,common_voice_26_ca,train.tsv,cv-corpus-26.0-2026-06-12/ca/clips/common_voice_ca_33834785.mp3
61a0bf7585ce2d4c54d249591406db9a5795ec46224f5eb4251646208534d964dea60a21276d150750fd0543217f5e6a77ccf38405c527da9b7481dd97f1ac24,common_voice_ca_31151215.mp3,1132914938236f0d8237dbef12daae9f9bd7f7d35ec7e40235f858fd17e7f605,Jaume Casanovas i Escussol va ser un polític nascut a Vilanova i la Geltrú.,,4,0,fifties,male_masculine,Lleidatà,,ca,,northwestern,common_voice_26_ca,train.tsv,cv-corpus-26.0-2026-06-12/ca/clips/common_voice_ca_31151215.mp3
a3d94c2b5d1157297657bd1864d820240e75a59d08f38dff1e5c64fe5b6aa1872728cdb91869d3cd6dae5572f310777c4394bcbbaa8497a9026fe98f830358d6,common_voice_ca_17671833.mp3,3c6421112c4858372e950ab95552d3fcd6e59fafa27fe0dce873175bef59b216,Aquesta limitació redueix sensiblement el cost de les campanyes electorals.,,3,0,fourties,male_masculine,valencià,,ca,,valencian,common_voice_26_ca,train.tsv,cv-corpus-26.0-2026-06-12/ca/clips/common_voice_ca_17671833.mp3
e965647b36e94bb5bc37e0e17c61b6a40837aef6d22de84d6747ab79685ea9e9bdec0f1ca9691e17f52fbc6f78b7aab41b953a5002884a69943fe02c5c38fc1b,common_voice_ca_30794749.mp3,84fc5fa075bf9c7030cd1ad42838dfb7ee4278e02ff387721e3f9efc5ce45aed,Em propinà una poció tonificant.,,2,0,,male_masculine,,Nord-Occidental,ca,,northwestern,common_voice_26_ca,train.tsv,cv-corpus-26.0-2026-06-12/ca/clips/common_voice_ca_30794749.mp3
e626544d7c439d3223003a808432b1ad599f0d4aca5ced0697f8898c654d149353722c18f336d0a7c94132cccb626f9d609b28a056bfab95fc23c3d15d37fe0f,common_voice_ca_32339338.mp3,cbe980cb500667f586749745f466cbb008d82ac06cc7b935fc2c1c7a9e6ce1c8,Dimecres na Xènia i na Núria aniran a Castellgalí.,,8,0,fifties,female_feminine,nord-oriental,,ca,,northern,common_voice_26_ca,train.tsv,cv-corpus-26.0-2026-06-12/ca/clips/common_voice_ca_32339338.mp3
295c26c6a1db0cfe0d7a41bd219c40e9f54b4f333cc6d4acf6b4002d2c01dbc7c22c96d15f991208f28fc374d1fa20f63cf42a9a6eba5da076a4242e7acbe95e,common_voice_ca_40668171.mp3,0d263d1dcf0f5764c73ea057c7e2eab8c05824ac7b9d78e32d61c8087eff29e8,Quin és el significat d'ungüentari?,,2,0,fourties,female_feminine,,Septentrional,ca,,northern,common_voice_26_ca,train.tsv,cv-corpus-26.0-2026-06-12/ca/clips/common_voice_ca_40668171.mp3
e83d48b939323aa85e9711bc1f564200a4f56cd878a124aef2102b89b4dfcf2d6a90b498cf29262c5099373d147c3c8ddb55804476ed7c1ae3e20be12154e59a,common_voice_ca_33416670.mp3,e8cfc84e78c18cbeebd20530dc89f54fe87d6cd0d396be445f1dfcb73a749d21,Els promotors animen els valencians a signar el manifest.,,3,0,,,,Balear,ca,,balearic,common_voice_26_ca,train.tsv,cv-corpus-26.0-2026-06-12/ca/clips/common_voice_ca_33416670.mp3
6389e78135c64c14efff215cd424090190ed6a0c05b5c3ef000c4a7d36c6e184b61f3a383115b1df9723a43971a4d75ccd98921a1a9a10367f85aff41943caed,common_voice_ca_37551781.mp3,cb0044cead00ad664d5a0c5b1c6a4a30d2256205a14148f1456ac1232f9a3284,Qui vulgui viure poc i morir ric que vagi a Alberic.,,2,0,,,valencià,,ca,,valencian,common_voice_26_ca,train.tsv,cv-corpus-26.0-2026-06-12/ca/clips/common_voice_ca_37551781.mp3
0b224145a7f6ba416e9cdb5c53891cb5fc9cd424b4fa0b091e578a5828c53d2257a59b7242c205820c79fc9c32277f79d40d1a6941ff7a0a71cb75ef35ad7c1b,common_voice_ca_37230975.mp3,6d9d1a80f045e9ba435e8c85d1e9dc149295f9939a50bccab449c6bd2d0d535f,El seu hàbitat natural són arbres buits.,,2,0,,,,Balear,ca,,balearic,common_voice_26_ca,train.tsv,cv-corpus-26.0-2026-06-12/ca/clips/common_voice_ca_37230975.mp3
afc88395b31b54a9b7cf764a503de6760232172ddbd6cac3d207a3556396cc30b611f60fc7aeee1d119029e73621133868c83d5ba74a24af2757d8ea382769dd,common_voice_ca_20170244.mp3,2090aeb3f2106abcc2770028c93174af7b05c30a3c982da6e977ead98d59be7e,El poble amagat.,,3,0,twenties,male_masculine,,Central,ca,,central,common_voice_26_ca,train.tsv,cv-corpus-26.0-2026-06-12/ca/clips/common_voice_ca_20170244.mp3
4cfc1cd71ac5d3f1f906e4e159dafcde1ee47a7d393f135fb378f1826d1c2bef4e8589b16c47f1de6c303cdae521e19deed0fa7b1a08297d003a48c3e591ec56,common_voice_ca_37623908.mp3,778d687a30f2ec53f0d15a8d71f89110e4335e00cdabbdd45281e6cd2e62701c,"Edifici de planta rectangular, situat a uns dos quilòmetres del poble.",,2,0,,,mallorquí,Balear,ca,,balearic,common_voice_26_ca,train.tsv,cv-corpus-26.0-2026-06-12/ca/clips/common_voice_ca_37623908.mp3
f857e92f68329b5f04cc61eead534ce1764f37d3bc581509843cffec05c329f47c206677cfd3c88f7dacc5382d7a5d207bdc133576e390da145d74327741e705,common_voice_ca_37607144.mp3,6a9e9b0013a2f08a53a13931ec68c47d9b53cf7ae94fb2eb09c95f396d1a85b3,"Per Sant Blai gelada, tot un mes assegurada.",,2,0,fourties,male_masculine,,Central,ca,,central,common_voice_26_ca,train.tsv,cv-corpus-26.0-2026-06-12/ca/clips/common_voice_ca_37607144.mp3
57fa79b868c0c413fa2429624a8e33321018004e077191aef26c5fb373243ce7b06acf48a1732e0692ee1f8e9b71bddc9683cb35ba8a3852cc19f7bbae568c00,common_voice_ca_32068228.mp3,5e33b29162dc06ec8bf87d8b70a926d03bdce1afb2df37af0ea5cec0abc0f78a,Dilluns en Tom irà a Tírig.,,3,0,twenties,male_masculine,,Balear,ca,,balearic,common_voice_26_ca,train.tsv,cv-corpus-26.0-2026-06-12/ca/clips/common_voice_ca_32068228.mp3
6f2a457c01530406c595c0ea948c1f137aeaf185653fb6204efd098a107a46ea772f763c59b7f8113640ba53e8cbcba5f90c52720697aad0ebdd81772ab7a0dd,common_voice_ca_30818265.mp3,8cfe169552f5063be25589fa6a16525e0bf66dfc0cb8a56d0902c973fb0dd926,"Entre las finalitats de la presa s""inclouen evitar les riuades, el rec, el subministre d""aigua i la conservació.",,2,0,,,,Nord-Occidental,ca,,northwestern,common_voice_26_ca,train.tsv,cv-corpus-26.0-2026-06-12/ca/clips/common_voice_ca_30818265.mp3
c94230925ae665748b036f3af666529c724c2a567005f72cf8422cb45cab53045ffb7a6d15f5681bfd6c2e3e47c5cb49f390c5c4eebaaf983f9c0c6ad5a72979,common_voice_ca_37560749.mp3,df3e48895a0d6e0b400c9fbcfef4b92bc99b379ec8afcf564fa270f9e68a7659,Quedar-se mirant les estrelles.,,4,0,,,valencià,,ca,,valencian,common_voice_26_ca,train.tsv,cv-corpus-26.0-2026-06-12/ca/clips/common_voice_ca_37560749.mp3
b790059bf179ec292c82de6ba2ffe28bade4c806a2b0e10548f5bfa366e187269b1717e932f6ec64ccc48d27016bfa17bbf824a75871e969df200a2511f0346a,common_voice_ca_32153226.mp3,8b8fe55929d106fcc4e233568aa36b821acbab576ee85462c78131d47a093145,El deu d'agost en Cai i en Gaël iran a Vilafamés.,,3,0,sixties,male_masculine,,Nord-Occidental,ca,,northwestern,common_voice_26_ca,train.tsv,cv-corpus-26.0-2026-06-12/ca/clips/common_voice_ca_32153226.mp3
f857e92f68329b5f04cc61eead534ce1764f37d3bc581509843cffec05c329f47c206677cfd3c88f7dacc5382d7a5d207bdc133576e390da145d74327741e705,common_voice_ca_31254049.mp3,fde30bb63ce633a9adec3e74756b2ffa47d271388cf2a2ed960f81ecefeba83b,Va ser alumne de l'Escola Maristes de Lleida i estudià com a delineant.,,2,0,fourties,male_masculine,,Central,ca,,central,common_voice_26_ca,train.tsv,cv-corpus-26.0-2026-06-12/ca/clips/common_voice_ca_31254049.mp3
41bdeb7b29261ebf93c9c26d118d48e696a5c5a146bf899edef0e3328f89bc91033cef23d3bd9c17627f396ba8841cf9e4326a78d11d8a33f39301358f229767,common_voice_ca_30742047.mp3,71c0cd562c76dcf9d77d64288fd6e20bf46a1a8adf2179c5bdf5b429f30d8aa1,A raig a raig plovien els diners.,,4,0,,,Lleidatà,,ca,,northwestern,common_voice_26_ca,train.tsv,cv-corpus-26.0-2026-06-12/ca/clips/common_voice_ca_30742047.mp3
79987c7514fcc2f5b17ad6b3a8871db730610523adefe535099ba0058a534fd3f405814202487ba7aa9c104ac571e837ef666eddf8b23f50bad1cff78693d514,common_voice_ca_37766389.mp3,7f9227f3954bb4fa2cbdd452abd724848a957f1ad3a1b19a24bcc69a056fcff1,Vaig començar el ballet quan encara anava a l'escola primària.,,2,0,,,,Septentrional,ca,,northern,common_voice_26_ca,train.tsv,cv-corpus-26.0-2026-06-12/ca/clips/common_voice_ca_37766389.mp3
63797be6a30d231fed952ba971400a7bee2b72015301d42cdd90b0df30c15da878d9d760a044e6c8a4ab35ddcacfb4247481b3ac45a9d1ce1737a2358c7fa93e,common_voice_ca_37414869.mp3,760facc082dae637530cecbe9151a52c113cabeb02f7e0269bec80153c2cdab7,Per Cap d'Any na Dúnia i en Martí aniran a Xodos.,,2,0,,,,Septentrional,ca,,northern,common_voice_26_ca,train.tsv,cv-corpus-26.0-2026-06-12/ca/clips/common_voice_ca_37414869.mp3
e3f07bdc11e3a50eeb314cdedec47101c684fbdf36ab84b3cecb5233b7de3d0ee435934f614d34fc3014ce38a4428a90f9e780fb1607e51bb5aad1e07913f4d6,common_voice_ca_37565305.mp3,e79b57559e9dbc0338903c09cb2273633cecdfdd76f59b468e2c87a3a49d9ca3,"A Lledó, de la merda en fan sabó.",,2,0,,,valencià,,ca,,valencian,common_voice_26_ca,train.tsv,cv-corpus-26.0-2026-06-12/ca/clips/common_voice_ca_37565305.mp3
bdd1b47ce29b646516e4a4b340094feab0e8930daf97cd937e184a420467c48bedc28154d825fd129693106087716f82df9b17ffa34e516c4165724dc12cbca3,common_voice_ca_17479246.mp3,70cc83bfe8e9aa954b0608ef8b2ac3b0bce8cc525b8d8e5855773ddb70d216b5,La persona guardonada rep una condecoració commemorativa.,,3,0,twenties,female_feminine,,Nord-Occidental,ca,,northwestern,common_voice_26_ca,train.tsv,cv-corpus-26.0-2026-06-12/ca/clips/common_voice_ca_17479246.mp3
20b276c981cfe43e0e92f612abeb9d79cf59ad4feb6f99a415e32bf5a79d0b69c003918aa38e92b43793417f7c4b498b1e650906a4b26247fc67a522bb92a05f,common_voice_ca_27549469.mp3,43950b20a72fe8f209e51625b372c48811c77421879a090f099c23ff92246d66,"Gingrich va dir: El que necessitem és un president, no un esportista.",,3,0,teens,female_feminine,,Nord-Occidental,ca,,northwestern,common_voice_26_ca,train.tsv,cv-corpus-26.0-2026-06-12/ca/clips/common_voice_ca_27549469.mp3
f68e09280076997e63edff7d22d1147538e45423a2efc0e3f75b3ca1b26a35f94bb50469768bdf58200688279ff4191ff9e4662313fee6fffa46a1c69af429bd,common_voice_ca_37603219.mp3,55dfc11f16995af4aa6befd17d7c657962da3a55b65420d84373efea2f826ed3,El sistema assigna un número de registre automàticament.,,2,0,,,,Septentrional,ca,,northern,common_voice_26_ca,train.tsv,cv-corpus-26.0-2026-06-12/ca/clips/common_voice_ca_37603219.mp3
9bd97ae0e0f43433d1aaf34fd02bf41d1cd6b74d6a9646254ffac16c19767187458e47cae779447801b3d5d527c4946c60813dadd3cd6bc66dbe235c837dda9c,common_voice_ca_36957931.mp3,6403dcfdf08dbec7708d03ef59d047a255c3da74f5d75fd82bdbb504319e4e06,"Lituà, ha fugit del seu país i del Bloc de l'Est, i resideix a Occident.",,2,0,,,,Central,ca,,central,common_voice_26_ca,train.tsv,cv-corpus-26.0-2026-06-12/ca/clips/common_voice_ca_36957931.mp3
9bf395146f30cbf7334f0637429df098bf03fe837d37a1c27fffb3fe93cb0b9595b60e11eddc02e109daf9cf2789fa1151367b9f29bd6acf0b5bdb066e07ef87,common_voice_ca_36878795.mp3,5f9b546dfefec868d59d0c57ebc8a24be9b16d64ecdec7ff400f44455d599387,"Així, la ""e"" curta correspon amb la ""e"" oberta en alguns dialectes.",,2,0,,,valencià,,ca,,valencian,common_voice_26_ca,train.tsv,cv-corpus-26.0-2026-06-12/ca/clips/common_voice_ca_36878795.mp3
207a9a9c475397b80eb13e02c6d366de9ac8710330cc4ccb5109d74e0a09320d0ac66c081692a7055afa7b508ab80527c5f16ffa3bd15aca4115c02cc64f76f1,common_voice_ca_17499156.mp3,074831a83bd42202910ab41c4aa37b22a8022b7e73ee8284b002781aa85d3973,"Quan per Sant Jordi gela, mal any de peres.",,3,0,sixties,female_feminine,,Central,ca,,central,common_voice_26_ca,train.tsv,cv-corpus-26.0-2026-06-12/ca/clips/common_voice_ca_17499156.mp3
8e8f74c8c28909256f92e896a1777630f0338f3e1c1887d07e6e4d7393c6b32515193494d2e5e36a8b2610145ac7695369bcb405f1dca71edc2b5f99699a73f7,common_voice_ca_30903583.mp3,ab507969f6b7c212b7bc31385ad170334f6c5fc20b19d1499d6b2b2614b6396f,Trucaven de porta en porta.,,4,0,fourties,female_feminine,,Central,ca,,central,common_voice_26_ca,train.tsv,cv-corpus-26.0-2026-06-12/ca/clips/common_voice_ca_30903583.mp3
4441f076bc285bcf9707f316882f34c24c0d7d57c525833d8097c1c0bba0d2b43b7e45437841d5839c3f2cb2bb7da6512c0678889accdda6f6c4f103c94738df,common_voice_ca_32306925.mp3,c1028ae87ae7da3f18bb2240d0a45e6f714b9e0cb068167757d8b9b76bc66d23,El nou d'octubre en Pau irà a Granollers.,,3,0,fourties,female_feminine,,Septentrional,ca,,northern,common_voice_26_ca,train.tsv,cv-corpus-26.0-2026-06-12/ca/clips/common_voice_ca_32306925.mp3
44732db2acfc0a73f35e5ec44eb5e9a906cfa92adfb1689619f771e8fb5702e07cd437dc1f96505c525171797093aefb5ead5ae2a86413cbc075cec5466b97af,common_voice_ca_30741913.mp3,7083d63dfe1ad2d5b4fc89a8ba499c7770fe8f377d5a07fe16856f29ab8eef18,Quant dura el viatge en autobús fins a Alfara de la Baronia?,,6,0,fifties,male_masculine,Terres de l'Ebre,Septentrional,ca,,northern,common_voice_26_ca,train.tsv,cv-corpus-26.0-2026-06-12/ca/clips/common_voice_ca_30741913.mp3
7da31de24eb1a13137586d9afb543e66aa6046bd2e9ff53823e16ef9ea368d81e16061f5db878cede34ac9bebc54953f1e327908556f6e9bf5e06a9ac4cf4bf1,common_voice_ca_30847095.mp3,96b5a83674ebb99d6d85498cfdb47c290c14946251af37e5b1717dce60edcb3f,"En canals rectangulars amples, el radi hidràulic s'aproxima a la profunditat del cabal.",,3,0,,,,Nord-Occidental,ca,,northwestern,common_voice_26_ca,train.tsv,cv-corpus-26.0-2026-06-12/ca/clips/common_voice_ca_30847095.mp3
4c1dae8a64087b6628c9d663dd83c918d726cbf6cb3e9feeebcdbe056b1191b950531f416a6ab8044efb37741796d5d27226ab749effa2fb8492accf5af3cf91,common_voice_ca_37577261.mp3,fb5633065a6b3471004018ff02aec59acdb71e3c8bd6b588b18b9ea3deb0b7b4,"Tot ho tenim a Gavà: platja, muntanyes i pla.",,3,0,twenties,male_masculine,valencià,,ca,,valencian,common_voice_26_ca,train.tsv,cv-corpus-26.0-2026-06-12/ca/clips/common_voice_ca_37577261.mp3
8f78b4eaeb9dd44b6459e50a615ad298d58b8b059192a3d84a6ab9f3ee31995fc5f2d9a5cc53f04ec3367fd662bc566bde33cc614cf65f9a71acafdade0e3d3a,common_voice_ca_20499877.mp3,2f45ec03aa0ab57019a5376ce8ba5fac892648f78da980926178ba4847ca781e,Vint-i-set arquers de tres nacionalitats hi van prendre part.,,3,0,thirties,female_feminine,,Central,ca,,central,common_voice_26_ca,train.tsv,cv-corpus-26.0-2026-06-12/ca/clips/common_voice_ca_20499877.mp3
84d79206c1e40f83fb8b1bb0ca219fcffdbd794102e79ea05c7dba178935e4606ab6d55a3d203b0d8e7c3e5a6d2bb8224f24b7e94ed16fa81a76e0b136ff3b16,common_voice_ca_17404565.mp3,4a1b39b2ed61d26671d3af258b1ff15b6a4e0a6938be774b4858d3c29d85cb88,El sol de juny encén els sembrats.,,2,0,thirties,male_masculine,valencià,,ca,,valencian,common_voice_26_ca,train.tsv,cv-corpus-26.0-2026-06-12/ca/clips/common_voice_ca_17404565.mp3
d87e98b2c3f59260812443d0a368404de6b874cffd92e77e1dfd6ce6e41d978b86ed5cf5c87f6138076acd9d8cc4d19a59828d9d4945674d83e5f7a7c39a32e0,common_voice_ca_38398129.mp3,b02e057e1428784aef30d44646277c77e328aeabb631ad43a6b0a7ed2e74f897,"D'entre els passos, cal destacar els Apòstols, els Manaies i els Estaferms.",,2,0,teens,male_masculine,,Alacantí,ca,,valencian,common_voice_26_ca,train.tsv,cv-corpus-26.0-2026-06-12/ca/clips/common_voice_ca_38398129.mp3
01ec2bedd32c841ddd93670183677ce0c5964c9516beaf52a6b70467370b33b11c8b12ec3313947fbc37b4133dd45a50dc799d65c823c1b318846c6aa15b93c8,common_voice_ca_31089934.mp3,e8f62af15aa836daa33db5a245f6749447c09cb1cae3652032148a776bd15aef,L'àlbum només es pot adquirir per Internet.,,3,0,,,,Septentrional,ca,,northern,common_voice_26_ca,train.tsv,cv-corpus-26.0-2026-06-12/ca/clips/common_voice_ca_31089934.mp3
e872f5a39f4b84ca6cff1a2dce04ad602d3e81555998acdc482540ce21c855eb8f2a1d2c0b9c0bc95b73969a7114917b9f811353606d1da6923e710960a8aa30,common_voice_ca_31046949.mp3,de975113ca51c824209dd1d81f4e4dbd05eef104da808840a37115b81e464167,"Els meus germans es diuen Maria, Quim i Núria.",,2,0,,,,Central,ca,,central,common_voice_26_ca,train.tsv,cv-corpus-26.0-2026-06-12/ca/clips/common_voice_ca_31046949.mp3
5d2ff0fe49bb35783381063aa086ce674487e7aa588e122f12366d7c861335538d3f40025d7db5b7bab6ad1926aefda6b049690d940baccfbaaabdb5d709d39f,common_voice_ca_31507899.mp3,2539a6e57428a359922543a8ee60ac184157bf6d5ebe1ffb38d744c3d42b8c7b,L'acrilonitril augmenta el càncer en les proves de dosis altes en ratolins mascles i femelles.,,2,0,,,,Septentrional,ca,,northern,common_voice_26_ca,train.tsv,cv-corpus-26.0-2026-06-12/ca/clips/common_voice_ca_31507899.mp3
eece1668876f4f2aacca3a18b1e76b4ed4255adfe39495d96636455bca6a4db83073e329181f20c89b0bed9164a241e6597b04346cf5f2bf418a24d6a23d2ef5,common_voice_ca_33566364.mp3,2c54835f1341998b1a19597217bf224bbf12714853acc2b56801173d4b280968,Has estat una gran benedicció per a mi.,,2,0,,,,Balear,ca,,balearic,common_voice_26_ca,train.tsv,cv-corpus-26.0-2026-06-12/ca/clips/common_voice_ca_33566364.mp3
946e5ec4f472d910217a86a8033666d9a7154dcee9209d8ef1987e765deceaa8a3646943323dba34dcc46fc6ea7de82923878387f4e6ce042805cdab9de66d1b,common_voice_ca_32156956.mp3,8eb9ca45570f0e078fa87529b109e698350fc499ef46daa56e4ebb791999f5ed,Diumenge en Rauric anirà d'excursió.,,4,0,,,,Central,ca,,central,common_voice_26_ca,train.tsv,cv-corpus-26.0-2026-06-12/ca/clips/common_voice_ca_32156956.mp3
be0a2cf6b9cb520177ba3deed94f1a469b3f2f8b625cbbc8c98cd9cf43a60d989f314e18a25cb6aac7e9d944204ec6e1dd99c3caa671018efbe2a204f6b08501,common_voice_ca_38246403.mp3,a3fa1df24453203215cc03d533df0b998aeccfaf76b5b0c2ad644a3c64ad427a,"Cada historieta està plena d'acció, humor i aventures.",,2,0,,,Palma,Balear,ca,,balearic,common_voice_26_ca,train.tsv,cv-corpus-26.0-2026-06-12/ca/clips/common_voice_ca_38246403.mp3
81e09bc7f9dd35013e81277f76bb89aee439b064ef6643904da6120aa3399002056363fd6472adf5cb4c6aaba56d7a54b39a9f10f19bfce853aa77570a2b6348,common_voice_ca_37924563.mp3,8c9693c3ed862490367d2958301afeeefedbad90fe146230448a38f816519740,"A poc a poc, les aigües del llac van recobrar la seva salut original.",,2,0,,,valencià,,ca,,valencian,common_voice_26_ca,train.tsv,cv-corpus-26.0-2026-06-12/ca/clips/common_voice_ca_37924563.mp3
0b436ee8ed7ec3f70b0ba472845a08a34e59a75fad556ab39cc54a2a1738b7cbef3eec316463d70b928597696d9c93eb9d05e03f127552800d5989e7b582a2be,common_voice_ca_17522666.mp3,613810025eb98f3c908a0ed453f10e8f3cebe71f493ee8eaa3a333b1a09e8dea,La manca de presentació del document d'acceptació o de la documentació que sigui requerida.,,3,0,fourties,female_feminine,,Central,ca,,central,common_voice_26_ca,train.tsv,cv-corpus-26.0-2026-06-12/ca/clips/common_voice_ca_17522666.mp3
3cab131f1ff7d75b971c677cb846b8d7e931343f418cfa222ef3b301581d2f90b778323dccc4dfd65b8b2d52ffa713e38a113d14201ffc58c660746131f0fef5,common_voice_ca_33986456.mp3,32d19ed0ff535645418a327d1bc2a77c6388bb82ec14028809760494181b52ac,Xisclada com una truja davant d'una obra de Gaudí.,,2,0,,,,Balear,ca,,balearic,common_voice_26_ca,train.tsv,cv-corpus-26.0-2026-06-12/ca/clips/common_voice_ca_33986456.mp3
974b5ddd7809db7af95f3ba217120eaadeb222515d7525c383cc7e8fc3e1fbc99b3f666c01577638b1d00edef3cc52c1bcadc249e97ab5f203be0f727a73c5fc,common_voice_ca_37562887.mp3,e5a8d22e35c33160d5433828a9b7e99ae9ba513fe7dbd29cec571ca12c564098,Caminada dels Reis Mags pel poble.,,2,0,,,,Balear,ca,,balearic,common_voice_26_ca,train.tsv,cv-corpus-26.0-2026-06-12/ca/clips/common_voice_ca_37562887.mp3
8c21f22afee554814805c114ae8f98539a1ca14b581abbcd3bc1fffbb2f60c28b8c7eb15843a91a8b2240c4242c0715decc01805f89b25c0b6525f0c5e6c320a,common_voice_ca_30876669.mp3,a111e8f184dd0ea1c99033e6bde966d3b955533b02c4e44cb233a2e6f733e10a,Per on cau Terrateig?,,3,0,,,,Septentrional,ca,,northern,common_voice_26_ca,train.tsv,cv-corpus-26.0-2026-06-12/ca/clips/common_voice_ca_30876669.mp3
8605a4de41c0ea53dcc412a06e2f9f8efdae397b555b30f59ccfdbeb168eff60119542c019930c4bbee3c0a4f503280823d93a812d91d7853093e8ad2973eb04,common_voice_ca_37633414.mp3,788f1cb1edc7532cbcf3a2056bfd2c0a323b67a50bcb489664094dc8c0f5fe66,Pedro Bertran Monistrol va ser un dibuixant de còmics nascut a Barcelona.,,2,0,,,,Septentrional,ca,,northern,common_voice_26_ca,train.tsv,cv-corpus-26.0-2026-06-12/ca/clips/common_voice_ca_37633414.mp3
956dfaa558d895a75bffb37d8a3a8e035f52206724b543e3c4f43ad9fbf0acdbac23d8e811e1c162595f62e9b7bfc88363482feceab47260ff1ab36adcf7fa61,common_voice_ca_38078675.mp3,97ccddc464a16db0be001d50385204fbdcc21619f2db1f882d9c0e202c668b99,"Aquestes marques són, generalment, blanques.",,2,0,,,,Nord-Occidental,ca,,northwestern,common_voice_26_ca,train.tsv,cv-corpus-26.0-2026-06-12/ca/clips/common_voice_ca_38078675.mp3
4dafd3b98609177f1469270b4fa9646197ec854606af7afdf8d3f84f2af72c8f33a6e568e547e3039ee5dab2185aac4d318a5f416ec15a3bf40ec96bd92ef137,common_voice_ca_22067259.mp3,75f6249510e09b6cef1d21f7341d2dd34078bb4f0db366e51784844a9fce647b,Els sexistes violen el principi d'igualtat afavorint els interessos del seu propi sexe.,,3,0,teens,male_masculine,valencià,,ca,,valencian,common_voice_26_ca,train.tsv,cv-corpus-26.0-2026-06-12/ca/clips/common_voice_ca_22067259.mp3
ddf1db61a8a379c496af7bbc192be2eb6a8690c37028eb8714f3a5481ccec9f85069f4a06175e71c45a7cb530617d790c1b797555fd6a30018484f27ed991095,common_voice_ca_37767583.mp3,7f7671dcb21e2893bf7b29657e9da3a1fe96969923acffbd238c60a53b567810,Al poble s'hi pot trobar l'església de Sant Jaume.,,2,0,,,,Septentrional,ca,,northern,common_voice_26_ca,train.tsv,cv-corpus-26.0-2026-06-12/ca/clips/common_voice_ca_37767583.mp3
d87e98b2c3f59260812443d0a368404de6b874cffd92e77e1dfd6ce6e41d978b86ed5cf5c87f6138076acd9d8cc4d19a59828d9d4945674d83e5f7a7c39a32e0,common_voice_ca_38398130.mp3,afefe47cff9420306d882ba58cbea6f4a39ac7172e11b4dc5b7e2278104beac4,"Però mentre elabora la poció, és colpejada per la caiguda d'una imatge.",,2,0,teens,male_masculine,,Alacantí,ca,,valencian,common_voice_26_ca,train.tsv,cv-corpus-26.0-2026-06-12/ca/clips/common_voice_ca_38398130.mp3
472b46a52376dd631c36aeefe66cfb0a1fa215ce4af15651f3a8957141373b6c79dff02a98c35d090e49cd09caac2b007550a97d7b47a7854d6128d1a581d2ac,common_voice_ca_27923172.mp3,4e902549bc52307c283f66315ca1ac9b9107746e651f9f76e4eb0617a9a4dfc8,Smith-Dewey és també cofundador i president del Centre de recursos d'assegurança mèdica.,,2,0,,,,Central,ca,,central,common_voice_26_ca,train.tsv,cv-corpus-26.0-2026-06-12/ca/clips/common_voice_ca_27923172.mp3
b2e46b2e5c7f93883206d1d69d44da1ef8fd85c37ca7cd78848dd4f666e081d0f04daaf9d82b6c261cf54788232a7d43cdb022b15187c9949c9fb0e64edf3cc0,common_voice_ca_19090952.mp3,d4dc94b16f2f767ece1a0d745f953a7e8f22eb8f37d8bea8a63ecbd22f368125,El primer.,,3,0,fourties,male_masculine,valencià,,ca,,valencian,common_voice_26_ca,train.tsv,cv-corpus-26.0-2026-06-12/ca/clips/common_voice_ca_19090952.mp3
4c1dae8a64087b6628c9d663dd83c918d726cbf6cb3e9feeebcdbe056b1191b950531f416a6ab8044efb37741796d5d27226ab749effa2fb8492accf5af3cf91,common_voice_ca_37577268.mp3,ffbb49adc7b24824adbece241b8d1203304e36ed4449134e1081f06aaa65e297,La cutícula llisa presenta cercles concèntrics de color ataronjat i vermellosos.,,3,0,twenties,male_masculine,valencià,,ca,,valencian,common_voice_26_ca,train.tsv,cv-corpus-26.0-2026-06-12/ca/clips/common_voice_ca_37577268.mp3
4c1dae8a64087b6628c9d663dd83c918d726cbf6cb3e9feeebcdbe056b1191b950531f416a6ab8044efb37741796d5d27226ab749effa2fb8492accf5af3cf91,common_voice_ca_37577106.mp3,02eb8b323ba1e023eb1f035bc7f3ba2a16259168a3200e8e419801cd5ca83367,"Viuda endolada i ben pentinada, dues vegades boja.",,2,0,twenties,male_masculine,valencià,,ca,,valencian,common_voice_26_ca,train.tsv,cv-corpus-26.0-2026-06-12/ca/clips/common_voice_ca_37577106.mp3
01ec2bedd32c841ddd93670183677ce0c5964c9516beaf52a6b70467370b33b11c8b12ec3313947fbc37b4133dd45a50dc799d65c823c1b318846c6aa15b93c8,common_voice_ca_31035062.mp3,daaf7c3d478913ec8969ee11e6100453996076b0489fd4bcceecdf8e6c2a6052,Hi ha una botiga abarrotada de gent al centre comercial plena de joguines i accessoris de colors brillants.,,3,0,,,,Septentrional,ca,,northern,common_voice_26_ca,train.tsv,cv-corpus-26.0-2026-06-12/ca/clips/common_voice_ca_31035062.mp3
84d79206c1e40f83fb8b1bb0ca219fcffdbd794102e79ea05c7dba178935e4606ab6d55a3d203b0d8e7c3e5a6d2bb8224f24b7e94ed16fa81a76e0b136ff3b16,common_voice_ca_17433306.mp3,5b8306b9ed1aa000dfb9c3b25626ee05896c0080e0ce4e2ff2f492a61b9eb6cc,"Per Nadal, mariner fora de la mar.",,3,0,thirties,male_masculine,valencià,,ca,,valencian,common_voice_26_ca,train.tsv,cv-corpus-26.0-2026-06-12/ca/clips/common_voice_ca_17433306.mp3
056223cbc144f14287eedeed46891f64566aead7761b8b139043adcf199ddf85b3f5a7a9c27d3ec818fc2554832bb2c9b298d1b2df54d6ff1733251487295b82,common_voice_ca_37508302.mp3,7ba124f12e61f8c8e8d6c003303aa849b919faf6ad610c9801456b34636ea9f7,Llenya seca no fa fum.,,2,0,fifties,female_feminine,,Septentrional,ca,,northern,common_voice_26_ca,train.tsv,cv-corpus-26.0-2026-06-12/ca/clips/common_voice_ca_37508302.mp3
7242fa8b72a095444836cdc86ba71dae2c5905028b81a753ca46a42622649a0dcd6fa29c50a2033ca4a38b868820cd810bc02ecc161bab33d89cbab5a9ef09c8,common_voice_ca_17630325.mp3,e7e154aac4340f78e19b4fd81d4a8f90a83726cc60a21472299c7164b1d1bd25,Factors que augmenten la validesa i fiabilitat de l'entrevista.,,3,0,fifties,male_masculine,,Central,ca,,central,common_voice_26_ca,train.tsv,cv-corpus-26.0-2026-06-12/ca/clips/common_voice_ca_17630325.mp3
518e58a4f0a5b66120d2443edfa57078192a07bde1fdf9b4d4c10247089d9acca79fff09bbff9ec3a7892261b34375eb71f33f5b9123a729afd0789f3de803e6,common_voice_ca_38844212.mp3,c469734bac3ddf8abd6e6476c6f9c231240ed44ef5176db739eae61ddd958299,Galè va mantenir vigents les teories d'Hipòcrates durant tota l'època medieval convertint-les en dogmes.,,2,0,,,septentrional,Septentrional,ca,,northern,common_voice_26_ca,train.tsv,cv-corpus-26.0-2026-06-12/ca/clips/common_voice_ca_38844212.mp3
0e89a7427c27c12d7abe86db0244b563a1948eff79b27b52642e34194b281bc734e3034cde8a3d2f8563cf24fa5b4c8ff017c28ad86a3eede09360fcd4731a8c,common_voice_ca_18264733.mp3,88fb871e34b15dcbd178656ba68fba637ffed33ef4a38b8fce0256bcbd73831d,L'aspecte de tot el país sencer hi testimonia el treball de les aigües.,,2,0,fourties,male_masculine,,Nord-Occidental,ca,,northwestern,common_voice_26_ca,train.tsv,cv-corpus-26.0-2026-06-12/ca/clips/common_voice_ca_18264733.mp3
51c11eccd83cfec93c59dae87eddb5722fc9e5534b09636a3ce36a18e74762f728b3c5cd1046a5f58b646bc8897c3eabcf14fe943b7697f08cc583c72890f012,common_voice_ca_31182503.mp3,e584f3ae69506548b8d068f8e78ddd72c75a057f9536a2c6da622b9a659597d7,Georges Dujardin-Beaumetz va ser un metge francès nascut a Barcelona.,,2,0,,,valencià,Valencià meridional,ca,,valencian,common_voice_26_ca,train.tsv,cv-corpus-26.0-2026-06-12/ca/clips/common_voice_ca_31182503.mp3
ab859fda475c2371f87fb5b38aea7f10f40c55c0f878fc7b03f1ecadd62f780df1d28b803d464ba449b990a362b59824e7fe4b0190be874fe60b12fa785f5643,common_voice_ca_31392211.mp3,13f07d24718d0833006b38366dfa2754d0759d5364f4a1446908649085dd5b19,Torra i Aragonès s'oposen al debat sobre la taula de diàleg,,2,0,fifties,male_masculine,,Septentrional,ca,,northern,common_voice_26_ca,train.tsv,cv-corpus-26.0-2026-06-12/ca/clips/common_voice_ca_31392211.mp3
f8afdbedf7b4cf7c53322433ffb479349dfce968a871a5e865cf632d01a0a9c32dad8f25be62ff83050c9836f04f8b07fa157c669c26f5bb4d639ac997927916,common_voice_ca_36823647.mp3,5c40b90650c775fe8a636a7c2fc7fcc5ba9d94093b1c5f3285e5f07fb0f39b75,"El principal focus d'acció, però, va ser entre Ponts i Tarragona.",,2,0,,,,Central,ca,,central,common_voice_26_ca,train.tsv,cv-corpus-26.0-2026-06-12/ca/clips/common_voice_ca_36823647.mp3
f5a157dcc1db9578aa5f53a05a9bf67d2ba43f4e816817b9fa3cded6a599e9aeda835c72f73ddfad962d39abc09c4f63e53a6950905bf0e81023346cf27b8f35,common_voice_ca_38649505.mp3,bd8bf5a870cedb5db7aee0d97ca21eea25145d3da106c0c887689362adb473d4,Aquell fou el primer plebeu a exercir aquest càrrec.,,2,0,,,valencià,Alacantí,ca,,valencian,common_voice_26_ca,train.tsv,cv-corpus-26.0-2026-06-12/ca/clips/common_voice_ca_38649505.mp3
5860d0a58f8310ecbb5b21f9ce649a86537eabeae1fdd4fcd7a7d8bca8a16c4c1f18cecd657869574d8993f4f59ef76da750bbab742ced93eda1455d017402c8,common_voice_ca_31017178.mp3,d4f2bc99fd41cbdce6aae2cfb8ef5e7ec9fc7349e6a5d48a3c3133d4f4cfd576,"La discogràfica va fer fallida quan el seu distribuïdor, Dover Records, va caure.",,3,0,fifties,female_feminine,,Central,ca,,central,common_voice_26_ca,train.tsv,cv-corpus-26.0-2026-06-12/ca/clips/common_voice_ca_31017178.mp3
4946e08edb1db30f98f4ed1cee7f597fd91fad3115e77d63c6fa2b1feaedad8809305dac450f9aa9dcfd11df34ac100a533488c06b020cf567c4c42ffc1572ff,common_voice_ca_33363776.mp3,c7ebcbd1ace72b2f32b1c589cf62048b45d8e5977c7c4aac76d1b06aa07981a7,Parteixen de la crítica del funcionament actual de la xarxa.,,3,0,thirties,female_feminine,,Central,ca,,central,common_voice_26_ca,train.tsv,cv-corpus-26.0-2026-06-12/ca/clips/common_voice_ca_33363776.mp3
6e0bde610f238b674017fa7320fa8095a2323a8b0e11bf837c522e9a8c1d0563570a181bcc17c1cdc5d0f6ffdc15d2487f927cec71116aec5ebca5cc8b87929a,common_voice_ca_37564292.mp3,e81845f362abadb33878755457b5ea49be769df1f49f92c29dd9a2ea9b32300b,La glòria fa perdre la memòria.,,2,0,,,"Mallorquí, Son Servera",Balear,ca,,balearic,common_voice_26_ca,train.tsv,cv-corpus-26.0-2026-06-12/ca/clips/common_voice_ca_37564292.mp3
7a9ee951fea4635e427f3cb984bdc80e221d1aa5ca77cf9acf6f45c3560c57d1c40a7f910d7ef175204a923efb2b155548612eb5ff2c0783ce667020efca67b2,common_voice_ca_32176354.mp3,485c166d2bcfa4f4299c0b67b952c6ee3d4b1eeeed3ee5c4e52ee4088b9ef232,Escala de pintor oberta de perfil.,,3,0,fourties,female_feminine,,Central,ca,,central,common_voice_26_ca,train.tsv,cv-corpus-26.0-2026-06-12/ca/clips/common_voice_ca_32176354.mp3
811c8a531055a0988f1f91f204e4c42df615c78523a82d9a68ae87197cbb97d694c0da19b1862e61050c27e9f2b8d0d9957ae54995165abd2e106b73e176ec4d,common_voice_ca_30797496.mp3,86001adeabf4dae97d71b47c52319c189f15a50762e249a961b554cf09d2df9c,En la construcció de l'edifici es van emprar diversos materials.,,3,0,,,,Nord-Occidental,ca,,northwestern,common_voice_26_ca,train.tsv,cv-corpus-26.0-2026-06-12/ca/clips/common_voice_ca_30797496.mp3
0ea16212791c523060d5fb6576519e4eb78e7ddda4a27e48d90f976f57ea3d462b27abf10089704cf836649accab77d472b44f5ff96ef0c76877ffc15944f6c8,common_voice_ca_17876142.mp3,a7df23c3879483befc59c62ea594a16c2ca0922cf0a49f75d55abbe75178e5f4,"El tema, per tant, no pot romandre estàtic.",,3,0,fourties,male_masculine,,Central,ca,,central,common_voice_26_ca,train.tsv,cv-corpus-26.0-2026-06-12/ca/clips/common_voice_ca_17876142.mp3
8b600dc4cb8f4a6c8bc2666b13de0a0d4c1a87724becccc80cb9e9f4f6d16b6b6d5eb8bd1f637d421979ff0af04cd3faa55a9b18b8adce58e604dc021b646934,common_voice_ca_31380808.mp3,11ba57345ff733e8d7eb161d0bc631d890766da5026b1f2dada79dc10f027294,No hi ha res que suggereixi que ella tingués cap idea dels seus plans de protesta.,,4,0,,,Nord oriental,,ca,,northern,common_voice_26_ca,train.tsv,cv-corpus-26.0-2026-06-12/ca/clips/common_voice_ca_31380808.mp3
10ecc1c21897445b632068bef3e6340aaaea0162ada888a98bf7a41f42147601cec94bfc6ddd2d2467356559e16b4550292e5c59729ffb061b0063d96cbbddae,common_voice_ca_17465501.mp3,7befaf71d854f0e0111536709d7fb97e42315f02e360f0c39c4b122a1e5a84dd,El perímetre així declarat passarà a integrar-se en el conjunt històric amb caràcter general.,,3,0,fifties,male_masculine,,Central,ca,,central,common_voice_26_ca,train.tsv,cv-corpus-26.0-2026-06-12/ca/clips/common_voice_ca_17465501.mp3
a0af491c763451e72794d696fa2984e66da789fc4a422c93c4710ca5e82ca38b36dfbd0a2638a990cbe838b5e31002e97ef7edb2f80cbcfc3a02c6693b8f3177,common_voice_ca_30757733.mp3,77aeb0ad0e5dea0b2991b49be18955edba1aa2da151c523eaf2c2bb4c57486c0,Què duen els àngels de l'escena?,,4,0,fifties,female_feminine,,Central,ca,,central,common_voice_26_ca,train.tsv,cv-corpus-26.0-2026-06-12/ca/clips/common_voice_ca_30757733.mp3
50ff87c2323af2004bb06bb19ec486b7a7b7509ff294a13954e97b0342b9e68e7493646841e052649495922198638773397b0c3862259e44933a29ce10baceb9,common_voice_ca_32068336.mp3,5ee273caca43aa810b860c7c757a44bddb20281c204ed38d4ddbea46d2aef052,El vint-i-tres de maig mons pares aniran a Maià de Montcal.,,4,0,,,,Septentrional,ca,,northern,common_voice_26_ca,train.tsv,cv-corpus-26.0-2026-06-12/ca/clips/common_voice_ca_32068336.mp3
5ec60a4cfb19d7d4119f0efe0b1c13d2b8634e2e97ebf418b4fadf3159cf5c2e16f53bfa27cdca433dffe433714a82ee6f9bca8b5bcbdc1c8338da0268d1ffa0,common_voice_ca_37604017.mp3,5db27b7fc26d24bcce3097e6467a6116a00ca3caa624d86ec087bb6389641784,"Poques dents, canyeta verda.",,2,0,,,,Septentrional,ca,,northern,common_voice_26_ca,train.tsv,cv-corpus-26.0-2026-06-12/ca/clips/common_voice_ca_37604017.mp3
a04e4ab6908a4e63428a7eebb1c593d6e214e2a966ee6b2f4fb85bfc9a88d70093251b376aca694f9c557fbf695accd709a869439cf774389ea85e2ae0a35aee,common_voice_ca_32150362.mp3,8902d59fb8ea1b52a9817c1e1f9274e9c5c1f65429d2d14295dcd6f98ffc0766,Divendres na Mariona anirà a Aín.,,2,0,,,,Central,ca,,central,common_voice_26_ca,train.tsv,cv-corpus-26.0-2026-06-12/ca/clips/common_voice_ca_32150362.mp3
c047538c727dfe0d9ece19b8cfb4cc842876eb092de5cdce09ab3df9f65324f96db960cc2fc52be9147f25140c80e64e4f4dbebc5b9e2ac3be58086b539feacd,common_voice_ca_36349246.mp3,515043b4bbc462668c97076b25fe6cc702fd2915dbba10639ff0b64bb48d3eb9,Faci la prova amb el formulari.,,2,0,,,,Balear,ca,,balearic,common_voice_26_ca,train.tsv,cv-corpus-26.0-2026-06-12/ca/clips/common_voice_ca_36349246.mp3
67cf78b6ac32a0a7d46435961796f65219a42f4e88b51dbcd424a6b164b5d4fca1e63a21d63369854ad4507640c6714aa909ae1d91e21d18fc311a4c82ac72e1,common_voice_ca_37760828.mp3,7f129026b94d56ceadb2e8c81cd1d6e756ba5ec83d4a86a5e3ee24d791e2da27,"Els sistemes trifàsics són els utilitzats en la generació, transmissió i distribució de l'energia elèctrica.",,2,0,twenties,male_masculine,,Nord-Occidental,ca,,northwestern,common_voice_26_ca,train.tsv,cv-corpus-26.0-2026-06-12/ca/clips/common_voice_ca_37760828.mp3
4f62b986b8dad6adac45e946de94fa27c1ae041574712e576ec5a27d2349ff859b73fa6f228705d560d25a1f227d6563be1779d5e54bc4a7aca5a1b2814dcc24,common_voice_ca_37631529.mp3,783454205a4dd45851219890eecf8c3e3c2d5cced538960ad74dbbd277c6e283,"Alemanya, amb noranta-vuit mil set-cents setanta-dos casos i mil cinc-cents vint-i-set morts.",,2,0,,,,Nord-Occidental,ca,,northwestern,common_voice_26_ca,train.tsv,cv-corpus-26.0-2026-06-12/ca/clips/common_voice_ca_37631529.mp3
be3e326da717a6cf7cf21997ba19639f72403ae6da49cff888f55cedd7c60919b2d262eebb5e7d5095f8462cfff23631f6ab04a58d3af71e097535b24ee3ba5d,common_voice_ca_30807566.mp3,88d87170a4e3075835deaf455904dada0209dddf07d6cd96ea58e9cc3281d328,Un grup d'homes en una oficina mirant una pantalla gran.,,10,0,,,Lleidatà,Septentrional,ca,,northern,common_voice_26_ca,train.tsv,cv-corpus-26.0-2026-06-12/ca/clips/common_voice_ca_30807566.mp3
5f97d8f65a3e3666ea465030b24201882aa89fd967feadc60cd67e642cb95f868a74d9ccc8af9ed14de64ca4972c162e58a679ec99b1cc88344af1b09e49e01f,common_voice_ca_37801564.mp3,8170be82ee1b360165da6596b77802c72a4b42050f3bd7c3709e49770e5f5438,Està situat per sota el nivell del mar com tota la regió.,,2,0,fifties,male_masculine,,Central,ca,,central,common_voice_26_ca,train.tsv,cv-corpus-26.0-2026-06-12/ca/clips/common_voice_ca_37801564.mp3
192605a422f9a6a7a7b42e427762c03269ed05251f0822cf81abd18291f6212098aabe6344a5003f2c9d413e717489fd6a47964060d6b9761839eff8c3dc4863,common_voice_ca_36453216.mp3,532c62034226237a1013bb5c63bd293a99b25acec0af741556f4b25d48a453cf,Dilluns na Lia irà a Portell de Morella.,,2,0,sixties,male_masculine,,Nord-Occidental,ca,,northwestern,common_voice_26_ca,train.tsv,cv-corpus-26.0-2026-06-12/ca/clips/common_voice_ca_36453216.mp3
b7fc6c36d8fb8d799a53b2157da00ae1aa34e3c0eeaa96154da4f287479bb7ef2d0ba725382ebe5941e66e16765eeef6becd705c750d1ea279a4cf1ef43215a2,common_voice_ca_30810151.mp3,89e34128aab60e613b747d3d341ee0379323ec02138df2b007ac533049f470c4,"En moltes espècies, només els mascles tenen banyes.",,4,0,,,,Central,ca,,central,common_voice_26_ca,train.tsv,cv-corpus-26.0-2026-06-12/ca/clips/common_voice_ca_30810151.mp3
499f45ab0b375c2a2b15dcb609719c4d8decb7b32115d8d5982e8aa3f8446f192c53e322e62361161d9726b390ff59e4800efbfdcaa82240602d703efbc0ce21,common_voice_ca_30846499.mp3,96652ba5925215c7b5d67be131e46dad52ce3dd129db0a8b68406324952344d0,En aquest cas hi ha un reflux a la xemeneia.,,4,0,,,,Septentrional,ca,,northern,common_voice_26_ca,train.tsv,cv-corpus-26.0-2026-06-12/ca/clips/common_voice_ca_30846499.mp3
9d4d16e919ccfa214571ef6feb6bd5bb7b2ff05fb3b0d573f1510c2ac6b405fea44e9363ebf99ecff792a29d1d774da5bd27fb86153d7d41964013c52ee0f95b,common_voice_ca_36535846.mp3,564c6fde811c9dad4345aff085b575866e43aecefa8381d1842604fdde15c3c7,"Hi ha tres esglésies bizantines, dues premses de vi, àrees residencials i edificis administratius.",,2,0,twenties,male_masculine,,Nord-Occidental,ca,,northwestern,common_voice_26_ca,train.tsv,cv-corpus-26.0-2026-06-12/ca/clips/common_voice_ca_36535846.mp3
bc302cdfa1ce0c8bf6e59f68f57862e5bfe3541b2bba67ee5038a5c8c708b8ad1825b85d0694331d6e71370ee712503964894446ff176e6fbfb3489dd9b04fc8,common_voice_ca_17442288.mp3,46f11f16e829870264c6b194ec274d20a587c7528965b132bd1ec7357c81cc9a,La no presentació suposarà l'eliminació en l'oposició.,,3,0,fifties,male_masculine,,Central,ca,,central,common_voice_26_ca,train.tsv,cv-corpus-26.0-2026-06-12/ca/clips/common_voice_ca_17442288.mp3
0b436ee8ed7ec3f70b0ba472845a08a34e59a75fad556ab39cc54a2a1738b7cbef3eec316463d70b928597696d9c93eb9d05e03f127552800d5989e7b582a2be,common_voice_ca_17521064.mp3,f161785d9a5fce16813188677757ef0930652cfad8123f8e1a5030b4c35457b2,Què passa aquí?,,3,0,fourties,female_feminine,,Central,ca,,central,common_voice_26_ca,train.tsv,cv-corpus-26.0-2026-06-12/ca/clips/common_voice_ca_17521064.mp3
88dfb9bcdb1b9d85f720b47d3dd6b774656c6a75e0a1f58bd81b81b4efc57c10526195125cfd028442c7deecc56960d480d6e4b5be492a45b76e5262eccbc910,common_voice_ca_31334479.mp3,098eb776eda1f48d6599c23e964f0cf12165e034be3061bc896acfdd4777c14f,Hi ha algun lampista a la plaça de Can Galta Cremat?,,2,0,,,,Septentrional,ca,,northern,common_voice_26_ca,train.tsv,cv-corpus-26.0-2026-06-12/ca/clips/common_voice_ca_31334479.mp3
95c2c4433dd41d7dced5df4673508fb07bc2214f67c327f08a4d666a489c863acd883e9fd72c01070c3b828c8531394363d706e2943439d655d8156aca1e3451,common_voice_ca_30781388.mp3,804a42aed4ee3fc58de10d038c9adc4834972a044f3aa38c180f2b95fc3a4089,Els membres del Consell van dir que havia intentat evitar que investiguessin la seva despesa.,,3,0,fourties,male_masculine,,Central,ca,,central,common_voice_26_ca,train.tsv,cv-corpus-26.0-2026-06-12/ca/clips/common_voice_ca_30781388.mp3
ab859fda475c2371f87fb5b38aea7f10f40c55c0f878fc7b03f1ecadd62f780df1d28b803d464ba449b990a362b59824e7fe4b0190be874fe60b12fa785f5643,common_voice_ca_32097224.mp3,6ba7bf9eaa2f0537edb77714da2602aed6acfbf8970c9157ad4477ae6eeccb73,Diumenge en Joan i en Rauric aniran a Benimeli.,,2,0,fifties,male_masculine,,Septentrional,ca,,northern,common_voice_26_ca,train.tsv,cv-corpus-26.0-2026-06-12/ca/clips/common_voice_ca_32097224.mp3
19e69c883010f29aea1b0eccba82df8d5fac1852cb63bae246a074f43a718a7e975de4a6f229fa6f75f050a09abba65bfc265b452e3a49122098ae9eecd12b2c,common_voice_ca_37574332.mp3,f899509337eeaff7198fc5c289be2ed1cb6b1aa491601cb1034b99a7c113b149,Obrir el pit.,,2,0,,,,Septentrional,ca,,northern,common_voice_26_ca,train.tsv,cv-corpus-26.0-2026-06-12/ca/clips/common_voice_ca_37574332.mp3
62a7333977c33ef3358ed5212ebe5defea639658cdffcb393ef76b854ce35dc4c4140de5d6a475c5ac1175d71e92626226f0a33bb4a77b534f140b8da37e9cb3,common_voice_ca_32087769.mp3,660b2a634e62a3ba1bb9d23ab04f24408df010835395864a711c14d88a72cc22,Dimarts na Gina i na Cora aniran d'excursió.,,3,0,,,,Septentrional,ca,,northern,common_voice_26_ca,train.tsv,cv-corpus-26.0-2026-06-12/ca/clips/common_voice_ca_32087769.mp3
8dccfb605c83df1076d2b14598d15a614081a0b1972a28d62e99ee3a373c071e0fb17a28245681a76f481385197a59e44afc8f5e36636ce77a81b4c2a7adae6f,common_voice_ca_27233380.mp3,3e7faf3d9ed3bf8ced4c81fac12735b193641586bf2fb54656355949bfb2a2be,La icona per al gestor de l'espai de treball i el Recycler són sempre visibles.,,2,0,fourties,male_masculine,,Balear,ca,,balearic,common_voice_26_ca,train.tsv,cv-corpus-26.0-2026-06-12/ca/clips/common_voice_ca_27233380.mp3
c360f75d0300534296dd7403309ee308f91818471d388f6add981043729782dc540e2273238350a81aee19365fb58349bd74008256066e961a1bcbd1fa769bb6,common_voice_ca_32152713.mp3,8a0fa91d238a2fdb5721f0fa1872ee2edbd0c5f8f0592e55b870ee2ce9ec9cf2,El vint-i-tres de maig en Nil i en Quer iran a la biblioteca.,,5,0,thirties,male_masculine,,Balear,ca,,balearic,common_voice_26_ca,train.tsv,cv-corpus-26.0-2026-06-12/ca/clips/common_voice_ca_32152713.mp3
f857e92f68329b5f04cc61eead534ce1764f37d3bc581509843cffec05c329f47c206677cfd3c88f7dacc5382d7a5d207bdc133576e390da145d74327741e705,common_voice_ca_37588776.mp3,2be08dba550be62a89102762af276397562617a196ed96033f9b9fcf30229f6e,"Quan la grua baixarà, agafa la podadora i ves a podar.",,2,0,,,,Central,ca,,central,common_voice_26_ca,train.tsv,cv-corpus-26.0-2026-06-12/ca/clips/common_voice_ca_37588776.mp3
23e61646df35b3f44002fa26cfb237ccbd2d3b406f2fe3494a121e81f8cd61f2983d5a73ff9940a44ab9d0a92587175919f8d4b63b8e715d14d560e7975511b5,common_voice_ca_17793167.mp3,8a8e32c5f8ebab86209807a080878367d7200f5453f305aca9c1d96f0bd67ddf,Per fi seré un internauta de debò!,,2,0,thirties,female_feminine,,Central,ca,,central,common_voice_26_ca,train.tsv,cv-corpus-26.0-2026-06-12/ca/clips/common_voice_ca_17793167.mp3
4c907ac8ef063bb681d6787d2ec0511a7ed131ccecb62396725944889d00d9553bd7964b399f51360bebec005cbae92f3037fa191641654e1f491bb98a559166,common_voice_ca_33447939.mp3,0185ec282a02632a8255437660ade30d3c1100cad4d9563dd05f842060d0664e,Ho dic aquí perquè li ho vaig dir abans personalment al president.,,2,0,twenties,male_masculine,,Central,ca,,central,common_voice_26_ca,train.tsv,cv-corpus-26.0-2026-06-12/ca/clips/common_voice_ca_33447939.mp3
e349bcd56c513c6871b8fc789114c1d88a37bfac546fccf9683ea18d883c2db3a0464be9d0a313575bbfb94b90071dfd52b86b34a31198e37feea7b46932ccf4,common_voice_ca_17460922.mp3,95d67a4b63973fd4fb78b5c96a6c48d42a033f741b7b672573e6c9a6d2f0ba4c,"Aprenent de Portugal, que encara no sap cosir i ja vol tallar.",,3,0,sixties,male_masculine,,Nord-Occidental,ca,,northwestern,common_voice_26_ca,train.tsv,cv-corpus-26.0-2026-06-12/ca/clips/common_voice_ca_17460922.mp3
38d00c7f8e340672f35d90524a72667a5bd0aff06c7ca8cac3318eccbb6bf41b07b4e9badcb4fcecfc50c2bb71ac7ba432fdca9a4fdbd4f6a71054da14f06e79,common_voice_ca_40406259.mp3,e58f4b2a52265fb8654e26f105e692435de5434b307a7caa61bae16c05ae754d,No tenia fills.,,2,0,,,valencià,Alacantí,ca,,valencian,common_voice_26_ca,train.tsv,cv-corpus-26.0-2026-06-12/ca/clips/common_voice_ca_40406259.mp3
7a652127591f6d6ce5e58d95ea09a8ea5886f562e1d79e1756574cbc527f6d6813d21f9cd67038d6cfd7bd6683f7115419e46546ba154cabf309f6baf9800a43,common_voice_ca_31318876.mp3,072efee5d828a793e4e0a06bbcba989980ea1d4c67de0a1081e4a8cc0f5a4900,Lluís va estendre el ducat de Baviera i va fundar moltes ciutats.,,2,0,,,,Central,ca,,central,common_voice_26_ca,train.tsv,cv-corpus-26.0-2026-06-12/ca/clips/common_voice_ca_31318876.mp3
506a1c258f86da84e3b28e446c4d6393f4900fd7106eecfba1d0ef5252c14e419a19535bc19e525f19d72a1b5aeadeede156f4e923579977d48a4f99db96ab37,common_voice_ca_30989144.mp3,cd2b5fff4d153fee9f96f0882b886638ad6f3488c31776b81e6895ada476c4c6,"Això és, sense dubtes, el que va fer que Lashley estimés l'aprenentatge.",,2,0,,,,Nord-Occidental,ca,,northwestern,common_voice_26_ca,train.tsv,cv-corpus-26.0-2026-06-12/ca/clips/common_voice_ca_30989144.mp3
1c9de0d86eb73f36f1d4ab9194c221db3236d86bb6950d614e51877638a4a329f5b2eaf5dfb6aa86bcd79c1bae8719e344330b90d1dda6c15fb5e702df31f1b9,common_voice_ca_19511313.mp3,09cc5b4932f967372d78a65cc3080aea076533522f4d5f3680f82c9f24376172,Va lamentar que no s'hagin implementat recomanacions humanitàries.,,3,0,sixties,male_masculine,,Septentrional,ca,,northern,common_voice_26_ca,train.tsv,cv-corpus-26.0-2026-06-12/ca/clips/common_voice_ca_19511313.mp3
430858a4e8f1edf1598fb0ec994b619f37e78cbf576a431c639ed23645f21652933036cf45763d96115e25e5cca883fce7e324c03232d67b2afe9c1c9743cd41,common_voice_ca_33480597.mp3,15ea759803c8bdd07bff742b270d55fe9c95177b31f125c006f01c981c763763,"“Els demòcrates ho farien, sens dubte”, ha postil·lat.",,4,0,fifties,male_masculine,,Central,ca,,central,common_voice_26_ca,train.tsv,cv-corpus-26.0-2026-06-12/ca/clips/common_voice_ca_33480597.mp3
90c4220a38cf7d051de9f023c4e83e81f38bf56f5a86fa8ec4e13bb6afebaed8c4f0453136d12103ac78df260a7598dbbe27c0e750353ac27b24e168b38ab24d,common_voice_ca_37643377.mp3,79dfe0248821d3ef202d74784cfefefcf9d5f2ce78e90a5aceb06baf0bb29eff,Ell era uns dels pilars de la cadena Speed.,,4,0,fourties,male_masculine,valencià,,ca,,valencian,common_voice_26_ca,train.tsv,cv-corpus-26.0-2026-06-12/ca/clips/common_voice_ca_37643377.mp3
b790059bf179ec292c82de6ba2ffe28bade4c806a2b0e10548f5bfa366e187269b1717e932f6ec64ccc48d27016bfa17bbf824a75871e969df200a2511f0346a,common_voice_ca_32153225.mp3,8b7f3c13178a302a51e4596b1438253b54ee86f80078e932bd10f05281e70fbb,Demà na Lola i en Damià aniran a Sant Cugat Sesgarrigues.,,3,0,sixties,male_masculine,,Nord-Occidental,ca,,northwestern,common_voice_26_ca,train.tsv,cv-corpus-26.0-2026-06-12/ca/clips/common_voice_ca_32153225.mp3
9d4d16e919ccfa214571ef6feb6bd5bb7b2ff05fb3b0d573f1510c2ac6b405fea44e9363ebf99ecff792a29d1d774da5bd27fb86153d7d41964013c52ee0f95b,common_voice_ca_36535884.mp3,5641532620d63d21052ae12c2de64bd168e991dda88ad7a25a94e6a98c43b29b,Actualment és del tot en ruïnes.,,2,0,twenties,male_masculine,,Nord-Occidental,ca,,northwestern,common_voice_26_ca,train.tsv,cv-corpus-26.0-2026-06-12/ca/clips/common_voice_ca_36535884.mp3
1c9de0d86eb73f36f1d4ab9194c221db3236d86bb6950d614e51877638a4a329f5b2eaf5dfb6aa86bcd79c1bae8719e344330b90d1dda6c15fb5e702df31f1b9,common_voice_ca_19501084.mp3,096df6a80ceccadfb723edd1c16b514885bc0abcb4baaafab7c0e047a5077359,El recinte està força deteriorat.,,2,0,sixties,male_masculine,,Septentrional,ca,,northern,common_voice_26_ca,train.tsv,cv-corpus-26.0-2026-06-12/ca/clips/common_voice_ca_19501084.mp3
8d696eed43c55020f1b591ce0e6f9548fa4e4c558290587f9eb8209fd580dfb48aad892e442678528bf76ce1874e9e29ca51b795fbf6080060cf086fc5e93457,common_voice_ca_32304700.mp3,c2bd294bfd5fe3181d6c7fb00d6b22a69da7700bf4c4bb2132988378afadec6f,Per Cap d'Any en Quer i en Pere aniran a Pego.,,6,0,,,nord-oriental,,ca,,northern,common_voice_26_ca,train.tsv,cv-corpus-26.0-2026-06-12/ca/clips/common_voice_ca_32304700.mp3
06536280608691585bf202322200a1b1c7dd8b628de7528985b283da6f5b67a72219ea3ea35bb34f63106e91a17c8357afe388672b75ef3d21f32dbb2b8ec693,common_voice_ca_38641169.mp3,bd25da7b685e6c750292ce9cf77b9e41311c98ab4f796a05f13daf23413ea6ff,El dipòsit retingut s'anomena llac Windamere.,,2,0,,,"aprenent (recent, des del castellà)",Alacantí,ca,,valencian,common_voice_26_ca,train.tsv,cv-corpus-26.0-2026-06-12/ca/clips/common_voice_ca_38641169.mp3
0b224145a7f6ba416e9cdb5c53891cb5fc9cd424b4fa0b091e578a5828c53d2257a59b7242c205820c79fc9c32277f79d40d1a6941ff7a0a71cb75ef35ad7c1b,common_voice_ca_37230933.mp3,6da10f3cf307b03fcb94e818979a480624ecfa1b73a7ed8dcb78fac3254ff285,Coneixia de cor tots els topants de la casa.,,2,0,,,,Balear,ca,,balearic,common_voice_26_ca,train.tsv,cv-corpus-26.0-2026-06-12/ca/clips/common_voice_ca_37230933.mp3
0b224145a7f6ba416e9cdb5c53891cb5fc9cd424b4fa0b091e578a5828c53d2257a59b7242c205820c79fc9c32277f79d40d1a6941ff7a0a71cb75ef35ad7c1b,common_voice_ca_37230956.mp3,6d2836e3004e03cbe835924476d2094cdaed3edecac9aa35ac2565b5c2c39c6a,"El cognom és Luzardo: ela, u, zeta, a, erra, de, o.",,2,0,,,,Balear,ca,,balearic,common_voice_26_ca,train.tsv,cv-corpus-26.0-2026-06-12/ca/clips/common_voice_ca_37230956.mp3
5ec60a4cfb19d7d4119f0efe0b1c13d2b8634e2e97ebf418b4fadf3159cf5c2e16f53bfa27cdca433dffe433714a82ee6f9bca8b5bcbdc1c8338da0268d1ffa0,common_voice_ca_37604055.mp3,5e3f04bebc2a0cf4c36a557112aa5d8ab64ca047a897a2c0a3d552c7102b9406,"La jota és una manifestació musical complexa, amb diverses connotacions culturals.",,2,0,,,,Septentrional,ca,,northern,common_voice_26_ca,train.tsv,cv-corpus-26.0-2026-06-12/ca/clips/common_voice_ca_37604055.mp3
295c26c6a1db0cfe0d7a41bd219c40e9f54b4f333cc6d4acf6b4002d2c01dbc7c22c96d15f991208f28fc374d1fa20f63cf42a9a6eba5da076a4242e7acbe95e,common_voice_ca_40612558.mp3,02e29decbbce43251ad35010abbdb9ea22e7396df00a5ce98fefa306fc2fd5c9,Amb què es trobarà Colau si afavoreix el referèndum?,,2,0,fourties,female_feminine,,Septentrional,ca,,northern,common_voice_26_ca,train.tsv,cv-corpus-26.0-2026-06-12/ca/clips/common_voice_ca_40612558.mp3
82b26d04e992a57a46106914cdaf5ab56a5756b38e58ebbb9d35df4c678f0dcb9cd6452fadcfb23dc5972b22037037bd08e3691bc6e554f679b92df03034eb24,common_voice_ca_38058898.mp3,9681b50451054aa3fb7a7e8bd1bd4339f29a1b5cb8b7dcb132a2a048c253cf3e,El motiu és l'aplicació dels acords de Schengen.,,2,0,,,,Balear,ca,,balearic,common_voice_26_ca,train.tsv,cv-corpus-26.0-2026-06-12/ca/clips/common_voice_ca_38058898.mp3
542607874964bd9aa801a480fa0df3f2faf69bb84b86518a361d931f90fa24df00307545f19cb81192841a2d67916785eeef0590f39c5cde9c44b01aea861df4,common_voice_ca_32211045.mp3,9c8f684c4ced93d6530f5a5129a62dd560d16ab328c02b587d4682da2ca60cfc,El vint-i-nou de febrer en Quel va a Bonastre.,,3,0,fourties,male_masculine,,Nord-Occidental,ca,,northwestern,common_voice_26_ca,train.tsv,cv-corpus-26.0-2026-06-12/ca/clips/common_voice_ca_32211045.mp3
97f12240658ae96f64c342e2048018f4348cc5bb87ad4c4ea0bd02b10d0585444ec6e77ff4cf1a144c2f50a4a209fbfe7ba9caed6c6e3ac84177ead4aa2c1b6b,common_voice_ca_35002873.mp3,3e8e5e9420524c3a69278d40eca0300b7bd19ad74ab68cccb6aae842553b3496,Va impressionar l'emperador de tal manera que va rebre permís per tornar a casa seva.,,2,0,fourties,female_feminine,,Balear,ca,,balearic,common_voice_26_ca,train.tsv,cv-corpus-26.0-2026-06-12/ca/clips/common_voice_ca_35002873.mp3
c1a9158cfa967457976230cebd211d3e55cb3e7ee3648c1d4655f4d6a82f234c15a54f869eee010b8215d5ad33f855df2d138e99bd9d1fc0142552b3df5021f9,common_voice_ca_37573595.mp3,fd67009c11c6e860493512bd25f823b9d83e0a8549408b02f72c8a273c25fd6c,Ser ric de bragueta.,,2,0,,,,Balear,ca,,balearic,common_voice_26_ca,train.tsv,cv-corpus-26.0-2026-06-12/ca/clips/common_voice_ca_37573595.mp3
c8093022917792f01f23720f4ad3d78b2b331cecf07de94019070ede86f7af8b819800460501a2af6ba5f22ee41df83e6bcff7bb647012a895ceb3412142b484,common_voice_ca_31806424.mp3,2594e0425ce07640905ab8eb8d4a346fa5fb76f0e8d0de3d35ab1ebd30a04162,El gran jacint és el mestre de cerimònies.,,3,0,fourties,male_masculine,,Nord-Occidental,ca,,northwestern,common_voice_26_ca,train.tsv,cv-corpus-26.0-2026-06-12/ca/clips/common_voice_ca_31806424.mp3
6aa4de7ba9678657778e958db48f5291f32dc78b375330325a4cd5f7bac22d900ddb6265bf77c41e934fcc801ad6adf30310c0709f3a3002fb6278020cbe474b,common_voice_ca_33746577.mp3,2ed00c110c393952dfd44d62fc32ab8ab4716b18c40d8920a5eadf9d76cb52a2,Finalment van arribar al Mont del Fat.,,4,0,twenties,,valencià,,ca,,valencian,common_voice_26_ca,train.tsv,cv-corpus-26.0-2026-06-12/ca/clips/common_voice_ca_33746577.mp3
61a0bf7585ce2d4c54d249591406db9a5795ec46224f5eb4251646208534d964dea60a21276d150750fd0543217f5e6a77ccf38405c527da9b7481dd97f1ac24,common_voice_ca_31151850.mp3,13ec1e57172eb8383fb7bae06fe105ff182841740f617b415da5adf0f97c8bfa,Xavier Olivé és un dissenyador nascut a Barcelona.,,4,0,fifties,male_masculine,Lleidatà,,ca,,northwestern,common_voice_26_ca,train.tsv,cv-corpus-26.0-2026-06-12/ca/clips/common_voice_ca_31151850.mp3
9cac9ad35eb27502a43f8b886db48d56a59e31afe8ec3435986b157306fc70fdc4807c9f04389770279b98a491ffacda0a75b7fa13b166db2634a6e0978771a8,common_voice_ca_39099627.mp3,c92cef9703147a4c175f433a878d31865ed8f9fe985476ae27c773b5cbbbe5ac,"Amb elles, va tenir almenys cinc fills.",,3,0,,,Lleidatà,,ca,,northwestern,common_voice_26_ca,train.tsv,cv-corpus-26.0-2026-06-12/ca/clips/common_voice_ca_39099627.mp3
5860d0a58f8310ecbb5b21f9ce649a86537eabeae1fdd4fcd7a7d8bca8a16c4c1f18cecd657869574d8993f4f59ef76da750bbab742ced93eda1455d017402c8,common_voice_ca_30973381.mp3,c75694ced4e87df59095e2d82b8e2d131520ba3851a573c8f4422bdbfd56d871,Els monjos tenien una forta relació amb la famosa escola de Cashel.,,3,0,,,,Central,ca,,central,common_voice_26_ca,train.tsv,cv-corpus-26.0-2026-06-12/ca/clips/common_voice_ca_30973381.mp3
ef31f1bb79b0d333a81a0bca686332bbaf8d490ab812b4477c62df0137004874e5883e50b7ddaa7131079d0adb0a7f9cf37e79906f97ca3dcf91732b5fb88c8d,common_voice_ca_37864051.mp3,87505671a55f51a8942c29ec72e8f49a42ee90312d2d9e3f3cdd472ff2eb997b,La ciutadania es va manifestar molt clarament.,,2,0,,,,Nord-Occidental,ca,,northwestern,common_voice_26_ca,train.tsv,cv-corpus-26.0-2026-06-12/ca/clips/common_voice_ca_37864051.mp3
7dc80454edecce4862042fde068b9c67e9f70785f9aa87481a9ac117b43c3e0453c7f545b873dc5fb06e1af2029db067cab40a7ae8517a4570643a9d76e6c2d2,common_voice_ca_30802853.mp3,87d34330589a9b5b67b3fa42dad64531cf7729de0171d71ed099f8823935924d,El sopar és boníssim.,,4,0,,,,Balear,ca,,balearic,common_voice_26_ca,train.tsv,cv-corpus-26.0-2026-06-12/ca/clips/common_voice_ca_30802853.mp3
667df0e36c2ac7fcafff72ed1df2720cc85c6e8aa97fa38acd697bae4f6951869d1a89fe46fdf0cb63745797ee525b51ba23dd0b75b23c47bd64fb95612e2736,common_voice_ca_37634864.mp3,78e7cbfec54909225aa6ed29a349a3f42c42893d985e170207efb304f05d7bc8,És molt inflamable.,,2,0,,,,Septentrional,ca,,northern,common_voice_26_ca,train.tsv,cv-corpus-26.0-2026-06-12/ca/clips/common_voice_ca_37634864.mp3
9dc2eb68e919107399b44bdebc316f261dc232dd36112c12096fc8e4c4f98a38d6b6ba93eec025262a2c9b07789be6587a217fb8e95a9cab89b8efb61bbff8c0,common_voice_ca_37569327.mp3,f204b219360a2aca9480f5158f5096dab656569bbf558b7681e82b3baa256a08,"A Alaró, lladre o traïdor.",,2,0,,,,Balear,ca,,balearic,common_voice_26_ca,train.tsv,cv-corpus-26.0-2026-06-12/ca/clips/common_voice_ca_37569327.mp3
8785bd6a0a2827968fb07a4aab4a0247abe47601ff44190a9f2731b560f47b1f9b4760e77ce80316b8e3191e4139aab9acda468dce858acd7c42f1e7a724902b,common_voice_ca_31207840.mp3,f6ff3a301aecfa1a7df83d17d1f5dce2ccf6d493411c3fb5e80a4dac6c9185bb,El mateix bisbe d'Elna hi residia els dies que s'estava a Perpinyà.,,4,0,fourties,male_masculine,menorquí,Balear,ca,,balearic,common_voice_26_ca,train.tsv,cv-corpus-26.0-2026-06-12/ca/clips/common_voice_ca_31207840.mp3
3723bd65a05afc7411c2bfca904742062b7b0c081ba126e68c65d28eaa6122f69196f4959fc1795fe03f8e49ec7364863911f9b659684a06b3a126c6f1729551,common_voice_ca_19299086.mp3,ae382395894bcd2a13145c33a027f40b310c79022650f3b215957622090e6c1d,Anem a Cubelles.,,3,0,sixties,male_masculine,,Septentrional,ca,,northern,common_voice_26_ca,train.tsv,cv-corpus-26.0-2026-06-12/ca/clips/common_voice_ca_19299086.mp3
e446434788701b6ade3495ccb984a820c1ba4cc6de6e7b37501889d2d689e304b00b825fb5eefdfd415b3bd20ad5697fc84f28234f9079ad024766cc3b9b5e4a,common_voice_ca_37591208.mp3,3394f33993119a8e3cc21b8525e88ad9be621626b22541877b31681a87676868,El so de les esquelles engreixa les ovelles.,,2,0,,,valencià,,ca,,valencian,common_voice_26_ca,train.tsv,cv-corpus-26.0-2026-06-12/ca/clips/common_voice_ca_37591208.mp3
295b9d23f4ce88761422019614c38eca7ec403efa41aaadc32190522cc1d19e73c4fe27fbc020822634c317f4432c19a12f2fd598170df0d5cf993d0542a56f2,common_voice_ca_34480088.mp3,3804d4a0aa6655b5801be7d81b67fea9d85b201619f85469563a23ffb19a95cf,L'obra va atraure reaccions molt positives al moment de la seva publicació.,,3,0,fifties,male_masculine,,Balear,ca,,balearic,common_voice_26_ca,train.tsv,cv-corpus-26.0-2026-06-12/ca/clips/common_voice_ca_34480088.mp3
88dfb9bcdb1b9d85f720b47d3dd6b774656c6a75e0a1f58bd81b81b4efc57c10526195125cfd028442c7deecc56960d480d6e4b5be492a45b76e5262eccbc910,common_voice_ca_31226009.mp3,f9b18ffa23ecb3b2a96e3a8e487cdb503be277ba81e91b88f3ce244516aec623,Ha actuat amb la selecció espanyola diverses vegades.,,3,0,,,,Septentrional,ca,,northern,common_voice_26_ca,train.tsv,cv-corpus-26.0-2026-06-12/ca/clips/common_voice_ca_31226009.mp3
24f44a02266f7a0b1661d34d11cdb3cb94e46d27704b56b7831797db20af369a8c6ede7cc0e7cfe88dfb36a438d9770aa17af23aa95912aafc59ee566d2f5c11,common_voice_ca_31133125.mp3,f075ba676a755dbdd739d0640d41967b79db0ba5a9e1e4e663e0e203e896a0d3,És una ciutat que potencia el turisme i la cultura.,,6,0,thirties,,occidental,,ca,,northwestern,common_voice_26_ca,train.tsv,cv-corpus-26.0-2026-06-12/ca/clips/common_voice_ca_31133125.mp3
84d79206c1e40f83fb8b1bb0ca219fcffdbd794102e79ea05c7dba178935e4606ab6d55a3d203b0d8e7c3e5a6d2bb8224f24b7e94ed16fa81a76e0b136ff3b16,common_voice_ca_17405226.mp3,5297e4fe7eb03a770084b6196c7036e7fdd7511242464bfd66bafcf4077bc5d9,Fins a setanta d'abril no et llevis un fil.,,2,0,thirties,male_masculine,valencià,,ca,,valencian,common_voice_26_ca,train.tsv,cv-corpus-26.0-2026-06-12/ca/clips/common_voice_ca_17405226.mp3
0e712fb95a5a5ef9c3a9f2a4d157a540a1a0f805ea7718c827a052b9db0536d7fa79d6cddc542e6958f1ab1da5a8c69f115173db79cad4e4f95e12458077bf66,common_voice_ca_30919078.mp3,b0e7e425d2ae69e1ff609d24e01ed178aa3e65671517e676091ed0d73aad4326,"Qualsevol muntanya en concret, a més del seu punt més alt, també té ""cims"" filials.",,2,0,fifties,male_masculine,,Nord-Occidental,ca,,northwestern,common_voice_26_ca,train.tsv,cv-corpus-26.0-2026-06-12/ca/clips/common_voice_ca_30919078.mp3
959498c61f1ef87bfd3be06445a34d61bf8c781d546a9fbc74ec836d09fb01cd9b82b2ff46bf416c66ffa35575940ee0a14332418c8fee83943986d234ff84c8,common_voice_ca_36844426.mp3,5da9b3037e94e10490183abf0622a78f705fbea1e2b2fb4a2371244f85b03ad5,No he anat mai a Costur.,,2,0,,,valencià,,ca,,valencian,common_voice_26_ca,train.tsv,cv-corpus-26.0-2026-06-12/ca/clips/common_voice_ca_36844426.mp3
d264909fe380da72d0b34cd257865cfbf6c189aa40f5f9db2d1778d0f84d7bbbf819866191885e9249f8130a348497c3120d982f2340d88a3dc7441f4ed9f8ea,common_voice_ca_37005610.mp3,664384185f3577ea3b239ce32c6f354867cbade2e50a48953b9df5911cd3efa8,"Va estudiar ciències polítiques i sociologia, especialitzant-se Antropologia Social a la Universitat Complutense de Madrid.",,2,0,,,,Septentrional,ca,,northern,common_voice_26_ca,train.tsv,cv-corpus-26.0-2026-06-12/ca/clips/common_voice_ca_37005610.mp3
31f514f5aac74b6ffd1c48c8729a18e5bf53b7e09ecb2f06f29ac2d4708e73b1f4df61e2ca0a24916d2897268456dd598f2a1f5fcb8fec471082f4f1fb304f86,common_voice_ca_31151188.mp3,115f2ed08a44d2bd6a79d02fdd85bb08da0b25a747ad8e6818c65430d0c1cde2,Montserrat prové de Rosselló,,3,0,,,,Septentrional,ca,,northern,common_voice_26_ca,train.tsv,cv-corpus-26.0-2026-06-12/ca/clips/common_voice_ca_31151188.mp3
2b9839c535c184baa87bdeaeb090094e3097ac600fa0acdae80e2783607bc6562cd925ca490568ecc1cb39bf7c48a66847f18529853ccaacd5907a4215f66bce,common_voice_ca_25994560.mp3,2e5d1755feaffabba20a3d68b86a20b15c0a697a6abf0e3bbfad0497fada5f65,"A causa de l'huracà Katrina, la seva darrera missió es va acurtar.",,2,0,,,,Septentrional,ca,,northern,common_voice_26_ca,train.tsv,cv-corpus-26.0-2026-06-12/ca/clips/common_voice_ca_25994560.mp3
7d19e719dcd616293603080de330b15c87b728c659c3adee71fdc2b87e9e2ca7088aac468708df56b7ef0a5ec7534edcffd0e34b48a32ebd7eee9f106a77bcc3,common_voice_ca_21837113.mp3,6ab64f64ecea1a70bd02eca6d2d4ac93332fc7dedd5d60ac6f98559ec413895c,Van ser els primers a emprar l'atonalitat i després el dodecafonisme en la música occidental.,,2,0,teens,male_masculine,,Central,ca,,central,common_voice_26_ca,train.tsv,cv-corpus-26.0-2026-06-12/ca/clips/common_voice_ca_21837113.mp3
8e24859776a236f7d9d5ed1c787e65afb65973928eac4ff7b523d61e2e7f0a35b2b9be28643d33117b2be05ee59d1d5d089b35caae170f6c107893e2f5af8f15,common_voice_ca_37633872.mp3,7894567c4dc920af5a66383a9d688a1755f8d6df1115aa23cf8b22c840e64e78,Per Sant Jordi en Nico i na Clàudia van a Beneixama.,,2,0,,,,Septentrional,ca,,northern,common_voice_26_ca,train.tsv,cv-corpus-26.0-2026-06-12/ca/clips/common_voice_ca_37633872.mp3
811c8a531055a0988f1f91f204e4c42df615c78523a82d9a68ae87197cbb97d694c0da19b1862e61050c27e9f2b8d0d9957ae54995165abd2e106b73e176ec4d,common_voice_ca_30797998.mp3,85a54411dd6e6ca3756ae28ea6621b4748a36aa486182cb5e8f15826f4f06fa2,La vida a la Terra.,,3,0,,,,Nord-Occidental,ca,,northwestern,common_voice_26_ca,train.tsv,cv-corpus-26.0-2026-06-12/ca/clips/common_voice_ca_30797998.mp3
19e69c883010f29aea1b0eccba82df8d5fac1852cb63bae246a074f43a718a7e975de4a6f229fa6f75f050a09abba65bfc265b452e3a49122098ae9eecd12b2c,common_voice_ca_37574339.mp3,fd0a007adce3bdc875a46d53f0665eff49097e3bda7eeaac9b334f73d6539b99,"Per Sant Salvador, el cànem segador.",,2,0,,,,Septentrional,ca,,northern,common_voice_26_ca,train.tsv,cv-corpus-26.0-2026-06-12/ca/clips/common_voice_ca_37574339.mp3
46098bc705768ba56decc92e627fc907363d2e384241e8df3305944a2a5c707f72d4bf6c029e0352447e7f3a27ee52e1e767a8ed4d1769579e7eb82efb003bbe,common_voice_ca_31318024.mp3,06f38d0726be65cefba8d93ea8f07c63addc9a70746a6101b80c9a480e9a14a7,"Telefona al sis, vuitanta-u, seixanta-quatre, noranta-cinc, noranta-dos.",,4,0,,,valencià,,ca,,valencian,common_voice_26_ca,train.tsv,cv-corpus-26.0-2026-06-12/ca/clips/common_voice_ca_31318024.mp3
f7283162034bb86ce204d3c3051e0619089a5fd82b600c8eee8b6c5644c6c8d4e9bb8c69fbf68114123ab6fdef226d37c96ee3703d4f3b6897c1f4b6aaebdd20,common_voice_ca_38090126.mp3,97d1154df9080f1cb83a7a3c86d4f81e70dcac859056ce6d857dd9d4ac915b63,Actualment no en circulen monedes.,,2,0,,,nord-occidental,Nord-Occidental,ca,,northwestern,common_voice_26_ca,train.tsv,cv-corpus-26.0-2026-06-12/ca/clips/common_voice_ca_38090126.mp3
b71989a7c887e2872082ff8207b77f0fe176eca771534a27229c3b3aee08b8b36746638f984938c98f1ab232b978602f451c1a960f634a833073708a6a33f476,common_voice_ca_37622917.mp3,77d4a61b4cc0486abd0d13a59342912d0cbb156cf2ed56b2ffa2368edaf130eb,S'hi troben l'agència índia i un lloc de comerç.,,6,0,fourties,male_masculine,central|valencià,Valencià meridional,ca,,valencian,common_voice_26_ca,train.tsv,cv-corpus-26.0-2026-06-12/ca/clips/common_voice_ca_37622917.mp3
c74df5b0c9d3aca9fe568886af71d181bacefb38885a0bd0c0211aeaad0bf4db5b6ec0968896578ed6b79fc445cc7a625932885dc20945416ee53dfb72f3e027,common_voice_ca_19031808.mp3,0c1e881f48e3257a16437845b0ff220ff0c3a3fbd9d386de0522f73c4b3e3b37,Tap!,,2,0,thirties,male_masculine,valencià,,ca,,valencian,common_voice_26_ca,train.tsv,cv-corpus-26.0-2026-06-12/ca/clips/common_voice_ca_19031808.mp3
5e1cddcfdda2f98aa92e0567716a9af5f3623fe6c8c87847c264d2e33a4f5d303c99564beb09bf741e5bca3a027f7f6ad9701a9cb9fd94c70a5525f9e8da2b2e,common_voice_ca_31726284.mp3,0a6cb66dae5147e58201c56e0c98313b60b8a1911c3caf5d06125fd853beb552,Demà na Dàlia i en Quixot aniran a Ullastrell.,,8,0,fifties,male_masculine,valencià,,ca,,valencian,common_voice_26_ca,train.tsv,cv-corpus-26.0-2026-06-12/ca/clips/common_voice_ca_31726284.mp3
4946e08edb1db30f98f4ed1cee7f597fd91fad3115e77d63c6fa2b1feaedad8809305dac450f9aa9dcfd11df34ac100a533488c06b020cf567c4c42ffc1572ff,common_voice_ca_33364104.mp3,c849b316b97b2548a7b49bba30ecc2ac00186b6f40f3c3f1bbbef2f346855e7e,"Coratge, esperança, llibertat social, de les persones, del seu poble de la seva nació.",,2,0,thirties,female_feminine,,Central,ca,,central,common_voice_26_ca,train.tsv,cv-corpus-26.0-2026-06-12/ca/clips/common_voice_ca_33364104.mp3
b5fc7461c0713292e1a706d6892acce90fd686ddc76af7048579d5721583007682b6916b141e62b566eaca33e0211774f221d1d7e56d7b8c81186a8cdd61309f,common_voice_ca_37567447.mp3,e85f5eb87f2c59de1056cbdd15b4fff80d4cc3dcf32800117ff09c284257f719,"Des d'aquest moment, ja es pot operar a tot el territori de Catalunya.",,2,0,twenties,male_masculine,"De Binissalem, amb s'è i mallorquí",Balear,ca,,balearic,common_voice_26_ca,train.tsv,cv-corpus-26.0-2026-06-12/ca/clips/common_voice_ca_37567447.mp3
f10a3f5001a44d04d3d69b3492d3cde1dad94b3437b4be2f7ea2c19b3707ca384ad9724cb03a3978fccc939ce4f4ea40fb7937b3476b0517d187ba86f51f28d3,common_voice_ca_39571440.mp3,cffe395bf6c84afcbbc9a7cadb1aba48f5c677b66921f42d89d5a33f7fe77743,Un vídeo per a la cançó Where Are they Now?,,2,0,fourties,male_masculine,central,Central,ca,,central,common_voice_26_ca,train.tsv,cv-corpus-26.0-2026-06-12/ca/clips/common_voice_ca_39571440.mp3
0bfbdce8cc864eaf2c4849b3fdd53e9f4100d2ff528af94cda97c460cfcd13fd3a7332c8be0bbfdda918b624522ea24b1f21f20a97ebaf9315cca872c3120815,common_voice_ca_22438751.mp3,87e7516a536735e8325e524100c11876fb1a050cbd639a7446e2c937681cd921,Les negociacions tornen a fracassar.,,3,0,teens,male_masculine,valencià,,ca,,valencian,common_voice_26_ca,train.tsv,cv-corpus-26.0-2026-06-12/ca/clips/common_voice_ca_22438751.mp3
4f62b986b8dad6adac45e946de94fa27c1ae041574712e576ec5a27d2349ff859b73fa6f228705d560d25a1f227d6563be1779d5e54bc4a7aca5a1b2814dcc24,common_voice_ca_37631492.mp3,7835b8afb6d18303d43be122a98df2894dc493b9eb19e7d673d64e18825ae543,Ambdues peces van despertar bones crítiques en la premsa.,,2,0,,,,Nord-Occidental,ca,,northwestern,common_voice_26_ca,train.tsv,cv-corpus-26.0-2026-06-12/ca/clips/common_voice_ca_37631492.mp3
94e35257b313c65bf8a4be9eb63b11e988ebbc244ef1fdcbe1e2cd71d0af95ac8017134ae4a7c3b255d20d4a703fb4b2333508ecfba56a0b602e23dd2cb4fe7d,common_voice_ca_36875993.mp3,5f1ec7dbc5da8ae0cd244ea2c693400a51c13ac00941a7ebe8e5feb785ecf7f9,Les proves de verificació i el desenvolupament del programari de sistema s'estan duent a terme a la Universitat de Delaware.,,2,0,,,,Balear,ca,,balearic,common_voice_26_ca,train.tsv,cv-corpus-26.0-2026-06-12/ca/clips/common_voice_ca_36875993.mp3
eafd32cf456c76a87f73ca46ce0f1bfb50d17f5375ca5f002d21f4b3f8121fdddc864c3244382cafedbfd10b9fd1bd35470b680dbdfff6dd0356c7d47486be52,common_voice_ca_17571690.mp3,5ed2c9acbf2a41faa8056478591abfd5d67e3526cabd8b30a357b63608f697aa,Redacta síntesis de les resolucions emeses per a l'estructuració i difusió de l'activitat del Tribunal.,,2,0,fourties,male_masculine,,Central,ca,,central,common_voice_26_ca,train.tsv,cv-corpus-26.0-2026-06-12/ca/clips/common_voice_ca_17571690.mp3
2f4aa6d9743b25571ae574de401c9a11753ca6f0dcd8a24a29db556d6452680173f7022198a4d3dc2e30b288a8e37f526f2e938abce7fa8d3474d0c2cd5a17d4,common_voice_ca_39973437.mp3,d821815ea494ee5bd9f57d7c88656dac5325baed3c299c175be4d5f518afcccc,A quina hora arriba l'autobús de Caudiel?,,4,0,thirties,male_masculine,valencià,Alacantí,ca,,valencian,common_voice_26_ca,train.tsv,cv-corpus-26.0-2026-06-12/ca/clips/common_voice_ca_39973437.mp3
565f03cca6b2bb3c02843c581c78e85b723acc1ebaa2152d2076f4b58cefd832f57137320c5c5f3941739271c6384e9cae65fba563a365530acaa606d3205e66,common_voice_ca_29388411.mp3,17f8cb42dbbdb438d62b22c05f23f11289ed8e4bd76dbb2342c602e4ac04ba82,Tenen samarretes de màniga llarga?,,3,0,fourties,female_feminine,valencià,,ca,,valencian,common_voice_26_ca,train.tsv,cv-corpus-26.0-2026-06-12/ca/clips/common_voice_ca_29388411.mp3
1b1692592a8cc06ef9c1f4b2c6b702c7c4ba6b999f141994a092e14456f92d9dbb0f1682a56739f390782edff15018f309dfc7c1732dead8c78606a57a77ff52,common_voice_ca_20655303.mp3,32cafca89957f939aba07dcf9c9cb26bdec112e944a600c4403a4b3165c234b3,L'interior mostra cornisa de pedra i paviment amb lloses de pedra.,,2,0,teens,,valencià,,ca,,valencian,common_voice_26_ca,train.tsv,cv-corpus-26.0-2026-06-12/ca/clips/common_voice_ca_20655303.mp3
8c21f22afee554814805c114ae8f98539a1ca14b581abbcd3bc1fffbb2f60c28b8c7eb15843a91a8b2240c4242c0715decc01805f89b25c0b6525f0c5e6c320a,common_voice_ca_30853461.mp3,98e335907164cbac65c01cb3c4243d82d496328bb9330ed55f1eab0b237c1852,"Com era d'esperar, el seu rebuig públic al nou poder va portar-li problemes.",,3,0,,,,Septentrional,ca,,northern,common_voice_26_ca,train.tsv,cv-corpus-26.0-2026-06-12/ca/clips/common_voice_ca_30853461.mp3
2f55a7c95d32f67466d47753c4c565c390df971606ab50b9d90a997bcaba14e94bee8857c7db84f731956c77d7c6fe788925ba3b04457ef94f4b8eae25303dfe,common_voice_ca_36828361.mp3,5c9f2f35ab08826beea164e419bd20a83ec18096130e28c7907a7515464d3eef,Aquestes màscares eren freqüentment utilitzades en diverses cerimònies tradicionals religioses.,,4,0,sixties,male_masculine,,Nord-Occidental,ca,,northwestern,common_voice_26_ca,train.tsv,cv-corpus-26.0-2026-06-12/ca/clips/common_voice_ca_36828361.mp3
79987c7514fcc2f5b17ad6b3a8871db730610523adefe535099ba0058a534fd3f405814202487ba7aa9c104ac571e837ef666eddf8b23f50bad1cff78693d514,common_voice_ca_37766387.mp3,7f58991f7639a7913918a6c8a73bfa333ad90f9d4c76e5beb0ea353f0a50b40f,"Ella escriu les lletres del grup, que tendeixen cap a comentaris socials marxistes.",,2,0,,,,Septentrional,ca,,northern,common_voice_26_ca,train.tsv,cv-corpus-26.0-2026-06-12/ca/clips/common_voice_ca_37766387.mp3
f61662279e4cf91f2f4df22de9a3e6ec3f732a1341e584651fa5c5a344198df12bf4ed5573667edeaf1c6c7eb6570ccfe476482fe28005b1648196fe1a4c63d1,common_voice_ca_37589449.mp3,2e32578e9d3b570ec49ff035d9d6b5ce4c30b8708d9d8699047a6d8cc5a7fd9a,Pel cap prim.,,2,0,,,valencià,,ca,,valencian,common_voice_26_ca,train.tsv,cv-corpus-26.0-2026-06-12/ca/clips/common_voice_ca_37589449.mp3
d223b32244777351fe72f9f7b4fd7e65ae96279ce4b0561466c6edef61e9b927ebc40f77a945027ca8917609fb557b435bb676ffdba9f52415ac01d39aa97dda,common_voice_ca_36957099.mp3,63abef5019967c2018f545c31a25ed5466bfda6b359e1ff0dfec02c70c5e7c5c,Per Cap d'Any en Marcel anirà al cinema.,,2,0,,,,Nord-Occidental,ca,,northwestern,common_voice_26_ca,train.tsv,cv-corpus-26.0-2026-06-12/ca/clips/common_voice_ca_36957099.mp3
583278de14e1d78babd36b2768421d58d3b2a2a79f014e7b3d98f4b4a11c7a266dedbc7019af6d8c6a8068ce0aaeb5d822f02ef7756fb052675b2d92b4143cdd,common_voice_ca_33434174.mp3,f4acc10d5ecd81789f621c28f222d8852107f33f2472c0ccac7b8e56ae27745e,"“Els valencians mai deixarem de reivindicar el que és just”, ha subratllat.",,2,0,thirties,female_feminine,,Balear,ca,,balearic,common_voice_26_ca,train.tsv,cv-corpus-26.0-2026-06-12/ca/clips/common_voice_ca_33434174.mp3
62a7333977c33ef3358ed5212ebe5defea639658cdffcb393ef76b854ce35dc4c4140de5d6a475c5ac1175d71e92626226f0a33bb4a77b534f140b8da37e9cb3,common_voice_ca_30719084.mp3,48d5b76576850be18f12b925dfb36ef4554b9317d3ed1f00cbabb5fc7d17e85e,A Aras de los Olmos hi anem dimecres.,,3,0,,,,Septentrional,ca,,northern,common_voice_26_ca,train.tsv,cv-corpus-26.0-2026-06-12/ca/clips/common_voice_ca_30719084.mp3
f7283162034bb86ce204d3c3051e0619089a5fd82b600c8eee8b6c5644c6c8d4e9bb8c69fbf68114123ab6fdef226d37c96ee3703d4f3b6897c1f4b6aaebdd20,common_voice_ca_38090123.mp3,984187af41d412f855918f984a52685259d395debab6f944ce589cdc9e93ea52,La segona i tercera arquivolta també estan ornades amb rosetes combinades amb peces cilíndriques.,,2,0,,,nord-occidental,Nord-Occidental,ca,,northwestern,common_voice_26_ca,train.tsv,cv-corpus-26.0-2026-06-12/ca/clips/common_voice_ca_38090123.mp3
b3f29c709dffc40ad1bb2bc100e0358eaab5a36387427cff9d58aa4af1d5f4e58d409bb31e79fb22d4e9b876e34c4426abb3ec2e2b393253e3f1beede50c6684,common_voice_ca_31148203.mp3,f3429e67c84fd40daa87f6d72dd72507d746564200394d6d0e0917e6f8f8af0b,Ocuparia aquesta càtedra fins a la seva mort.,,2,0,,,,Septentrional,ca,,northern,common_voice_26_ca,train.tsv,cv-corpus-26.0-2026-06-12/ca/clips/common_voice_ca_31148203.mp3
4f0c1f38d95a7619d3e26688a1563af5c9777d262bd8ef2cf43ac2ccc2f450ac26dee0255f8a36d9a8287bad2b2d437ad8a338ebaedfc96df54866af6bb73575,common_voice_ca_27578967.mp3,4641b0d03037c73cb474de175662c7ddebe1a05f9c1c471bd6b3906b8a9f1882,Kingdon-Ward va escriure un llibre amb el mateix nom documentant aquella expedició.,,2,0,fourties,male_masculine,valencià,,ca,,valencian,common_voice_26_ca,train.tsv,cv-corpus-26.0-2026-06-12/ca/clips/common_voice_ca_27578967.mp3
f30766821d1b495bb6f9c9ca5a802bcaffb4ab03beb9a7ae6cb9d1554d97bff529ccff7f549559b21c46fde9ffd8dd0cd64344e99882aee09f19dc77f1d2975c,common_voice_ca_37637211.mp3,7930898f445e4fb3f04edf5d16376781eae5e073a449c79aa63e4620637c1c89,"Durant més de dues dècades, va operar al servei mercantil.",,2,0,,,,Central,ca,,central,common_voice_26_ca,train.tsv,cv-corpus-26.0-2026-06-12/ca/clips/common_voice_ca_37637211.mp3
4f8cef110b4f4759b5a99877e92c4c655e922ac2f779ab66deac9693751aadef047931a2105daf5e68bc8199496079bb4b29c2f1e67f566beeef40dd4d062e78,common_voice_ca_37762409.mp3,7f341b1c21ec1c30e0ba3d0f0579c8a22080217202d5869f74e5d121c7b49820,Un gos camina entre les roques cobertes de neu.,,2,0,,,valencià,,ca,,valencian,common_voice_26_ca,train.tsv,cv-corpus-26.0-2026-06-12/ca/clips/common_voice_ca_37762409.mp3
bf61741297653053896c7246004dfd49ed380ec0f1e2294d4c8c607faeb805dbd016793013ed9142ff24938a2a540f56c1086f826fb4b5c1eece2e7640326d08,common_voice_ca_38060243.mp3,969cd1931a104e9b9da19ac0f5cac4c6b8c1f44380865a673a4e85c670f59b3f,"També es va recuperar indústria lítica en superfície i dispersa, en les proximitats del jaciment.",,2,0,twenties,female_feminine,central,Nord-Occidental,ca,,northwestern,common_voice_26_ca,train.tsv,cv-corpus-26.0-2026-06-12/ca/clips/common_voice_ca_38060243.mp3
a8b8319bdccca67edac317b794b5c906110d6230f97f3c89228979d366aa4fe0325ea8041adfc9392c14c46675e0ef7d9af4115ac60f5de1462cd992db9a4d95,common_voice_ca_38375655.mp3,adb91bb16cbdde14b924d6cc68a3983d4d60d4253f14f164972a244ea742a927,"L""estació es construirà sota terra, sobre l""eix nord-oest i sud-oest.",,2,0,,,,Septentrional,ca,,northern,common_voice_26_ca,train.tsv,cv-corpus-26.0-2026-06-12/ca/clips/common_voice_ca_38375655.mp3
ee03d192e1ba21bf30d2bb4951ae03eb289d2e7cfa0f5f855f717e5bdf95bdf1d23290a0db6b66d87b8450baf3bb530700fb67bfabe24149790cf4841eed3218,common_voice_ca_41112291.mp3,ca3cebf01039bc4046e15081ceb2fa3a16030bec03f87f06e55805ed3181ec0f,I a on anaven?,,4,0,teens,do_not_wish_to_say,valencià,Valencià septentrional,ca,,valencian,common_voice_26_ca,train.tsv,cv-corpus-26.0-2026-06-12/ca/clips/common_voice_ca_41112291.mp3
e8ebb1a7077837d668a0d217ec51b26816a06d43b206b1fffa2150fa9a37365405a1532b7ef60fe14f656c3d6e1c56b739fd12b039bb37ac4830511907a000c6,common_voice_ca_37621223.mp3,776d019be5ca3cd108fcdb93ff6475dc7177f2309cc172fc71e96d16a7e1cd97,El vint-i-nou de febrer na Vinyet irà a la platja.,,3,0,,,valencià,,ca,,valencian,common_voice_26_ca,train.tsv,cv-corpus-26.0-2026-06-12/ca/clips/common_voice_ca_37621223.mp3
2b7f00bec847a8eaf6799ce7852ccae8c23d55cfe4db8ab4629d4e55358c111fd5ad3e608f290f21782009adec78485dbc8ba9699d5c39385869d792f593e4ff,common_voice_ca_39851887.mp3,ba2ca82e36b154824d6e8290b14a54df517acd7113b23353805e41c934477cad,"És millor callar quan cal, tanmateix.",,4,0,fifties,female_feminine,central,Central,ca,,central,common_voice_26_ca,train.tsv,cv-corpus-26.0-2026-06-12/ca/clips/common_voice_ca_39851887.mp3
1dd709e05b199abe85552f66966863d5cbb374dfad3ddcab72b0d8954988816e1e64d984915fd0318f9f736a6b5f2d18edeedca9e1ccf3287e793c7ea836e2df,common_voice_ca_30872161.mp3,819b812e1fd0ea771079bcd2c13be2aa9712e6874d459d00ea03610e01233e12,Aquests diagrames s'han acabat coneixent com diagrames d'Euler.,,3,0,fourties,female_feminine,,Central,ca,,central,common_voice_26_ca,train.tsv,cv-corpus-26.0-2026-06-12/ca/clips/common_voice_ca_30872161.mp3
60f7955fc2f4217f6713848d6f6490013f6a85c9b0615a47b99d538ae111c310e5970c1b1ce18fd40a230fe0452f0a462576659df246435d856cc4d1df500d4c,common_voice_ca_38173337.mp3,9dfcfd12dff46b3fce6472a6408c1b9e9d81ff7cf527192a2937c86bb6d53514,Aquest monestir va ser una de les primeres fundacions de la noblesa a Normandia.,,2,0,,,Lleidatà,,ca,,northwestern,common_voice_26_ca,train.tsv,cv-corpus-26.0-2026-06-12/ca/clips/common_voice_ca_38173337.mp3
e1342a862238bf4a6682fd05e40bd4dd9bcc56081a99abcd02dfc102489a7b464f5ae0e9354c1645feabfc05435b3c2b43804ede89bd255cf61c8b86234203f1,common_voice_ca_33741782.mp3,2e927f7c763958a3133ee39d25c6a8c15e62f89b1556e3bc9865f8b22e056e99,Dijous na Nara i na Clàudia iran a Almatret.,,6,0,fourties,female_feminine,mallorquí|Palma,Balear,ca,,balearic,common_voice_26_ca,train.tsv,cv-corpus-26.0-2026-06-12/ca/clips/common_voice_ca_33741782.mp3
360035274e162bced4d642301046971a53f1ffd2c85fa1e2cfdbc381d6c090d5a0cb251a84e65e15ae25c29b01bb35825825dbc95ad147749e01c92506b89ae0,common_voice_ca_31436394.mp3,1aec0743c0bcd4cc9cde1ea360b652ccb3907d372b9a5da5ba7bcabb59d205f2,"D'altra banda, s'utilitzen les mateixes combinacions de tecles per al treball diari del traductor.",,2,0,fourties,female_feminine,,Nord-Occidental,ca,,northwestern,common_voice_26_ca,train.tsv,cv-corpus-26.0-2026-06-12/ca/clips/common_voice_ca_31436394.mp3
57fa79b868c0c413fa2429624a8e33321018004e077191aef26c5fb373243ce7b06acf48a1732e0692ee1f8e9b71bddc9683cb35ba8a3852cc19f7bbae568c00,common_voice_ca_32061738.mp3,5d99cfdb0dfd234fda353bd38521c6b2427bf6b66c40e997959413f6f9fed46c,El deu d'agost en Tom i en Magí volen anar al metge.,,3,0,twenties,male_masculine,,Balear,ca,,balearic,common_voice_26_ca,train.tsv,cv-corpus-26.0-2026-06-12/ca/clips/common_voice_ca_32061738.mp3
542607874964bd9aa801a480fa0df3f2faf69bb84b86518a361d931f90fa24df00307545f19cb81192841a2d67916785eeef0590f39c5cde9c44b01aea861df4,common_voice_ca_31462191.mp3,1e5c9e91ae67668f8f9bdd8ff84398da772a199a87a6acf3d451eae0c545bde9,És autor de poesia i prosa tant en català com en castellà.,,2,0,fourties,male_masculine,,Nord-Occidental,ca,,northwestern,common_voice_26_ca,train.tsv,cv-corpus-26.0-2026-06-12/ca/clips/common_voice_ca_31462191.mp3
4946e08edb1db30f98f4ed1cee7f597fd91fad3115e77d63c6fa2b1feaedad8809305dac450f9aa9dcfd11df34ac100a533488c06b020cf567c4c42ffc1572ff,common_voice_ca_33364130.mp3,c7e4560007a50cdd0b2c95f7dc79f296350e1075d55b495a38b8c522946ef73f,Però una generació de catalans i sobretot catalanes van viure perquè nosaltres poguéssim viure.,,2,0,thirties,female_feminine,,Central,ca,,central,common_voice_26_ca,train.tsv,cv-corpus-26.0-2026-06-12/ca/clips/common_voice_ca_33364130.mp3
c74df5b0c9d3aca9fe568886af71d181bacefb38885a0bd0c0211aeaad0bf4db5b6ec0968896578ed6b79fc445cc7a625932885dc20945416ee53dfb72f3e027,common_voice_ca_19031886.mp3,1360fb252b10f4a5bb68ec0f2cab3df6febc13cb1960e7549477f71a1cbf9b5d,Dos mesos des de l'obertura de sobres que contenen documentació que es valora per mitjà de fórmula.,,3,0,thirties,male_masculine,valencià,,ca,,valencian,common_voice_26_ca,train.tsv,cv-corpus-26.0-2026-06-12/ca/clips/common_voice_ca_19031886.mp3
68e5c1e2b5909f71bf20a581dcae64f9764420ec24d53ae26e945bf2e3575f8cc0b881fac0a1153f164d1699942b87d64d2a6eac7f94edfadfc8c8d915193c52,common_voice_ca_37903783.mp3,8abae289aa7128aa108142e903c2ec54d3cba21d61f44de5adffe022fff06ca0,Joaquim Viñas i Latorre va ser un futbolista nascut a Tortosa.,,2,0,,,,Balear,ca,,balearic,common_voice_26_ca,train.tsv,cv-corpus-26.0-2026-06-12/ca/clips/common_voice_ca_37903783.mp3
6c8e83efd1b46f8af144f096bb0affa570e3f2936d62f0568506b2ab357a55e48018e4a24ed94a9110e3eeac6785364e74cfd0ff8e71945908bc2f89b774b563,common_voice_ca_37196410.mp3,6c93975fe7519702f8d0234c07dea770f5ce4e5d0ff06b870fa082d4ec786b10,Ella mateixa va detenir a persones que abans l'havien segrestat.,,2,0,fifties,male_masculine,,Central,ca,,central,common_voice_26_ca,train.tsv,cv-corpus-26.0-2026-06-12/ca/clips/common_voice_ca_37196410.mp3
23e61646df35b3f44002fa26cfb237ccbd2d3b406f2fe3494a121e81f8cd61f2983d5a73ff9940a44ab9d0a92587175919f8d4b63b8e715d14d560e7975511b5,common_voice_ca_17830633.mp3,9739271f1807fc94d5ff594b753b5cc0de2b9cff0c06a0b0480446f95e2421f0,És per això que volem fer-los un seguit de peticions.,,3,0,thirties,female_feminine,,Central,ca,,central,common_voice_26_ca,train.tsv,cv-corpus-26.0-2026-06-12/ca/clips/common_voice_ca_17830633.mp3
f33dfff706b6ca4bb4225d8d462a5a8df8a39177bebc71fe3b1b967557223f7608989d6a8c2992bcb4a36c846e977fa379425753b880690ae2120e888bbb01b2,common_voice_ca_30839871.mp3,946cf35d22dc886efab7dcd39092b03801edded0428b6debb0d7cc0e5ad93043,"Aquesta feina va resultar en una forta representació en diverses legislatures municipals, especialment a Oss.",,2,0,,,,Septentrional,ca,,northern,common_voice_26_ca,train.tsv,cv-corpus-26.0-2026-06-12/ca/clips/common_voice_ca_30839871.mp3
adacb03db06fb0eb8def5bc9900fa93e0712379c5ba92ab4d0aab565ec71889de36f5c88b437ab43878ee67f01837b3f0cc6d488fcbc450d07b21c8bdc0aa8e2,common_voice_ca_33510243.mp3,25b7c8d6396d2a597391ac946a368fd9d4f0c2a8e66844e5f194a005d2970d0b,"Per ara, no té constància que s’hagi aplicat cap mesura al seu client.",,3,0,,,,Balear,ca,,balearic,common_voice_26_ca,train.tsv,cv-corpus-26.0-2026-06-12/ca/clips/common_voice_ca_33510243.mp3
554c32262a3e3f235aec9f0ac4b6b435f7684abfddded03b67acee1b3eee5b1a82f5c109fc794b974042c8807280a1dd5f2beff5082bfa55d7af845a3b7b768f,common_voice_ca_22796239.mp3,964df52abdb3b706026b334d283ca23dab9410bd9fb9b5559353d5a8e748e1c4,Aproximadament a la meitat hi ha el Collet del Benet.,,3,0,twenties,male_masculine,,Nord-Occidental,ca,,northwestern,common_voice_26_ca,train.tsv,cv-corpus-26.0-2026-06-12/ca/clips/common_voice_ca_22796239.mp3
30f6a9704c99493898ff346ecd7e689f1187e0f98a450384fad5c883e20d059584a1b3af8239cd9716f55f925ba3a235bc173ddb1bdc6ae7c77f8cd2d71bd8ce,common_voice_ca_41103860.mp3,c437cd1604896befe05652455f85038beacf089f3cb7150fa98ed3a849caf652,Com descriu a Espanya?,,2,0,,,central,Central,ca,,central,common_voice_26_ca,train.tsv,cv-corpus-26.0-2026-06-12/ca/clips/common_voice_ca_41103860.mp3
430858a4e8f1edf1598fb0ec994b619f37e78cbf576a431c639ed23645f21652933036cf45763d96115e25e5cca883fce7e324c03232d67b2afe9c1c9743cd41,common_voice_ca_33402487.mp3,d9f5bb2448fea88df6d1472bcc0c0306fc5bed8810158e664e090ca59a7394b1,Per això resta sempre obert a noves experiències.,,2,0,fifties,male_masculine,,Central,ca,,central,common_voice_26_ca,train.tsv,cv-corpus-26.0-2026-06-12/ca/clips/common_voice_ca_33402487.mp3
533f6b5389c76afae3341f9804195543282d28fb503afd0d810e3f0bb4267ddf5e0c30489003844067f811ce46e1900804c7c2368c3737463b00fc54ed179edc,common_voice_ca_19826392.mp3,0ef08265cb82b0b385d1ed783bbffc32f7b187edc0f898494f38d796f689fada,Actualment és considerat un dels referents de la literatura experimental.,,3,0,thirties,male_masculine,,Nord-Occidental,ca,,northwestern,common_voice_26_ca,train.tsv,cv-corpus-26.0-2026-06-12/ca/clips/common_voice_ca_19826392.mp3
36fe013dbca4fa216e65d5462b17ab01ce129aec7cbf31bb0514978c694936625d0d34a741f2def54cda3b075777e3376e6ebf6d5372377ccfe37d9e6f13d067,common_voice_ca_30845575.mp3,9685080d7b25fc3a56aa95c0aa5dc16d365f6839d6a001cfb0e0cd9891961cff,Numata va guanyar a Rose per decisió en un combat de quinze rondes; poc després va anunciar la seva retirada.,,2,0,sixties,male_masculine,,Nord-Occidental,ca,,northwestern,common_voice_26_ca,train.tsv,cv-corpus-26.0-2026-06-12/ca/clips/common_voice_ca_30845575.mp3
96511fbab2b035b92189c762437480fd2ef049762f7a5eb56c7bf2b682ccc84ce1df1c75ea3613474a08c034a6b84d525f6eceb4eb839858c622f685037abcfa,common_voice_ca_22970574.mp3,9ae54d8e136a41f69e84564f3b03b9da5de03849ba2494d6bde9ff6d2387b5f6,És la responsable de la vigilància i protecció de les fronteres marítimes del Japó.,,3,0,fifties,male_masculine,valencià,Valencià central,ca,,valencian,common_voice_26_ca,train.tsv,cv-corpus-26.0-2026-06-12/ca/clips/common_voice_ca_22970574.mp3
972b8acae1d502748ea9ca19488b8dd7fef817780e500b093ade8423be685e9bc3e7a47d3346e000819342bd8a8ae3bcb082513fa6fbd99e86995d514e81fb6e,common_voice_ca_32120571.mp3,784ddad7d7f8fc52e7327ff87f06bea53ad594843dbf4dcdd03e44e7c5be534b,Demà en Jordi i na Beth iran a Sagra.,,3,0,,,,Septentrional,ca,,northern,common_voice_26_ca,train.tsv,cv-corpus-26.0-2026-06-12/ca/clips/common_voice_ca_32120571.mp3
b7fc6c36d8fb8d799a53b2157da00ae1aa34e3c0eeaa96154da4f287479bb7ef2d0ba725382ebe5941e66e16765eeef6becd705c750d1ea279a4cf1ef43215a2,common_voice_ca_30810154.mp3,8a16c2829573ee73198e3fbc10120fc9d0329b6c7988bea76d32b8387b6a74e2,També té filtres contra els làsers per protegir l'operador dels làsers cegadors del camp de batalla.,,3,0,,,,Central,ca,,central,common_voice_26_ca,train.tsv,cv-corpus-26.0-2026-06-12/ca/clips/common_voice_ca_30810154.mp3
960cdeb8db2a4e83095207c66ec36f0575b90151711ec23f21a5fc1e755f8d0667423c42a3b4d03a141875f84710d45e01b37474ccd63a11f82ca3616e8bc792,common_voice_ca_37577674.mp3,06d6b7a9b25f908c546ea1b0c3935803a00171b3d0ba058d481c346cb6888488,Qui pesca o neda per Sant Pere es nega.,,2,0,,,valencià,,ca,,valencian,common_voice_26_ca,train.tsv,cv-corpus-26.0-2026-06-12/ca/clips/common_voice_ca_37577674.mp3
1c9de0d86eb73f36f1d4ab9194c221db3236d86bb6950d614e51877638a4a329f5b2eaf5dfb6aa86bcd79c1bae8719e344330b90d1dda6c15fb5e702df31f1b9,common_voice_ca_19503108.mp3,09982c913808047ce5acae375585f8d1155bd2604342dbd37aa7cef83731c61c,Hom sap que menja calamars.,,3,0,sixties,male_masculine,,Septentrional,ca,,northern,common_voice_26_ca,train.tsv,cv-corpus-26.0-2026-06-12/ca/clips/common_voice_ca_19503108.mp3
6f108595766a81723439ea3206439af964707132aab7ec8ac6007dbc364c6fa2f409351576bf5a236da2d1ecdbf577b73c09fca85d9543a8069bad36e74c7fdd,common_voice_ca_30904042.mp3,ab64145431724072a7f851df5bab19472dd25d138c37d22f3dc3f527945a54e2,Mira quina cara.,,4,0,,,,Septentrional,ca,,northern,common_voice_26_ca,train.tsv,cv-corpus-26.0-2026-06-12/ca/clips/common_voice_ca_30904042.mp3
510790c5f6aafac8a398ef3ca0627eb095cbe5b7d1b1009e90ca468ffaa2fa674f00e0e0b96ab3e0efb94d0b87914b0bd6dc9b95d53d8c0dcad28942e0ff701e,common_voice_ca_37206111.mp3,6ca6f89e616e96bb189ab62399ba63432a71eed87900c90c112d49f8634eddd2,És que gairebé no es creuen la mena de persecució a què estem sotmesos.,,3,0,,,,Central,ca,,central,common_voice_26_ca,train.tsv,cv-corpus-26.0-2026-06-12/ca/clips/common_voice_ca_37206111.mp3
05defde387b21105cd91803c9ef30f882788aad00e9ebdbe3718247bc1bce53259bdbf99873b104f56d7e3660d74982fd75dc06002d5e83c1ca901a548a5d033,common_voice_ca_19050982.mp3,75b0c21b19ede0705783e03a4480b3e3e4990ec5b9006eb219dd137ca383bbfa,"Aportaran, si és el cas, només aquells documents que es requerisquen per a completar la documentació.",,3,0,thirties,male_masculine,valencià,,ca,,valencian,common_voice_26_ca,train.tsv,cv-corpus-26.0-2026-06-12/ca/clips/common_voice_ca_19050982.mp3
3dfec312f790c985434c214abdf9e2c44cb02530a7f55b1be99aae1a96b594b1f172794845f5697147e2ee03e0c11d6abe92331f976a86efeaee9772452bbf06,common_voice_ca_32203428.mp3,9955150afccb97c2ef7137568fcfb224d5d457e40b038016464926939988e34d,Divendres en Quer i na Fiona iran a la platja.,,3,0,sixties,male_masculine,,Balear,ca,,balearic,common_voice_26_ca,train.tsv,cv-corpus-26.0-2026-06-12/ca/clips/common_voice_ca_32203428.mp3
76ad602456b3356c306e98c6ed857d06291bb0f4f62c7655833bbe3896d13a52f69df220d2d5d7ccaaaa25112ba3f8ac9a82bc0f2cfdbef99861ab54228a61c3,common_voice_ca_37633725.mp3,78b281e6d022e7cb3e5cfc17a0403bf6b63dfd9253fec2420a5b5e618d2e50d1,Pescador i sindicalista.,,2,0,,,,Nord-Occidental,ca,,northwestern,common_voice_26_ca,train.tsv,cv-corpus-26.0-2026-06-12/ca/clips/common_voice_ca_37633725.mp3
60f6ba00b981bbd8c1dff97f3943fff32f42fb66b2f6e71976e5572f6457f9c5d952d3dfc9c81388d7127d16d6af48cd0464978346ac712ada37a4e4740a42c9,common_voice_ca_38281650.mp3,a6715679448a301b4c53a0738d00d2f90bbfa23fbe7e2e2722cddc951be17e24,"Ara ve Nadal, menjarem torrons i amb una guitarra cantarem cançons.",,2,0,,,nord-occidental,Nord-Occidental,ca,,northwestern,common_voice_26_ca,train.tsv,cv-corpus-26.0-2026-06-12/ca/clips/common_voice_ca_38281650.mp3
110ca2a81f7cd0de47f6abe2307c142e480b4dfa03aa00f08471ffbb181d416d1ee8b0703af74e45c67ea544c431dca69035d8e8e25aa288b84f41f48dadca3d,common_voice_ca_21333401.mp3,4c632a6ebc07e94150c5b591f93ba0e9f4e2ff43b2f5982725f9d77eb191f51b,Els membres de l'organització s'organitzen per grups de països i per llengües.,,2,0,twenties,female_feminine,valencià,,ca,,valencian,common_voice_26_ca,train.tsv,cv-corpus-26.0-2026-06-12/ca/clips/common_voice_ca_21333401.mp3
6c622505d7f68249563c8f5e3c0987651cc0ac31d0c37dae05e89fbcfc729d2953fd6169fb15dbe9e51954270b86af71ae5a8772ef4cecb9c70958c75d4c1dbe,common_voice_ca_37883384.mp3,88c9f85a7c4a4acf6ed4e4e456583eefb698e8814de8682c42493d154fd4eb0c,"En un comunicat, manifesta la seva ‘repugnància i indignació’ pels fets.",,2,0,,,,Septentrional,ca,,northern,common_voice_26_ca,train.tsv,cv-corpus-26.0-2026-06-12/ca/clips/common_voice_ca_37883384.mp3
05defde387b21105cd91803c9ef30f882788aad00e9ebdbe3718247bc1bce53259bdbf99873b104f56d7e3660d74982fd75dc06002d5e83c1ca901a548a5d033,common_voice_ca_19051000.mp3,73df9354eb01294763bf4bb17a3b1eeaa8bcae76eb2a2d7ee7f52ab6f877ec5a,"El dos mil deu s'aprova el Decret de plurilingüisme, que redueix l'ensenyament en gallec.",,2,0,thirties,male_masculine,valencià,,ca,,valencian,common_voice_26_ca,train.tsv,cv-corpus-26.0-2026-06-12/ca/clips/common_voice_ca_19051000.mp3
9d4d16e919ccfa214571ef6feb6bd5bb7b2ff05fb3b0d573f1510c2ac6b405fea44e9363ebf99ecff792a29d1d774da5bd27fb86153d7d41964013c52ee0f95b,common_voice_ca_36535736.mp3,564234fba366aef53bc700e94afc6ea895742e3a15e98dc75d6753866dda03bd,Dijous na Gal·la i en Cesc aniran a Cabanes.,,2,0,,,,Nord-Occidental,ca,,northwestern,common_voice_26_ca,train.tsv,cv-corpus-26.0-2026-06-12/ca/clips/common_voice_ca_36535736.mp3
5b78eeb212179631e404608b0b240f7692156f51a0ddbe77fe305335565b54c64128e65094ac112101d88f6ab4a554b27ee6af4fadd6e2d5be91e3c9ec37197b,common_voice_ca_31041049.mp3,dce8116f9659904ff3668ca8a5f8df4ca4451f1d75479ff520636ef87d12a3cb,Camina ert com un fus.,,8,0,fourties,female_feminine,,Nord-Occidental,ca,,northwestern,common_voice_26_ca,train.tsv,cv-corpus-26.0-2026-06-12/ca/clips/common_voice_ca_31041049.mp3
295c26c6a1db0cfe0d7a41bd219c40e9f54b4f333cc6d4acf6b4002d2c01dbc7c22c96d15f991208f28fc374d1fa20f63cf42a9a6eba5da076a4242e7acbe95e,common_voice_ca_40668307.mp3,0d29657eef13000bba0940673bc809028591706642a86d50e323089b6992ebad,D'on es creu que prové el seu origen?,,2,0,fourties,female_feminine,,Septentrional,ca,,northern,common_voice_26_ca,train.tsv,cv-corpus-26.0-2026-06-12/ca/clips/common_voice_ca_40668307.mp3
50e850ad8519302c75231e9efbe794de08ccc5130483f94a3470ce361b68d63605f81edd95ce67ae1c92dc95d75d2b5cf5c55434e6b5daa2d921a915c7865cc2,common_voice_ca_24685861.mp3,dda86fc90c03d2663ea4eca6fded562706e1bca24fe77e9077042e086ec9529a,"El cafè, els sucs o la llet són les begudes tradicionals per a acompanyar-lo.",,2,0,fourties,male_masculine,,Nord-Occidental,ca,,northwestern,common_voice_26_ca,train.tsv,cv-corpus-26.0-2026-06-12/ca/clips/common_voice_ca_24685861.mp3
1ef17e5e0923aa6d1ac07e32b4cfd91b459e33b7b5c4445dd66f088966c91c46ce7e0d7be0917b30fed4fca6cc8c7c72adec6859457d3085dcc9f06ad9633fbd,common_voice_ca_32106392.mp3,701540886c2521a104dd452fe74f3f5ac7c3c88ae430b0ec23448605c0840520,El vint-i-tres de maig en Guillem i en Sol van a Terrades.,,3,0,fourties,male_masculine,,Nord-Occidental,ca,,northwestern,common_voice_26_ca,train.tsv,cv-corpus-26.0-2026-06-12/ca/clips/common_voice_ca_32106392.mp3
3723bd65a05afc7411c2bfca904742062b7b0c081ba126e68c65d28eaa6122f69196f4959fc1795fe03f8e49ec7364863911f9b659684a06b3a126c6f1729551,common_voice_ca_19440634.mp3,052842d28e4c00be56c5339267bc354947601d577808a11848ff958cc1a9fb7a,Aquest descobriment té implicacions per un possible control dels efectes de l'envelliment i del càncer.,,2,0,sixties,male_masculine,,Septentrional,ca,,northern,common_voice_26_ca,train.tsv,cv-corpus-26.0-2026-06-12/ca/clips/common_voice_ca_19440634.mp3
f054e49b9ac18d489188d00c6af8301b0c11e12434699689ac389d07e124af149b6d015b6d131d30a5fbe57a2d90ad520435204b4f26bb59eaa322be5203e8b0,common_voice_ca_33504929.mp3,2260cbeb0ffef6cb9e9fe442992b07b4f88f221cea6dceb84d551a33cbdf91c6,"Així mateix, vol promoure iniciatives valencianes que aposten per la llengua pròpia del territori.",,4,0,,,,Balear,ca,,balearic,common_voice_26_ca,train.tsv,cv-corpus-26.0-2026-06-12/ca/clips/common_voice_ca_33504929.mp3
dd861f9c59e6769502fcd330a174bb26308379a5a95cc8416bbf338aded7ca4ee103b04df5deb014e1a41ef4e672a0f4ba9c583af8e6c4536f86ee6d9e8f6c4a,common_voice_ca_40602475.mp3,01532e7bba6de3709e4e21a1bbf17ef3f82d80c729bc617ca84fdfb24fdba314,"Què passa, més tard, amb el seu pare?",,2,0,,,,Septentrional,ca,,northern,common_voice_26_ca,train.tsv,cv-corpus-26.0-2026-06-12/ca/clips/common_voice_ca_40602475.mp3
c047538c727dfe0d9ece19b8cfb4cc842876eb092de5cdce09ab3df9f65324f96db960cc2fc52be9147f25140c80e64e4f4dbebc5b9e2ac3be58086b539feacd,common_voice_ca_36349245.mp3,513e0218cbafa48fccc458dc583b184a40751b22ceeccbbc23fd7444791e863d,Està construïda amb carreus escairats.,,2,0,,,,Balear,ca,,balearic,common_voice_26_ca,train.tsv,cv-corpus-26.0-2026-06-12/ca/clips/common_voice_ca_36349245.mp3
44c7b3c188d5e8f191c3bb7d51b9302a5ade5a56a1fcf60e92b2fa6c90b046ce674066efe10d3e97a6211b9785d8d5e83e0de5a48336ad6d33a03dc9b64ac2b2,common_voice_ca_38059004.mp3,968bab4b756595f6a9da44fe4f58d574ad06bc30a3169d2186deb72fc93f71d1,"Van estar tots dos un moment en silenci, observant la plaça i els habitants.",,2,0,,,nord-occidental,Nord-Occidental,ca,,northwestern,common_voice_26_ca,train.tsv,cv-corpus-26.0-2026-06-12/ca/clips/common_voice_ca_38059004.mp3
e70e62d6ed6985015e987da40391de410088f0825dfdbbee04963da4ae6be33b9ca19f2b77267b1457e26eee22db639cdce7587435c764d9fede1c005b17561f,common_voice_ca_37574311.mp3,fc72f23ff31440c4a04c60ce9c6151919dca57499d32c1ef415a23c30e38fd20,Tingueu en compte que per defecte en el formulari està marcat l'enviament electrònic.,,3,0,,,,Septentrional,ca,,northern,common_voice_26_ca,train.tsv,cv-corpus-26.0-2026-06-12/ca/clips/common_voice_ca_37574311.mp3
56c45f3884d73543ed6443d6eda60ba1c20483ee159da2ce6723e256e09d46b9c91d499f2a986de242659676a636cb4d49a05f97ffc51f98c22aaa67492c7fb3,common_voice_ca_20505534.mp3,2fec228d645ce2108a9d1137d6ce045988f59abdf75fa993de0be1672d946619,La finestra és rectangular i la porta té forma d'arc rebaixat.,,2,0,fifties,male_masculine,,Nord-Occidental,ca,,northwestern,common_voice_26_ca,train.tsv,cv-corpus-26.0-2026-06-12/ca/clips/common_voice_ca_20505534.mp3
9fb7c6ba9e690d4f142bcc1f2e88ba470bea8a54402e314229c5ad44a55710b7495097ebb61ba16d4f147de441805dcf87693b30de26a04672b3c4e2adfc9583,common_voice_ca_30754410.mp3,76d8021f5167dfab6e5302e6cf8a5842651c250635a1318b4844898d306a1770,"És possible que les obres d'Aristandre fossin, en canvi, un producte de l'escola aristandrina.",,4,0,,,,Septentrional,ca,,northern,common_voice_26_ca,train.tsv,cv-corpus-26.0-2026-06-12/ca/clips/common_voice_ca_30754410.mp3
7b2785d42b6f49f98aab6a1e8bf3425d7d1e54e15b7213b7a72cb6006a5fc7eaa4d318bea3a389046d8c609cf685d0499f98f6e59c7420cef684281362051317,common_voice_ca_31501465.mp3,24cef9887af634f9598add016682743f7d57a543b0b5670742cf64fb421b7571,El motor es va encarregar per utilitzar-lo en el nou dipòsit de Cromwell.,,2,0,,,,Nord-Occidental,ca,,northwestern,common_voice_26_ca,train.tsv,cv-corpus-26.0-2026-06-12/ca/clips/common_voice_ca_31501465.mp3
811c8a531055a0988f1f91f204e4c42df615c78523a82d9a68ae87197cbb97d694c0da19b1862e61050c27e9f2b8d0d9957ae54995165abd2e106b73e176ec4d,common_voice_ca_30797901.mp3,85c55f0a423b5101c9c47cc2f3b0cd8477471644be684d79d25d573a22a4ecf7,No tenien reservada assegurança de manera que no s'inclouen aquestes situacions.,,2,0,,,,Nord-Occidental,ca,,northwestern,common_voice_26_ca,train.tsv,cv-corpus-26.0-2026-06-12/ca/clips/common_voice_ca_30797901.mp3
5b46c8527a8bf6552f46e67db8adcdea78db4bc2afbcb679edc1349da4faccfe29d5a935893cfeec75fb65ebbde88131367b90424eada44ef21d9cc7a11af9b7,common_voice_ca_37808173.mp3,8217f6ffefd0b26b4bde0f733379df9ea293cd048519aad35d58b0b48e43c874,Estava condemnat a no parar d'escriure.,,9,0,,,mallorquí|Santa Margalidà,Balear,ca,,balearic,common_voice_26_ca,train.tsv,cv-corpus-26.0-2026-06-12/ca/clips/common_voice_ca_37808173.mp3
a6051fd230a2e09f163c8c3a57967e239caaadfb88ba63ea5b74639db75f398553e2f81a1d9fa2a1aea1157bc435c1d81cb1a9343e711e6fcce668d5f89954e3,common_voice_ca_38040185.mp3,94987843142462c00e73b3d146d279527ef6b17b2133f238f33b2d499fe6c13b,Andreu Molera i Duran va ser un militar nascut a Tona.,,2,0,,,,Balear,ca,,balearic,common_voice_26_ca,train.tsv,cv-corpus-26.0-2026-06-12/ca/clips/common_voice_ca_38040185.mp3
b15280ab1cd085208970d2471b15bb5718d3df6f1f737edaaa89374960fc00681edc55c14bf837ba1b66eef022dc1d004aafce32391f9cc296716c28d07980a8,common_voice_ca_38844967.mp3,c46f7ffe1cdcd1b3a33b736e774dcf1a3003042b45660ad43a5950d5639809ea,La data de la seva mort no es coneix.,,2,0,,,,Septentrional,ca,,northern,common_voice_26_ca,train.tsv,cv-corpus-26.0-2026-06-12/ca/clips/common_voice_ca_38844967.mp3
5704bc36cf6ca14a600d3d134945ba90accca770b1c14da9f4134ae166e0b1485a3d1688978378e2c022e86c2e601deb1a4aa097c0f7a69e2113c18d9abb31cc,common_voice_ca_40351945.mp3,e419219c66a98e9e33ad396123d5694b31c129e79783f7b3434766e016a4d58b,Afganistan és considerat el país més perillós del món per a les dones.,,2,0,twenties,male_masculine,valencià,Valencià meridional,ca,,valencian,common_voice_26_ca,train.tsv,cv-corpus-26.0-2026-06-12/ca/clips/common_voice_ca_40351945.mp3
4cedaa8d96436fd0d2ebdb61d616790a3cb3737d0a93d2ae41d588137c0d3339999d991b7b3c452704be1f5f512ce5a08c0971898fad0ad77f18fd623411cd7f,common_voice_ca_24079955.mp3,ccc5bae0397c73aba9807039f17869b1ff80c0f4234f94bf9efa3bf34d751f43,La meitat de la flota cartaginesa va ser capturada o enfonsada.,,3,0,fifties,female_feminine,,Central,ca,,central,common_voice_26_ca,train.tsv,cv-corpus-26.0-2026-06-12/ca/clips/common_voice_ca_24079955.mp3
c94230925ae665748b036f3af666529c724c2a567005f72cf8422cb45cab53045ffb7a6d15f5681bfd6c2e3e47c5cb49f390c5c4eebaaf983f9c0c6ad5a72979,common_voice_ca_37560747.mp3,e175d59f55c1d562ee1657771b118c136024d73e24d9b475aafae680bb955fef,Hi ha empreses dedicades a l'alimentació artesanal.,,4,0,,,valencià,,ca,,valencian,common_voice_26_ca,train.tsv,cv-corpus-26.0-2026-06-12/ca/clips/common_voice_ca_37560747.mp3
a4b8fb205426522c83da0168badd4ea631f206801d3359ddb24b12c4ba4ede036836c0280bad4be95c791bf42761f08d1c65615bd22589ad9c73bdb5be23ff32,common_voice_ca_23432279.mp3,a182b5f166350c0b57984d1e8e8760c6404440d8808707cc3f39a1c70042bb50,"Considerat com un heroi de guerra per la seva ciutat, tothom li ofereix molts regals.",,2,0,sixties,male_masculine,,Central,ca,,central,common_voice_26_ca,train.tsv,cv-corpus-26.0-2026-06-12/ca/clips/common_voice_ca_23432279.mp3
4946e08edb1db30f98f4ed1cee7f597fd91fad3115e77d63c6fa2b1feaedad8809305dac450f9aa9dcfd11df34ac100a533488c06b020cf567c4c42ffc1572ff,common_voice_ca_33363426.mp3,c5f01da40a889a2fb3e24adf4288edae061a97f35e21bedff16b6b1640db944a,I s’ha demanat: Com podem esperar que canviï res a l’estat espanyol?,,3,0,thirties,female_feminine,,Central,ca,,central,common_voice_26_ca,train.tsv,cv-corpus-26.0-2026-06-12/ca/clips/common_voice_ca_33363426.mp3
aa8eb38159cf771b1f6f3778e2f6f9b66588dbfbc2345e28e11406514a6dc77f241aab0f341bee52d361132bdbaa9f02aa0411e87d47733b18a6d8eba443d2ba,common_voice_ca_37651214.mp3,7a902fba80874c9d2eaeaca4300796cf1403766361eaa31c11c7fb02e844eee3,"Carrer constituït pel tipus de cases baixes de muntanya, característiques del municipi.",,2,0,,,,Septentrional,ca,,northern,common_voice_26_ca,train.tsv,cv-corpus-26.0-2026-06-12/ca/clips/common_voice_ca_37651214.mp3
9fb7c6ba9e690d4f142bcc1f2e88ba470bea8a54402e314229c5ad44a55710b7495097ebb61ba16d4f147de441805dcf87693b30de26a04672b3c4e2adfc9583,common_voice_ca_30754408.mp3,76c15f9bbb67d1722e812a2320efa6f99d3dcaa2a12209d5fea0d73d35572292,"Generalment, les empunyadures no tenen una vora tallant, a diferència de les partisanes de doble tall.",,2,0,,,,Septentrional,ca,,northern,common_voice_26_ca,train.tsv,cv-corpus-26.0-2026-06-12/ca/clips/common_voice_ca_30754408.mp3
669ec5130c9716a15e967d6c1484e03fcc764cbd57f90cc6047edb8592e7358c510c1451c93c1c75d19f004ab313cbfff1c94e7967e7cacae2ca95536ae356fd,common_voice_ca_37807051.mp3,81fffd882c1238e291aad8be97521111a401daa2acbe964d3c8f61eac668673e,Són nombroses les seves publicacions en aquest camp i no només publicacions.,,8,0,fifties,male_masculine,valencià,,ca,,valencian,common_voice_26_ca,train.tsv,cv-corpus-26.0-2026-06-12/ca/clips/common_voice_ca_37807051.mp3
6389e78135c64c14efff215cd424090190ed6a0c05b5c3ef000c4a7d36c6e184b61f3a383115b1df9723a43971a4d75ccd98921a1a9a10367f85aff41943caed,common_voice_ca_37551782.mp3,c9bc715d3332a23cb9efbee350c899968b045dce17d770c5e0fb87b347a0361d,Cap de xiulet.,,2,0,,,valencià,,ca,,valencian,common_voice_26_ca,train.tsv,cv-corpus-26.0-2026-06-12/ca/clips/common_voice_ca_37551782.mp3
e59ec9d6d0874dc4ccf7f8b6a840167e2b462b860c79cd541582a38112bbb3a04e9b123c280ce03a89a17be85d50889e61f6a3d22a9d2f6937b33b4db55173f4,common_voice_ca_24680757.mp3,dca75550f5d641e1d52d6c65af7fbd69f48eef1950cd48215ffa0b08cd56d36f,Per això aleshores l'Assemblea Nacional es va anomenar Assemblea Constituent.,,3,0,,,,Balear,ca,,balearic,common_voice_26_ca,train.tsv,cv-corpus-26.0-2026-06-12/ca/clips/common_voice_ca_24680757.mp3
4cfc1cd71ac5d3f1f906e4e159dafcde1ee47a7d393f135fb378f1826d1c2bef4e8589b16c47f1de6c303cdae521e19deed0fa7b1a08297d003a48c3e591ec56,common_voice_ca_37623905.mp3,77e453fde2df6422810e788ba1d960a941034b65bb131ead7e8584002eb9ac24,"La part nova conserva, a l'interior, l'església anterior, que no és visible des de l'exterior.",,2,0,,,mallorquí,Balear,ca,,balearic,common_voice_26_ca,train.tsv,cv-corpus-26.0-2026-06-12/ca/clips/common_voice_ca_37623905.mp3
cc044cbd66343acb7e4da20c0ee891c7723aa2a8a499515b6b9beec39d02072ee1378e017d134fc25067fa93bf6dce4ec5f5b135a6694ef14dccc8835f46d45d,common_voice_ca_31915863.mp3,46ea380b68fdab38c51144325590068de5765c2bccc3a8834d1d467c47cac29d,El nou d'octubre na Mariona i na Damià aniran a Constantí.,,4,0,sixties,male_masculine,,Central,ca,,central,common_voice_26_ca,train.tsv,cv-corpus-26.0-2026-06-12/ca/clips/common_voice_ca_31915863.mp3
5860d0a58f8310ecbb5b21f9ce649a86537eabeae1fdd4fcd7a7d8bca8a16c4c1f18cecd657869574d8993f4f59ef76da750bbab742ced93eda1455d017402c8,common_voice_ca_30973326.mp3,c711c935f9fe8bcf0e2f28b294535d36f1b03851cd744cba4ea76d854f048b70,"""Bummed"" es va gravar en sis setmanes en l'estudi de Slaughterhouse a Driffield.",,2,0,,,,Central,ca,,central,common_voice_26_ca,train.tsv,cv-corpus-26.0-2026-06-12/ca/clips/common_voice_ca_30973326.mp3
c30baab0f45d64158eceb94662862189a34f385abac72c907099d6e5aad093ade707de758214d4061ce58cbadadbf8f7dca14103772ca05dac2e8fb24a8fd161,common_voice_ca_36826468.mp3,5c7c8ba4c0c7f5851215dfacfdfdaca855a65c53b5db7d9048da6ec08fcc23f7,Aquesta gesta va ser posteriorment assolida per Curtis Joseph.,,2,0,,,,Balear,ca,,balearic,common_voice_26_ca,train.tsv,cv-corpus-26.0-2026-06-12/ca/clips/common_voice_ca_36826468.mp3
50d73e89f1b40a1a059ecfff053e9688e278023081c38d5a0862e46aa284ff27c65488b9675d1cffff743e47213f2a3b1441556785ee9195e68561790ead0d0c,common_voice_ca_36824882.mp3,5c6f0ec7883e6d6abd6bb88e3de2d3e8e6fb7fc5aaba6f4b516011beaef71f78,El grup que avui ocupa l'escenari és una mica menys dinàmic.,,4,0,,,nord-occidental  de l’Alt Urgell,Nord-Occidental,ca,,northwestern,common_voice_26_ca,train.tsv,cv-corpus-26.0-2026-06-12/ca/clips/common_voice_ca_36824882.mp3
f68e09280076997e63edff7d22d1147538e45423a2efc0e3f75b3ca1b26a35f94bb50469768bdf58200688279ff4191ff9e4662313fee6fffa46a1c69af429bd,common_voice_ca_37603200.mp3,5ba8cec2a54d2b50c30fb3658306e1ac6631ec5a64beb002ab8ac6114cf54530,Venir-li a boca.,,2,0,,,,Septentrional,ca,,northern,common_voice_26_ca,train.tsv,cv-corpus-26.0-2026-06-12/ca/clips/common_voice_ca_37603200.mp3
91f88f43f58cfab40476d5cf53fd90071a136bd7cb6600bfafa6c3c617ab78750c0de3f341d8c68e8de7767930a2417e36ff8efc17c21074a6637769e07f624a,common_voice_ca_33388177.mp3,d3b45b4999b98f9c48b84e3ff379217bcc55654514ba7bd7e6673b88207c36e1,"Sense ells, hauria estat impossible.",,4,0,,,,Balear,ca,,balearic,common_voice_26_ca,train.tsv,cv-corpus-26.0-2026-06-12/ca/clips/common_voice_ca_33388177.mp3
2f5536ba6dc7d8e76ec8a5246235aed684faac48f165350b5a44652704514d7aedca474fbba37786bd502025a29c98c100b326711bf109af66b555c3a916e020,common_voice_ca_36855403.mp3,5e104655f224fbac7524127076fd0fc3a16a24df0e23a67ad9e176fc6baabe45,Totes dues nacions tenen vincles comercials que han crescut ràpidament i han augmentat la inversió i els vincles financers.,,2,0,fifties,female_feminine,,Central,ca,,central,common_voice_26_ca,train.tsv,cv-corpus-26.0-2026-06-12/ca/clips/common_voice_ca_36855403.mp3
a4a36850664b1bd2d38eaca73a2976282767d15263906b267fe66015f35ff62cce47e513979ac8461511a52d7282281a6be0f2d9abc9b1ad061d67351483b6af,common_voice_ca_24384491.mp3,d306acb860cc7bc605854dcc24516b97461032fc51c08213a04bfc2732245d61,El seu hàbitat natural són les zones boscoses.,,3,0,,,,Nord-Occidental,ca,,northwestern,common_voice_26_ca,train.tsv,cv-corpus-26.0-2026-06-12/ca/clips/common_voice_ca_24384491.mp3
63797be6a30d231fed952ba971400a7bee2b72015301d42cdd90b0df30c15da878d9d760a044e6c8a4ab35ddcacfb4247481b3ac45a9d1ce1737a2358c7fa93e,common_voice_ca_37414871.mp3,762e84c529b9b7f0353df24081de303ee2bccc94a3b66212f7f2cf5574dab629,"És graduada del Conservatori Estatal d'Istanbul, departament de teatre.",,2,0,,,,Septentrional,ca,,northern,common_voice_26_ca,train.tsv,cv-corpus-26.0-2026-06-12/ca/clips/common_voice_ca_37414871.mp3
66bd67e6893a5a8d1f1c24ddf17636e04d1623c17c11d57a83fc022a43c38796544cdfee368fe8783d48b8f2745d551e57aca0a81fbcf5971fade8516eb02001,common_voice_ca_31241517.mp3,fc409b21539edaf67ef621cac28e6cd93f66c68e0437779742a4bb0d273d63b0,El van incinerar a Londres a una missa a la qual va assistir Ramsay MacDonald entre altres.,,2,0,sixties,male_masculine,,Central,ca,,central,common_voice_26_ca,train.tsv,cv-corpus-26.0-2026-06-12/ca/clips/common_voice_ca_31241517.mp3
77cd12af0a3d1d8cb64dd577bd2d50ac057d816694e8bc04089a6adb90e53ad6cbe9fe6aaf52596450e0c8178d8f9b88a545b27adcbc89bddf4d7c4bc4dd31fd,common_voice_ca_20543713.mp3,317e7e7e352e64f6feb650c8a18ddd14907a655e3e3fddde4dde797d81a18840,La soia és un conreu global important que proporciona proteïnes i oli.,,4,0,thirties,male_masculine,mallorquí|Inca,Balear,ca,,balearic,common_voice_26_ca,train.tsv,cv-corpus-26.0-2026-06-12/ca/clips/common_voice_ca_20543713.mp3
8e24859776a236f7d9d5ed1c787e65afb65973928eac4ff7b523d61e2e7f0a35b2b9be28643d33117b2be05ee59d1d5d089b35caae170f6c107893e2f5af8f15,common_voice_ca_37633875.mp3,78a7b8c1ff804feb3e0a392dc716f54f78d53ac00431442e1668662b22440e11,Josep Manyanet va néixer en una família humil de Tremp.,,2,0,,,,Septentrional,ca,,northern,common_voice_26_ca,train.tsv,cv-corpus-26.0-2026-06-12/ca/clips/common_voice_ca_37633875.mp3
d2d1631ff3b480e01cd27192347281f604e1c28d5db57908ff184199c06e962ce90302a4fb6caa01cc89a9f180fd6e2ba0d5baba4cb0d9128ab22a52691aa1ba,common_voice_ca_32371836.mp3,d86f6fe6e67dc81e9d7729e2c7c2eb23527a368abe697a24a93a15b04b98a812,"No, els autors seran al Palau en carn i ossos.",,2,0,fifties,male_masculine,,Balear,ca,,balearic,common_voice_26_ca,train.tsv,cv-corpus-26.0-2026-06-12/ca/clips/common_voice_ca_32371836.mp3
d3728ba9c4b430ac8de2cae654e5f82df2f4d0a6dfb848476b737738b7f15bf69c5716a2869c7bec6b1836a4a60d99d479c10bdebd6d1c0153a08371a46c6665,common_voice_ca_33489001.mp3,1cd2208483bce33a3d3034e8edc576d22822b19292edef7c6dbc9c5c3508a99e,Quaranta per cent El percentatge dins el meu cervell baixa.,,8,0,thirties,,balear|mallorca|Palma,Balear,ca,,balearic,common_voice_26_ca,train.tsv,cv-corpus-26.0-2026-06-12/ca/clips/common_voice_ca_33489001.mp3
32e924cad766e548f527602e2ee436b05a7c234a0887f2dc10b0236f4373ee20ce02ff66083b03330f72f7d6396a19abad0de40d4210fe4f2b37057a1541cd73,common_voice_ca_31858674.mp3,38faf7c35918867b4175cb03f13babab298b19eadad0c8aff67855fa32f605ce,Demà passat na Marta i en Jan iran a Albinyana.,,5,0,,,,Septentrional,ca,,northern,common_voice_26_ca,train.tsv,cv-corpus-26.0-2026-06-12/ca/clips/common_voice_ca_31858674.mp3
dd8068a400119e6797c71b945d381d7f4b68c0806e749c8a8df42764541332dd550b4883f688e6aa9f8dbdc0a2abe2845dc0c76163e3bcc3019b27a81e945c8a,common_voice_ca_17539374.mp3,2b97559d303762c6327bcbcb10640cf62485dc2aaf5a677769244c4bc5ce10fd,Però no en català.,,3,0,fourties,male_masculine,,Nord-Occidental,ca,,northwestern,common_voice_26_ca,train.tsv,cv-corpus-26.0-2026-06-12/ca/clips/common_voice_ca_17539374.mp3
e141f2d0761b2a1f02d36b7df0c0dadb223bc70429a9de281a7cfad663349920bf6db9a1a2387d5326130ee5d19fb6dcce3c898da86e4723343314c7ea6deb17,common_voice_ca_37911238.mp3,8b66d3c72aab76156d8ccbe0a7f35adaad2a62c39407f85810deeee705847ad0,"També s'anomena sovint Maria Est per distingir-lo dels illots Maria, a les illes Australs.",,2,0,,,valencià,,ca,,valencian,common_voice_26_ca,train.tsv,cv-corpus-26.0-2026-06-12/ca/clips/common_voice_ca_37911238.mp3
f07ea303db05d584a1355f789061116feb322212116d2e2dd559dc358adc2aa03272363d807510b240ce041cd72f3a7cf3d0898f2db77875dc9723fd0b59c7d4,common_voice_ca_32155803.mp3,8cfd0d76be6aabb1bdfeabd54dd331f7e422ed3cd76ce5c4ed31a0100a688484,És per això que no en conservo cap record.,,3,0,,,,Central,ca,,central,common_voice_26_ca,train.tsv,cv-corpus-26.0-2026-06-12/ca/clips/common_voice_ca_32155803.mp3
5e1cddcfdda2f98aa92e0567716a9af5f3623fe6c8c87847c264d2e33a4f5d303c99564beb09bf741e5bca3a027f7f6ad9701a9cb9fd94c70a5525f9e8da2b2e,common_voice_ca_32197194.mp3,95fa5360d1f01207da253dae2c4b73773e973d0115347e6b0b3a43659a28ce89,El vint-i-tres de maig na Bruna vol anar d'excursió.,,6,0,fifties,male_masculine,valencià,,ca,,valencian,common_voice_26_ca,train.tsv,cv-corpus-26.0-2026-06-12/ca/clips/common_voice_ca_32197194.mp3
63b5f483250d5d648f92d9f9ef07be2652f7c604b8216122701e0371603225d885014f251405a5c4671ef3c822ea0230475d600041667054b64adf2be0e7a58c,common_voice_ca_37577065.mp3,02074317c5cfc164b34766c386886eeffb40e22656523be1d99e8cc380ae61e0,Encesa de la foguera popular a la plaça església.,,3,0,,,valencià,,ca,,valencian,common_voice_26_ca,train.tsv,cv-corpus-26.0-2026-06-12/ca/clips/common_voice_ca_37577065.mp3
e47ba84149ba38207e7afbf7dd42eb2cd9f211ffe9e3f77b0d01f290ce5020039a39fe44b8156c122b41205afe53cb26f200f5d56156e45eb47a8f4f4b5497f0,common_voice_ca_33486249.mp3,1811e8b81004146f50fdb96ef14666f01de14fd3992790b3f75ae6dc6ecec3ba,Què volen dir els castellers quan criden ‘Dóna’m pit?’,,2,0,thirties,male_masculine,,Nord-Occidental,ca,,northwestern,common_voice_26_ca,train.tsv,cv-corpus-26.0-2026-06-12/ca/clips/common_voice_ca_33486249.mp3
90c4220a38cf7d051de9f023c4e83e81f38bf56f5a86fa8ec4e13bb6afebaed8c4f0453136d12103ac78df260a7598dbbe27c0e750353ac27b24e168b38ab24d,common_voice_ca_37643375.mp3,79e1f541cbf41dc84a3c28e4c005525185368524a2bcb0eb81736d6818c01da9,Aquesta és la foto que hem de generar.,,4,0,fourties,male_masculine,valencià,,ca,,valencian,common_voice_26_ca,train.tsv,cv-corpus-26.0-2026-06-12/ca/clips/common_voice_ca_37643375.mp3
aa8eb38159cf771b1f6f3778e2f6f9b66588dbfbc2345e28e11406514a6dc77f241aab0f341bee52d361132bdbaa9f02aa0411e87d47733b18a6d8eba443d2ba,common_voice_ca_37651212.mp3,7aa79512e6e67f0d80cd69cf9e35a24c4f2c82e7ba21d5eb45fff61b03dc1334,"Aquests diputats formen el ple de la corporació, màxim òrgan de govern de l'administració provincial.",,2,0,,,,Septentrional,ca,,northern,common_voice_26_ca,train.tsv,cv-corpus-26.0-2026-06-12/ca/clips/common_voice_ca_37651212.mp3
31e6f3a011661320b2e59b6f8be43f6db2243e9feabc2b9787c1413788e13eb0e5810bed983bf7ff66e46417d183a91ed50b3b9be9d89e4f51aada72293b9881,common_voice_ca_31433220.mp3,1a34c28d2752b7682361e1b6c1070f6113b774c7501e7c95751aed8f1b18794e,José Oliver és un arqueòleg nascut a Barcelona.,,3,0,sixties,female_feminine,,Septentrional,ca,,northern,common_voice_26_ca,train.tsv,cv-corpus-26.0-2026-06-12/ca/clips/common_voice_ca_31433220.mp3
946e48221165eebfad8f2d37915272b8b380feda6affd1c01f5cf7162702c61c6bf6080a5600981da49cc0827835c46c897f009bd8c78365ee4c59f38f121f2e,common_voice_ca_30853458.mp3,9922052bb1bb111bb4a3d7e057150f03153a674cf0f0f352cb96e6655d0a81b3,"Una noia s'acosta a Ralph Meeker, la convertiré en nimfòmana.",,2,0,,,,Central,ca,,central,common_voice_26_ca,train.tsv,cv-corpus-26.0-2026-06-12/ca/clips/common_voice_ca_30853458.mp3
5e19fb22705cc43f5bec307c7c85ebe5e436379074f119e2ca86c6718949cbb53beefcfc70bb350675c40155c0b5673d4d68966330c9516029e96d5b77d78e3c,common_voice_ca_33834956.mp3,307c0ffa560cf455b8ec3a0aeb56986be8d974a068e9f1fd80661ba74f6fc97a,L’obra consisteix en la recreació d’un sopar imaginari per a dones cèlebres.,,2,0,twenties,female_feminine,,Balear,ca,,balearic,common_voice_26_ca,train.tsv,cv-corpus-26.0-2026-06-12/ca/clips/common_voice_ca_33834956.mp3
a58ee6890044ccee604cb367d852abacc66c3ba1ed59d5bb22747aaab280ae35da71fa8da9045ef76285e6eda44ad08d60d947b38d7882a615899df33d74acbc,common_voice_ca_31917868.mp3,47daa3e71da6967ce2ec102aafcdceca206679b18e5cbc89a62d475c59365313,Per Cap d'Any en Max i na Gina aniran a Arbúcies.,,3,0,,,,Nord-Occidental,ca,,northwestern,common_voice_26_ca,train.tsv,cv-corpus-26.0-2026-06-12/ca/clips/common_voice_ca_31917868.mp3
729ac774d26f520f8c985eaa2f4a4d610e7064dbbb4b6504c5304b1f1f6b94b21b19a0302e12f7a9bddc32765b82787bfab279fc90772394441780b6f689e2b9,common_voice_ca_31959756.mp3,55fdde5ed48b7f1b193840e0618aa0aea82c4a315e3fba7f39c4a2e75bee0fb7,Demà na Lara i na Duna van a Figueres.,,5,0,,,,Central,ca,,central,common_voice_26_ca,train.tsv,cv-corpus-26.0-2026-06-12/ca/clips/common_voice_ca_31959756.mp3
6bbd193a67ec5fe0c6532c4208248cc06e0118a0b6dbb5dc5885f8c05712cab1b187ab7d85f4ff7b23669e22d3fe19bb9d70fa2bf6b4fdd0f50d8e021a62f1ff,common_voice_ca_35059155.mp3,41062efdd5e3d85a03164407e1c26659c9c354a1d001c054890f948e6740bb4d,"Tres persones, dos arrosseguen maletes i una porta una motxilla, caminen per un sender ben il·luminat",,2,0,thirties,female_feminine,,Balear,ca,,balearic,common_voice_26_ca,train.tsv,cv-corpus-26.0-2026-06-12/ca/clips/common_voice_ca_35059155.mp3
c02ffc5fa43cd0ca941b62649b0cdc6a2a37de7858ee5026c9948b1b590517b57304efaac6a738e85c001a179ceeabe37e9e9eb2791cb5c88e273ff5eb73ea96,common_voice_ca_38209066.mp3,a0e9fb247e7efe7014af28c1895eb7b767554c04fa826d9bdaaee8f724022e5c,Demà passat na Cèlia i en Jordi aniran a Lloseta.,,2,0,,,valencià,Valencià meridional,ca,,valencian,common_voice_26_ca,train.tsv,cv-corpus-26.0-2026-06-12/ca/clips/common_voice_ca_38209066.mp3
c8039cce170534e4dabd8a34cb9c8959342f588b7d737351d2ef24ca2be9f18cd19a5ab843c890729233226942d6a9ef8fcffc1e8ee6566f337eebb06a56a612,common_voice_ca_32113751.mp3,748439109606aa28bbedab4e6cc524fe7ee5077d16fee8ce21c185d6b51924c9,Demà passat na Sibil·la va a Montuïri.,,4,0,,,,Balear,ca,,balearic,common_voice_26_ca,train.tsv,cv-corpus-26.0-2026-06-12/ca/clips/common_voice_ca_32113751.mp3
